frame,time_s,left_fppa,right_fppa,pelvis_y,visibility_check,left_alignment,right_alignment,left_alignment_index,right_alignment_index,left_signed_deviation_percent,right_signed_deviation_percent,left_knee_deviation_percent,right_knee_deviation_percent,pelvis_velocity
0,0.0,179.30396779791457,178.06430026354852,0.4021591395139694,OK,neutral,neutral,-0.003017609202159785,-0.008426966447208707,-0.3017609202159785,-0.8426966447208707,0.3017609202159785,0.8426966447208707,0.002226078376664851
1,0.0437016487121582,179.32749406890585,178.07683758674307,0.4024195075035095,OK,neutral,neutral,-0.0029138491782621577,-0.008372224894212445,-0.2913849178262158,-0.8372224894212444,0.2913849178262158,0.8372224894212444,0.0028016824045966615
2,0.06931591033935547,179.30713298173933,178.1254982235699,0.402757853269577,OK,neutral,neutral,-0.0030027430677582395,-0.008160319012355333,-0.30027430677582395,-0.8160319012355333,0.30027430677582395,0.8160319012355333,0.002636133674842611
3,0.11601376533508301,179.2934999283578,178.1653693073008,0.40301327407360077,OK,neutral,neutral,-0.0030622003470851984,-0.007986721938100162,-0.30622003470851983,-0.7986721938100162,0.30622003470851983,0.7986721938100162,0.001743045455740777
4,0.161879301071167,179.33618611091921,178.22594944657166,0.40284012258052826,OK,neutral,neutral,-0.002876672124880046,-0.007722402492825437,-0.2876672124880046,-0.7722402492825438,0.2876672124880046,0.7722402492825438,0.001255054913372966
5,0.19384264945983887,179.3703628843637,178.26198101157175,0.40272197127342224,OK,neutral,neutral,-0.002728176176432434,-0.007565211911616899,-0.2728176176432434,-0.7565211911616899,0.2728176176432434,0.7565211911616899,9.138998228497286e-05
6,0.23092222213745117,179.53667148606993,178.27008130839982,0.4027211368083954,OK,neutral,neutral,-0.002007604329049482,-0.00753100505960843,-0.20076043290494822,-0.753100505960843,0.20076043290494822,0.753100505960843,-0.0011117873231416553
7,0.27775001525878906,179.63801590824897,178.2668293158726,0.40272626280784607,OK,neutral,neutral,-0.0015684428621724072,-0.007545583376355509,-0.15684428621724072,-0.7545583376355509,0.15684428621724072,0.7545583376355509,-0.0008305729373887516
8,0.31653857231140137,179.6003250261392,178.2489739854874,0.4026205837726593,OK,neutral,neutral,-0.001731928343596818,-0.007623043074837416,-0.1731928343596818,-0.7623043074837416,0.1731928343596818,0.7623043074837416,0.0002706416806370626
9,0.3529965877532959,179.56980590799057,178.23251088634322,0.4025384932756424,OK,neutral,neutral,-0.0018642668564235073,-0.0076945196842013504,-0.18642668564235074,-0.7694519684201351,0.18642668564235074,0.7694519684201351,0.000701893961740474
10,0.38839006423950195,179.49608448031015,178.2048753450417,0.4025384485721588,OK,neutral,neutral,-0.0021831381242406515,-0.007810851375748162,-0.21831381242406514,-0.7810851375748162,0.21831381242406514,0.7810851375748162,0.00045796775656925526
11,0.47885918617248535,179.52163760283875,178.21644402321462,0.4027535915374756,OK,neutral,neutral,-0.002072125688272083,-0.00775936183121318,-0.20721256882720832,-0.775936183121318,0.20721256882720832,0.775936183121318,0.0007374180087840188
12,0.5097784996032715,179.54244879808724,178.2257165616828,0.40293240547180176,OK,neutral,neutral,-0.001981823546999884,-0.007718096962415385,-0.1981823546999884,-0.7718096962415385,0.1981823546999884,0.7718096962415385,0.001196908267713681
13,0.539154052734375,179.56414823922591,178.16702827730418,0.40286552906036377,OK,neutral,neutral,-0.0018879628918831895,-0.007973497038414705,-0.18879628918831895,-0.7973497038414705,0.18879628918831895,0.7973497038414705,0.0012573036432925733
14,0.5868535041809082,179.57932820978442,178.12476407214342,0.40281420946121216,OK,neutral,neutral,-0.001822248144925714,-0.008157426249240462,-0.1822248144925714,-0.8157426249240463,0.1822248144925714,0.8157426249240463,0.000704580833652102
15,0.620441198348999,179.61644466602812,178.1260460724218,0.4028244614601135,OK,neutral,neutral,-0.0016611165717275258,-0.0081517921303022,-0.16611165717275259,-0.8151792130302199,0.16611165717275259,0.8151792130302199,-0.0007802443034785611
16,0.6558222770690918,179.63916911288703,178.12724055257104,0.402834415435791,OK,neutral,neutral,-0.0015624329785294475,-0.008146549187099622,-0.15624329785294475,-0.8146549187099622,0.15624329785294475,0.8146549187099622,-0.0020648919589261183
17,0.7163934707641602,179.56545886758784,178.09808848919084,0.4028596878051758,OK,neutral,neutral,-0.0018821659774519459,-0.008273861751190428,-0.18821659774519459,-0.8273861751190428,0.18821659774519459,0.8273861751190428,-0.002363046539855418
18,0.7476813793182373,179.51936431162673,178.06647071771442,0.402876615524292,OK,neutral,neutral,-0.00208229948342964,-0.00841179843146563,-0.20822994834296402,-0.841179843146563,0.20822994834296402,0.841179843146563,-0.002080018707932396
19,0.7927367687225342,179.41805134253454,178.04016376557038,0.40239909291267395,OK,neutral,neutral,-0.002521765023768733,-0.008525905772797137,-0.25217650237687333,-0.8525905772797138,0.25217650237687333,0.8525905772797138,-0.002988310548504458
20,0.8115534782409668,179.35298051554952,178.02357744457115,0.40205422043800354,OK,neutral,neutral,-0.0028041521787952215,-0.008597833387812054,-0.28041521787952217,-0.8597833387812054,0.28041521787952217,0.8597833387812054,-0.0032000737746153973
21,0.8450748920440674,179.435989163361,177.96298740089537,0.40224580466747284,OK,neutral,neutral,-0.0024456594196746637,-0.008860814945875334,-0.24456594196746637,-0.8860814945875335,0.24456594196746637,0.8860814945875335,-0.002120062470839734
22,0.8901693820953369,179.48137007791533,177.90788708884966,0.40240246057510376,OK,neutral,neutral,-0.0022499545099025613,-0.009100151525243861,-0.22499545099025614,-0.9100151525243861,0.22499545099025614,0.9100151525243861,-0.0009873965031044207
23,0.9261476993560791,179.4288261834412,177.93020242965883,0.4023500233888626,OK,neutral,neutral,-0.0024777941656470115,-0.009002934942217157,-0.24777941656470115,-0.9002934942217158,0.24777941656470115,0.9002934942217158,5.50563866670295e-05
24,0.9833528995513916,179.3937616269344,177.94264077439942,0.4023083746433258,OK,neutral,neutral,-0.002629890362029677,-0.008948764834897555,-0.2629890362029677,-0.8948764834897556,0.2629890362029677,0.8948764834897556,0.00020767698929358147
25,1.032050609588623,179.29928421745456,177.9329400194441,0.40230482816696167,OK,neutral,neutral,-0.0030406098567124875,-0.00899141910645252,-0.30406098567124873,-0.899141910645252,0.30406098567124873,0.899141910645252,-0.0008717126727342261
26,1.0651795864105225,179.46069612871028,178.11910001294916,0.40231598913669586,OK,neutral,neutral,-0.0023391643232286556,-0.008180769393599612,-0.23391643232286555,-0.8180769393599612,0.23391643232286555,0.8180769393599612,-0.0010292551438597641
27,1.1046099662780762,179.58076809624473,178.25431482152246,0.4023214131593704,OK,neutral,neutral,-0.0018178544230519605,-0.007592063437463007,-0.18178544230519605,-0.7592063437463007,0.18178544230519605,0.7592063437463007,-0.00048055745514208326
28,1.1433355808258057,179.64181100729655,178.25383686312026,0.4021832346916199,OK,neutral,neutral,-0.0015551813727815388,-0.007595030288531787,-0.1555181372781539,-0.7595030288531787,0.1555181372781539,0.7595030288531787,-0.00032157680239475184
29,1.1816706657409668,179.66950684391753,178.2521934452553,0.40209174156188965,OK,neutral,neutral,-0.0014358792138209303,-0.0076028846254585555,-0.14358792138209303,-0.7602884625458556,0.14358792138209303,0.7602884625458556,-0.0003262924174376458
30,1.2298765182495117,179.71202913397872,178.24441895795078,0.4021679759025574,OK,neutral,neutral,-0.0012508137974423272,-0.007637000289128726,-0.12508137974423272,-0.7637000289128726,0.12508137974423272,0.7637000289128726,-0.0006505165448524863
31,1.2635202407836914,179.7240878519882,178.23688750357852,0.4022257626056671,OK,neutral,neutral,-0.0011981399911358938,-0.007669951109109173,-0.11981399911358938,-0.7669951109109172,0.11981399911358938,0.7669951109109172,-0.0006315544019734887
32,1.3154051303863525,179.71129285188982,178.3459772968763,0.40221406519412994,OK,neutral,neutral,-0.0012536853309746904,-0.007196947274740281,-0.12536853309746904,-0.7196947274740282,0.12536853309746904,0.7196947274740282,-0.00013050422369165204
33,1.3624992370605469,179.69470308097314,178.41519589525237,0.40221095085144043,OK,neutral,neutral,-0.001325720441162981,-0.006896587328006258,-0.1325720441162981,-0.6896587328006257,0.1325720441162981,0.6896587328006257,-9.071804086957513e-05
34,1.4037258625030518,179.8036480985531,178.42218112049787,0.4021124541759491,OK,neutral,neutral,-0.0008525886860311045,-0.00686604511154158,-0.08525886860311045,-0.686604511154158,0.08525886860311045,0.686604511154158,-0.00016625646236079206
35,1.4523937702178955,179.7486122433927,178.38102647976513,0.40209709107875824,OK,neutral,neutral,-0.0010917009925760657,-0.0070451852785967375,-0.10917009925760657,-0.7045185278596737,0.10917009925760657,0.7045185278596737,-4.689866282081567e-05
36,1.4888770580291748,179.71532970418,178.35601902974355,0.40208064019680023,OK,neutral,neutral,-0.0012363054048087627,-0.0071540525495547855,-0.12363054048087627,-0.7154052549554786,0.12363054048087627,0.7154052549554786,0.00018130671676619414
37,1.5212359428405762,179.83650792594253,178.3434504504642,0.40212738513946533,OK,neutral,neutral,-0.0007095004644489193,-0.007208407975283366,-0.07095004644489193,-0.7208407975283366,0.07095004644489193,0.7208407975283366,0.0004628134014206253
38,1.5539743900299072,179.9234541230537,178.33424576942494,0.40215882658958435,OK,neutral,neutral,-0.00033203842637033075,-0.0072482418700784,-0.033203842637033076,-0.72482418700784,0.033203842637033076,0.72482418700784,0.0005839975834973643
39,1.5950791835784912,179.96092892135235,178.3591599318464,0.40223072469234467,OK,neutral,neutral,-0.00016937481433045362,-0.007138749152191676,-0.01693748143304536,-0.7138749152191676,0.01693748143304536,0.7138749152191676,0.000514523887468421
40,1.6330411434173584,179.9893583903124,178.37719847146437,0.40227533876895905,OK,neutral,neutral,-4.6114155440594335e-05,-0.007059574930583888,-0.004611415544059434,-0.7059574930583887,0.004611415544059434,0.7059574930583887,0.0003948165287930294
41,1.6698977947235107,179.7006205588605,178.27246414522494,0.4022599160671234,OK,neutral,neutral,0.0012968212606902126,-0.007516597066385678,0.12968212606902124,-0.7516597066385678,0.12968212606902124,0.7516597066385678,0.00014745919697034537
42,1.7100720405578613,179.51035281844378,178.18996487607046,0.40224364399909973,OK,neutral,neutral,0.0021204583056300317,-0.007876626060381454,0.21204583056300316,-0.7876626060381454,0.21204583056300316,0.7876626060381454,-0.00011493078118141042
43,1.7590136528015137,179.40932398010796,178.14064839526299,0.40221863985061646,OK,neutral,neutral,0.0025597142847948863,-0.008090839921710849,0.2559714284794886,-0.8090839921710848,0.2559714284794886,0.8090839921710848,-0.0001466129468115085
44,1.7932238578796387,179.35752171173763,178.10330012684133,0.40219806134700775,OK,neutral,neutral,0.0027852419621538812,-0.008253083042801321,0.2785241962153881,-0.8253083042801321,0.2785241962153881,0.8253083042801321,-0.0002922943758987273
45,1.835517168045044,179.50358837750207,178.1041505503773,0.40216152369976044,OK,neutral,neutral,0.0021521697990622883,-0.00824944942627904,0.21521697990622884,-0.8249449426279041,0.21521697990622884,0.8249449426279041,-0.0010529590557020185
46,1.864532232284546,179.61805951562206,178.10336430399235,0.4021393805742264,OK,neutral,neutral,0.0016559944290971493,-0.008252956765895336,0.16559944290971493,-0.8252956765895335,0.16559944290971493,0.8252956765895335,-0.0011514237955501105
47,1.9382514953613281,179.7100631953093,178.1104637654113,0.40226031839847565,OK,neutral,neutral,0.001257363290449665,-0.008222045021136522,0.1257363290449665,-0.8222045021136523,0.1257363290449665,0.8222045021136523,-0.0006053951062314766
48,2.005821943283081,179.77152090171265,178.00444325392215,0.40208935737609863,OK,neutral,neutral,0.000990955713860923,-0.008687013767762363,0.0990955713860923,-0.8687013767762363,0.0990955713860923,0.8687013767762363,-0.0007893580986131354
49,2.0459182262420654,179.83039693015124,177.95649289418648,0.40196333825588226,OK,neutral,neutral,0.0007356138099909005,-0.008897834358986303,0.07356138099909006,-0.8897834358986303,0.07356138099909006,0.8897834358986303,-0.000746945934214871
50,2.106489658355713,179.85832392887474,177.95091602747704,0.4019242823123932,OK,neutral,neutral,0.000614626030794759,-0.008922464280461761,0.061462603079475896,-0.8922464280461762,0.061462603079475896,0.8922464280461762,-0.0010900549452745878
51,2.1426799297332764,179.88301708385532,177.94736179299076,0.40189655125141144,OK,neutral,neutral,0.0005075834820582931,-0.008938187891652674,0.05075834820582931,-0.8938187891652674,0.05075834820582931,0.8938187891652674,-0.0009453164914505763
52,2.183147668838501,179.66620369419533,178.0930426506637,0.40191467106342316,OK,neutral,neutral,-0.0014494848102638799,-0.008304576199096506,-0.144948481026388,-0.8304576199096506,0.144948481026388,0.8304576199096506,-0.00023127255705035488
53,2.2565178871154785,179.9283806593908,178.62642120091616,0.4019075781106949,OK,neutral,neutral,0.00031085530753410047,-0.005977469835384843,0.031085530753410046,-0.5977469835384843,0.031085530753410046,0.5977469835384843,0.004377518770420252
54,2.2882227897644043,179.66903808331384,178.98175520045632,0.4019019305706024,OK,neutral,neutral,0.001436164064390922,-0.004428874391953915,0.1436164064390922,-0.4428874391953915,0.1436164064390922,0.4428874391953915,0.006406879829753631
55,2.3341355323791504,178.63294007337583,179.78833791726942,0.4019702523946762,OK,neutral,neutral,0.005930882434003562,-0.0009205601011611194,0.5930882434003563,-0.09205601011611193,0.5930882434003563,0.09205601011611193,0.011516582647033147
56,2.367459774017334,178.0675366113219,179.74847163969952,0.40202072262763977,OK,neutral,neutral,0.008383963737321804,0.0010938891054075859,0.8383963737321803,0.10938891054075858,0.8383963737321803,0.10938891054075858,0.01398027367564092
57,2.4168550968170166,176.670108900126,177.78683654338082,0.40330490469932556,OK,neutral,neutral,0.01445418990017426,0.009624629580527342,1.4454189900174261,0.9624629580527342,1.4454189900174261,0.9624629580527342,0.0432935080721748
58,2.4521713256835938,176.07306152505487,176.94942222000995,0.40404222905635834,OK,neutral,neutral,0.017053627654133888,0.013267335161521485,1.7053627654133887,1.3267335161521485,1.7053627654133887,1.3267335161521485,0.06597781696945226
59,2.5022027492523193,172.2663473838186,175.19327499678394,0.4054206609725952,OK,varus,varus,0.03366704798714872,0.020920761307228804,3.3667047987148724,2.0920761307228806,3.3667047987148724,2.0920761307228806,0.06389969396199158
60,2.5651912689208984,170.7034580844225,174.4287779981818,0.40620361268520355,OK,varus,varus,0.04052172751310168,0.02425982741086165,4.052172751310168,2.425982741086165,4.052172751310168,2.425982741086165,0.14472112453017694
61,2.590507745742798,164.23036135821192,170.70423881543806,0.418060764670372,OK,varus,varus,0.06900650143970535,0.04062854197161667,6.900650143970536,4.062854197161667,6.900650143970536,4.062854197161667,0.14839811211277265
62,2.6539509296417236,160.1675893921679,166.62045383943467,0.4253816157579422,OK,varus,varus,0.0870484269732234,0.05863235426410783,8.70484269732234,5.863235426410783,8.70484269732234,5.863235426410783,0.11509300776769216
63,2.689775228500366,158.90899374536505,165.07901939231965,0.42855894565582275,OK,varus,varus,0.09261054553081546,0.06543219533851834,9.261054553081546,6.5432195338518335,9.261054553081546,6.5432195338518335,0.1282039935661663
64,2.730973958969116,156.62885207473855,162.40240603924175,0.43497270345687866,OK,varus,varus,0.10304952812350494,0.07734250972304768,10.304952812350495,7.734250972304768,10.304952812350495,7.734250972304768,0.10721239498048618
65,2.766850709915161,155.91899537390168,161.59228209828484,0.4362261891365051,OK,varus,varus,0.10623275661043563,0.08090937016877142,10.623275661043563,8.090937016877142,10.623275661043563,8.090937016877142,0.0821699943209282
66,2.8090660572052,153.16721141821958,158.35833077462246,0.4403180778026581,OK,varus,varus,0.11898695192119207,0.09547641475308058,11.898695192119208,9.547641475308058,11.898695192119208,9.547641475308058,0.07966418261884733
67,2.837890148162842,152.7057808155724,157.46986294955096,0.4395425468683243,OK,varus,varus,0.12095011970807856,0.09944969955517638,12.095011970807857,9.944969955517639,12.095011970807857,9.944969955517639,0.07177899894154471
68,2.880079746246338,150.90982429419185,155.85209414492886,0.44315075874328613,OK,varus,varus,0.12879579752087664,0.10674072795869367,12.879579752087663,10.674072795869368,12.879579752087663,10.674072795869368,0.06224976117035652
69,2.9085164070129395,150.25433887475367,155.38172347747468,0.4434965252876282,OK,varus,varus,0.1313064258863826,0.10887487909440782,13.130642588638262,10.887487909440782,13.130642588638262,10.887487909440782,0.06072834097623936
70,2.9533627033233643,149.1638769045227,153.9582527587982,0.4471624791622162,OK,varus,varus,0.13601765025150228,0.11541368219927114,13.601765025150229,11.541368219927115,13.601765025150229,11.541368219927115,0.07968229575918784
71,2.9735589027404785,148.62523334563446,153.1313415140399,0.447342649102211,OK,varus,varus,0.1383658720559617,0.11914552825654297,13.836587205596171,11.914552825654297,13.836587205596171,11.914552825654297,0.08024034609102104
72,3.028787136077881,147.90513531474153,151.30629819905175,0.4513496458530426,OK,varus,varus,0.141510223753625,0.12755769599771763,14.151022375362498,12.755769599771764,14.151022375362498,12.755769599771764,0.03619689700489914
73,3.070538282394409,147.75116949468173,150.54415308324573,0.451833575963974,OK,varus,varus,0.14247489903623145,0.13103065600272903,14.247489903623144,13.103065600272904,14.247489903623144,13.103065600272904,0.03699967509164104
74,3.1087241172790527,147.37164501575387,149.13204264440074,0.45354515314102173,OK,varus,varus,0.1443654962574647,0.1375565922541369,14.43654962574647,13.755659225413691,14.43654962574647,13.755659225413691,0.04681883858879665
75,3.1350033283233643,147.31884891086167,148.41867693904373,0.45428942143917084,OK,varus,varus,0.14463731869872778,0.14080885812326085,14.46373186987278,14.080885812326086,14.46373186987278,14.080885812326086,0.04417279106892824
76,3.177116632461548,146.89505694765492,147.9128493180107,0.45570696890354156,OK,varus,varus,0.1467439548419827,0.143167502995334,14.67439548419827,14.316750299533402,14.67439548419827,14.316750299533402,0.02671094085400494
77,3.218571186065674,146.7287996269681,147.92753645842222,0.4558839350938797,OK,varus,varus,0.14754861561694363,0.14311929694856182,14.754861561694362,14.311929694856182,14.754861561694362,14.311929694856182,0.025208811841020307
78,3.257964849472046,146.24327993042706,147.76319353096378,0.45775170624256134,OK,varus,varus,0.1500219119613194,0.14397493252037719,15.002191196131939,14.39749325203772,15.002191196131939,14.39749325203772,0.01998575787068635
79,3.2939984798431396,146.0342476121054,147.5997650816076,0.458507776260376,OK,varus,varus,0.15110072811299707,0.14474179816093818,15.110072811299707,14.474179816093818,15.110072811299707,14.474179816093818,0.015297121367166433
80,3.326298475265503,145.3557474525889,147.07630197260207,0.4602784514427185,OK,varus,varus,0.15448102581703096,0.14722238158269504,15.448102581703097,14.722238158269505,15.448102581703097,14.722238158269505,0.009899211345081316
81,3.3893585205078125,145.36916452925647,147.1019180978171,0.45947642624378204,OK,varus,varus,0.1542983622223786,0.14707562562013418,15.429836222237862,14.707562562013418,15.429836222237862,14.707562562013418,-0.004050310015235148
82,3.4281299114227295,145.278636095274,147.11423116593755,0.4589790552854538,OK,varus,varus,0.15464261893512993,0.14700462174868043,15.464261893512992,14.700462174868042,15.464261893512992,14.700462174868042,-0.012973299488939105
83,3.470571517944336,145.42795417823203,147.22953494532115,0.4584978073835373,OK,varus,varus,0.15423947338057742,0.14645742142816606,15.423947338057742,14.645742142816607,15.423947338057742,14.645742142816607,-0.027633831005888787
84,3.509312152862549,145.54031622007153,147.3063453456338,0.4581472724676132,OK,varus,varus,0.15386147120963423,0.14609124431730813,15.386147120963422,14.609124431730812,15.386147120963422,14.609124431730812,-0.05728395130195452
85,3.531712293624878,146.0567153207468,148.68907051024874,0.4551210105419159,OK,varus,varus,0.15184768916246552,0.13946491701762673,15.184768916246552,13.946491701762673,15.184768916246552,13.946491701762673,-0.06250180453524568
86,3.5782926082611084,146.24482539785308,149.49650977196455,0.45358674228191376,OK,varus,varus,0.1511672167790791,0.1356356163042677,15.11672167790791,13.56356163042677,15.11672167790791,13.56356163042677,-0.0900546613893809
87,3.6022379398345947,148.04101837566967,150.89392084643816,0.4500444084405899,OK,varus,varus,0.14267624604108983,0.12902659572167427,14.267624604108983,12.902659572167426,14.267624604108983,12.902659572167426,-0.09701176015985347
88,3.651545763015747,148.82871193517553,151.69417567912208,0.448722168803215,OK,varus,varus,0.13898298152726546,0.125330086366714,13.898298152726547,12.5330086366714,13.898298152726547,12.5330086366714,-0.07149940507092367
89,3.693925380706787,152.18019941179446,155.3599988353044,0.44272446632385254,OK,varus,varus,0.1231276983511869,0.10850951057174137,12.31276983511869,10.850951057174136,12.31276983511869,10.850951057174136,-0.09985844946826106
90,3.7255241870880127,153.5102841220208,156.87346439618676,0.43993890285491943,OK,varus,varus,0.11690032386547908,0.1017009732571267,11.690032386547907,10.17009732571267,11.690032386547907,10.17009732571267,-0.11058852339055747
91,3.7620692253112793,156.6079288462357,160.3095782640675,0.4344074875116348,OK,varus,varus,0.10263677051552135,0.0864420155536119,10.263677051552135,8.64420155536119,10.263677051552135,8.64420155536119,-0.11840830529214319
92,3.795583486557007,157.79554123822197,161.1647156135568,0.4332168400287628,OK,varus,varus,0.09725415910855122,0.0826778117282786,9.725415910855121,8.26778117282786,9.725415910855121,8.26778117282786,-0.12267901147464944
93,3.833007335662842,161.36952435994385,164.7460400084475,0.42720727622509,OK,varus,varus,0.08137387092919243,0.06684164112388118,8.137387092919242,6.6841641123881175,8.137387092919242,6.6841641123881175,-0.1341936041363141
94,3.8661580085754395,162.76700023414125,166.18242336503243,0.42431990802288055,OK,varus,varus,0.0752860794448545,0.06055298758728063,7.528607944485451,6.055298758728063,7.528607944485451,6.055298758728063,-0.13463802381896883
95,3.914452075958252,166.98885132580642,169.21539105296472,0.4171034097671509,OK,varus,varus,0.05681169759913518,0.047155502237588014,5.681169759913518,4.715550223758801,5.681169759913518,4.715550223758801,-0.11814648108980208
96,3.951793670654297,167.95514418312285,170.3047112083039,0.4141257256269455,OK,varus,varus,0.0525844354687491,0.04237834935966856,5.2584435468749104,4.237834935966856,5.2584435468749104,4.237834935966856,-0.13196804111193128
97,3.983253002166748,173.75630530776817,174.46405274292312,0.40365469455718994,OK,varus,varus,0.027218906144092562,0.024147739183973557,2.721890614409256,2.414773918397356,2.721890614409256,2.414773918397356,-0.10933646945686393
98,4.058675050735474,176.3525829168554,176.72531314631806,0.39959000051021576,OK,neutral,neutral,0.015893747719148633,0.014267069639212272,1.5893747719148632,1.426706963921227,1.5893747719148632,1.426706963921227,-0.07322291143903037
99,4.091785430908203,176.85248234971257,177.0770028331579,0.3992716073989868,OK,neutral,neutral,0.013713390276585193,0.012724648954013857,1.3713390276585193,1.2724648954013857,1.3713390276585193,1.2724648954013857,-0.07548521892274795
100,4.124872207641602,178.14475814278754,177.90570540970566,0.3977554887533188,OK,neutral,neutral,0.008072006784751014,0.009119803519912442,0.8072006784751014,0.9119803519912442,0.8072006784751014,0.9119803519912442,-0.045523478340017576
101,4.167816877365112,178.25675682437955,178.06350459408839,0.3974849134683609,OK,neutral,neutral,0.007582274526662979,0.008438010728411162,0.7582274526662979,0.8438010728411163,0.7582274526662979,0.8438010728411163,-0.00912154080064198
102,4.208523511886597,178.66313003210027,178.6413324703345,0.39785371720790863,OK,neutral,neutral,0.005818299458313837,0.005918875424367561,0.5818299458313837,0.5918875424367561,0.5818299458313837,0.5918875424367561,-0.002065988140611097
103,4.248230934143066,178.524225989331,178.65372955350563,0.3983945697546005,OK,neutral,neutral,0.006426169529210548,0.005864651819335327,0.6426169529210548,0.5864651819335327,0.6426169529210548,0.5864651819335327,0.0002927757016770727
104,4.291100025177002,178.44959747417911,178.67582142464488,0.3987090140581131,OK,neutral,neutral,0.006753918635263304,0.005770157180608949,0.6753918635263304,0.5770157180608949,0.6753918635263304,0.5770157180608949,0.003613408550836361
105,4.33634614944458,178.43608426615828,178.69171175490436,0.3989707827568054,OK,neutral,neutral,0.00681417758082621,0.00570086150055345,0.6814177580826211,0.570086150055345,0.6814177580826211,0.570086150055345,0.005194382240770956
106,4.369407892227173,178.80773128866426,178.97413500689734,0.3987264037132263,OK,neutral,neutral,0.005194488066905136,0.004469546559910899,0.5194488066905135,0.4469546559910899,0.5194488066905135,0.4469546559910899,0.004185390249200616
107,4.4017369747161865,178.9591926602741,179.0939932594298,0.3985736817121506,OK,neutral,neutral,0.0045350594618833815,0.003946923228593313,0.45350594618833817,0.3946923228593313,0.45350594618833817,0.3946923228593313,0.0019183973566549994
108,4.453166484832764,178.7545434345357,179.0471694354627,0.3989258259534836,OK,neutral,neutral,0.00542634638084944,0.004150996883768376,0.5426346380849439,0.4150996883768376,0.5426346380849439,0.4150996883768376,0.00012367569250759658
109,4.491254091262817,178.59774767214688,179.0471849453561,0.39916492998600006,OK,neutral,neutral,0.006109169746269185,0.004150989794541424,0.6109169746269185,0.41509897945414237,0.6109169746269185,0.41509897945414237,0.0009513237447968947
110,4.512273550033569,178.78939761794499,179.25884801734856,0.3990141749382019,OK,neutral,neutral,0.005274070366052969,0.0032289788045840487,0.5274070366052969,0.32289788045840484,0.5274070366052969,0.32289788045840484,0.0015415252599826346
111,4.556777477264404,178.9604852128207,179.40877106859205,0.39893029630184174,OK,neutral,neutral,0.004528641842162741,0.0025758920693622245,0.4528641842162741,0.25758920693622245,0.4528641842162741,0.25758920693622245,0.0006258394913611909
112,4.5888025760650635,178.98089846475114,179.33248304344895,0.39890681207180023,OK,neutral,neutral,0.004439607808407852,0.0029088279254214037,0.44396078084078516,0.2908827925421404,0.44396078084078516,0.2908827925421404,-0.00025229380634828047
113,4.64288067817688,179.00917315407642,179.4070618796663,0.3989631086587906,OK,neutral,neutral,0.00431672070558031,0.002584138095692977,0.431672070558031,0.2584138095692977,0.431672070558031,0.2584138095692977,-0.0009767680787824418
114,4.700767755508423,179.01788649499065,179.44501003626507,0.399009570479393,OK,neutral,neutral,0.00427904247710192,0.0024189202802070296,0.427904247710192,0.24189202802070298,0.427904247710192,0.24189202802070298,-0.002154922782776403
115,4.7338457107543945,179.01526757948244,179.41821866767063,0.39894136786460876,OK,neutral,neutral,0.004290595325082102,0.0025356198406959224,0.4290595325082102,0.25356198406959224,0.4290595325082102,0.25356198406959224,-0.0026331860388895123
116,4.773293495178223,179.00640484820482,179.3971707902305,0.3988638371229172,OK,neutral,neutral,0.0043293776214523355,0.0026272851864320543,0.43293776214523355,0.26272851864320546,0.43293776214523355,0.26272851864320546,-0.002998138380117865
117,4.8078882694244385,178.91869515892273,179.32187156766395,0.3985397070646286,OK,neutral,neutral,0.004712078912243564,0.0029554972618956424,0.4712078912243564,0.29554972618956427,0.4712078912243564,0.29554972618956427,-0.0033455203723757876
118,4.844458341598511,178.85033283697103,179.26925579213312,0.3983011394739151,OK,neutral,neutral,0.005010253971346405,0.003184818881326312,0.5010253971346406,0.31848188813263123,0.5010253971346406,0.31848188813263123,-0.0032823736673393
119,4.876346111297607,178.59999501322054,178.98380043219126,0.3982073664665222,OK,neutral,neutral,0.006099466579813217,0.004427200452390373,0.6099466579813217,0.44272004523903724,0.6099466579813217,0.44272004523903724,-0.0005040922882426635
120,4.927816867828369,178.41095409658897,178.7438288278748,0.39813828468322754,OK,neutral,neutral,0.006921617510307821,0.00547110252351458,0.692161751030782,0.547110252351458,0.692161751030782,0.547110252351458,0.00717917909761745
121,4.971858978271484,177.47861937992062,178.49189489757595,0.39816953241825104,OK,neutral,neutral,0.010968944839409871,0.006568308946811338,1.096894483940987,0.6568308946811338,1.096894483940987,0.6568308946811338,0.03276773887335871
122,5.004839181900024,176.95508438564724,178.31459704169683,0.39820852875709534,OK,neutral,neutral,0.013233929177982858,0.007340089990671966,1.3233929177982857,0.7340089990671965,1.3233929177982857,0.7340089990671965,0.058377978606388936
123,5.049368143081665,175.9064387740634,177.51019677384483,0.4002983868122101,OK,neutral,neutral,0.017757287881700654,0.010846496434529939,1.7757287881700654,1.084649643452994,1.7757287881700654,1.084649643452994,0.07722711056991294
124,5.08812689781189,175.32669874673792,177.01883549546804,0.4015965312719345,OK,varus,neutral,0.02025981578215424,0.012989099612241688,2.0259815782154242,1.2989099612241688,2.0259815782154242,1.2989099612241688,0.1087038170308734
125,5.121848821640015,170.60956211578994,174.05141063362737,0.40981660783290863,OK,varus,varus,0.04087976054929591,0.0259450152145459,4.087976054929591,2.59450152145459,4.087976054929591,2.59450152145459,0.11182564149305696
126,5.18289589881897,165.7754619738828,170.1209263076634,0.41998015344142914,OK,varus,varus,0.06227385773910883,0.04321122701796609,6.227385773910883,4.321122701796609,6.227385773910883,4.321122701796609,0.12055342814375791
127,5.2199156284332275,163.63150169320895,168.86443190087778,0.4208327382802963,OK,varus,varus,0.0717777070766809,0.04874017632576528,7.177770707668089,4.874017632576528,7.177770707668089,4.874017632576528,0.13946787146125494
128,5.260703086853027,161.38908730440465,166.77723615738202,0.42897549271583557,OK,varus,varus,0.08164533147428703,0.0579409540504288,8.164533147428703,5.794095405042881,8.164533147428703,5.794095405042881,0.14522178375056605
129,5.294898986816406,160.05992596843927,165.85940948073906,0.4315452575683594,OK,varus,varus,0.08732461127885702,0.06194153797915913,8.732461127885701,6.194153797915913,8.732461127885701,6.194153797915913,0.12524422780828592
130,5.346900224685669,157.36800076614128,164.2857166086078,0.43822357058525085,OK,varus,varus,0.09943852357596313,0.0689347482911783,9.943852357596313,6.89347482911783,9.943852357596313,6.89347482911783,0.0820216189402081
131,5.400298357009888,156.18817211001164,163.51971753891667,0.43925100564956665,OK,varus,varus,0.10448614242092304,0.07226346179939615,10.448614242092304,7.226346179939615,10.448614242092304,7.226346179939615,0.09419538794593407
132,5.437731027603149,153.36891428851203,160.92038874938706,0.4472552686929703,OK,varus,varus,0.11686538759953793,0.08380301171755329,11.686538759953793,8.38030117175533,11.686538759953793,8.38030117175533,0.10051568818788947
133,5.481271028518677,152.56173356428337,159.95566614269913,0.44832178950309753,OK,varus,varus,0.11945022776262638,0.08810232918849197,11.945022776262638,8.810232918849197,11.945022776262638,8.810232918849197,0.10950081018130042
134,5.5150556564331055,151.12504897633934,158.17282523144226,0.45308877527713776,OK,varus,varus,0.12627647535320008,0.09603869269234362,12.627647535320008,9.603869269234362,12.627647535320008,9.603869269234362,0.113345233015262
135,5.549498081207275,150.71486576131528,157.2978315347357,0.45510852336883545,OK,varus,varus,0.1279335511065803,0.09989068786147991,12.79335511065803,9.98906878614799,12.79335511065803,9.98906878614799,0.09401059606594409
136,5.591045141220093,148.60142673323278,154.90357783136804,0.46245773136615753,OK,varus,varus,0.13732018911034335,0.11069917740169838,13.732018911034336,11.069917740169839,13.732018911034336,11.069917740169839,0.06810459695429838
137,5.6369733810424805,147.24263677862228,153.6601829840279,0.46560153365135193,OK,varus,varus,0.1444099426020386,0.11629292943176806,14.44099426020386,11.629292943176806,14.44099426020386,11.629292943176806,0.05329370225740604
138,5.680283546447754,146.8192652541831,152.94667193910539,0.46598300337791443,OK,varus,varus,0.1467946524676977,0.11937800228879134,14.679465246769771,11.937800228879134,14.679465246769771,11.937800228879134,0.0442997475994078
139,5.715981483459473,146.05489848534629,152.17648809991786,0.46867939829826355,OK,varus,varus,0.15044472192557298,0.122833520265114,15.044472192557299,12.2833520265114,15.044472192557299,12.2833520265114,0.027685731430139526
140,5.75855565071106,146.16761672920617,152.3553662538203,0.4682408720254898,OK,varus,varus,0.14937421500814782,0.12194294324720271,14.937421500814782,12.194294324720271,14.937421500814782,12.194294324720271,0.0006620202725056146
141,5.789827346801758,146.17330149998577,152.83854104640233,0.46676909923553467,OK,varus,varus,0.1494366826379959,0.11980330501168747,14.943668263799589,11.980330501168748,14.943668263799589,11.980330501168748,-0.007494418858344787
142,5.833326816558838,146.1984014286297,153.1247731623757,0.46600860357284546,OK,varus,varus,0.14931619933835455,0.11853327612589198,14.931619933835455,11.853327612589199,14.931619933835455,11.853327612589199,-0.023297090363204376
143,5.863981485366821,146.34885126314236,153.29055062556813,0.4650450795888901,OK,varus,varus,0.14866820936985214,0.11768345751535537,14.866820936985214,11.768345751535538,14.866820936985214,11.768345751535538,-0.03446136086795182
144,5.904906749725342,146.43096023930315,153.3733849823916,0.4644569605588913,OK,varus,varus,0.14833061556694008,0.11725005530920853,14.833061556694007,11.725005530920853,14.833061556694007,11.725005530920853,-0.03476905436671984
145,5.954531192779541,146.81630963940447,153.539732155736,0.46274131536483765,OK,varus,varus,0.14654629165261768,0.1164851418372913,14.654629165261767,11.64851418372913,14.654629165261767,11.64851418372913,-0.05838670936834589
146,5.986043930053711,147.0542121190143,153.60530629156528,0.46176716685295105,OK,varus,varus,0.14541270640677312,0.11615510357666974,14.541270640677311,11.615510357666974,14.541270640677311,11.615510357666974,-0.06794081405310148
147,6.031873464584351,148.80377825393538,154.49232282064122,0.4575083702802658,OK,varus,varus,0.1369230393988362,0.11187212434628876,13.69230393988362,11.187212434628876,13.69230393988362,11.187212434628876,-0.08686563748570997
148,6.064370155334473,149.78994375457896,154.93839439474516,0.45582637190818787,OK,varus,varus,0.13229408621572863,0.10977009942925307,13.229408621572864,10.977009942925307,13.229408621572864,10.977009942925307,-0.09555715095010697
149,6.108795166015625,152.46854803070218,156.91018339905142,0.4493630677461624,OK,varus,varus,0.12000518682113298,0.10119375857438853,12.000518682113299,10.119375857438854,12.000518682113299,10.119375857438854,-0.11851120031367834
150,6.143556594848633,153.41952742548975,157.69514173279106,0.4467570632696152,OK,varus,varus,0.1159886059557548,0.09776344394803728,11.59886059557548,9.776344394803727,11.59886059557548,9.776344394803727,-0.15118446774435412
151,6.181745529174805,155.58828672797657,160.81898794824363,0.43988077342510223,OK,varus,varus,0.10711496837822769,0.08407955598263275,10.71149683782277,8.407955598263275,10.71149683782277,8.407955598263275,-0.14119866415628035
152,6.227267026901245,156.93425764820782,161.8227848959709,0.43833139538764954,OK,varus,varus,0.10110239431764584,0.07961166414288962,10.110239431764583,7.961166414288962,10.110239431764583,7.961166414288962,-0.14975825498054096
153,6.2618467807769775,164.01319929020679,166.61539945514892,0.42531073093414307,OK,varus,varus,0.0700398714240542,0.05855616706166868,7.003987142405419,5.8556167061668685,7.003987142405419,5.8556167061668685,-0.14099146883921332
154,6.322350740432739,168.87975119883234,170.23336079847738,0.4166935235261917,OK,varus,varus,0.04862525855987757,0.04265144412555721,4.862525855987757,4.2651444125557205,4.862525855987757,4.2651444125557205,-0.11036861542486598
155,6.366255044937134,170.5463283837722,171.2472745803154,0.41519440710544586,OK,varus,varus,0.04130576694149684,0.038204043031442994,4.130576694149684,3.8204043031442994,4.130576694149684,3.8204043031442994,-0.1426750585494796
156,6.3982625007629395,172.75581761325617,173.56015055586104,0.40902240574359894,OK,varus,varus,0.0316181008363615,0.028108585062123374,3.1618100836361496,2.8108585062123375,3.1618100836361496,2.8108585062123375,-0.1312175502821722
157,6.431584358215332,173.207028056017,174.30140393889687,0.40606240928173065,OK,varus,varus,0.029645227811118176,0.024875560071633634,2.9645227811118176,2.4875560071633633,2.9645227811118176,2.4875560071633633,-0.08293697918370313
158,6.46772027015686,175.16973243605298,176.2722816987373,0.40277574956417084,OK,varus,neutral,0.021048684496093532,0.01624119997378079,2.104868449609353,1.624119997378079,2.104868449609353,1.624119997378079,-0.05190569938076006
159,6.515218496322632,175.91277331790084,176.64742558352063,0.40278078615665436,OK,neutral,neutral,0.01780789502891835,0.014598806706493998,1.780789502891835,1.4598806706493999,1.780789502891835,1.4598806706493999,-0.041183177328985465
160,6.537281513214111,176.92179956111826,178.9078693741122,0.40137043595314026,OK,neutral,neutral,0.013408610187153818,0.004756277307308016,1.3408610187153818,0.47562773073080156,1.3408610187153818,0.47562773073080156,-0.032286971254314345
161,6.584715843200684,177.4864228802072,179.46891821652716,0.40111836791038513,OK,neutral,neutral,0.010946220279212876,0.002314422539532261,1.0946220279212877,0.2314422539532261,1.0946220279212877,0.2314422539532261,-0.006362173381869951
162,6.620948791503906,177.91905506578954,179.94655192060526,0.40216164290905,OK,neutral,neutral,0.009059998328265267,-0.00023284245420373742,0.9059998328265267,-0.02328424542037374,0.9059998328265267,0.02328424542037374,-0.0079399428195579
163,6.643159866333008,178.16023182488408,179.6099251078348,0.4025195986032486,OK,neutral,neutral,0.008007082345417058,-0.001698741087657654,0.8007082345417058,-0.16987410876576542,0.8007082345417058,0.16987410876576542,-0.008377159186907068
164,6.694951295852661,177.9777359845274,179.41490144700305,0.40235091745853424,OK,neutral,neutral,0.008805274581066147,-0.0025481034142247902,0.8805274581066147,-0.25481034142247905,0.8805274581066147,0.25481034142247905,-0.0018047111556400708
165,6.729390859603882,177.80028184858963,179.13603582694415,0.40209507942199707,OK,neutral,neutral,0.009581571199767968,-0.003762945940391066,0.9581571199767969,-0.3762945940391066,0.9581571199767969,0.3762945940391066,-0.0032451803978297278
166,6.776139497756958,178.05058211641474,179.05298418330702,0.4010453373193741,OK,neutral,neutral,0.008488871600519534,-0.004124026469214468,0.8488871600519534,-0.4124026469214468,0.8488871600519534,0.4124026469214468,-0.006333836418019878
167,6.820039749145508,178.11942757150481,178.99928717390216,0.40068763494491577,OK,neutral,neutral,0.00818737228565733,-0.004357421935430794,0.8187372285657329,-0.43574219354307936,0.8187372285657329,0.43574219354307936,-0.006769146172376672
168,6.863862037658691,178.1594909315976,179.0295415177526,0.40069590508937836,OK,neutral,neutral,0.008011331458838963,-0.004225653057230268,0.8011331458838964,-0.42256530572302675,0.8011331458838964,0.42256530572302675,-0.005005231474373151
169,6.933987617492676,178.59504471658062,178.79506270472476,0.400436595082283,OK,neutral,neutral,0.0061129797554267205,-0.005246653687323027,0.6112979755426721,-0.5246653687323027,0.6112979755426721,0.5246653687323027,-0.0024183588872555006
170,6.975173234939575,178.82662659642176,178.62997227965226,0.400266632437706,OK,neutral,neutral,0.00510373149786545,-0.0059658083985047305,0.5103731497865449,-0.596580839850473,0.5103731497865449,0.596580839850473,-0.0016825136157612164
171,7.006571531295776,178.74600955717827,178.68741758080031,0.4004466235637665,OK,neutral,neutral,0.00545420686191645,-0.005715718004035268,0.545420686191645,-0.5715718004035267,0.545420686191645,0.5715718004035267,-0.0011007327528398392
172,7.045622825622559,178.67884620438306,178.74169032965364,0.40058279037475586,OK,neutral,neutral,0.005746345426120701,-0.00547940933857459,0.5746345426120701,-0.547940933857459,0.5746345426120701,0.547940933857459,-6.579312377219537e-05
173,7.0854716300964355,178.71855605634622,178.56521766596944,0.40046028792858124,OK,neutral,neutral,0.005574229320768037,-0.006249343414632649,0.5574229320768037,-0.6249343414632649,0.5574229320768037,0.6249343414632649,0.0010772621911172564
174,7.12096643447876,178.75452822143757,178.45359077705908,0.40037594735622406,OK,neutral,neutral,0.0054180553803263,-0.006736402518557775,0.54180553803263,-0.6736402518557775,0.54180553803263,0.6736402518557775,0.0011896899206380596
175,7.161471128463745,178.98607068301664,178.2071518989897,0.40050292015075684,OK,neutral,neutral,0.00440899075927832,-0.007809745711333813,0.44089907592783195,-0.7809745711333813,0.44089907592783195,0.7809745711333813,0.000555197912996519
176,7.194321632385254,179.14600258939313,178.0698184783902,0.40060046315193176,OK,neutral,neutral,0.003712673443780055,-0.00840763273938056,0.3712673443780055,-0.840763273938056,0.3712673443780055,0.840763273938056,0.0004555421822796113
177,7.238373517990112,179.26590911574624,178.08834108437875,0.4006426930427551,OK,neutral,neutral,0.003191001489306257,-0.00832622655045301,0.3191001489306257,-0.8326226550453011,0.3191001489306257,0.8326226550453011,0.0006806351682362433
178,7.287585020065308,179.35612196649964,178.10339590152762,0.40067915618419647,OK,neutral,neutral,0.0027986398127803373,-0.00826017972847423,0.27986398127803375,-0.826017972847423,0.27986398127803375,0.826017972847423,0.0004671407607874656
179,7.323689937591553,179.2648776520887,178.06869582123517,0.40066105127334595,OK,neutral,neutral,0.003195983941934072,-0.008411289322534207,0.3195983941934072,-0.8411289322534207,0.3195983941934072,0.8411289322534207,1.4394675193152295e-05
180,7.366705894470215,179.1924832097036,178.03890111599145,0.40064840018749237,OK,neutral,neutral,0.003511335504474623,-0.008541090618898114,0.3511335504474623,-0.8541090618898115,0.3511335504474623,0.8541090618898115,-0.00026396993743915687
181,7.404207229614258,179.18377146482752,178.13015831176386,0.40063758194446564,OK,neutral,neutral,0.0035492683797191875,-0.008143083393093591,0.35492683797191876,-0.8143083393093591,0.35492683797191876,0.8143083393093591,-0.00022105785015114066
182,7.452308654785156,178.83026046232794,178.49097547287678,0.4005667716264725,OK,neutral,neutral,0.005084485562657902,-0.006572679200257655,0.5084485562657902,-0.6572679200257655,0.5084485562657902,0.6572679200257655,0.006082187891330193
183,7.481572866439819,178.62488082604264,178.71590790942767,0.40051932632923126,OK,neutral,neutral,0.0059755531422611505,-0.005593360927767016,0.5975553142261151,-0.5593360927767016,0.5975553142261151,0.5593360927767016,0.011349371630349658
184,7.517257452011108,177.17063264754617,179.71450373028546,0.400574654340744,OK,neutral,neutral,0.012294859205933208,-0.001243580726258223,1.2294859205933208,-0.1243580726258223,1.2294859205933208,0.1243580726258223,0.03017693314073444
185,7.5507261753082275,176.43679488477827,179.74294209452344,0.4006211906671524,OK,neutral,neutral,0.015483781412389246,0.001119689365446227,1.5483781412389246,0.1119689365446227,1.5483781412389246,0.1119689365446227,0.05172756267375611
186,7.58257532119751,174.51472719341356,176.8166265087266,0.4026864469051361,OK,varus,neutral,0.023862331245807115,0.013871140831867032,2.3862331245807114,1.3871140831867033,2.3862331245807114,1.3871140831867033,0.06863555808244648
187,7.620107650756836,173.61264158420664,175.63224023469712,0.403928741812706,OK,varus,neutral,0.027804562475139367,0.01903782717326848,2.7804562475139365,1.903782717326848,2.7804562475139365,1.903782717326848,0.087863225939115
188,7.655855655670166,169.626829848109,173.49147318517004,0.4114527404308319,OK,varus,varus,0.045320606755527966,0.02839732093970411,4.532060675552796,2.839732093970411,4.532060675552796,2.839732093970411,0.1037546790357613
189,7.6943519115448,168.21477991375903,172.70281168493023,0.4132796376943588,OK,varus,varus,0.05154157317639769,0.031837777338533,5.154157317639769,3.1837777338533,5.154157317639769,3.1837777338533,0.10818435192466058
190,7.737038612365723,165.4852037001122,169.8323698967169,0.42214712500572205,OK,varus,varus,0.06359481138888962,0.044472618623509715,6.359481138888961,4.447261862350971,6.359481138888961,4.447261862350971,0.12433152945105785
191,7.775001287460327,164.34840281641982,168.5251609214815,0.42388221621513367,OK,varus,varus,0.06851861157888682,0.050229322689877794,6.851861157888682,5.02293226898778,6.851861157888682,5.02293226898778,0.14440439139357153
192,7.8084845542907715,160.87560545662433,166.31973743311818,0.4316599667072296,OK,varus,varus,0.08400854666036289,0.05997565457852306,8.40085466603629,5.997565457852306,8.40085466603629,5.997565457852306,0.14000601376220434
193,7.851338624954224,159.9159610382093,165.84407017311304,0.43269382417201996,OK,varus,varus,0.08817698749452925,0.0620458816909299,8.817698749452925,6.2045881690929905,8.817698749452925,6.2045881690929905,0.11980352890316137
194,7.8962202072143555,155.0481960959625,164.1248173697947,0.4426185190677643,OK,varus,varus,0.1100537988550965,0.06966899743041927,11.005379885509651,6.966899743041926,11.005379885509651,6.966899743041926,0.14567649699359553
195,7.930602550506592,154.07429853279058,163.19214805783804,0.4450528770685196,OK,varus,varus,0.11413202139386701,0.0737384142420564,11.413202139386701,7.37384142420564,11.413202139386701,7.37384142420564,0.15786907456162602
196,7.975432395935059,151.30996146050677,161.16771900692433,0.4539923518896103,OK,varus,varus,0.12696238399473564,0.08273573418322412,12.696238399473565,8.273573418322412,12.696238399473565,8.273573418322412,0.14041015800150713
197,8.01482892036438,150.60584585954896,160.01636524622765,0.45454925298690796,OK,varus,varus,0.1298948905006605,0.0877972174789913,12.98948905006605,8.77972174789913,12.98948905006605,8.77972174789913,0.1350841500396447
198,8.054113864898682,147.29214303047505,156.3600205266288,0.46678662300109863,OK,varus,varus,0.14488106377839988,0.1043424558742687,14.488106377839987,10.43424558742687,14.488106377839987,10.43424558742687,0.10535525044572447
199,8.107276678085327,144.66348259434628,153.9794597239899,0.4728550314903259,OK,varus,varus,0.15680385299645183,0.11486837117885661,15.680385299645183,11.48683711788566,15.680385299645183,11.48683711788566,0.09198397488168908
200,8.140466213226318,144.4326623843098,152.40711612965177,0.4736296087503433,OK,varus,varus,0.15789741178867467,0.12201868420866915,15.789741178867466,12.201868420866916,15.789741178867466,12.201868420866916,0.0831792528903672
201,8.192347526550293,143.5894826855368,150.92136524663405,0.47610390186309814,OK,varus,varus,0.161338283913895,0.1287446722423374,16.1338283913895,12.87446722423374,16.1338283913895,12.87446722423374,0.04486946081327314
202,8.230929374694824,143.73614289172085,150.95297888619615,0.4759945422410965,OK,varus,varus,0.1607725164844052,0.12855225255258787,16.07725164844052,12.855225255258787,16.07725164844052,12.855225255258787,0.021072494999446967
203,8.273027896881104,143.7933317026897,150.3901978098562,0.4766446650028229,OK,varus,varus,0.1607767110860285,0.13119864297326028,16.07767110860285,13.119864297326028,16.07767110860285,13.119864297326028,0.005448342675898665
204,8.320963859558105,143.67381431237942,150.09975079507907,0.4766263961791992,OK,varus,varus,0.16142398249083686,0.13247199726517908,16.142398249083687,13.247199726517907,16.142398249083687,13.247199726517907,-0.002361948201437869
205,8.364112377166748,143.86552282135924,150.12576040308386,0.4757070988416672,OK,varus,varus,0.16054161641636375,0.1320753191498724,16.054161641636373,13.20753191498724,16.054161641636373,13.20753191498724,-0.015420191790845195
206,8.410088062286377,143.91458968002308,150.2325468131996,0.4752199798822403,OK,varus,varus,0.16036349725280485,0.13141370513368134,16.036349725280484,13.141370513368134,16.036349725280484,13.141370513368134,-0.05431467854369032
207,8.440679550170898,144.04011505138138,150.3900529718856,0.474473237991333,OK,varus,varus,0.15993046245457293,0.13078491557452723,15.993046245457293,13.078491557452724,15.993046245457293,13.078491557452724,-0.07022553795254538
208,8.48147463798523,144.1156328715579,150.49280600825801,0.47406481206417084,OK,varus,varus,0.1596833209604105,0.13038605826904237,15.968332096041049,13.038605826904238,15.968332096041049,13.038605826904238,-0.07653139259717356
209,8.51909065246582,144.87549622094815,151.37895842027814,0.46805907785892487,OK,varus,varus,0.1562998149242208,0.12642639217676782,15.629981492422079,12.642639217676782,15.629981492422079,12.642639217676782,-0.07350723237056256
210,8.593122482299805,146.51494137637994,153.26905751227645,0.46078795194625854,OK,varus,varus,0.14928603641282434,0.1180801896302991,14.928603641282434,11.80801896302991,14.928603641282434,11.80801896302991,-0.07261207686839732
211,8.640300989151001,147.1737315348954,154.30582303346088,0.4580281227827072,OK,varus,varus,0.14629682340391326,0.11343330246030224,14.629682340391327,11.343330246030224,14.629682340391327,11.343330246030224,-0.08799572719221871
212,8.692507028579712,149.8045231814945,156.1638426575259,0.45278675854206085,OK,varus,varus,0.13373943714360392,0.10499483166951765,13.373943714360392,10.499483166951764,13.373943714360392,10.499483166951764,-0.11959265384370887
213,8.72588586807251,150.8383968598149,156.96367546298944,0.4509354829788208,OK,varus,varus,0.1288407837461321,0.10134841744389916,12.884078374613209,10.134841744389917,12.884078374613209,10.134841744389917,-0.1207592926893799
214,8.765596866607666,152.9397485504276,158.82219902336723,0.44507360458374023,OK,varus,varus,0.11908298071762104,0.09318136742105403,11.908298071762104,9.318136742105402,11.908298071762104,9.318136742105402,-0.1131631625880063
215,8.805966854095459,154.48646857807177,159.6764243160573,0.44232265651226044,OK,varus,varus,0.11193447078837704,0.0894005486862216,11.193447078837703,8.94005486862216,11.193447078837703,8.94005486862216,-0.14083812182410504
216,8.84390926361084,157.7373507707225,161.34954190025147,0.43522605299949646,OK,varus,varus,0.09778571806160216,0.0819577805931661,9.778571806160215,8.19577805931661,9.778571806160215,8.19577805931661,-0.14178574572299052
217,8.888668775558472,158.45055174717328,161.74325319519193,0.433755099773407,OK,varus,varus,0.09475585689146826,0.08021818211809074,9.475585689146826,8.021818211809075,9.475585689146826,8.021818211809075,-0.2139195035500574
218,8.910674810409546,165.1269492491717,166.89152009147037,0.42147740721702576,OK,varus,varus,0.06511601915689307,0.057408980287984336,6.511601915689306,5.7408980287984335,6.511601915689306,5.7408980287984335,-0.21397529420410577
219,8.989133358001709,170.9271771539498,170.62971527727282,0.41251084208488464,OK,varus,varus,0.03965227311987956,0.04091882522374755,3.965227311987956,4.091882522374755,3.965227311987956,4.091882522374755,-0.10722992113068663
220,9.025940656661987,171.82413809846693,172.1042769820484,0.4101550132036209,OK,varus,varus,0.035713202280840184,0.03446210810986998,3.5713202280840184,3.4462108109869978,3.5713202280840184,3.4462108109869978,-0.13386076236408506
221,9.057934761047363,173.98225429556447,174.24383747018615,0.405777245759964,OK,varus,varus,0.026263142999559497,0.02510726855643282,2.6263142999559497,2.510726855643282,2.6263142999559497,2.510726855643282,-0.10809544312357167
222,9.101354122161865,174.1820744830046,174.71309856343922,0.4053342789411545,OK,varus,varus,0.02539094158558402,0.023055038978398605,2.539094158558402,2.3055038978398605,2.539094158558402,2.3055038978398605,-0.048228443482984495
223,9.14903998374939,175.9522906552357,176.83937311516954,0.4027775824069977,OK,neutral,neutral,0.017643787307556023,0.013757032761095848,1.7643787307556023,1.3757032761095849,1.7643787307556023,1.3757032761095849,-0.035277388399935994
224,9.182272911071777,176.155777970578,177.4002907294751,0.4022337794303894,OK,neutral,neutral,0.016754375525269736,0.011310395126337792,1.6754375525269736,1.131039512633779,1.6754375525269736,1.131039512633779,-0.02923278845690991
225,9.2231924533844,177.37178495938448,177.81279309121214,0.4020908623933792,OK,neutral,neutral,0.011443382605950202,0.009520859643277195,1.14433826059502,0.9520859643277195,1.14433826059502,0.9520859643277195,-0.019223315266341245
226,9.254233837127686,177.8553699158738,178.15063652736143,0.40211521089076996,OK,neutral,neutral,0.009332472474364552,0.008050626520127259,0.9332472474364553,0.8050626520127259,0.9332472474364553,0.8050626520127259,-0.013486334499393848
227,9.288770198822021,178.81627051398186,179.3105525426674,0.40127816796302795,OK,neutral,neutral,0.005148106451372433,0.0030008654290739163,0.5148106451372433,0.3000865429073916,0.5148106451372433,0.3000865429073916,-0.0063484730075309415
228,9.311820268630981,179.2291486254859,179.73264835026237,0.4005519151687622,OK,neutral,neutral,0.003351329971039341,0.001163394849651028,0.3351329971039341,0.1163394849651028,0.3351329971039341,0.1163394849651028,-0.005198570157541438
229,9.37171983718872,178.886827865322,179.90727901402926,0.4009955823421478,OK,neutral,neutral,0.00484078229576094,-0.00040371654133205376,0.48407822957609403,-0.04037165413320538,0.48407822957609403,0.04037165413320538,-0.003348337893314124
230,9.40492868423462,178.65818672416623,179.76336935138704,0.4012604206800461,OK,neutral,neutral,0.005835513863566296,-0.001030619801824097,0.5835513863566296,-0.1030619801824097,0.5835513863566296,0.1030619801824097,-0.0031267431399815138
231,9.443239450454712,178.83189410363923,179.54681791434183,0.40120160579681396,OK,neutral,neutral,0.005082447135848977,-0.0019736975264361754,0.5082447135848978,-0.19736975264361753,0.5082447135848978,0.19736975264361753,-0.0012215265164661204
232,9.485721588134766,178.9465011247703,179.4312951293189,0.4012170433998108,OK,neutral,neutral,0.004584676540562859,-0.0024767836795264652,0.45846765405628587,-0.24767836795264653,0.45846765405628587,0.24767836795264653,-0.0009838413556191306
233,9.534302711486816,178.96309874779936,179.33688355860545,0.4011739045381546,OK,neutral,neutral,0.004511276516016256,-0.00288790274695233,0.45112765160162555,-0.288790274695233,0.45112765160162555,0.288790274695233,-0.0021844964495341124
234,9.585342407226562,179.19980097039885,179.17875496365983,0.4007250666618347,OK,neutral,neutral,0.003480819348658518,-0.0035764868765107913,0.34808193486585176,-0.35764868765107916,0.34808193486585176,0.35764868765107916,-0.002411294135358677
235,9.638651609420776,179.33035110353575,179.06576424381174,0.4004659652709961,OK,neutral,neutral,0.0029124658327883356,-0.00406866653543038,0.29124658327883357,-0.406866653543038,0.29124658327883357,0.406866653543038,-0.002399667652610127
236,9.682568311691284,179.1635182913703,178.88509315276966,0.4003908038139343,OK,neutral,neutral,0.0036402280726607955,-0.004854920977693008,0.36402280726607955,-0.48549209776930075,0.36402280726607955,0.48549209776930075,-0.0027219861088578767
237,9.716272115707397,179.02643130406648,178.79554264491563,0.40032751858234406,OK,neutral,neutral,0.004238360927539593,-0.005244325404677149,0.4238360927539593,-0.5244325404677149,0.4238360927539593,0.5244325404677149,-0.0015786136726623212
238,9.751883268356323,179.14970192417428,178.8866723824169,0.4003796875476837,OK,neutral,neutral,0.003697797190957834,-0.0048475812400603,0.3697797190957834,-0.48475812400602997,0.3697797190957834,0.48475812400602997,0.002796517793772324
239,9.783796787261963,179.2497312154475,178.95339551635027,0.4004294276237488,OK,neutral,neutral,0.0032598781314239983,-0.00455692625558305,0.32598781314239983,-0.455692625558305,0.32598781314239983,0.455692625558305,0.008369845119354125
240,9.826284408569336,179.09694797788663,178.98211346671454,0.4005027562379837,OK,neutral,neutral,0.00392300739223032,-0.00443137396534865,0.39230073922303205,-0.44313739653486495,0.39230073922303205,0.44313739653486495,0.02043600085622721
241,9.854497194290161,179.04414057260522,179.0158608351293,0.4006650298833847,OK,neutral,neutral,0.0041544180225716746,-0.0042845492272277136,0.4154418022571675,-0.42845492272277136,0.4154418022571675,0.42845492272277136,0.02386547083008317
242,9.917997121810913,178.1394503111144,179.02569459285027,0.4016987681388855,OK,neutral,neutral,0.008066138163022764,-0.004239752570300227,0.8066138163022765,-0.42397525703002265,0.8066138163022765,0.42397525703002265,0.02134151793378214
243,9.980098962783813,176.4677538402755,178.78953333463085,0.4040091186761856,OK,neutral,neutral,0.015243954468366242,-0.005255814837390056,1.5243954468366243,-0.5255814837390056,1.5243954468366243,0.5255814837390056,0.044116381308625385
244,10.021509170532227,175.70653351865724,178.7023659635334,0.40544793009757996,OK,neutral,neutral,0.018490175113677676,-0.005629164704545712,1.8490175113677676,-0.5629164704545712,1.8490175113677676,0.5629164704545712,0.06169573690815344
245,10.059576749801636,175.07724232324318,178.01559580723853,0.4089248925447464,OK,varus,neutral,0.021262413845740222,-0.008614440893050425,2.1262413845740222,-0.8614440893050425,2.1262413845740222,0.8614440893050425,0.06407690141969402
246,10.10845136642456,174.90622151136526,177.68985304839873,0.4106069654226303,OK,varus,neutral,0.02202416651448442,-0.01003147638573135,2.2024166514484422,-1.003147638573135,2.2024166514484422,1.003147638573135,0.06355229185495714
247,10.165382862091064,176.21400914141196,176.3178067771372,0.4172927588224411,OK,neutral,neutral,0.01640273050227475,-0.016001460675637968,1.640273050227475,-1.6001460675637968,1.640273050227475,1.6001460675637968,0.1171089111238981
248,10.196456670761108,176.93477302410162,175.49345595863676,0.41802965104579926,OK,neutral,neutral,0.013286143397316248,-0.019576427646541772,1.3286143397316248,-1.9576427646541772,1.3286143397316248,1.9576427646541772,0.1279352380267249
249,10.248978614807129,178.36845889679452,173.56807979903078,0.4231431186199188,OK,neutral,valgus,0.0070684506699370325,-0.027966328643357567,0.7068450669937032,-2.7966328643357565,0.7068450669937032,2.7966328643357565,0.09993130250100979
250,10.298141479492188,179.1070193369104,170.68100410479144,0.429740771651268,OK,neutral,valgus,0.0038721855710667796,-0.04051509914316021,0.38721855710667796,-4.051509914316021,0.38721855710667796,4.051509914316021,0.08712971562985583
251,10.369224071502686,179.84186861165003,169.39619970313242,0.43715888261795044,OK,neutral,valgus,0.0006830096818826536,-0.046036611391667065,0.06830096818826535,-4.603661139166706,0.06830096818826535,4.603661139166706,0.11010547793562786
252,10.404962301254272,179.5052062108225,168.1472058353317,0.44486773014068604,OK,neutral,valgus,-0.0021323333610714524,-0.051336993835745345,-0.21323333610714523,-5.133699383574535,0.21323333610714523,5.133699383574535,0.1280259850537604
253,10.440836429595947,179.701265159401,167.358372363746,0.4456958770751953,OK,neutral,valgus,-0.0012885648441562688,-0.05474765381639436,-0.1288564844156269,-5.474765381639436,0.1288564844156269,5.474765381639436,0.107983890902422
254,10.477832317352295,178.63106337595042,166.28065230960993,0.44997645914554596,OK,neutral,valgus,-0.005900438613068018,-0.059323516009334505,-0.5900438613068019,-5.93235160093345,0.5900438613068019,5.93235160093345,0.08623541558900527
255,10.51156735420227,177.76040093168044,166.04673874410082,0.4511614739894867,OK,neutral,valgus,-0.009655696165984957,-0.06033753540210835,-0.9655696165984957,-6.033753540210835,0.9655696165984957,6.033753540210835,0.0616526536918478
256,10.559870719909668,176.58824035032663,165.12034494814512,0.454180583357811,OK,neutral,valgus,-0.014750670132741703,-0.06435368835094638,-1.4750670132741703,-6.435368835094637,1.4750670132741703,6.435368835094637,0.049213696933183115
257,10.590467691421509,176.0396125889355,164.6074510577433,0.453535795211792,OK,neutral,valgus,-0.01713028563807371,-0.06657949984346083,-1.713028563807371,-6.657949984346083,1.713028563807371,6.657949984346083,0.045206032285853404
258,10.641611337661743,175.7717577275688,164.25573177352447,0.45630688965320587,OK,neutral,valgus,-0.01830739454120204,-0.0680123599280632,-1.830739454120204,-6.801235992806321,1.830739454120204,6.801235992806321,0.022283800133379827
259,10.684403896331787,175.9067404055242,163.8207704474433,0.4563056081533432,OK,neutral,valgus,-0.01772055912254428,-0.0700018941049989,-1.7720559122544282,-7.000189410499889,1.7720559122544282,7.000189410499889,0.01673889293357167
260,10.730155944824219,175.82469475898665,162.56511681470414,0.4583238214254379,OK,neutral,valgus,-0.01802646341571447,-0.075412312676648,-1.8026463415714469,-7.5412312676647995,1.8026463415714469,7.5412312676647995,0.009921145486293526
261,10.794012308120728,175.83773328559874,162.15306097471395,0.45792998373508453,OK,neutral,valgus,-0.017975439192342155,-0.07720863149447554,-1.7975439192342155,-7.720863149447554,1.7975439192342155,7.720863149447554,0.003645144675018308
262,10.839350461959839,175.8709735672126,162.1086839735341,0.4578534811735153,OK,neutral,valgus,-0.01783483129011042,-0.07742260431686827,-1.783483129011042,-7.7422604316868275,1.783483129011042,7.7422604316868275,-0.0011505327112155683
263,10.890871047973633,175.9562048924648,162.22087052969022,0.4576234370470047,OK,neutral,valgus,-0.017461444018656104,-0.07694086742724657,-1.7461444018656105,-7.694086742724656,1.7461444018656105,7.694086742724656,-0.012324079652795028
264,10.925278902053833,176.05688990875782,162.4052479123238,0.4574533700942993,OK,neutral,valgus,-0.017024938141772594,-0.07612997011885402,-1.7024938141772594,-7.612997011885401,1.7024938141772594,7.612997011885401,-0.02572579749477466
265,10.960674047470093,176.33422751136254,162.98029628351364,0.4563102424144745,OK,neutral,valgus,-0.01587692748608583,-0.07384693198733212,-1.587692748608583,-7.3846931987332125,1.587692748608583,7.3846931987332125,-0.04301817486252446
266,11.000132322311401,176.50702965041086,163.32148118446943,0.4554148316383362,OK,neutral,valgus,-0.015150290591551863,-0.07245375084906931,-1.5150290591551863,-7.245375084906931,1.5150290591551863,7.245375084906931,-0.055354796298785924
267,11.053667783737183,176.28074447761549,163.54921758460173,0.4537704288959503,OK,neutral,valgus,-0.01609511885543208,-0.07135533270763418,-1.6095118855432082,-7.1355332707634185,1.6095118855432082,7.1355332707634185,-0.07736372435633498
268,11.089561700820923,177.2109821596567,163.74942727576376,0.44981758296489716,OK,neutral,valgus,-0.012072362721553575,-0.07038522253109457,-1.2072362721553576,-7.0385222531094565,1.2072362721553576,7.0385222531094565,-0.09199657357872315
269,11.12943720817566,178.6108446222959,164.97446379840645,0.4428073912858963,OK,neutral,valgus,-0.0060120594331664985,-0.06513782511158461,-0.6012059433166499,-6.513782511158461,0.6012059433166499,6.513782511158461,-0.0907001617597345
270,11.17267394065857,179.22741529293646,166.95836498464777,0.4364313781261444,OK,neutral,valgus,-0.0033459050110034956,-0.05657851835787284,-0.33459050110034955,-5.657851835787284,0.33459050110034955,5.657851835787284,-0.08332871287114019
271,11.227827310562134,179.74122150555337,167.75853502134382,0.43450888991355896,OK,neutral,valgus,-0.0011228993388522428,-0.05319787298561934,-0.11228993388522428,-5.319787298561934,0.11228993388522428,5.319787298561934,-0.0896678631306278
272,11.266525745391846,179.06541876107883,170.4892750097015,0.4304211437702179,OK,neutral,valgus,0.0040667676602180874,-0.04141059865289312,0.40667676602180874,-4.1410598652893125,0.40667676602180874,4.1410598652893125,-0.09237029351905424
273,11.311904668807983,178.42180269256167,171.30986255398722,0.4286363869905472,OK,neutral,valgus,0.006870186845832704,-0.03784160942791107,0.6870186845832704,-3.7841609427911074,0.6870186845832704,3.7841609427911074,-0.08519173204632935
274,11.356585502624512,177.90053233788836,175.55037217677636,0.4241352528333664,OK,neutral,neutral,0.009118387637409756,-0.019356528079301098,0.9118387637409755,-1.9356528079301099,0.9118387637409755,1.9356528079301099,-0.08482660676686304
275,11.406977653503418,177.7076201565376,176.71519419515832,0.42307423055171967,OK,neutral,neutral,0.009954003942490646,-0.014299442159678977,0.9954003942490646,-1.4299442159678977,0.9954003942490646,1.4299442159678977,-0.08535879935214652
276,11.453636884689331,175.865385748811,178.48236108407474,0.4158325642347336,OK,neutral,neutral,0.017983281137360224,-0.006611081468416937,1.7983281137360225,-0.6611081468416937,1.7983281137360225,0.6611081468416937,-0.09013024132025382
277,11.494988441467285,176.29033038436913,179.86661249065935,0.4097024202346802,OK,neutral,neutral,0.01613555308484855,0.0005808884694725962,1.6135553084848548,0.058088846947259624,1.6135553084848548,0.058088846947259624,-0.08975523437633903
278,11.530538558959961,176.23062998219453,179.23993064407162,0.4048386961221695,OK,neutral,neutral,0.01639717788956876,0.003305827437064139,1.6397177889568761,0.33058274370641394,1.6397177889568761,0.33058274370641394,-0.07386733549625601
279,11.583704948425293,176.764657206144,179.81772016040767,0.4021647423505783,OK,neutral,neutral,0.014072532639762258,0.000792618400219807,1.4072532639762259,0.0792618400219807,1.4072532639762259,0.0792618400219807,-0.04518319704086604
280,11.638728857040405,177.1079584446138,179.85410353338986,0.4016192555427551,OK,neutral,neutral,0.012574342982975547,-0.0006340031546415844,1.2574342982975546,-0.06340031546415845,1.2574342982975546,0.06340031546415845,-0.02869049003446822
281,11.685647249221802,177.1599431278552,179.65044545694266,0.4025656580924988,OK,neutral,neutral,0.012338590001944724,-0.001521612551996236,1.2338590001944725,-0.1521612551996236,1.2338590001944725,0.1521612551996236,-0.014816532023251838
282,11.733757495880127,177.20987655948315,179.53150826557118,0.40271297097206116,OK,neutral,neutral,0.012110221138213965,-0.0020402636209204362,1.2110221138213966,-0.2040263620920436,1.2110221138213966,0.2040263620920436,-0.002675773812263138
283,11.779838562011719,177.58331506688958,179.3961896866254,0.4022272229194641,OK,neutral,neutral,0.010491057290563871,-0.0026296376089112233,1.0491057290563872,-0.26296376089112233,1.0491057290563872,0.26296376089112233,0.001485077361651932
284,11.82318639755249,177.6499328221626,179.34949154675073,0.4021371155977249,OK,neutral,neutral,0.010201846127933324,-0.0028323770041999803,1.0201846127933325,-0.283237700419998,1.0201846127933325,0.283237700419998,1.4918614675174524e-05
285,11.86119294166565,177.7981228856065,179.13667787598126,0.4026869088411331,OK,neutral,neutral,0.009561554115970181,-0.0037587580621301444,0.9561554115970181,-0.3758758062130144,0.9561554115970181,0.3758758062130144,-0.0017256609299924897
286,11.923376560211182,177.85448206164963,179.10970726269284,0.40244901180267334,OK,neutral,neutral,0.009317546000423088,-0.003877801647742712,0.9317546000423088,-0.3877801647742712,0.9317546000423088,0.3877801647742712,-0.0014759202944274463
287,11.976775646209717,177.8500360595668,179.05401317321332,0.4022422283887863,OK,neutral,neutral,0.00933925014554833,-0.00412137515617371,0.933925014554833,-0.41213751561737105,0.933925014554833,0.41213751561737105,-0.0014910342720275693
288,12.025448560714722,177.86393757241603,178.96176143816268,0.40209420025348663,OK,neutral,neutral,0.009278283319482243,-0.004522662233714982,0.9278283319482242,-0.45226622337149813,0.9278283319482242,0.45226622337149813,-0.0028355727858846436
289,12.067203760147095,177.88270459065095,178.90393171807366,0.40199488401412964,OK,neutral,neutral,0.009196590371380852,-0.004774048091634508,0.9196590371380853,-0.47740480916345074,0.9196590371380853,0.47740480916345074,-0.0033614401164854257
290,12.11120080947876,178.0676026310205,178.92206232487175,0.40173131227493286,OK,neutral,neutral,0.00839318649622824,-0.004695086889066077,0.839318649622824,-0.4695086889066077,0.839318649622824,0.4695086889066077,-0.0032294171138085304
291,12.157672643661499,178.20860959191725,178.9177210580893,0.40157806873321533,OK,neutral,neutral,0.007780933855416117,-0.004714074707754741,0.7780933855416117,-0.47140747077547407,0.7780933855416117,0.47140747077547407,-0.0011803580899893973
292,12.2040114402771,178.23528901693876,178.9041553013069,0.4015585333108902,OK,neutral,neutral,0.00767043651042154,-0.0047731349670932606,0.767043651042154,-0.47731349670932605,0.767043651042154,0.47731349670932605,0.0026023656238161053
293,12.262020349502563,178.26544828550192,178.8938139395963,0.4015757143497467,OK,neutral,neutral,0.007541161227478625,-0.0048182329584205855,0.7541161227478624,-0.4818232958420586,0.7541161227478624,0.4818232958420586,0.022542161602690847
294,12.305543422698975,178.40146542824277,178.92855036226095,0.40105636417865753,OK,neutral,neutral,0.006951200137740952,-0.00466627619542958,0.6951200137740952,-0.466627619542958,0.6951200137740952,0.466627619542958,0.041392424059555566
295,12.34861946105957,176.6078818239883,178.9399670603918,0.4025086313486099,OK,neutral,neutral,0.014701124637525766,-0.004612564256789005,1.4701124637525766,-0.4612564256789005,1.4701124637525766,0.4612564256789005,0.0700476538059096
296,12.393413543701172,175.51874440655666,178.98805893041867,0.4037249982357025,OK,neutral,neutral,0.019384362032580083,-0.0044013163705907705,1.9384362032580083,-0.44013163705907704,1.9384362032580083,0.44013163705907704,0.11716879345084585
297,12.435680866241455,173.78270456431082,178.71505431184738,0.4127778559923172,OK,varus,neutral,0.026959063037900206,-0.005585220377162079,2.6959063037900206,-0.5585220377162079,2.6959063037900206,0.5585220377162079,0.15363120014727816
298,12.477539539337158,173.23022951767075,178.5125039903599,0.41559138894081116,OK,varus,neutral,0.029345680489847273,-0.006463713856909361,2.9345680489847275,-0.6463713856909361,2.9345680489847275,0.6463713856909361,0.16602214229978607
299,12.520416736602783,176.30452799540873,176.28671694010757,0.4312092065811157,OK,neutral,neutral,0.01603771376185413,-0.016148249865580305,1.603771376185413,-1.6148249865580304,1.603771376185413,1.6148249865580304,0.14726823415329138
300,12.5791015625,176.62753891326216,173.01829860020544,0.4425540417432785,OK,neutral,valgus,0.014606112242143516,-0.03034369176573643,1.4606112242143516,-3.034369176573643,1.4606112242143516,3.034369176573643,0.11455660292299497
301,12.638056516647339,176.84892430681342,170.79584633005507,0.45046253502368927,OK,neutral,valgus,0.013651470804604571,-0.03979460533700805,1.365147080460457,-3.979460533700805,1.365147080460457,3.979460533700805,0.13155079108917533
302,12.676140069961548,177.2951749402557,170.12556605409745,0.4515412449836731,OK,neutral,valgus,0.011716829327386918,-0.04265949084024142,1.1716829327386917,-4.265949084024142,1.1716829327386917,4.265949084024142,0.12058934134801058
303,12.73444128036499,177.53813412151354,167.90360544785747,0.45517125725746155,OK,neutral,valgus,0.010693497457817119,-0.05217821534794888,1.0693497457817118,-5.217821534794888,1.0693497457817118,5.217821534794888,0.07159880591019441
304,12.783308982849121,177.7545539971154,167.32101704503728,0.4556260108947754,OK,neutral,valgus,0.009754455619251807,-0.054693178750089756,0.9754455619251806,-5.469317875008976,0.9754455619251806,5.469317875008976,0.05549758251166592
305,12.838310241699219,177.91134486556453,167.03155141654238,0.4554349482059479,OK,neutral,valgus,0.009074012297034487,-0.055958128043709185,0.9074012297034486,-5.595812804370919,0.9074012297034486,5.595812804370919,0.051845025027363434
306,12.877833843231201,179.2037132012641,165.72000325781545,0.4623859077692032,OK,neutral,valgus,0.003440948279341359,-0.06124578916585308,0.3440948279341359,-6.124578916585309,0.3440948279341359,6.124578916585309,0.055531048739856814
307,12.915668487548828,179.60177338432473,165.13557167811473,0.46567146480083466,OK,neutral,valgus,-0.0017086231015162304,-0.06352511178121273,-0.17086231015162304,-6.352511178121273,0.17086231015162304,6.352511178121273,0.04720766344441785
308,12.965023279190063,179.25116834077338,165.05474898734926,0.46659380197525024,OK,neutral,valgus,-0.003202793377567267,-0.06386658990359273,-0.32027933775672673,-6.3866589903592725,0.32027933775672673,6.3866589903592725,0.03740688365869893
309,13.018211364746094,179.48575484502845,164.62410262669744,0.46786244213581085,OK,neutral,valgus,-0.0022134700124075385,-0.06593662003904194,-0.22134700124075385,-6.5936620039041935,0.22134700124075385,6.5936620039041935,0.024396684327533613
310,13.05423355102539,179.3252527861326,165.43978887043764,0.4690006524324417,OK,neutral,valgus,-0.0029031288300795607,-0.0626248531721868,-0.29031288300795605,-6.26248531721868,0.29031288300795605,6.26248531721868,0.008470890098967843
311,13.109476089477539,179.25620130010648,165.63816532160698,0.4696776866912842,OK,neutral,valgus,-0.003197834959623438,-0.06176574722720214,-0.3197834959623438,-6.176574722720214,0.3197834959623438,6.176574722720214,-0.012031513668044447
312,13.155033349990845,179.34403372230656,165.8838195964548,0.46805188059806824,OK,neutral,valgus,-0.0028231941678516343,-0.06069886596364352,-0.2823194167851634,-6.069886596364352,0.2823194167851634,6.069886596364352,-0.028157898149347105
313,13.197058916091919,179.39750349760297,165.99671570294487,0.46691684424877167,OK,neutral,valgus,-0.0025937477723009324,-0.06022510943595444,-0.2593747772300932,-6.022510943595444,0.2593747772300932,6.022510943595444,-0.039493290683942917
314,13.248836278915405,179.58903629699444,166.3150812993396,0.46331459283828735,OK,neutral,valgus,-0.0017758000601379375,-0.05895289504518055,-0.17758000601379376,-5.895289504518055,0.17758000601379376,5.895289504518055,-0.05706888893366813
315,13.293185710906982,179.6802372078901,166.49037270628818,0.4611956626176834,OK,neutral,valgus,-0.001383162272919808,-0.05825162710439063,-0.1383162272919808,-5.825162710439063,0.1383162272919808,5.825162710439063,-0.09465420329975416
316,13.328325271606445,179.45561069743275,166.85817040979796,0.4565313011407852,OK,neutral,valgus,-0.0023592552594039477,-0.05685141818594173,-0.2359255259403948,-5.685141818594173,0.2359255259403948,5.685141818594173,-0.0997003045927416
317,13.382428407669067,179.4348488582881,167.0698845047023,0.4542510658502579,OK,neutral,valgus,-0.002451326390164979,-0.05603835589320488,-0.2451326390164979,-5.6038355893204885,0.2451326390164979,5.6038355893204885,-0.09700031395553221
318,13.423954486846924,179.74901994602462,168.56545207341455,0.4476069211959839,OK,neutral,valgus,-0.0010899989241784638,-0.04970261689336729,-0.10899989241784638,-4.970261689336729,0.10899989241784638,4.970261689336729,-0.11553773936677914
319,13.470245361328125,179.2125533340457,172.43068006141553,0.4401772916316986,OK,neutral,valgus,0.0034204287662715762,-0.03291543567569619,0.3420428766271576,-3.291543567569619,0.3420428766271576,3.291543567569619,-0.13155437251123736
320,13.511537551879883,178.6102345671805,173.52102173612423,0.43710100650787354,OK,neutral,valgus,0.006028759052169432,-0.028179048059774007,0.6028759052169432,-2.817904805977401,0.6028759052169432,2.817904805977401,-0.13641417514812826
321,13.554028749465942,176.66298326198105,176.20229439801247,0.4310414642095566,OK,neutral,neutral,0.014504396596147016,-0.016497676883790877,1.4504396596147016,-1.6497676883790877,1.4504396596147016,1.6497676883790877,-0.1325637791324068
322,13.593145608901978,175.36013750466137,178.39061811263196,0.42212730646133423,OK,varus,neutral,0.02019816354196448,-0.006998103251506396,2.019816354196448,-0.6998103251506396,2.019816354196448,0.6998103251506396,-0.10843908383133183
323,13.658723592758179,174.8980898281218,179.94770042400637,0.4156734496355057,OK,varus,neutral,0.022203180963479324,0.00022737997426017668,2.2203180963479325,0.02273799742601767,2.2203180963479325,0.02273799742601767,-0.08902412636409718
324,13.702801942825317,174.1125393939584,179.32629003871952,0.41518835723400116,OK,varus,neutral,0.025621460586510107,0.002931616405447716,2.5621460586510105,0.2931616405447716,2.5621460586510105,0.2931616405447716,-0.0882974379421908
325,13.75758957862854,174.14008713958896,178.21960700359367,0.410997673869133,OK,varus,neutral,0.02548613086521274,0.007739150124965101,2.548613086521274,0.7739150124965101,2.548613086521274,0.7739150124965101,-0.0837808166452998
326,13.78705096244812,173.73545377465382,178.26550370123562,0.4098382890224457,OK,varus,neutral,0.02725485703695744,0.007551190887793675,2.7254857036957443,0.7551190887793675,2.7254857036957443,0.7551190887793675,-0.07199999426242654
327,13.846550226211548,174.30286261164133,178.7070100228364,0.404876708984375,OK,varus,neutral,0.024808255998580976,0.005631899956502218,2.4808255998580977,0.5631899956502218,2.4808255998580977,0.5631899956502218,-0.032564018076741696
328,13.900681257247925,175.00860584235474,178.96901016501423,0.40487246215343475,OK,varus,neutral,0.0217111349388947,0.004486474356177442,2.1711134938894703,0.44864743561774423,2.1711134938894703,0.44864743561774423,-0.03138568744616066
329,13.943420648574829,175.1793069282632,179.2440362884709,0.40312521159648895,OK,varus,neutral,0.020978726312347578,0.0032876108453398618,2.097872631234758,0.32876108453398617,2.097872631234758,0.32876108453398617,-0.02734723522405247
330,13.98959493637085,175.54127110295408,179.6617317935275,0.40262675285339355,OK,neutral,neutral,0.01940492124610329,0.0014724898969595995,1.9404921246103288,0.14724898969595995,1.9404921246103288,0.14724898969595995,-0.017331089176119363
331,14.03633737564087,175.98854678563688,179.96105629206485,0.402422159910202,OK,neutral,neutral,0.017444312504312193,0.0001695864540922056,1.7444312504312194,0.016958645409220558,1.7444312504312194,0.016958645409220558,-0.009718992803889215
332,14.08280348777771,176.23281254532964,179.86403696196294,0.4021524488925934,OK,neutral,neutral,0.0163874716693011,-0.0005924036166569504,1.6387471669301101,-0.05924036166569503,1.6387471669301101,0.05924036166569503,-0.0074928544330452596
333,14.129144430160522,176.24862845868935,179.7278818774027,0.4017736613750458,OK,neutral,neutral,0.016321313846619893,-0.001185889437090653,1.6321313846619894,-0.11858894370906531,1.6321313846619894,0.11858894370906531,-0.004650268233021837
334,14.181162357330322,176.46989761647006,179.62215728468388,0.40172988176345825,OK,neutral,neutral,0.015354604251523013,-0.0016465261454484629,1.5354604251523014,-0.16465261454484628,1.5354604251523014,0.16465261454484628,-0.003793948188749674
335,14.224211692810059,176.58676418490836,179.4981838188612,0.4016784280538559,OK,neutral,neutral,0.01484880444795932,-0.0021863513453179656,1.484880444795932,-0.21863513453179656,1.484880444795932,0.21863513453179656,-0.0031560526112035525
336,14.275192260742188,177.26701571217342,179.381317958724,0.40144744515419006,OK,neutral,neutral,0.011885148083215183,-0.002695681019559095,1.1885148083215182,-0.26956810195590947,1.1885148083215182,0.26956810195590947,-0.002350096985446193
337,14.322150468826294,177.31511084975094,179.16965981183563,0.4011467695236206,OK,neutral,neutral,0.01167477761517404,-0.003617632857496673,1.167477761517404,-0.3617632857496673,1.167477761517404,0.3617632857496673,-0.0018331392742991781
338,14.373595714569092,177.5925580010329,179.055437941513,0.4013463407754898,OK,neutral,neutral,0.010471039641292925,-0.004115823642833717,1.0471039641292925,-0.4115823642833717,1.0471039641292925,0.4115823642833717,-0.001488518807462036
339,14.42164134979248,177.5034070231666,178.92160534996734,0.40120112895965576,OK,neutral,neutral,0.01085927783003909,-0.004698223242030445,1.085927783003909,-0.4698223242030445,1.085927783003909,0.4698223242030445,-0.0019000155461030843
340,14.460133075714111,177.41757503592046,178.83029236083763,0.40109674632549286,OK,neutral,neutral,0.01123401064971034,-0.00509468750574132,1.123401064971034,-0.509468750574132,1.123401064971034,0.509468750574132,-0.002158135440944342
341,14.499890804290771,177.646521310467,178.8429180388255,0.40115897357463837,OK,neutral,neutral,0.010235398440443813,-0.0050410299530143105,1.0235398440443813,-0.5041029953014311,1.0235398440443813,0.5041029953014311,-0.002007445009965192
342,14.548964738845825,177.7994464624617,178.8428948065444,0.40120822191238403,OK,neutral,neutral,0.00956767486551207,-0.005041779708329228,0.956767486551207,-0.5041779708329228,0.956767486551207,0.5041779708329228,-0.0018558414013192248
343,14.592523336410522,177.81614823349472,178.7477393398683,0.40082715451717377,OK,neutral,neutral,0.009495944393957128,-0.005455627020442536,0.9495944393957129,-0.5455627020442536,0.9495944393957129,0.5455627020442536,-0.001568046371852816
344,14.633174657821655,177.81673513329463,178.66889771935382,0.4005875438451767,OK,neutral,neutral,0.009494040902777232,-0.005798543534887,0.9494040902777232,-0.5798543534887,0.9494040902777232,0.5798543534887,0.0021945032520944707
345,14.677956819534302,177.7839118274019,178.67989928884157,0.4006575793027878,OK,neutral,neutral,0.009632208552504412,-0.005750254279960826,0.9632208552504412,-0.5750254279960826,0.9632208552504412,0.5750254279960826,0.009793177732345448
346,14.714887380599976,177.32763707238567,178.69694369906287,0.4006756395101547,OK,neutral,neutral,0.011609417216438309,-0.005674161135073969,1.160941721643831,-0.5674161135073968,1.160941721643831,0.5674161135073968,0.024412526050377803
347,14.776010274887085,177.0510629666354,178.71441600693495,0.40069180727005005,OK,neutral,neutral,0.012806802636400574,-0.005596689712277593,1.2806802636400574,-0.5596689712277593,1.2806802636400574,0.5596689712277593,0.06594461434438337
348,14.829951524734497,176.24467028560397,178.71535548090387,0.40309613943099976,OK,neutral,neutral,0.01628464144919586,-0.005586434017528811,1.628464144919586,-0.5586434017528811,1.628464144919586,0.5586434017528811,0.1386408003760895
349,14.865962028503418,175.72455283523155,178.75891873779818,0.4045102596282959,OK,neutral,neutral,0.018533784141772713,-0.005394149946835602,1.8533784141772713,-0.5394149946835602,1.8533784141772713,0.5394149946835602,0.15113828176135957
350,14.92358922958374,173.68897306068106,177.16452428838397,0.41951462626457214,OK,varus,neutral,0.0274239259749358,-0.012326702037089486,2.74239259749358,-1.2326702037089485,2.74239259749358,1.2326702037089485,0.12719933006623618
351,14.977713584899902,173.26480236425328,174.87925436914708,0.43290773034095764,OK,varus,valgus,0.029141093085236207,-0.02224631582069988,2.9141093085236207,-2.224631582069988,2.9141093085236207,2.224631582069988,0.12639378713272986
352,15.04284930229187,174.32953123586373,171.63111194390603,0.44453164935112,OK,varus,valgus,0.024486983285820368,-0.03630995913400652,2.448698328582037,-3.6309959134006515,2.448698328582037,3.6309959134006515,0.14464695138188155
353,15.089069604873657,174.90524471387613,170.92653852328195,0.4468511939048767,OK,varus,valgus,0.022078637915001136,-0.03932749993638145,2.2078637915001136,-3.9327499936381454,2.2078637915001136,3.9327499936381454,0.1516299261155032
354,15.139632940292358,175.83251598880403,168.8616313318947,0.4534139782190323,OK,neutral,valgus,0.017990372269442476,-0.04806278511607932,1.7990372269442476,-4.806278511607933,1.7990372269442476,4.806278511607933,0.12282987229257625
355,15.186283111572266,175.99725649830853,168.29504328062168,0.4537225216627121,OK,neutral,valgus,0.017274991051375865,-0.05044635111207041,1.7274991051375865,-5.044635111207041,1.7274991051375865,5.044635111207041,0.09912759912076208
356,15.230863332748413,176.19293983894497,166.77683602840392,0.4590264707803726,OK,neutral,valgus,0.01646653456601529,-0.0568423298778038,1.6466534566015292,-5.68423298778038,1.6466534566015292,5.68423298778038,0.0849302968731438
357,15.271971940994263,176.80217777139595,166.25511026511472,0.46665167808532715,OK,neutral,valgus,0.013858021085803715,-0.05916671889974008,1.3858021085803716,-5.916671889974008,1.3858021085803716,5.916671889974008,0.07570229944740348
358,15.312582015991211,177.7867399141023,165.7144934222391,0.4699006527662277,OK,neutral,valgus,0.009533227777774324,-0.061352565738494284,0.9533227777774325,-6.1352565738494285,0.9533227777774325,6.1352565738494285,0.0613823262477613
359,15.362909078598022,178.21627737032958,165.47941978684636,0.4712440073490143,OK,neutral,valgus,0.007695927919401519,-0.06239508611698536,0.769592791940152,-6.239508611698536,0.769592791940152,6.239508611698536,0.05006654821931367
360,15.404574394226074,178.28747203086118,165.09683514972642,0.4711131453514099,OK,neutral,valgus,0.007366845648351271,-0.06408874740399445,0.736684564835127,-6.408874740399445,0.736684564835127,6.408874740399445,0.03487625802732364
361,15.440351009368896,178.51113658687342,164.6422689751364,0.472515806555748,OK,neutral,valgus,0.006411816922281879,-0.06613235295293401,0.6411816922281879,-6.613235295293402,0.6411816922281879,6.613235295293402,0.01654010199739009
362,15.480588912963867,179.11825860551164,164.60752277293378,0.47280873358249664,OK,neutral,valgus,0.003795645596605689,-0.06612852709554903,0.3795645596605689,-6.612852709554903,0.3795645596605689,6.612852709554903,0.004047423699206298
363,15.513498306274414,179.93751726961906,164.65856089656708,0.47263607382774353,OK,neutral,valgus,0.00026864383316013474,-0.06584242499508854,0.026864383316013474,-6.5842424995088535,0.026864383316013474,6.5842424995088535,-0.001302070465071914
364,15.566111087799072,179.65038128283922,164.5501163700993,0.47285132110118866,OK,neutral,valgus,-0.0015022387475695273,-0.06624397727316356,-0.15022387475695273,-6.624397727316356,0.15022387475695273,6.624397727316356,-0.013558161261498114
365,15.601721286773682,179.107956719257,164.1850598670824,0.47195692360401154,OK,neutral,valgus,-0.0038331124751333307,-0.06774335188719456,-0.38331124751333306,-6.774335188719456,0.38331124751333306,6.774335188719456,-0.021074164097164783
366,15.65320372581482,178.5455170599863,164.1284043174795,0.47156350314617157,OK,neutral,valgus,-0.006246961739662629,-0.06786020652718233,-0.624696173966263,-6.786020652718233,0.624696173966263,6.786020652718233,-0.032297503492368485
367,15.705811738967896,178.66166593405146,164.15662659281853,0.4690503627061844,OK,neutral,valgus,-0.005764682392098121,-0.06789733264199183,-0.576468239209812,-6.7897332641991825,0.576468239209812,6.7897332641991825,-0.04287890072856326
368,15.762200117111206,178.73176219650014,164.1508886488609,0.46779364347457886,OK,neutral,valgus,-0.005472146648351521,-0.06806449379672996,-0.547214664835152,-6.806449379672996,0.547214664835152,6.806449379672996,-0.05872922727966401
369,15.81065058708191,179.11576659430455,164.60259719688267,0.46410419046878815,OK,neutral,valgus,-0.0038203606615432257,-0.06628549051173349,-0.38203606615432256,-6.62854905117335,0.38203606615432256,6.62854905117335,-0.07576729794303905
370,15.854926824569702,179.05996213595475,165.61494104167542,0.45767785608768463,OK,neutral,valgus,-0.004060291639925598,-0.06190044108222636,-0.40602916399255984,-6.190044108222636,0.40602916399255984,6.190044108222636,-0.08763514518705673
371,15.899868488311768,179.0580169717429,166.07050312259997,0.454970121383667,OK,neutral,valgus,-0.004069015784782174,-0.05998371343297455,-0.4069015784782174,-5.998371343297455,0.4069015784782174,5.998371343297455,-0.11564530016829
372,15.939539670944214,179.97739210289595,168.22781534496528,0.4481256306171417,OK,neutral,valgus,-9.778850334021256e-05,-0.05098610675676486,-0.009778850334021255,-5.098610675676486,0.009778850334021255,5.098610675676486,-0.13342947312030784
373,15.984700441360474,179.50289898651485,169.38614195852142,0.4465228170156479,OK,neutral,valgus,0.0021516175546131885,-0.04597901989820005,0.21516175546131885,-4.597901989820005,0.21516175546131885,4.597901989820005,-0.11873029933979229
374,16.036187887191772,178.66626904804016,173.1740996356464,0.4392964690923691,OK,neutral,valgus,0.005787263305035872,-0.02953477909430693,0.5787263305035872,-2.953477909430693,0.5787263305035872,2.953477909430693,-0.1169042868714616
375,16.079689025878906,175.50937883692276,176.6843647629091,0.43051522970199585,OK,neutral,neutral,0.01950518554952805,-0.014356766493493971,1.950518554952805,-1.435676649349397,1.950518554952805,1.435676649349397,-0.1268990647306989
376,16.12214970588684,174.67765539066866,179.7146932879435,0.42221568524837494,OK,varus,neutral,0.023182644630207846,-0.0012372574070502343,2.3182644630207845,-0.12372574070502343,2.3182644630207845,0.12372574070502343,-0.12069370894012454
377,16.169297456741333,174.319075439479,179.8557475812468,0.4205464869737625,OK,varus,neutral,0.024767701085859125,-0.0006261608987645914,2.4767701085859124,-0.06261608987645914,2.4767701085859124,0.06261608987645914,-0.10652356406719754
378,16.217742919921875,174.40213766014713,179.43511112125512,0.4158009737730026,OK,varus,neutral,0.024410091396382227,0.0024545817280736456,2.441009139638223,0.24545817280736457,2.441009139638223,0.24545817280736457,-0.10015597555224076
379,16.25400948524475,174.02263084078544,178.772990742179,0.4109105318784714,OK,varus,neutral,0.026033508669456088,0.005333672618049056,2.603350866945609,0.5333672618049056,2.603350866945609,0.5333672618049056,-0.08413377316749449
380,16.30108642578125,173.99215703518277,178.64988771062627,0.4083443135023117,OK,varus,neutral,0.02617851475224545,0.005875513057766431,2.617851475224545,0.5875513057766432,2.617851475224545,0.5875513057766432,-0.06355159208313577
381,16.340376615524292,174.20898629867003,178.85717779151392,0.4063631147146225,OK,varus,neutral,0.02521268170711344,0.004969763053916767,2.5212681707113442,0.4969763053916767,2.5212681707113442,0.4969763053916767,-0.053892453997696155
382,16.39566445350647,174.81426111491385,179.16500258161446,0.4045110493898392,OK,varus,neutral,0.022586214483545815,0.0036314630143552285,2.2586214483545817,0.36314630143552284,2.2586214483545817,0.36314630143552284,-0.03038600116720014
383,16.452943325042725,175.43393779070624,179.59874411196387,0.4023180603981018,OK,neutral,neutral,0.019869681813281775,0.0017459656222351084,1.9869681813281774,0.17459656222351083,1.9869681813281774,0.17459656222351083,-0.024125882221919248
384,16.494754314422607,175.86843250000186,179.96869447148404,0.4023398607969284,OK,neutral,neutral,0.01796485969575982,0.0001362071002653143,1.796485969575982,0.013620710026531431,1.796485969575982,0.013620710026531431,-0.023195303472919093
385,16.530174016952515,177.01035360595176,179.91610488998742,0.4016455262899399,OK,neutral,neutral,0.01300057689445,-0.00036534633597092644,1.300057689445,-0.03653463359709264,1.300057689445,0.03653463359709264,-0.018989271804835006
386,16.567726612091064,177.76613115383307,179.82049947504885,0.401298463344574,OK,neutral,neutral,0.009712885043114034,-0.0007816341431720894,0.9712885043114035,-0.07816341431720894,0.9712885043114035,0.07816341431720894,-0.012192824538415081
387,16.601542711257935,177.91092602911138,179.62664288613365,0.40125058591365814,OK,neutral,neutral,0.009081803513670432,-0.0016258817173294506,0.9081803513670432,-0.16258817173294507,0.9081803513670432,0.16258817173294507,-0.009217889596514262
388,16.64021110534668,178.05510323579767,179.4145042405644,0.4008309990167618,OK,neutral,neutral,0.008456873939762178,-0.0025500227428473243,0.8456873939762178,-0.25500227428473243,0.8456873939762178,0.25500227428473243,-0.008557354930172956
389,16.673536777496338,178.2019975229109,179.33332197715947,0.4004455506801605,OK,neutral,neutral,0.007819588692469353,-0.0029034063974921736,0.7819588692469354,-0.29034063974921737,0.7819588692469354,0.29034063974921737,-0.007589888015729684
390,16.701465845108032,178.18165880053306,178.87559845871888,0.4001295566558838,OK,neutral,neutral,0.007905190567056167,-0.004895658680916889,0.7905190567056167,-0.48956586809168884,0.7905190567056167,0.48956586809168884,-0.005878239935171337
391,16.757448434829712,178.14355211689355,178.57207534190474,0.39985328912734985,OK,neutral,neutral,0.008068764485003248,-0.006215748519912567,0.8068764485003248,-0.6215748519912567,0.8068764485003248,0.6215748519912567,-0.0035162529290033717
392,16.784441232681274,178.36597248643184,178.3694033235337,0.39977574348449707,OK,neutral,neutral,0.007101891418253746,-0.007098193504387896,0.7101891418253746,-0.7098193504387896,0.7101891418253746,0.7098193504387896,-0.0025870593253380925
393,16.831334590911865,178.4855364944409,178.25339837647292,0.39988429844379425,OK,neutral,neutral,0.006581526999143269,-0.007603319250758641,0.6581526999143269,-0.7603319250758641,0.6581526999143269,0.7603319250758641,9.224767287019375e-05
394,16.866139888763428,178.60633338222365,178.1519010937577,0.4000115543603897,OK,neutral,neutral,0.006055946128072135,-0.008045144250037757,0.6055946128072135,-0.8045144250037757,0.6055946128072135,0.8045144250037757,0.0011128377853619753
395,16.907962560653687,178.76389307266092,178.079410934758,0.4001343101263046,OK,neutral,neutral,0.0053737714163119435,-0.008360377759252547,0.5373771416311943,-0.8360377759252546,0.5373771416311943,0.8360377759252546,0.0013325770207872623
396,16.949762105941772,178.89135049835497,178.00834758110884,0.4002236872911453,OK,neutral,neutral,0.00482053557689854,-0.008669472650065149,0.48205355768985403,-0.8669472650065149,0.48205355768985403,0.8669472650065149,0.0006955782106485842
397,16.992919206619263,179.15261093738494,177.97063607427023,0.40029093623161316,OK,neutral,neutral,0.0036844603490149186,-0.008833666779661933,0.36844603490149186,-0.8833666779661933,0.36844603490149186,0.8833666779661933,0.00022264088200962817
398,17.034372568130493,179.3250758820226,177.94646414582374,0.4003375470638275,OK,neutral,neutral,0.0029342769561032157,-0.00893891232531058,0.29342769561032156,-0.8938912325310581,0.29342769561032156,0.8938912325310581,-3.4021744554912914e-05
399,17.087913274765015,179.4539381577097,177.9749168306063,0.4000716209411621,OK,neutral,neutral,0.0023740838998555923,-0.008816643564565326,0.23740838998555924,-0.8816643564565326,0.23740838998555924,0.8816643564565326,0.0035175868424905943
400,17.126824617385864,179.34376242087038,178.36209003220392,0.39999598264694214,OK,neutral,neutral,0.002852345444751602,-0.007131156377979735,0.28523454447516017,-0.7131156377979735,0.28523454447516017,0.7131156377979735,0.007572676031219139
401,17.169442415237427,178.4252329171428,179.6846224136043,0.40003517270088196,OK,neutral,neutral,0.006845443657676647,-0.0013730194138473764,0.6845443657676648,-0.13730194138473764,0.6845443657676648,0.13730194138473764,0.010169717992449812
402,17.21135425567627,177.82689288120372,179.6617303310118,0.40006569027900696,OK,neutral,neutral,0.009446826471102739,0.001472698006594493,0.9446826471102738,0.14726980065944928,0.9446826471102738,0.14726980065944928,0.019212322278463034
403,17.249987602233887,176.64212056635412,178.752941004779,0.4019143730401993,OK,neutral,neutral,0.014552501404605164,0.005430494383673813,1.4552501404605165,0.5430494383673813,1.4552501404605165,0.5430494383673813,0.028865156140462922
404,17.290332794189453,176.01220433110544,178.24602045134552,0.4029962420463562,OK,neutral,neutral,0.01725670412991381,0.00763871683962396,1.725670412991381,0.763871683962396,1.725670412991381,0.763871683962396,0.044260310914536305
405,17.327698230743408,175.6668891751462,177.94704391154778,0.40363894402980804,OK,neutral,neutral,0.018738085029730588,0.008941490990671295,1.8738085029730587,0.8941490990671295,1.8738085029730587,0.8941490990671295,0.07151820302468037
406,17.381722688674927,174.50113847122904,176.61525376355044,0.40725140273571014,OK,varus,neutral,0.023811342059705642,0.014740501433506527,2.3811342059705645,1.4740501433506528,2.3811342059705645,1.4740501433506528,0.12143651632209185
407,17.430299043655396,173.91355181040993,176.04688819114338,0.40883103013038635,OK,varus,neutral,0.026365838864762934,0.017214984331493016,2.6365838864762936,1.7214984331493017,2.6365838864762936,1.7214984331493017,0.14899150472890277
408,17.480343103408813,170.94612089282936,173.82001816968284,0.414755254983902,OK,varus,varus,0.039382857320707405,0.0269547740030061,3.9382857320707405,2.69547740030061,3.9382857320707405,2.69547740030061,0.20510693262363677
409,17.516884088516235,164.74220145779162,169.54237098254134,0.43544453382492065,OK,varus,varus,0.06681429271466739,0.04574218489878233,6.681429271466739,4.574218489878233,6.681429271466739,4.574218489878233,0.21654675290329006
410,17.565500020980835,159.7577861084649,165.58218622586458,0.4517323523759842,OK,varus,varus,0.0887272439890048,0.06309618737757926,8.87272439890048,6.309618737757925,8.87272439890048,6.309618737757925,0.20449031215131175
411,17.603230953216553,158.1398206879776,164.87572915728896,0.45608527958393097,OK,varus,varus,0.09627220743863829,0.06618468882992533,9.627220743863829,6.618468882992532,9.627220743863829,6.618468882992532,0.20169787721932098
412,17.6536967754364,154.9627292233515,162.81194116160478,0.46610552072525024,OK,varus,varus,0.11057994884868422,0.07529281901165805,11.057994884868421,7.529281901165804,11.057994884868421,7.529281901165804,0.15670721413111544
413,17.693705320358276,152.52912239511934,161.35963715860794,0.468418225646019,OK,varus,varus,0.121007688920917,0.08165669118284746,12.1007688920917,8.165669118284747,12.1007688920917,8.165669118284747,0.12242757764344159
414,17.731478214263916,152.01221623702298,160.58054848634228,0.4679141193628311,OK,varus,varus,0.12291325258291154,0.08495858203319015,12.291325258291154,8.495858203319015,12.291325258291154,8.495858203319015,0.08089435468979822
415,17.773075342178345,150.49997419344496,158.40306003444923,0.47561095654964447,OK,varus,varus,0.12881168828306547,0.0946289978077716,12.881168828306548,9.46289978077716,12.881168828306548,9.46289978077716,0.024542681691571033
416,17.823140621185303,150.7097626706162,157.67947803080173,0.47587689757347107,OK,varus,varus,0.12711595179208302,0.09777471966597959,12.711595179208302,9.77747196659796,12.711595179208302,9.77747196659796,-0.02727101699856327
417,17.87093949317932,150.15058934504063,156.45779133356942,0.47862574458122253,OK,varus,varus,0.1305085422562459,0.10340630550993075,13.050854225624589,10.340630550993076,13.050854225624589,10.340630550993076,-0.06365770682205252
418,17.911585092544556,151.36978734632962,157.25231468745812,0.4729650765657425,OK,varus,varus,0.12501348929940265,0.09977596649277348,12.501348929940265,9.977596649277348,12.501348929940265,9.977596649277348,-0.08593528142882567
419,17.971622705459595,153.62809458271735,159.26689624309293,0.4606068432331085,OK,varus,varus,0.11477510118404365,0.09076725101442164,11.477510118404364,9.076725101442165,11.477510118404364,9.076725101442165,-0.10214576138686482
420,18.019819736480713,154.31943430107427,160.25257965176237,0.4555940628051758,OK,varus,varus,0.11186035519093497,0.08641935794598912,11.186035519093497,8.641935794598913,11.186035519093497,8.641935794598913,-0.13034416929003
421,18.06955909729004,158.29816708631378,162.89038863451876,0.4436739534139633,OK,varus,varus,0.09424891369197662,0.07482467962778663,9.424891369197661,7.482467962778664,9.424891369197661,7.482467962778664,-0.18541561889302471
422,18.113513708114624,160.0260850539419,164.41674256482335,0.43903717398643494,OK,varus,varus,0.08706600492087282,0.06811797490780667,8.706600492087283,6.811797490780667,8.706600492087283,6.811797490780667,-0.19924527576336093
423,18.16141700744629,160.90827144084201,165.30207127857142,0.43731994926929474,OK,varus,varus,0.08347005491703294,0.06419300881996494,8.347005491703294,6.419300881996494,8.347005491703294,6.419300881996494,-0.16398324874348713
424,18.214543104171753,165.80616197536315,168.124487730806,0.4274722933769226,OK,varus,varus,0.06195341419443547,0.05186773552755794,6.195341419443547,5.186773552755794,6.195341419443547,5.186773552755794,-0.12858459220889262
425,18.27157211303711,174.00382261039962,174.70090715782527,0.40544869005680084,OK,varus,varus,0.02603507291022301,0.023065787987273042,2.603507291022301,2.3065787987273043,2.603507291022301,2.3065787987273043,-0.1258257267157914
426,18.30984616279602,175.72847538981463,178.45200522506155,0.4011737257242203,OK,neutral,neutral,0.018549916521590232,0.006740957065776313,1.8549916521590233,0.6740957065776313,1.8549916521590233,0.6740957065776313,-0.12171249019101138
427,18.36265730857849,176.30854779540687,179.08573093258838,0.40007954835891724,OK,neutral,neutral,0.01608310794928762,0.0039816651813648135,1.608310794928762,0.39816651813648135,1.608310794928762,0.39816651813648135,-0.08181874148847923
428,18.42266345024109,177.18756166665943,179.80192814380243,0.40121105313301086,OK,neutral,neutral,0.01224490079197428,-0.000862133350490473,1.224490079197428,-0.0862133350490473,1.224490079197428,0.0862133350490473,-0.0359197676332359
429,18.463266372680664,177.605846157101,179.54500740480162,0.40182769298553467,OK,neutral,neutral,0.010426722610401486,-0.0019813579627988697,1.0426722610401487,-0.19813579627988698,1.0426722610401487,0.19813579627988698,-0.010677890228362852
430,18.520769834518433,178.46146296370267,179.37215726510382,0.4010843187570572,OK,neutral,neutral,0.006694398079132114,-0.0027350099517801344,0.6694398079132113,-0.27350099517801346,0.6694398079132113,0.27350099517801346,0.0005360823954863037
431,18.571094512939453,178.74399173061704,179.44330701309008,0.4008370041847229,OK,neutral,neutral,0.005461044639327381,-0.002424968548023321,0.5461044639327381,-0.24249685480233213,0.5461044639327381,0.24249685480233213,0.0010645210495505708
432,18.618229150772095,178.18438927263108,179.1344997283087,0.4005265533924103,OK,neutral,neutral,0.007903087216665803,-0.0037704272099895004,0.7903087216665803,-0.37704272099895003,0.7903087216665803,0.37704272099895003,-0.0006396884518746759
433,18.663166522979736,178.0171978761099,179.0525024001197,0.4006609618663788,OK,neutral,neutral,0.00862694717641884,-0.004127392806440758,0.8626947176418841,-0.4127392806440758,0.8626947176418841,0.4127392806440758,-0.0008866849298394541
434,18.706217288970947,177.87916578473067,178.9940306035482,0.4008263945579529,OK,neutral,neutral,0.009225430706764891,-0.0043817506527084535,0.9225430706764891,-0.4381750652708454,0.9225430706764891,0.4381750652708454,0.0004944240746098671
435,18.75127363204956,177.85419772392476,178.8194977303889,0.40123608708381653,OK,neutral,neutral,0.00933408437975561,-0.005142174910774273,0.9334084379755611,-0.5142174910774273,0.9334084379755611,0.5142174910774273,0.002256773407828483
436,18.786853551864624,177.88961949438314,178.7070243299644,0.40141187608242035,OK,neutral,neutral,0.009178431631941212,-0.005632095484098155,0.9178431631941212,-0.5632095484098155,0.9178431631941212,0.5632095484098155,0.0024551658850384683
437,18.825809001922607,177.87436549335837,178.72577073304424,0.40094275772571564,OK,neutral,neutral,0.009244496037057922,-0.005549446466727787,0.9244496037057922,-0.5549446466727787,0.9244496037057922,0.5549446466727787,0.0007833344838816814
438,18.857062339782715,177.88635685144806,178.66074826521117,0.4013112038373947,OK,neutral,neutral,0.009192108355141972,-0.005832784612162379,0.9192108355141972,-0.5832784612162378,0.9192108355141972,0.5832784612162378,-0.0006929613058717088
439,18.909115076065063,177.8927631057181,178.54597900871178,0.40123677253723145,OK,neutral,neutral,0.009167827897896308,-0.0063329386443794055,0.9167827897896308,-0.6332938644379406,0.9167827897896308,0.6332938644379406,-0.0025702694599916143
440,18.942628383636475,177.8754905942972,178.46397995090746,0.40121209621429443,OK,neutral,neutral,0.009245142719732187,-0.006690339400104497,0.9245142719732187,-0.6690339400104497,0.9245142719732187,0.6690339400104497,-0.002188162746334932
441,18.981401205062866,178.03700419143277,178.34657917189296,0.400780513882637,OK,neutral,neutral,0.008540519680362148,-0.0072029317150191325,0.8540519680362149,-0.7202931715019133,0.8540519680362149,0.7202931715019133,-0.0011542288445909321
442,19.03927183151245,178.0541359991466,178.2687720561875,0.40069033205509186,OK,neutral,neutral,0.008467223545335523,-0.007542043196321619,0.8467223545335523,-0.7542043196321618,0.8467223545335523,0.7542043196321618,-0.0009469398621160252
443,19.071009159088135,178.07010573836763,178.22136845565302,0.4006469249725342,OK,neutral,neutral,0.00839846278906639,-0.007748798863594765,0.8398462789066389,-0.7748798863594765,0.8398462789066389,0.7748798863594765,6.324304056981589e-05
444,19.10445761680603,178.11359278712249,178.27674584739913,0.4006856679916382,OK,neutral,neutral,0.008209002947881914,-0.007504913557208422,0.8209002947881914,-0.7504913557208422,0.8209002947881914,0.7504913557208422,0.0012584003611739725
445,19.15381622314453,178.12255686726724,178.30477838219056,0.40071848034858704,OK,neutral,neutral,0.008169916856952076,-0.007380902071628752,0.8169916856952076,-0.7380902071628752,0.8169916856952076,0.7380902071628752,0.002533729513260141
446,19.190221548080444,178.4301334521275,178.37565418626627,0.40108929574489594,OK,neutral,neutral,0.006820399993933322,-0.007071554467091134,0.6820399993933323,-0.7071554467091133,0.6820399993933323,0.7071554467091133,0.0028887907972405813
447,19.23334240913391,178.60580000388342,178.43679123972453,0.40140631794929504,OK,neutral,neutral,0.006050548129383389,-0.006804535935357279,0.6050548129383388,-0.6804535935357279,0.6050548129383388,0.6804535935357279,0.005845574905052331
448,19.25794219970703,178.4389832899633,178.7601375654859,0.4014339745044708,OK,neutral,neutral,0.00677502345853381,-0.005396422506365604,0.677502345853381,-0.5396422506365603,0.677502345853381,0.5396422506365603,0.006941201601317282
449,19.29817223548889,178.3325734865624,178.9877740510178,0.4014567732810974,OK,neutral,neutral,0.0072368304266535585,-0.004405242333107922,0.7236830426653559,-0.44052423331079216,0.7236830426653559,0.44052423331079216,0.006086564296159835
450,19.34747552871704,178.22617908548082,179.13574024024703,0.4014764279127121,OK,neutral,neutral,0.0076985418809053735,-0.0037610590686166304,0.7698541880905374,-0.376105906861663,0.7698541880905374,0.376105906861663,0.011247252676479746
451,19.400535583496094,177.60322426743178,179.83964830303808,0.40199655294418335,OK,neutral,neutral,0.010395192994070398,-0.0006977966375179378,1.03951929940704,-0.06977966375179379,1.03951929940704,0.06977966375179379,0.03400228211414902
452,19.434383630752563,177.23852783680277,179.70344430094255,0.40236397087574005,OK,neutral,neutral,0.01197153095350703,0.0012905227947324158,1.197153095350703,0.12905227947324158,1.197153095350703,0.12905227947324158,0.0446986861577221
453,19.472498893737793,176.6928529886843,178.66961202380452,0.40329286456108093,OK,neutral,neutral,0.014341074640926576,0.0057910291543516465,1.4341074640926577,0.5791029154351647,1.4341074640926577,0.5791029154351647,0.05596585875158766
454,19.5040922164917,174.52953460321945,176.61463443347878,0.4075273722410202,OK,varus,neutral,0.023778052780296464,0.014750711012942418,2.3778052780296464,1.4750711012942417,2.3778052780296464,1.4750711012942417,0.05522798583828603
455,19.56458568572998,172.39858558405825,175.19797050297709,0.41213876008987427,OK,varus,varus,0.03313489228043861,0.020944922408373222,3.313489228043861,2.0944922408373223,3.313489228043861,2.0944922408373223,0.0642130624949182
456,19.59690523147583,171.29586089985366,174.32903574573024,0.4132380783557892,OK,varus,varus,0.03796662290701561,0.0247391845938826,3.7966622907015606,2.47391845938826,3.7966622907015606,2.47391845938826,0.08004306460875377
457,19.628819942474365,169.7425639746445,173.56273841397632,0.41601821780204773,OK,varus,varus,0.0447833525748465,0.028099947011707774,4.47833525748465,2.8099947011707775,4.47833525748465,2.8099947011707775,0.06727866658030734
458,19.66692805290222,168.98132039150818,173.18652486711315,0.41684818267822266,OK,varus,varus,0.04812815861109011,0.029747361089333724,4.812815861109011,2.9747361089333726,4.812815861109011,2.9747361089333726,0.05123232553921664
459,19.705760955810547,167.8920895093732,172.42680557836263,0.4204135537147522,OK,varus,varus,0.05291613560778629,0.03307886589222871,5.291613560778629,3.307886589222871,5.291613560778629,3.307886589222871,0.05642362391669753
460,19.74416995048523,167.11497388092755,172.0411909785001,0.42123235762119293,OK,varus,varus,0.056325662363092596,0.03476741490448695,5.63256623630926,3.4767414904486946,5.63256623630926,3.4767414904486946,0.0637419738010081
461,19.777436017990112,166.681287812919,171.69796413439755,0.4213264733552933,OK,varus,varus,0.058224779539737766,0.03626701365386703,5.8224779539737765,3.626701365386703,5.8224779539737765,3.626701365386703,0.06969137442948092
462,19.814388513565063,165.80490157298155,170.65887053335112,0.42592763900756836,OK,varus,varus,0.06208058103619866,0.04082743649687072,6.208058103619866,4.082743649687072,6.208058103619866,4.082743649687072,0.0709311274690334
463,19.851683139801025,164.95322404202938,169.67684554703712,0.4299234449863434,OK,varus,varus,0.06589329304449984,0.045153140534949746,6.589329304449984,4.515314053494975,6.589329304449984,4.515314053494975,0.07239252165081833
464,19.8894784450531,164.72059253426366,169.11658415960375,0.4312007576227188,OK,varus,varus,0.06690923768670248,0.04761130881535533,6.690923768670248,4.761130881535533,6.690923768670248,4.761130881535533,0.07276185415404246
465,19.93615746498108,163.0970330463973,168.22303977052783,0.4361657053232193,OK,varus,varus,0.07406656640115572,0.05155284237945976,7.406656640115572,5.155284237945976,7.406656640115572,5.155284237945976,0.07850227125307896
466,19.97083806991577,162.42004362505017,167.71484065469895,0.4379430115222931,OK,varus,varus,0.0769521920873307,0.05377332807010332,7.69521920873307,5.377332807010332,7.69521920873307,5.377332807010332,0.07767728012069419
467,20.015957832336426,161.69625456471823,166.87763637678677,0.4417915642261505,OK,varus,varus,0.08009922285796342,0.05742352027658373,8.009922285796343,5.742352027658373,8.009922285796343,5.742352027658373,0.095722022326715
468,20.045929670333862,161.27077432828355,166.43764603051744,0.4431052505970001,OK,varus,varus,0.08192145160016841,0.05933861624520638,8.19214516001684,5.933861624520638,8.19214516001684,5.933861624520638,0.09925000643235071
469,20.100422143936157,160.31686086765646,165.4519822561184,0.4471225291490555,OK,varus,varus,0.08615993707369668,0.06366764144549147,8.615993707369668,6.366764144549148,8.615993707369668,6.366764144549148,0.08095404749739998
470,20.140605211257935,158.67928722403929,164.7573088960629,0.4505001902580261,OK,varus,varus,0.09322317853696077,0.0665887404912048,9.322317853696077,6.658874049120481,9.322317853696077,6.658874049120481,0.12594010850303938
471,20.16461181640625,157.05881220533837,164.27920605959832,0.45554427802562714,OK,varus,varus,0.10034097473597901,0.06867194312028631,10.034097473597901,6.867194312028631,10.034097473597901,6.867194312028631,0.12502667663574463
472,20.260085105895996,155.2890976699155,163.58571332086055,0.462386816740036,OK,varus,varus,0.10818769317557786,0.07186524141625465,10.818769317557786,7.1865241416254655,10.818769317557786,7.1865241416254655,0.07813711216091157
473,20.29526448249817,154.49085606592342,163.09206875836765,0.46324707567691803,OK,varus,varus,0.11131023669932709,0.07389411245088014,11.13102366993271,7.389411245088014,11.13102366993271,7.389411245088014,0.09079445887006443
474,20.32814860343933,153.5615104551041,162.29344405059084,0.46656759083271027,OK,varus,varus,0.11552043904506597,0.0774642210056769,11.552043904506597,7.74642210056769,11.552043904506597,7.74642210056769,0.08263825795033153
475,20.366427421569824,153.0648995691332,161.85158021781004,0.4671021103858948,OK,varus,varus,0.11740770282619511,0.07937602670653333,11.740770282619511,7.937602670653334,11.740770282619511,7.937602670653334,0.06479872412912524
476,20.41563582420349,151.5896112628405,160.88049906599244,0.4701961725950241,OK,varus,varus,0.12429857789829238,0.0834919819014574,12.429857789829239,8.34919819014574,12.429857789829239,8.34919819014574,0.07315960394106114
477,20.447713613510132,151.23157820498176,160.11012396755766,0.4707753211259842,OK,varus,varus,0.12578947901297863,0.08683542393868181,12.578947901297862,8.68354239386818,12.578947901297862,8.68354239386818,0.07830885568039392
478,20.492595434188843,149.96000806388557,158.8638875701018,0.4759898781776428,OK,varus,varus,0.13178416964568013,0.09259129239680118,13.178416964568013,9.259129239680117,13.178416964568013,9.259129239680117,0.07522029385556017
479,20.52601981163025,148.87331573068164,157.78703755971074,0.47961296141147614,OK,varus,varus,0.13580286888606738,0.0973067125338496,13.580286888606738,9.730671253384958,13.580286888606738,9.730671253384958,0.07751958650701685
480,20.56219720840454,147.6565637083145,156.7469839525732,0.4830632954835892,OK,varus,varus,0.14204563930819034,0.1020446646744255,14.204563930819033,10.204466467442549,14.204563930819033,10.204466467442549,0.058906176495153284
481,20.64004373550415,146.34446488100144,155.35412457404595,0.486799880862236,OK,varus,varus,0.1484251378634412,0.10830852342042856,14.842513786344119,10.830852342042856,14.842513786344119,10.830852342042856,0.042729832745065366
482,20.680163860321045,145.80254053803722,154.79538992603221,0.4865870475769043,OK,varus,varus,0.15112139938328448,0.11065816791309396,15.112139938328447,11.065816791309397,15.112139938328447,11.065816791309397,0.04693409466840315
483,20.71287727355957,145.2882907838918,153.96094967095513,0.4882486015558243,OK,varus,varus,0.15356785154471464,0.11458236970552356,15.356785154471464,11.458236970552356,15.356785154471464,11.458236970552356,0.03918182014799676
484,20.751939058303833,145.351481173099,153.65960997410818,0.48835934698581696,OK,varus,varus,0.15331364171171016,0.11588667532357098,15.331364171171016,11.588667532357098,15.331364171171016,11.588667532357098,0.024509818075877376
485,20.790985345840454,145.33556795076515,153.0573315594036,0.48950429260730743,OK,varus,varus,0.1536997063602882,0.11855269266876885,15.369970636028821,11.855269266876885,15.369970636028821,11.855269266876885,0.020807809535980937
486,20.82326889038086,145.3279736731904,152.7975399541584,0.4901389181613922,OK,varus,varus,0.1538606422612744,0.11963328916799772,15.386064226127441,11.963328916799771,15.386064226127441,11.963328916799771,0.019454888163223494
487,20.855563163757324,145.17098061976571,152.47128039143115,0.4915618449449539,OK,varus,varus,0.15378584299270312,0.12091835993388109,15.378584299270312,12.09183599338811,15.378584299270312,12.09183599338811,0.014429572343791719
488,20.893934726715088,145.11981304961043,152.42190583776141,0.49170365929603577,OK,varus,varus,0.1536997600748305,0.12111132358046395,15.36997600748305,12.111132358046394,15.36997600748305,12.111132358046394,0.011695643290043911
489,20.928762435913086,145.25661337110807,152.3435767210046,0.4918248951435089,OK,varus,varus,0.15350422594362245,0.12143683320606745,15.350422594362245,12.143683320606744,15.350422594362245,12.143683320606744,0.008694814559203401
490,20.968546152114868,145.35845495558053,152.34296518664894,0.49180467426776886,OK,varus,varus,0.15318811908817223,0.12139997914196189,15.318811908817223,12.13999791419619,15.318811908817223,12.13999791419619,0.0038647507813269755
491,21.013256072998047,145.4981575476127,152.34157969772605,0.49181990325450897,OK,varus,varus,0.152627644142058,0.12138979485888364,15.262764414205801,12.138979485888363,15.262764414205801,12.138979485888363,-0.03409509792001941
492,21.050349712371826,145.3258667730353,152.62240002422828,0.4920927435159683,OK,varus,varus,0.15414669966134767,0.12025042333652831,15.414669966134767,12.02504233365283,15.414669966134767,12.02504233365283,-0.08147415953335457
493,21.095811128616333,145.1778632058115,153.08396341799107,0.4919487088918686,OK,varus,varus,0.15573415524516426,0.11816112111383861,15.573415524516426,11.81611211138386,15.573415524516426,11.81611211138386,-0.09762827670543528
494,21.15479564666748,145.12232542502397,153.39273735731948,0.4918449819087982,OK,varus,varus,0.15629269205419702,0.11676296071906057,15.629269205419702,11.676296071906057,15.629269205419702,11.676296071906057,-0.1755070016334379
495,21.188244342803955,149.4818019255617,156.87415987550852,0.47531090676784515,OK,varus,varus,0.1342721975829274,0.10053071604976387,13.427219758292742,10.053071604976386,13.427219758292742,10.053071604976386,-0.20466635991207482
496,21.233829498291016,153.55491979262678,161.08726732216343,0.4587438851594925,OK,varus,varus,0.11507664683176957,0.08240450529599815,11.507664683176957,8.240450529599814,11.507664683176957,8.240450529599814,-0.18465488823689125
497,21.276727199554443,154.62686990785934,163.14954811116502,0.4548830986022949,OK,varus,varus,0.11074781574874522,0.07366344076498654,11.074781574874521,7.366344076498654,11.074781574874521,7.366344076498654,-0.24939638645306594
498,21.310096263885498,159.363874936945,166.61757558314366,0.43929654359817505,OK,varus,varus,0.09017992031897674,0.05844598587185304,9.017992031897675,5.844598587185304,9.017992031897675,5.844598587185304,-0.2484775152614862
499,21.366488933563232,161.56037694329476,167.69990606989955,0.4353330433368683,OK,varus,varus,0.08070877200427627,0.05373245055996507,8.070877200427628,5.373245055996507,8.070877200427628,5.373245055996507,-0.23271710466439188
500,21.3950674533844,162.48219549587674,167.78658863952225,0.434584379196167,OK,varus,varus,0.07657103554743282,0.05333534707962473,7.657103554743282,5.333534707962473,7.657103554743282,5.333534707962473,-0.23180189500625392
501,21.435776233673096,167.49154006350525,170.3183775646649,0.42298567295074463,OK,varus,varus,0.05458747236278057,0.04226993509813951,5.4587472362780565,4.226993509813951,5.4587472362780565,4.226993509813951,-0.16598979216664134
502,21.470744371414185,173.05041922935834,173.9803207712587,0.4081239402294159,OK,varus,varus,0.03024154368801651,0.026231564183077004,3.0241543688016512,2.6231564183077003,3.0241543688016512,2.6231564183077003,-0.14858285274518934
503,21.502897262573242,173.95333324263962,174.65941140899145,0.4058510810136795,OK,varus,varus,0.02632444677288144,0.023271271651622065,2.6324446772881442,2.3271271651622065,2.6324446772881442,2.3271271651622065,-0.13854066300248036
504,21.539112091064453,176.11520293870038,177.03871588369805,0.4020598828792572,OK,neutral,neutral,0.016870392717588514,0.012871432723995446,1.6870392717588514,1.2871432723995446,1.6870392717588514,1.2871432723995446,-0.11043797371330744
505,21.571476221084595,176.7321529431683,177.63093309510728,0.40274086594581604,OK,neutral,neutral,0.014172076967534846,0.01030102963390183,1.4172076967534846,1.030102963390183,1.4172076967534846,1.030102963390183,-0.06377143369824179
506,21.614527225494385,177.4700665056292,178.22852334800595,0.4020487368106842,OK,neutral,neutral,0.010980250210706862,0.007708422291994591,1.0980250210706861,0.7708422291994591,1.0980250210706861,0.7708422291994591,-0.018845742672277233
507,21.646317958831787,177.58475479898115,178.51575074739142,0.4021316170692444,OK,neutral,neutral,0.01049199221106116,0.006458051756843885,1.049199221106116,0.6458051756843884,1.049199221106116,0.6458051756843884,-0.010075942905419133
508,21.68601679801941,177.63788803194385,178.87426427901548,0.4015250951051712,OK,neutral,neutral,0.010250449345310185,0.0048973043219008505,1.0250449345310184,0.48973043219008505,1.0250449345310184,0.48973043219008505,-0.002345242834533856
509,21.733997106552124,177.33271073738553,179.07384883848317,0.4013155400753021,OK,neutral,neutral,0.011570408038153512,0.004029217530354579,1.1570408038153512,0.40292175303545785,1.1570408038153512,0.40292175303545785,-0.0015886943264566966
510,21.770236492156982,177.4569776268457,179.26464063590163,0.40227293968200684,OK,neutral,neutral,0.011029010101411893,0.003198429716222159,1.1029010101411894,0.31984297162221587,1.1029010101411894,0.31984297162221587,-0.0013134350862706867
511,21.823633432388306,177.46340329485372,179.79951933326583,0.4013430327177048,OK,neutral,neutral,0.011011803613373889,0.0008719217226800759,1.101180361337389,0.0871921722680076,1.101180361337389,0.0871921722680076,0.0014590472170787905
512,21.845500230789185,177.4489593199056,179.92888430712034,0.4020483195781708,OK,neutral,neutral,0.011076958793488778,0.00030931933664750367,1.1076958793488778,0.030931933664750368,1.1076958793488778,0.030931933664750368,0.0025150657434052093
513,21.89609980583191,177.2941500797887,179.88919649666607,0.40173640847206116,OK,neutral,neutral,0.011750292042769707,0.00048202405482115527,1.1750292042769708,0.048202405482115525,1.1750292042769708,0.048202405482115525,0.0010801615936273379
514,21.94317936897278,177.18783797429276,179.87262672619175,0.4015953987836838,OK,neutral,neutral,0.012214754903251267,0.0005541781778951584,1.2214754903251266,0.055417817789515836,1.2214754903251266,0.055417817789515836,0.0028365053859076284
515,21.975417852401733,177.1992656685108,179.82306833171666,0.4019298106431961,OK,neutral,neutral,0.012167265986175806,-0.0007698683744238168,1.2167265986175806,-0.07698683744238168,1.2167265986175806,0.07698683744238168,0.002537529109479131
516,22.00655460357666,177.1764047805792,179.63580180022174,0.40210066735744476,OK,neutral,neutral,0.0122685294675792,-0.0015848580467662157,1.22685294675792,-0.15848580467662157,1.22685294675792,0.15848580467662157,0.000537549689058725
517,22.05014944076538,177.01428624418878,179.46736918963194,0.40228043496608734,OK,neutral,neutral,0.012981640366376494,-0.002318085570244532,1.2981640366376495,-0.2318085570244532,1.2981640366376495,0.2318085570244532,0.0010811965619410557
518,22.07994508743286,176.9376863914348,179.35341237746343,0.40241795778274536,OK,neutral,neutral,0.013317285723619753,-0.0028142449175571336,1.3317285723619752,-0.2814244917557134,1.3317285723619752,0.2814244917557134,0.0005255302592024336
519,22.11710500717163,177.26009448234106,179.3100047589394,0.4021328538656235,OK,neutral,neutral,0.011918988656002301,-0.00300323773037624,1.19189886560023,-0.30032377303762403,1.19189886560023,0.30032377303762403,-0.0007889258172326663
520,22.169082403182983,177.4644733941912,179.28576667986306,0.4019644111394882,OK,neutral,neutral,0.011031765484444137,-0.0031087763862405206,1.1031765484444136,-0.31087763862405204,1.1031765484444136,0.31087763862405204,-0.001984066132109774
521,22.211119651794434,177.60261960105197,179.26877109771866,0.4018685221672058,OK,neutral,neutral,0.010425338808129623,-0.003182674754639602,1.0425338808129623,-0.3182674754639602,1.0425338808129623,0.3182674754639602,-0.0032742349149268435
522,22.243808269500732,177.70903677040562,179.25490020079337,0.4018121808767319,OK,neutral,neutral,0.009959169945014862,-0.003243050867169539,0.9959169945014862,-0.3243050867169539,0.9959169945014862,0.3243050867169539,-0.0030922106729835974
523,22.279412508010864,177.6405348394774,179.31694450308623,0.4016422629356384,OK,neutral,neutral,0.010257489336078894,-0.0029732862015374815,1.0257489336078893,-0.29732862015374817,1.0257489336078893,0.29732862015374817,-0.0012902597867565646
524,22.303689002990723,177.5953163069549,179.3637104175779,0.40152426064014435,OK,neutral,neutral,0.010454192632439002,-0.0027699322732134338,1.0454192632439,-0.27699322732134335,1.0454192632439,0.27699322732134335,-0.00018759118776179307
525,22.351306200027466,177.64503181272693,179.38235095554253,0.40154339373111725,OK,neutral,neutral,0.010233585331759925,-0.0026887587591636584,1.0233585331759925,-0.26887587591636586,1.0233585331759925,0.26887587591636586,0.003969718546175116
526,22.383368015289307,177.6761888479737,179.39700669691257,0.40156030654907227,OK,neutral,neutral,0.01009447638723504,-0.00262493027340432,1.009447638723504,-0.262493027340432,1.009447638723504,0.262493027340432,0.006768645036032694
527,22.42536973953247,177.4491842475069,179.5182680853408,0.4018618315458298,OK,neutral,neutral,0.011076459288478821,-0.00209709313543503,1.1076459288478822,-0.209709313543503,1.1076459288478822,0.209709313543503,0.014375192441453244
528,22.455228090286255,177.3177808015332,179.6131473054961,0.4020780026912689,OK,neutral,neutral,0.0116435406303853,-0.0016840578382281233,1.16435406303853,-0.16840578382281232,1.16435406303853,0.16840578382281232,0.01946346125104359
529,22.490803003311157,175.93439663497716,179.22869665548149,0.40320803225040436,OK,neutral,neutral,0.01766235140162309,0.0033575853304678212,1.7662351401623089,0.3357585330467821,1.7662351401623089,0.3357585330467821,0.024555499038366513
530,22.527526378631592,175.24618347965597,178.6027924660272,0.40384384989738464,OK,varus,neutral,0.020661640649750942,0.006082445579963377,2.0661640649750943,0.6082445579963377,2.0661640649750943,0.6082445579963377,0.03493225645688813
531,22.571908712387085,174.37819325885886,177.10646843476306,0.40555208921432495,OK,varus,neutral,0.024452808422498057,0.012600908560768675,2.445280842249806,1.2600908560768675,2.445280842249806,1.2600908560768675,0.04669126012089997
532,22.61083197593689,173.8869379510029,176.28806729677532,0.4064473360776901,OK,varus,neutral,0.02660066373171295,0.01616994761283531,2.6600663731712952,1.6169947612835311,2.6600663731712952,1.6169947612835311,0.055795571884718065
533,22.647005558013916,172.1913339867472,175.32650734940697,0.40916305780410767,OK,varus,varus,0.03403181573215107,0.02037599219593607,3.403181573215107,2.037599219593607,3.403181573215107,2.037599219593607,0.0513763869160373
534,22.703014135360718,170.56027904489676,174.0257770740859,0.41472581028938293,OK,varus,varus,0.041217370018326545,0.02607535572491716,4.1217370018326545,2.6075355724917157,4.1217370018326545,2.6075355724917157,0.05373316717900778
535,22.738922595977783,169.74215738234233,173.37976380464613,0.41606245934963226,OK,varus,varus,0.04480094695444707,0.02890085235707248,4.480094695444707,2.890085235707248,4.480094695444707,2.890085235707248,0.07511630099831024
536,22.766545057296753,168.87855331569992,172.68431821415643,0.41838809847831726,OK,varus,varus,0.04859638627971919,0.03194696968645112,4.859638627971919,3.1946969686451117,4.859638627971919,3.1946969686451117,0.07027485258246946
537,22.818907499313354,168.52946564093907,172.43465178689016,0.41878239810466766,OK,varus,varus,0.05011893584496461,0.03304176682017799,5.011893584496461,3.3041766820177987,5.011893584496461,3.3041766820177987,0.039098926892681796
538,22.868386268615723,167.53915458957513,172.10510080945932,0.4215773046016693,OK,varus,varus,0.05443100391011454,0.03447891238665245,5.443100391011454,3.4478912386652447,5.443100391011454,3.4478912386652447,0.05344157816989892
539,22.89688801765442,166.92599564213288,171.83910545269399,0.42266160249710083,OK,varus,varus,0.05710193285350687,0.035632650085862215,5.710193285350687,3.5632650085862214,5.710193285350687,3.5632650085862214,0.05400967008100688
540,22.942535638809204,166.03675524415266,171.08543864591147,0.4254845082759857,OK,varus,varus,0.06104061917463521,0.03894488333255854,6.104061917463522,3.8944883332558544,6.104061917463522,3.8944883332558544,0.06577533055258655
541,22.966806173324585,165.6996598921027,170.51754631678378,0.4264907091856003,OK,varus,varus,0.06252652834583873,0.04143537659059213,6.252652834583873,4.143537659059213,6.252652834583873,4.143537659059213,0.06582567499725123
542,23.013323545455933,165.06373206458662,170.179873148922,0.42896273732185364,OK,varus,varus,0.06534749407407316,0.04291816210508367,6.534749407407316,4.291816210508367,6.534749407407316,4.291816210508367,0.042777830785339255
543,23.055066347122192,164.8681671279567,169.82274791421267,0.4301960915327072,OK,varus,varus,0.06615178012311751,0.044481949593750264,6.615178012311751,4.4481949593750265,6.615178012311751,4.4481949593750265,0.047030809083654646
544,23.093873977661133,164.38694057625764,169.0383124567606,0.4325606971979141,OK,varus,varus,0.06828387567942173,0.04791337658144605,6.8283875679421735,4.791337658144605,6.8283875679421735,4.791337658144605,0.05953156472279364
545,23.12812352180481,163.9854195055141,168.39574836420627,0.43347927927970886,OK,varus,varus,0.07003851102393813,0.050712985167206875,7.003851102393813,5.071298516720687,7.003851102393813,5.071298516720687,0.07184786704551183
546,23.16747260093689,162.37025721833916,167.86529458633535,0.43679384887218475,OK,varus,varus,0.07715937391583773,0.053077918839384265,7.715937391583773,5.307791883938426,7.715937391583773,5.307791883938426,0.06824249063541998
547,23.214357614517212,162.17796584065027,167.54542680013515,0.4379236251115799,OK,varus,varus,0.07789835849643818,0.05449057864247368,7.7898358496438185,5.449057864247369,7.7898358496438185,5.449057864247369,0.06999241805770762
548,23.258601665496826,160.555078109912,167.1737710743441,0.44367067515850067,OK,varus,varus,0.08510698077103042,0.0561397451114749,8.510698077103042,5.6139745111474895,8.510698077103042,5.6139745111474895,0.08345477126911138
549,23.29677128791809,158.6302511987828,166.2147246841962,0.4488126039505005,OK,varus,varus,0.0937524032771042,0.060290713573058846,9.37524032771042,6.0290713573058845,9.37524032771042,6.0290713573058845,0.09476311902970735
550,23.332001447677612,157.89237824459642,165.44245486574735,0.45109811425209045,OK,varus,varus,0.0968937939652867,0.06356210869501028,9.68937939652867,6.3562108695010275,9.68937939652867,6.3562108695010275,0.0863374594666384
551,23.38185739517212,155.75561119234337,164.24518917139514,0.4560805410146713,OK,varus,varus,0.1061572350966462,0.06877574531262354,10.615723509664619,6.877574531262354,10.615723509664619,6.877574531262354,0.06409666239850242
552,23.432217836380005,155.2661668648342,163.7066615781057,0.4575090855360031,OK,varus,varus,0.10795426757243269,0.07120875816777633,10.79542675724327,7.120875816777633,10.79542675724327,7.120875816777633,0.07019875915416662
553,23.463333129882812,154.20678766832103,163.18186629951637,0.46126219630241394,OK,varus,varus,0.11266128589584906,0.0736337193046931,11.266128589584905,7.36337193046931,11.266128589584905,7.36337193046931,0.07490395320401078
554,23.498977184295654,153.74504111584562,162.87505160536347,0.4616931229829788,OK,varus,varus,0.11452369475166066,0.0750245611683385,11.452369475166066,7.50245611683385,11.452369475166066,7.50245611683385,0.06506835826104407
555,23.53459858894348,153.2228306569317,162.46439616670665,0.464837446808815,OK,varus,varus,0.11625375207049908,0.07671823135545011,11.625375207049908,7.6718231355450115,11.625375207049908,7.6718231355450115,0.05934216682530025
556,23.57229232788086,152.96318383083917,162.0963804042778,0.46546898782253265,OK,varus,varus,0.11737843369744373,0.07826351383473101,11.737843369744374,7.826351383473101,11.737843369744374,7.826351383473101,0.0668570464213758
557,23.5995135307312,151.94242719218965,161.30914093624298,0.4693387746810913,OK,varus,varus,0.1217017409154691,0.0817769680250674,12.17017409154691,8.17769680250674,12.17017409154691,8.17769680250674,0.06439207637109945
558,23.642340421676636,151.52449726223827,160.77290895170867,0.4703023135662079,OK,varus,varus,0.1236626661271121,0.08404155350318944,12.366266612711211,8.404155350318945,12.366266612711211,8.404155350318945,0.05117336116258642
559,23.68481159210205,150.40505157016324,159.7734359603428,0.47381094098091125,OK,varus,varus,0.12909192403298073,0.08869647574570765,12.909192403298073,8.869647574570765,12.909192403298073,8.869647574570765,0.06261879268210979
560,23.722833156585693,150.07359922662573,159.27963003565085,0.4746999144554138,OK,varus,varus,0.13059047141018812,0.09095372094213572,13.059047141018812,9.095372094213571,13.059047141018812,9.095372094213571,0.08159573024698741
561,23.759576320648193,149.2069830732141,158.21467600267053,0.4781062453985214,OK,varus,varus,0.1345301642392931,0.09559621838677147,13.45301642392931,9.559621838677147,13.45301642392931,9.559621838677147,0.08712653351103494
562,23.798741102218628,148.95231077131075,157.75544813231926,0.47899697721004486,OK,varus,varus,0.13554607493460272,0.09751313746935984,13.554607493460272,9.751313746935985,13.554607493460272,9.751313746935985,0.07657715033218082
563,23.85166335105896,147.85656641605456,156.22457210628224,0.48570699989795685,OK,varus,varus,0.14069533910488005,0.10435830982257306,14.069533910488005,10.435830982257306,14.069533910488005,10.435830982257306,0.07442892478269592
564,23.889514923095703,146.50832684303526,155.02127333593583,0.49170637130737305,OK,varus,varus,0.14792029526917752,0.10969764671258461,14.792029526917752,10.969764671258462,14.792029526917752,10.969764671258462,0.07372106726584882
565,23.935511350631714,145.6785688321149,154.13388568937498,0.4942355453968048,OK,varus,varus,0.15226827232900927,0.11360485880607836,15.226827232900927,11.360485880607836,15.226827232900927,11.360485880607836,0.06162921087578166
566,23.980228900909424,144.9930859936889,153.43728705152859,0.4968123435974121,OK,varus,varus,0.15600362818095714,0.11661649511439937,15.600362818095714,11.661649511439936,15.600362818095714,11.661649511439936,0.05615622230665629
567,24.016721725463867,145.125110706536,153.4077876390522,0.4967591017484665,OK,varus,varus,0.1554824416391549,0.11673896915674348,15.54824416391549,11.673896915674348,15.54824416391549,11.673896915674348,0.04127390860343105
568,24.05210041999817,144.39392826498113,153.2214458320601,0.4981125742197037,OK,varus,varus,0.1591715956057666,0.11744553226108982,15.91715956057666,11.744553226108982,15.91715956057666,11.744553226108982,0.02323780442668255
569,24.09989047050476,143.9694515692983,153.22608970837655,0.4981340169906616,OK,varus,varus,0.16137784403145825,0.1174280131005768,16.137784403145826,11.74280131005768,16.137784403145826,11.74280131005768,0.008548590471194828
570,24.140493631362915,143.28412769918967,153.14109599204838,0.4990139305591583,OK,varus,varus,0.16475156449413464,0.11773196539092325,16.475156449413465,11.773196539092325,16.475156449413465,11.773196539092325,-0.02914021644179421
571,24.176934719085693,143.0265524878523,153.1195986024722,0.499330535531044,OK,varus,varus,0.16608391762390123,0.1177188205597657,16.608391762390124,11.771882055976569,16.608391762390124,11.771882055976569,-0.06976005593517831
572,24.234397411346436,143.24925799568905,153.54320287166837,0.4985983818769455,OK,varus,varus,0.1648945547678354,0.11567355840993648,16.48945547678354,11.567355840993649,16.48945547678354,11.567355840993649,-0.12287502000631711
573,24.27068567276001,143.39948738012058,153.8743686409023,0.4981570541858673,OK,varus,varus,0.1641210926005999,0.11412421811266656,16.41210926005999,11.412421811266656,16.41210926005999,11.412421811266656,-0.20949849859904823
574,24.301153421401978,146.48082224119563,157.43318851893238,0.4815712869167328,OK,varus,varus,0.14793765986511867,0.09775837063957504,14.793765986511866,9.775837063957503,14.793765986511866,9.775837063957503,-0.21957415821917348
575,24.373282432556152,150.5288962808657,162.1814821776852,0.463569775223732,OK,varus,varus,0.12976088206373435,0.07748243699867441,12.976088206373435,7.748243699867441,12.976088206373435,7.748243699867441,-0.18512990141879992
576,24.429089069366455,151.30239128350573,163.4333615797284,0.4609864354133606,OK,varus,varus,0.12619486758548462,0.07221212393995878,12.619486758548462,7.221212393995878,12.619486758548462,7.221212393995878,-0.23204822538416403
577,24.49326491355896,155.7742421079424,168.06733255620463,0.44300587475299835,OK,varus,varus,0.10685243368866722,0.052109003027678326,10.685243368866722,5.210900302767833,10.685243368866722,5.210900302767833,-0.2164982166414533
578,24.552401065826416,158.18549526000666,168.87785318503333,0.43990829586982727,OK,varus,varus,0.09607616919849443,0.04859051700918399,9.607616919849443,4.859051700918399,9.607616919849443,4.859051700918399,-0.2609791674293156
579,24.58395004272461,169.95938578418446,174.6719261572789,0.40589475631713867,OK,varus,varus,0.04382556728679622,0.023199063068914,4.3825567286796225,2.3199063068914,4.3825567286796225,2.3199063068914,-0.24459936672676985
580,24.633995294570923,175.36427495918363,178.27711497149468,0.3966311514377594,OK,varus,neutral,0.020167044862722916,0.007493899818616727,2.0167044862722916,0.7493899818616727,2.0167044862722916,0.7493899818616727,-0.15266219036670758
581,24.67999505996704,176.54814114488613,179.0139560865014,0.3955753594636917,OK,neutral,neutral,0.015005900777602884,0.00429311255971007,1.5005900777602883,0.429311255971007,1.5005900777602883,0.429311255971007,-0.11974547176146011
582,24.73493981361389,177.98507854684868,179.11520025169906,0.39966218173503876,OK,neutral,neutral,0.00875983565964722,-0.003847195440234873,0.8759835659647219,-0.3847195440234873,0.8759835659647219,0.3847195440234873,-0.054830409159304594
583,24.76954936981201,178.29332845788338,178.59873567455816,0.40018390119075775,OK,neutral,neutral,0.0074181320223422635,-0.0060886447770250995,0.7418132022342263,-0.60886447770251,0.7418132022342263,0.60886447770251,-0.01026068689994819
584,24.81768560409546,178.07759400524222,178.62420592662852,0.4000353217124939,OK,neutral,neutral,0.008362833652559649,-0.0059812227938480815,0.8362833652559649,-0.5981222793848081,0.8362833652559649,0.5981222793848081,0.014123276764906656
585,24.85605549812317,178.02344934629176,178.70572264699956,0.40014833211898804,OK,neutral,neutral,0.008597913607837312,-0.005626737092984747,0.8597913607837312,-0.5626737092984747,0.8597913607837312,0.5626737092984747,0.010669546012856301
586,24.891997575759888,179.160611807651,178.64141290365646,0.40001945197582245,OK,neutral,neutral,0.0036477387087627913,-0.005903266655409996,0.3647738708762791,-0.5903266655409997,0.3647738708762791,0.5903266655409997,0.0032033030817668617
587,24.92450213432312,179.59584057941063,178.53833432544891,0.39973047375679016,OK,neutral,neutral,0.0017555424930451307,-0.00634999761933719,0.17555424930451308,-0.634999761933719,0.17555424930451308,0.634999761933719,0.003486592942287814
588,24.956757307052612,179.2305980517913,178.48952293872102,0.40042318403720856,OK,neutral,neutral,0.0033428188597917604,-0.006570395208870793,0.334281885979176,-0.6570395208870793,0.334281885979176,0.6570395208870793,0.003572132309556997
589,25.056477069854736,179.16578682030868,178.5561635482116,0.4006073772907257,OK,neutral,neutral,0.0036221304639778153,-0.0062823545668845154,0.3622130463977815,-0.6282354566884516,0.3622130463977815,0.6282354566884516,0.006260835734737569
590,25.086414337158203,179.1641678311024,178.58907276505192,0.40079885721206665,OK,neutral,neutral,0.003627826321473206,-0.006139933309060191,0.3627826321473206,-0.613993330906019,0.3627826321473206,0.613993330906019,0.007262744319168402
591,25.13541555404663,179.06305081548834,178.7215605732706,0.40099817514419556,OK,neutral,neutral,0.004066671703866524,-0.005563666218894834,0.4066671703866524,-0.5563666218894834,0.4066671703866524,0.5563666218894834,0.005821182616218223
592,25.170701265335083,178.96310346740108,178.77798285795038,0.4011477679014206,OK,neutral,neutral,0.004500106272636964,-0.005317834057058907,0.45001062726369634,-0.5317834057058907,0.45001062726369634,0.5317834057058907,0.004462697966416407
593,25.226029634475708,178.90330346688887,178.72275168117463,0.4016352891921997,OK,neutral,neutral,0.00476001757165541,-0.005559316723137141,0.476001757165541,-0.5559316723137141,0.476001757165541,0.5559316723137141,0.003108981933461763
594,25.276369333267212,178.84545196829052,178.6822004441088,0.4019702225923538,OK,neutral,neutral,0.0050114240588459025,-0.0057365582623753785,0.5011424058845902,-0.5736558262375379,0.5011424058845902,0.5736558262375379,0.0031813297328904255
595,25.31769347190857,178.85471943948974,178.69006129257832,0.40173499286174774,OK,neutral,neutral,0.004971747999714892,-0.005701404370621268,0.49717479997148917,-0.5701404370621268,0.49717479997148917,0.5701404370621268,0.0029807683040683486
596,25.362419366836548,179.18142131357288,178.6383082765699,0.4018206298351288,OK,neutral,neutral,0.0035516259957726983,-0.0059267669999999205,0.3551625995772698,-0.5926766999999921,0.3551625995772698,0.5926766999999921,0.001869392709084039
597,25.416211366653442,179.37578364816764,178.64284386303382,0.40188682079315186,OK,neutral,neutral,0.0027075120481848923,-0.005907175418827025,0.27075120481848924,-0.5907175418827025,0.27075120481848924,0.5907175418827025,0.0003672219032928581
598,25.459604501724243,179.07360579634923,178.58782289817105,0.40194071829319,OK,neutral,neutral,0.004018470702357641,-0.006146868945623963,0.40184707023576416,-0.6146868945623962,0.40184707023576416,0.6146868945623962,0.0002850631149735605
599,25.495017766952515,178.90151257905796,178.55457356988262,0.4019869267940521,OK,neutral,neutral,0.004764897366618571,-0.006291874330457445,0.4764897366618571,-0.6291874330457444,0.4764897366618571,0.6291874330457444,0.00042277833478743254
600,25.56573510169983,178.99851126716325,178.44527524319847,0.4019719511270523,OK,neutral,neutral,0.004344052420414647,-0.006768899741761369,0.4344052420414647,-0.6768899741761368,0.4344052420414647,0.6768899741761368,8.155673771792493e-05
601,25.61030077934265,179.05626862980483,178.37976365866348,0.40195266902446747,OK,neutral,neutral,0.00409340449261274,-0.007054917752215451,0.409340449261274,-0.7054917752215452,0.409340449261274,0.7054917752215452,-0.0005167406921167128
602,25.638708353042603,179.05113292876703,178.37898655305227,0.40187501907348633,OK,neutral,neutral,0.004117413784726503,-0.007057978597823648,0.4117413784726503,-0.7057978597823648,0.4117413784726503,0.7057978597823648,-0.0008988300875065747
603,25.68571972846985,179.15084689922782,178.39836395190264,0.40188945829868317,OK,neutral,neutral,0.0036825222446376592,-0.006972714853148891,0.36825222446376593,-0.697271485314889,0.36825222446376593,0.697271485314889,-0.0015781245638732955
604,25.728442430496216,179.22011899656087,178.41154434552732,0.4019009619951248,OK,neutral,neutral,0.003380861839640205,-0.006914611511474134,0.3380861839640205,-0.6914611511474134,0.3380861839640205,0.6914611511474134,-0.0026439623871272744
605,25.767815351486206,179.13213770732895,178.42780569448178,0.40176671743392944,OK,neutral,neutral,0.0037621477880379166,-0.006844529244099445,0.37621477880379167,-0.6844529244099445,0.37621477880379167,0.6844529244099445,-0.0029709891592792914
606,25.80629301071167,179.05902569617677,178.44387004860315,0.4016781747341156,OK,neutral,neutral,0.0040791595417258445,-0.006774823302658159,0.40791595417258447,-0.677482330265816,0.40791595417258447,0.677482330265816,-0.0030140707699599645
607,25.84148907661438,178.94403538015192,178.304392936643,0.40132609009742737,OK,neutral,neutral,0.004580500686370253,-0.007381421152954533,0.45805006863702524,-0.7381421152954533,0.45805006863702524,0.7381421152954533,-0.0033303421884269824
608,25.878031492233276,178.85209239432766,178.2148100531212,0.4011009484529495,OK,neutral,neutral,0.004980839789256944,-0.007770963861983476,0.49808397892569434,-0.7770963861983475,0.49808397892569434,0.7770963861983475,-0.0037587667884864118
609,25.908034563064575,178.86458063002928,178.17545126231894,0.40110620856285095,OK,neutral,neutral,0.004925869768246094,-0.007941401818706666,0.4925869768246094,-0.7941401818706666,0.4925869768246094,0.7941401818706666,-0.0030823989449417777
610,25.975115299224854,178.86838720235022,178.14286980628748,0.4011108875274658,OK,neutral,neutral,0.004908813228121596,-0.008082491803886538,0.49088132281215957,-0.8082491803886538,0.49088132281215957,0.8082491803886538,0.0019964591540375665
611,26.01073431968689,178.95151017283035,178.00946841183946,0.4010038673877716,OK,neutral,neutral,0.004551773819083176,-0.008662787751944697,0.4551773819083176,-0.8662787751944697,0.4551773819083176,0.8662787751944697,0.004563506725213884
612,26.053137063980103,179.0276038428535,177.92300134941092,0.4009338915348053,OK,neutral,neutral,0.004223224109650959,-0.00903889501722219,0.4223224109650959,-0.903889501722219,0.4223224109650959,0.903889501722219,0.005752437542225763
613,26.092753171920776,179.3292478281589,177.91118577958304,0.40115784108638763,OK,neutral,neutral,0.002915697173605744,-0.009088673703233689,0.2915697173605744,-0.9088673703233688,0.2915697173605744,0.9088673703233688,0.004932567951053901
614,26.158259868621826,179.33703482638032,177.90721510046424,0.40223489701747894,OK,neutral,neutral,0.0028823584596889963,-0.009104650363904532,0.2882358459688996,-0.9104650363904532,0.2882358459688996,0.9104650363904532,0.004683347884228972
615,26.197185039520264,179.33678954089677,177.87783731352698,0.40278005599975586,OK,neutral,neutral,0.0028841346151824722,-0.009230915787568957,0.2884134615182472,-0.9230915787568957,0.2884134615182472,0.9230915787568957,0.0050609247649058275
616,26.240460872650146,179.30733708762688,178.0015685287628,0.4027261584997177,OK,neutral,neutral,0.0030144926880955433,-0.008692563236599426,0.30144926880955436,-0.8692563236599427,0.30144926880955436,0.8692563236599427,0.004130927238267468
617,26.29253840446472,179.29951038098957,178.09367855507475,0.40268345177173615,OK,neutral,neutral,0.0030496179924689813,-0.00829179157272973,0.30496179924689815,-0.829179157272973,0.30496179924689815,0.829179157272973,0.0018396231925645878
618,26.326578855514526,179.3317435947237,178.3568702611473,0.4024829864501953,OK,neutral,neutral,0.0029094020430605744,-0.007146844157276216,0.29094020430605744,-0.7146844157276215,0.29094020430605744,0.7146844157276215,-0.000196983064941314
619,26.366493463516235,179.35125283590628,178.53810485381734,0.4023432284593582,OK,neutral,neutral,0.002825069803448623,-0.006358923364030199,0.2825069803448623,-0.6358923364030199,0.2825069803448623,0.6358923364030199,-0.0011442853661738361
620,26.413437843322754,179.4429791935359,178.45567287469345,0.4024350047111511,OK,neutral,neutral,0.002423670599185911,-0.006717073460270728,0.24236705991859112,-0.6717073460270728,0.24236705991859112,0.6717073460270728,-0.0010437289395275329
621,26.448009490966797,179.47325269916104,178.43284733739281,0.40241409838199615,OK,neutral,neutral,0.0022920340485384286,-0.006816978637651639,0.22920340485384286,-0.681697863765164,0.22920340485384286,0.681697863765164,-0.001113023483096721
