frame,time_s,left_fppa,right_fppa,pelvis_y,visibility_check,left_alignment,right_alignment,left_alignment_index,right_alignment_index,left_signed_deviation_percent,right_signed_deviation_percent,left_knee_deviation_percent,right_knee_deviation_percent,pelvis_y_filtered,pelvis_velocity
0,0.0,179.5065470876063,176.75691419433434,0.42668063938617706,OK,neutral,neutral,0.002153000241200936,-0.014125754167872488,0.21530002412009358,-1.4125754167872488,0.21530002412009358,1.4125754167872488,0.4266632135425295,-0.00035413570107106513
1,0.04793834686279297,179.50046570831407,176.79977754598096,0.4266815632581711,OK,neutral,neutral,0.0021795278623516733,-0.013939276306719907,0.21795278623516734,-1.3939276306719908,0.21795278623516734,1.3939276306719908,0.42664623686245506,-0.00033329446907703897
2,0.10296440124511719,179.509651189132,176.76826266803545,0.4266788363456726,OK,neutral,neutral,0.0021394757316497166,-0.014076456139963023,0.21394757316497165,-1.4076456139963023,0.21394757316497165,1.4076456139963023,0.42662921335015974,-0.00030467295449332354
3,0.15728354454040527,179.51449761235168,176.7474373559192,0.42655953764915466,OK,neutral,neutral,0.0021183194048782963,-0.014168075156358338,0.21183194048782963,-1.4168075156358337,0.21183194048782963,1.4168075156358337,0.4266129157372883,-0.00032004023814913296
4,0.210768461227417,179.5118004056026,176.86007545725147,0.42656180262565613,OK,neutral,neutral,0.002130091465754845,-0.01367653081338773,0.2130091465754845,-1.367653081338773,0.2130091465754845,1.367653081338773,0.4265947448355811,-0.0004124211724758631
5,0.26428651809692383,179.50860585711953,176.9344727679081,0.42656147480010986,OK,neutral,neutral,0.002144035565466122,-0.013351791452947237,0.21440355654661222,-1.3351791452947237,0.21440355654661222,1.3351791452947237,0.42656878062656944,-0.0005693543351736885
6,0.3227555751800537,179.49005731528032,176.93882268971524,0.42656655609607697,OK,neutral,neutral,0.0022249904483941404,-0.013334229592863688,0.22249904483941405,-1.333422959286369,0.22249904483941405,1.333422959286369,0.4265301121132714,-0.0005213323522905711
7,0.3808870315551758,179.49365692530998,176.93540497658998,0.4265534430742264,OK,neutral,neutral,0.0022092438533973754,-0.013350131827603431,0.22092438533973754,-1.335013182760343,0.22092438533973754,1.335013182760343,0.426507898739406,-0.00044151225187682996
8,0.43541741371154785,179.50333845181711,176.9260182887863,0.4264998137950897,OK,neutral,neutral,0.002166989621972504,-0.013392732160120473,0.2166989621972504,-1.3392732160120473,0.2166989621972504,1.3392732160120473,0.42648078501224507,-0.00046125618732517637
9,0.4912445545196533,179.51474412153232,176.96126696983706,0.42640815675258636,OK,neutral,neutral,0.00211718683665738,-0.013239090167875894,0.211718683665738,-1.3239090167875893,0.211718683665738,1.3239090167875893,0.4264570900372096,-0.0004146513042804223
10,0.5550806522369385,179.49407935397062,176.9449070491155,0.42640404403209686,OK,neutral,neutral,0.002207394874521799,-0.013311000602671614,0.2207394874521799,-1.3311000602671614,0.2207394874521799,1.3311000602671614,0.42643133444445475,-0.00016046468714581152
11,0.6088943481445312,179.4929534581312,176.9028369541455,0.4263720065355301,OK,neutral,neutral,0.00221230774927117,-0.013494352726745424,0.221230774927117,-1.3494352726745424,0.221230774927117,1.3494352726745424,0.4264337228877204,0.00012170310588643929
12,0.6623899936676025,179.50832370258905,176.91904571178074,0.42639560997486115,OK,neutral,neutral,0.0021452451520309525,-0.013423323722719531,0.21452451520309526,-1.3423323722719531,0.21452451520309526,1.3423323722719531,0.42644434528691433,0.0002669372943353565
13,0.7173428535461426,179.51164686670302,176.8766202883545,0.4263862669467926,OK,neutral,neutral,0.0021307337384990303,-0.013608222618466163,0.21307337384990302,-1.3608222618466164,0.21307337384990302,1.3608222618466164,0.4264628738164902,0.00037731636263771406
14,0.7717897891998291,179.50577488811643,176.85366277502445,0.4265701621770859,OK,neutral,neutral,0.0021562680979689357,-0.013705749191168059,0.21562680979689358,-1.370574919116806,0.21562680979689358,1.370574919116806,0.4264855831861495,0.0003895316634308088
15,0.8253836631774902,179.48082343551997,176.89217154615656,0.426574170589447,OK,neutral,neutral,0.002265122063345398,-0.013537845363242063,0.2265122063345398,-1.3537845363242063,0.2265122063345398,1.3537845363242063,0.42650500578539713,0.0003568559729036913
16,0.8811049461364746,179.49492130745745,176.83282693569674,0.4265378564596176,OK,neutral,neutral,0.0022036235557181426,-0.013796797480654783,0.22036235557181424,-1.3796797480654783,0.22036235557181424,1.3796797480654783,0.4265245688813073,0.00033118494353390204
17,0.9377622604370117,179.49741345135197,176.82278321272764,0.42656300961971283,OK,neutral,neutral,0.002192740744666484,-0.013841174914716151,0.21927407446664843,-1.3841174914716152,0.21927407446664843,1.3841174914716152,0.426542186311313,8.6538712615436e-05
18,0.9922623634338379,179.46129765497105,176.81813001444212,0.42650796473026276,OK,neutral,neutral,0.002350346838063141,-0.013861333365909357,0.23503468380631412,-1.3861333365909356,0.23503468380631412,1.3861333365909356,0.42653513806206833,7.480596090303493e-05
19,1.0520603656768799,179.4136484618163,176.85366337353267,0.4265325516462326,OK,neutral,neutral,0.0025582629710614035,-0.013705952812026787,0.25582629710614035,-1.3705952812026787,0.25582629710614035,1.3705952812026787,0.42655300455433987,0.00035027149802058233
20,1.109400749206543,179.39604873342742,176.85229580616928,0.4265095889568329,OK,neutral,neutral,0.002635050911732495,-0.013711124540200905,0.2635050911732495,-1.3711124540200905,0.2635050911732495,1.3711124540200905,0.4265759204115186,0.0005086377020981914
21,1.1623919010162354,179.4020708750123,176.84236264263552,0.42652082443237305,OK,neutral,neutral,0.0026087483901097303,-0.013753979039503641,0.260874839010973,-1.375397903950364,0.260874839010973,1.375397903950364,0.42660821122782566,0.0007066959380170879
22,1.2205829620361328,179.39987784025692,176.8339741632741,0.426699236035347,OK,neutral,neutral,0.0026183285882215392,-0.013787352425182446,0.2618328588221539,-1.3787352425182446,0.2618328588221539,1.3787352425182446,0.42665555434567587,0.0008743119160916635
23,1.2741289138793945,179.3968314700736,176.82593163664154,0.4266982674598694,OK,neutral,neutral,0.0026317179422505016,-0.013823308704369073,0.26317179422505016,-1.3823308704369073,0.26317179422505016,1.3823308704369073,0.42670536254133495,0.0009377666835410636
24,1.3307788372039795,179.3659534184804,176.8347682164551,0.4267890453338623,OK,neutral,neutral,0.0027664637085167585,-0.013785463571415694,0.27664637085167587,-1.3785463571415695,0.27664637085167587,1.3785463571415695,0.4267589407307761,0.000932286891844214
25,1.3874616622924805,179.293519330436,176.82727301131152,0.42683936655521393,OK,neutral,neutral,0.0030825198948730512,-0.013818327634787955,0.30825198948730514,-1.3818327634787955,0.30825198948730514,1.3818327634787955,0.4268110202891486,0.0006818988148098448
26,1.4434540271759033,179.24032701667664,176.82134665139827,0.42688120901584625,OK,neutral,neutral,0.003314620266368266,-0.013844327674661509,0.3314620266368266,-1.384432767466151,0.3314620266368266,1.384432767466151,0.4268360989434379,0.000440544407961152
27,1.4978907108306885,179.16185698619435,176.75770171678866,0.42688463628292084,OK,neutral,neutral,0.0036570128308417932,-0.014122004473879717,0.3657012830841793,-1.4122004473879717,0.3657012830841793,1.4122004473879717,0.42685969173908234,0.0003079249448068033
28,1.553938388824463,179.21217086979516,176.73516464721232,0.42688538134098053,OK,neutral,neutral,0.003437487760961551,-0.014220644816118427,0.3437487760961551,-1.4220644816118426,0.3437487760961551,1.4220644816118426,0.42686970957687914,0.00010452685300199605
29,1.6097018718719482,179.1604441031331,176.7433822699308,0.4268747866153717,OK,neutral,neutral,0.0036631796605482133,-0.014185596033483492,0.3663179660548213,-1.4185596033483492,0.3663179660548213,1.4185596033483492,0.4268714210816792,-1.1197661569539719e-05
30,1.666583776473999,179.13719961527508,176.71429000423404,0.4268634170293808,OK,neutral,neutral,0.0037646039386228384,-0.014316195786436446,0.37646039386228386,-1.4316195786436445,0.37646039386228386,1.4316195786436445,0.42686835357121056,-9.253295274413986e-05
31,1.7236018180847168,179.1350228393719,176.68946795495498,0.42685917019844055,OK,neutral,neutral,0.003774179260152616,-0.0144222020518679,0.3774179260152616,-1.4422202051867898,0.3774179260152616,1.4422202051867898,0.42686087105955395,-0.000165036196085655
32,1.778226613998413,179.14344757598786,176.6918730385362,0.4268513470888138,OK,neutral,neutral,0.0037374276048328598,-0.014413138200278649,0.373742760483286,-1.4413138200278648,0.373742760483286,1.4413138200278648,0.4268500868763242,-0.00018770904554177292
33,1.8308131694793701,179.12931147613833,176.70719037899482,0.4268597364425659,OK,neutral,neutral,0.0037990997376739855,-0.014346462260844782,0.37990997376739855,-1.4346462260844783,0.37990997376739855,1.4346462260844783,0.4268407076597214,-0.00021622128436815657
34,1.886979579925537,179.12975630099888,176.70748261568878,0.42683225870132446,OK,neutral,neutral,0.0037971603037899007,-0.01434390049462777,0.3797160303789901,-1.434390049462777,0.3797160303789901,1.434390049462777,0.426826291850635,-0.0002655337538888247
35,1.9432651996612549,179.18117764209455,176.77763309374296,0.4268098920583725,OK,neutral,neutral,0.003572789857285611,-0.014037276332828289,0.3572789857285611,-1.4037276332828288,0.3572789857285611,1.4037276332828288,0.4268108457326889,-0.00022953995751162637
36,1.9955241680145264,179.15193624189604,176.79119506009494,0.4268091320991516,OK,neutral,neutral,0.00370039615572369,-0.013979917194170566,0.370039615572369,-1.3979917194170566,0.370039615572369,1.3979917194170566,0.4268010279961994,-0.00017270725580242896
37,2.0523910522460938,179.12068169060854,176.77150504461318,0.42676250636577606,OK,neutral,neutral,0.0038367653224235855,-0.014065532089283277,0.38367653224235854,-1.4065532089283277,0.38367653224235854,1.4065532089283277,0.42679214477539057,-9.975521325777947e-05
38,2.1042206287384033,179.0944304897528,176.78004082130613,0.426751047372818,OK,neutral,neutral,0.003951313334746595,-0.01402894786313482,0.39513133347465945,-1.402894786313482,0.39513133347465945,1.402894786313482,0.42678964138031006,0.00044007200430096205
39,2.159292697906494,179.07299895385137,176.82858530944165,0.42678262293338776,OK,neutral,neutral,0.004044785848594972,-0.013816030662024715,0.40447858485949717,-1.3816030662024714,0.40447858485949717,1.3816030662024714,0.42684245535305565,0.0017937710082387426
40,2.2163195610046387,179.04781973815412,176.84659833356773,0.426797553896904,OK,neutral,neutral,0.0041546288490420325,-0.013736691826668018,0.41546288490420324,-1.3736691826668017,0.41546288490420324,1.3736691826668017,0.42699404273714336,0.0053494169468573105
41,2.2685744762420654,179.0188310339416,176.94263175060837,0.4268147349357605,OK,neutral,neutral,0.004281164924327421,-0.013313665681474938,0.4281164924327421,-1.3313665681474938,0.4281164924327421,1.3313665681474938,0.42740243886198315,0.010478877121699703
42,2.3234188556671143,178.98786080806062,177.12856111625752,0.42717958986759186,OK,neutral,neutral,0.004416178959577066,-0.01249511806757557,0.4416178959577066,-1.249511806757557,0.4416178959577066,1.249511806757557,0.428130458508219,0.023670925817063537
43,2.3789565563201904,176.34208687003792,178.36352470120798,0.4278702437877655,OK,neutral,neutral,0.015960603286035137,-0.007113927250382012,1.5960603286035138,-0.7113927250382012,1.5960603286035138,0.7113927250382012,0.4300297924450466,0.04087679504095343
44,2.4366002082824707,175.05600152509854,179.74784492512774,0.42962127923965454,OK,varus,neutral,0.021577936508148862,-0.0010967234106665446,2.1577936508148863,-0.10967234106665445,2.1577936508148863,0.10967234106665445,0.4327856089387621,0.054859513706288165
45,2.492966413497925,173.85512680004263,179.65753757132964,0.4318471848964691,OK,varus,neutral,0.026828838921289844,0.00148905132942893,2.6828838921289844,0.148905132942893,2.6828838921289844,0.148905132942893,0.4362665010350091,0.07135805960540065
46,2.5497522354125977,169.31630456749298,176.37674749872517,0.4400779604911804,OK,varus,neutral,0.04673809968479944,0.015729486072119485,4.673809968479944,1.5729486072119485,4.673809968479944,1.5729486072119485,0.4408680072852543,0.09208723334896085
47,2.6025991439819336,166.15907441009742,174.94738085337087,0.4460882693529129,OK,varus,varus,0.060667754261968854,0.021968816916102765,6.066775426196886,2.1968816916102765,6.066775426196886,2.1968816916102765,0.4462782101971762,0.12610496661253912
48,2.6560139656066895,163.65371487800127,172.7957805314708,0.45118097960948944,OK,varus,varus,0.07181137852216889,0.031394064524097515,7.181137852216889,3.1394064524097516,7.181137852216889,3.1394064524097516,0.454295237149511,0.15833505664677983
49,2.712507486343384,160.5919372529364,170.0921767241626,0.45939013361930847,OK,varus,varus,0.08538245977420278,0.043206944868886585,8.538245977420278,4.320694486888659,8.538245977420278,4.320694486888659,0.4637327854122434,0.1613262289328814
50,2.76918363571167,157.58636664112214,168.2207748762151,0.46574166417121887,OK,varus,varus,0.09882046878134752,0.05138106238037409,9.882046878134751,5.138106238037409,9.882046878134751,5.138106238037409,0.47255037724971766,0.15361960808897246
51,2.8267648220062256,149.64486297506386,161.62382156122302,0.48574046790599823,OK,varus,varus,0.13540267239416898,0.0805634441918835,13.540267239416897,8.056344419188349,13.540267239416897,8.056344419188349,0.4812813784394945,0.15512341635288074
52,2.878636598587036,146.1797288397771,158.3289787360071,0.4979100227355957,OK,varus,varus,0.15178938852413282,0.09549713243437336,15.178938852413282,9.549713243437335,15.178938852413282,9.549713243437335,0.4894911753279822,0.16994434326645091
53,2.9334278106689453,144.63312049341837,156.51423937983537,0.5018011033535004,OK,varus,varus,0.15934608588139665,0.10383028162038015,15.934608588139664,10.383028162038014,15.934608588139664,10.383028162038014,0.4994782273258481,0.18057906333293605
54,2.988281011581421,142.9067062036088,153.20343933611653,0.5072052776813507,OK,varus,varus,0.1677321442527607,0.11907813374972019,16.77321442527607,11.907813374972019,16.77321442527607,11.907813374972019,0.5092904503856386,0.15695420119368375
55,3.0433740615844727,141.1719719419938,152.5535053672958,0.5086495578289032,OK,varus,varus,0.17618319076293634,0.12202862825561052,17.618319076293634,12.202862825561052,17.618319076293634,12.202862825561052,0.5167242118290493,0.1226392951150661
56,3.0964624881744385,133.4802285003634,149.84988913522213,0.5292994976043701,OK,varus,varus,0.21460894415408105,0.13463204443224042,21.460894415408106,13.463204443224042,21.460894415408106,13.463204443224042,0.5226061344146729,0.10813685300246512
57,3.1503398418426514,131.11069565690073,148.8337418849771,0.5344272255897522,OK,varus,varus,0.2271681566202413,0.13943503071769256,22.716815662024132,13.943503071769255,22.716815662024132,13.943503071769255,0.5282869296414512,0.0981256838311797
58,3.2074050903320312,129.73686573455504,148.2885724431173,0.5377767980098724,OK,varus,varus,0.23444648004177562,0.14200842834551666,23.444648004177562,14.200842834551667,23.444648004177562,14.200842834551667,0.5334444429193224,0.09216658183433069
59,3.2591640949249268,129.5199752764161,147.64343208672173,0.5390834808349609,OK,varus,varus,0.23568882298884364,0.14498134573035704,23.568882298884365,14.498134573035703,23.568882298884365,14.498134573035703,0.5382988027163914,0.0628016470635151
60,3.3156933784484863,128.54015096190048,146.59586079918986,0.5415666699409485,OK,varus,varus,0.24087034330874849,0.14976847421661674,24.08703433087485,14.976847421661674,24.08703433087485,14.976847421661674,0.5399358783449445,0.018792871641646336
61,3.371608257293701,127.78080866253606,145.75919637248205,0.5433078706264496,OK,varus,varus,0.24496718239812823,0.15358102974368945,24.49671823981282,15.358102974368945,24.49671823981282,15.358102974368945,0.5404243767261505,-0.017477139562061872
62,3.426229476928711,128.52181876685506,146.14735752153487,0.5426300764083862,OK,varus,varus,0.2409404186379413,0.15177950230490903,24.09404186379413,15.177950230490902,24.09404186379413,15.177950230490902,0.5380710618836538,-0.052801028376914694
63,3.4849226474761963,129.44851685609999,146.5513806586148,0.5407590270042419,OK,varus,varus,0.23606410486428925,0.15006127486374563,23.606410486428924,15.006127486374563,23.606410486428924,15.006127486374563,0.5343591783727918,-0.08035996820242541
64,3.538637399673462,130.61208350746574,147.2333098344668,0.537846714258194,OK,varus,varus,0.22990050818870333,0.1469090347029316,22.990050818870333,14.69090347029316,22.990050818870333,14.69090347029316,0.5292011754853384,-0.10336773953724698
65,3.5941433906555176,135.20889039214154,150.2463511921007,0.5213035941123962,OK,varus,varus,0.2056462353851282,0.13262788526358274,20.56462353851282,13.262788526358275,20.56462353851282,13.262788526358275,0.5230425362076078,-0.1275401830953351
66,3.6490912437438965,137.79823088359305,151.54959935873538,0.5131002962589264,OK,varus,varus,0.19253008095582624,0.12630047584211182,19.253008095582626,12.630047584211182,19.253008095582626,12.630047584211182,0.5151322931051254,-0.16500179859229114
67,3.7023940086364746,140.46050787935266,154.01949256296064,0.505460649728775,OK,varus,varus,0.17930296387033928,0.11475212441569793,17.930296387033927,11.475212441569793,17.930296387033927,11.475212441569793,0.5052491873502731,-0.18980058788651277
68,3.7571775913238525,142.3646117903487,155.34319188352836,0.5001973956823349,OK,varus,varus,0.16986099679429603,0.10855562242275361,16.986099679429604,10.855562242275361,16.986099679429604,10.855562242275361,0.4946042703730719,-0.18553588854737502
69,3.8104615211486816,146.56615863070826,160.46925162046603,0.4872583746910095,OK,varus,varus,0.14981778942409812,0.08533982158481945,14.981778942409813,8.533982158481946,14.981778942409813,8.533982158481946,0.4851728337151663,-0.16999842266199483
70,3.865800142288208,150.62698706271155,163.59418433792166,0.4715772867202759,OK,varus,varus,0.13062890954938966,0.07135997572376872,13.062890954938966,7.135997572376872,13.062890954938966,7.135997572376872,0.4761679491826466,-0.1749305670138055
71,3.921417236328125,154.4036591675509,167.44062606135375,0.46333229541778564,OK,varus,varus,0.11345804080571412,0.054758016038589014,11.345804080571412,5.475801603858901,11.345804080571412,5.475801603858901,0.4657564716679709,-0.18108443364144033
72,3.9775118827819824,156.86386151861032,169.6364207525898,0.4552835375070572,OK,varus,varus,0.10220934621849286,0.04520168413058933,10.220934621849285,4.520168413058933,10.220934621849285,4.520168413058933,0.45594455727509087,-0.16083739536975816
73,4.034793138504028,161.1549341245531,171.67603352228167,0.45006610453128815,OK,varus,varus,0.08288777673899966,0.03632487072392352,8.288777673899967,3.632487072392352,8.288777673899967,3.632487072392352,0.44755515456199646,-0.1325753044728506
74,4.090003252029419,169.94891281617151,175.53766369277773,0.4325803071260452,OK,varus,neutral,0.04391143786300183,0.01946208602198511,4.391143786300183,1.9462086021985112,4.391143786300183,1.9462086021985112,0.4409745058843067,-0.11196884801198337
75,4.143757581710815,172.9639734976536,176.7572058898163,0.4315139949321747,OK,varus,neutral,0.030696272279328366,0.014136119136479563,3.0696272279328367,1.4136119136479564,3.0696272279328367,1.4136119136479564,0.4353337756225041,-0.09714040821707748
76,4.195852994918823,174.26044126574038,177.30739327854502,0.42853255569934845,OK,varus,neutral,0.025043403303441222,0.011736772845005202,2.5043403303441223,1.1736772845005203,2.5043403303441223,1.1736772845005203,0.43066675535270144,-0.07970858659252489
77,4.252184629440308,175.18605340438356,178.67812901016404,0.42551274597644806,OK,varus,neutral,0.020991227350396133,0.005764770645006919,2.0991227350396136,0.5764770645006919,2.0991227350396136,0.5764770645006919,0.4267782973391669,-0.04707661801017515
78,4.307617664337158,176.671827354181,178.7663211220058,0.42384718358516693,OK,neutral,neutral,0.014506523552983343,0.005379605470135518,1.4506523552983344,0.5379605470135518,1.4506523552983344,0.5379605470135518,0.4253661164215633,-0.023169980484069264
79,4.360756874084473,178.48533782969957,179.35431430071807,0.4226143956184387,OK,neutral,neutral,0.006606261353048388,-0.0028158907154164697,0.6606261353048388,-0.281589071541647,0.6606261353048388,0.281589071541647,0.42425232274191715,-0.017941442156789833
80,4.415713310241699,179.23937421114866,178.61995105762952,0.4228468984365463,OK,neutral,neutral,0.0033168457318415337,-0.006018288322151108,0.33168457318415334,-0.6018288322151109,0.33168457318415334,0.6018288322151109,0.4234378827469689,-0.011539903116111638
81,4.468197345733643,179.5028902270542,178.13871854777926,0.4226950407028198,OK,neutral,neutral,0.0021679598403181663,-0.008115714365323082,0.21679598403181663,-0.8115714365323082,0.21679598403181663,0.8115714365323082,0.42299661678927286,-0.006329925705850226
82,4.522822856903076,179.36958727781044,178.4430748577844,0.4237174391746521,OK,neutral,neutral,0.002749146185574084,-0.006788948065099279,0.2749146185574084,-0.6788948065099278,0.2749146185574084,0.6788948065099278,0.4227689674922398,-0.002937084652010924
83,4.578591585159302,179.24409672018209,177.69079771291217,0.4228314757347107,OK,neutral,neutral,0.003296260776302231,-0.010068224653045273,0.3296260776302231,-1.0068224653045272,0.3296260776302231,1.0068224653045272,0.422675222158432,-0.0012928178567834792
84,4.6312947273254395,179.2847988744958,176.95335070057834,0.4224238842725754,OK,neutral,neutral,0.0031190000581136747,-0.013281642442100075,0.31190000581136745,-1.3281642442100074,0.31190000581136745,1.3281642442100074,0.42262641872678486,-0.00010642883575240347
85,4.68787693977356,179.21858245563453,176.556957041661,0.42225363850593567,OK,neutral,neutral,0.003407941092816789,-0.015010937361402042,0.34079410928167886,-1.5010937361402041,0.34079410928167886,1.5010937361402041,0.4226701834372112,-0.0003806944207327412
86,4.746003866195679,179.0852863030891,176.69322529960277,0.42195817828178406,OK,neutral,neutral,0.00398902110792032,-0.014413791051779085,0.39890211079203197,-1.4413791051779086,0.39890211079203197,1.4413791051779086,0.42257913521357937,-0.00013175027867351474
87,4.801160097122192,179.16875560644317,176.77178671264937,0.4225052744150162,OK,neutral,neutral,0.0036255741672550626,-0.014071019180438835,0.36255741672550623,-1.4071019180438835,0.36255741672550623,1.4071019180438835,0.42264695252690987,0.0018970967131659577
88,4.859037160873413,179.18127062214324,176.9848544730238,0.42300139367580414,OK,neutral,neutral,0.003571054487164358,-0.013139370731636785,0.3571054487164358,-1.3139370731636786,0.3571054487164358,1.3139370731636786,0.42279729247093195,0.003120075331955796
89,4.910520792007446,179.10208323823184,176.8753668066907,0.42308010160923004,OK,neutral,neutral,0.003916880667970524,-0.013617429750700055,0.39168806679705237,-1.3617429750700054,0.39168806679705237,1.3617429750700054,0.42298185399600435,0.00827470698033439
90,4.963918685913086,179.0562405266015,177.03200638546755,0.4233061969280243,OK,neutral,neutral,0.004116820661118939,-0.012934177199923631,0.41168206611189395,-1.293417719992363,0.41168206611189395,1.293417719992363,0.4236834453684943,0.018920451138237038
91,5.019118547439575,179.02681942396225,177.153192202508,0.4234762638807297,OK,neutral,neutral,0.004245187479454892,-0.012405656559889306,0.42451874794548916,-1.2405656559889306,0.42451874794548916,1.2405656559889306,0.42505776030676706,0.027223116849273588
92,5.073136806488037,179.04590233982375,177.67967158542984,0.42354556918144226,OK,neutral,neutral,0.004161923646060639,-0.01010496339735077,0.41619236460606385,-1.010496339735077,0.41619236460606385,1.010496339735077,0.4266512649399894,0.03615041194822366
93,5.127173185348511,174.30362756591322,179.5827359477486,0.42686931788921356,OK,varus,neutral,0.024867987341206273,-0.0018172814603326373,2.4867987341206272,-0.18172814603326373,2.4867987341206272,0.18172814603326373,0.4289642210517611,0.055300007417429686
94,5.1820783615112305,171.74874063684004,178.20229972893202,0.4321254789829254,OK,varus,neutral,0.0360639094656351,0.00783076393702881,3.60639094656351,0.783076393702881,3.60639094656351,0.783076393702881,0.43269762183938704,0.07577360245927389
95,5.241420269012451,169.76714979746254,176.70193342804572,0.4341559261083603,OK,varus,neutral,0.04476530529997223,0.014352394385273795,4.476530529997223,1.4352394385273795,4.476530529997223,1.4352394385273795,0.43769292533397675,0.09701042528578618
96,5.294051170349121,168.0080407743016,175.85536761697597,0.4392707943916321,OK,varus,neutral,0.05248890325967575,0.018043705622021712,5.248890325967575,1.8043705622021713,5.248890325967575,1.8043705622021713,0.4433976582118443,0.11211242311167258
97,5.351068735122681,163.45988602025244,173.55413887220845,0.44944000244140625,OK,varus,varus,0.07266914428699689,0.02810716000683705,7.266914428699689,2.810716000683705,7.266914428699689,2.810716000683705,0.4500198875154767,0.130277023975518
98,5.40050745010376,160.74047800672977,170.04096131822422,0.45844338834285736,OK,varus,varus,0.0847683437772403,0.04341625026360502,8.47683437772403,4.341625026360503,8.47683437772403,4.341625026360503,0.45706647421632496,0.15258216810555458
99,5.457608461380005,158.02137721288213,166.4129341998777,0.4634786993265152,OK,varus,varus,0.09692504415239342,0.059260909553005045,9.692504415239341,5.926090955300505,9.692504415239341,5.926090955300505,0.46644190379551476,0.16731419755306476
100,5.513564348220825,154.63336854647162,163.516737562731,0.4732249230146408,OK,varus,varus,0.11233530398625652,0.07219443145228979,11.233530398625652,7.219443145228979,11.233530398625652,7.219443145228979,0.47597541553633554,0.16416171090217624
101,5.570310354232788,152.30613674733522,161.60515909605857,0.4814515858888626,OK,varus,varus,0.12299002596867781,0.08069718062961669,12.29900259686778,8.069718062961668,12.29900259686778,8.069718062961668,0.48493335076740807,0.15789965297005804
102,5.6236021518707275,146.88905806273263,158.73222940373591,0.4997839331626892,OK,varus,varus,0.14832348224028208,0.09370655056950666,14.832348224028207,9.370655056950666,14.832348224028207,9.370655056950666,0.49335008221013205,0.15033605342905076
103,5.6755359172821045,144.86230224576724,156.99261785819573,0.5060053765773773,OK,varus,varus,0.15826216729767068,0.1017099024718163,15.826216729767067,10.17099024718163,15.826216729767067,10.17099024718163,0.5007729274885995,0.1323992327035448
104,5.730016469955444,142.8521066194451,155.19842009276667,0.5121455490589142,OK,varus,varus,0.16800178322964515,0.10977847290937372,16.800178322964516,10.977847290937373,16.800178322964516,10.977847290937373,0.5073843066181455,0.12551338650091903
105,5.784132957458496,140.8898863744286,152.4269401147206,0.517360508441925,OK,varus,varus,0.17759782173834918,0.12263625486777865,17.759782173834918,12.263625486777865,17.759782173834918,12.263625486777865,0.5144002905913762,0.10763035623674089
106,5.8356053829193115,140.9927922648829,153.93165359469884,0.5154386162757874,OK,varus,varus,0.17708081778455834,0.11570841776903334,17.708081778455835,11.570841776903334,17.708081778455835,11.570841776903334,0.5188624560832976,0.07342250167746656
107,5.891542434692383,139.58163268319822,153.92396407758847,0.519504576921463,OK,varus,varus,0.18403034767901286,0.11568232429371628,18.403034767901286,11.568232429371628,18.403034767901286,11.568232429371628,0.5221629525933946,0.04927484988192088
108,5.9457666873931885,135.71836020403566,151.7962513873082,0.530563473701477,OK,varus,varus,0.2034326181315076,0.12558702499416216,20.34326181315076,12.558702499416215,20.34326181315076,12.558702499416215,0.5243234549249921,0.02650254996665158
109,5.997946500778198,135.37351525139843,151.3784023630743,0.5310190916061401,OK,varus,varus,0.20519064950051255,0.12754627958485515,20.519064950051256,12.754627958485514,20.519064950051256,12.754627958485514,0.5250364542007446,0.004482353139523276
110,6.055392026901245,135.66041707201336,151.6740236254774,0.529108852148056,OK,varus,varus,0.20364565005783802,0.1261658950079847,20.364565005783803,12.616589500798469,20.364565005783803,12.616589500798469,0.5247132565293993,-0.021936915684867664
111,6.114503622055054,136.189972324657,152.04247924357793,0.5272690653800964,OK,varus,varus,0.20089031026164084,0.1244342332192863,20.089031026164083,12.44342332192863,20.089031026164083,12.44342332192863,0.5224244126251765,-0.0739137505145333
112,6.168283939361572,137.04052142705618,153.18344984646464,0.5223515033721924,OK,varus,varus,0.19670097745758564,0.11903729601197761,19.670097745758564,11.903729601197762,19.670097745758564,11.903729601197762,0.5167273176567895,-0.1164340928487686
113,6.223417043685913,138.52662559451866,154.78933088993338,0.5131762325763702,OK,varus,varus,0.18923694352006545,0.11153594841242755,18.923694352006546,11.153594841242755,18.923694352006546,11.153594841242755,0.5097144075802393,-0.16812116556686352
114,6.2741570472717285,140.48776764324128,156.03662409032955,0.5034826695919037,OK,varus,varus,0.1794426757702903,0.10564494646060323,17.94426757702903,10.564494646060323,17.94426757702903,10.564494646060323,0.49927302769252224,-0.2160881600393303
115,6.326860189437866,144.45484095348002,158.23220318901306,0.49068380892276764,OK,varus,varus,0.16001460480661903,0.09564373961206923,16.0014604806619,9.564373961206924,16.0014604806619,9.564373961206924,0.4873203209468296,-0.21827440154836353
116,6.383195400238037,147.2509669787967,160.10983223799545,0.4819287210702896,OK,varus,varus,0.14660756644425538,0.08734380058525805,14.660756644425538,8.734380058525804,14.660756644425538,8.734380058525804,0.4755367594105856,-0.2097334682330425
117,6.440449476242065,157.1705390396207,168.4383302894528,0.45601919293403625,OK,varus,varus,0.10037127348621265,0.05014022294276284,10.037127348621265,5.014022294276284,10.037127348621265,5.014022294276284,0.4634957994733538,-0.2130483064028157
118,6.493081569671631,162.3785279130925,172.50380986484674,0.4436001181602478,OK,varus,varus,0.0773956152287071,0.0325937690726114,7.7395615228707095,3.2593769072611396,7.7395615228707095,3.2593769072611396,0.45215001063687454,-0.19257588439786577
119,6.550678968429565,166.35795462712042,174.2298078093318,0.4398665726184845,OK,varus,varus,0.05975936391172513,0.02512360259048498,5.975936391172513,2.512360259048498,5.975936391172513,2.512360259048498,0.4425073521477835,-0.1732137489124863
120,6.598823070526123,172.69882189628348,176.75548192092722,0.42888951301574707,OK,varus,neutral,0.03185877078008359,0.014148668669090345,3.185877078008359,1.4148668669090345,3.185877078008359,1.4148668669090345,0.4339347694601331,-0.13600186032832173
121,6.663620233535767,177.49138603044892,178.7153907121695,0.4240621477365494,OK,neutral,neutral,0.010932207132907483,0.005603354820302924,1.0932207132907483,0.5603354820302924,1.0932207132907483,0.5603354820302924,0.4287902265787124,-0.07123224774600523
122,6.718907356262207,179.2446873452452,179.54489366368142,0.42318519949913025,OK,neutral,neutral,0.0032955265270174583,-0.0019854897733451986,0.32955265270174583,-0.19854897733451987,0.32955265270174583,0.19854897733451987,0.42523704043456484,-0.05576630912380365
123,6.7756667137146,178.89775875711655,179.3769798758608,0.42192064225673676,OK,neutral,neutral,0.004808643109011853,-0.002718106501129412,0.4808643109011853,-0.2718106501129412,0.4808643109011853,0.2718106501129412,0.4225671738386154,-0.03275114935886414
124,6.829602241516113,179.135058507779,178.74247789465574,0.4200073927640915,OK,neutral,neutral,0.0037732494971047742,-0.005486271430070932,0.3773249497104774,-0.5486271430070933,0.3773249497104774,0.5486271430070933,0.4215329736471176,-0.013504633851167291
125,6.884958505630493,179.09644125116233,178.1625014515927,0.4187278151512146,OK,neutral,neutral,0.003942218318560596,-0.008012855274302006,0.39422183185605963,-0.8012855274302005,0.39422183185605963,0.8012855274302005,0.4211075518812452,-0.007995913090139695
126,6.93811559677124,179.60332494615966,177.41006587010884,0.4211775064468384,OK,neutral,neutral,0.0017307776919524148,-0.011293665858854685,0.17307776919524148,-1.1293665858854685,0.17307776919524148,1.1293665858854685,0.4206666499376297,-0.006369018960839412
127,6.992894649505615,179.96058162654796,177.1428754857739,0.42165011167526245,OK,neutral,neutral,0.00017198764140227734,-0.01245714470097003,0.017198764140227734,-1.245714470097003,0.017198764140227734,1.245714470097003,0.4204264453479222,-0.0038196757478838883
128,7.048389434814453,179.77711000888723,177.04040492251485,0.4210841953754425,OK,neutral,neutral,-0.0009724315430986489,-0.012897982007078573,-0.0972431543098649,-1.2897982007078572,0.0972431543098649,1.2897982007078572,0.4202462541205543,-0.00030593352279950636
129,7.094663858413696,179.78407946249206,177.15932255381819,0.4200988858938217,OK,neutral,neutral,-0.0009418692786844028,-0.012374534153469546,-0.09418692786844028,-1.2374534153469545,0.09418692786844028,1.2374534153469545,0.42034558100359776,-0.0005275966760041051
130,7.148437261581421,179.6010183411256,177.13320717688407,0.4202392101287842,OK,neutral,neutral,-0.0017407089105334155,-0.012483219884522069,-0.17407089105334156,-1.2483219884522068,0.17407089105334156,1.2483219884522068,0.42015011395726887,-0.003901936758358815
131,7.2038774490356445,179.81222947839996,176.99766155497912,0.41874605417251587,OK,neutral,neutral,-0.0008191113960759122,-0.013072115185046472,-0.08191113960759122,-1.3072115185046471,0.08191113960759122,1.3072115185046471,0.419918532882418,-0.003104019603749286
132,7.255586624145508,179.90770787837417,176.69074593548933,0.41942310333251953,OK,neutral,neutral,-0.000402637177952451,-0.014408828935607704,-0.0402637177952451,-1.4408828935607705,0.0402637177952451,1.4408828935607705,0.419809782079288,-0.0002810878205381506
133,7.314254999160767,179.97202725589585,176.80231981003038,0.4198092371225357,OK,neutral,neutral,-0.00012203490295552711,-0.013920688183310496,-0.012203490295552712,-1.3920688183310497,0.012203490295552712,1.3920688183310497,0.419914573431015,0.0029396323699026894
134,7.3689866065979,179.9094838528046,177.04510928738154,0.42002904415130615,OK,neutral,neutral,0.00039489791851622956,-0.012861960309551727,0.039489791851622956,-1.2861960309551728,0.039489791851622956,1.2861960309551728,0.4201343591724123,0.007017626694542756
135,7.429153680801392,179.724591168359,177.4521991188854,0.4203229397535324,OK,neutral,neutral,0.0012014855660964212,-0.011087674115906021,0.12014855660964212,-1.108767411590602,0.12014855660964212,1.108767411590602,0.4207551436764853,0.01326462531295558
136,7.4841837882995605,178.53388550925524,178.30527044642727,0.42083242535591125,OK,neutral,neutral,0.006394603364259316,-0.0073739722292279625,0.6394603364259316,-0.7373972229227963,0.6394603364259316,0.7373972229227963,0.42163342237472534,0.0350061916902793
137,7.5399415493011475,177.2678292250963,178.81983785838543,0.42177771031856537,OK,neutral,neutral,0.011904175823230272,-0.0051353756006705525,1.1904175823230272,-0.5135375600670553,1.1904175823230272,0.5135375600670553,0.4246613063982555,0.06915552584946827
138,7.588374376296997,175.7575418605658,179.73727670393845,0.4230915457010269,OK,neutral,neutral,0.01848421067162875,-0.0011435296881153626,1.848421067162875,-0.11435296881153625,1.848421067162875,0.11435296881153625,0.4286354993070875,0.07908808932515754
139,7.645003318786621,174.5785311550812,179.43484151026487,0.4255710542201996,OK,varus,neutral,0.023634616392337757,0.002461193818948321,2.3634616392337757,0.2461193818948321,2.3634616392337757,0.2461193818948321,0.43291767793042324,0.08548921828810485
140,7.698037147521973,169.06053440900868,175.63557054920983,0.4410044252872467,OK,varus,neutral,0.04785363505078163,0.019023735099548817,4.785363505078163,1.9023735099548817,4.785363505078163,1.9023735099548817,0.43794176195349016,0.09752139816537087
141,7.75550389289856,165.71132108635013,174.1704762254414,0.4478483945131302,OK,varus,varus,0.06266879019667253,0.025425781122848816,6.266879019667253,2.5425781122848816,6.266879019667253,2.5425781122848816,0.44371959779943737,0.1347082247721163
142,7.8110151290893555,163.7851316505495,172.86198372503483,0.4502981901168823,OK,varus,varus,0.07122650875027668,0.031130141564018648,7.122650875027668,3.113014156401865,7.122650875027668,3.113014156401865,0.45302947504179814,0.17951397589078422
143,7.865230560302734,162.4293474360815,170.83491931045953,0.45600101351737976,OK,varus,varus,0.07727100584375113,0.04001628033160179,7.727100584375113,4.001628033160179,7.727100584375113,4.001628033160179,0.4633868379252297,0.17658005665731613
144,7.921264886856079,159.50602236348578,168.8935427162272,0.46222256124019623,OK,varus,varus,0.09033764713050917,0.04849213083904258,9.033764713050916,4.849213083904258,9.033764713050916,4.849213083904258,0.4724438956805637,0.1682447220599066
145,7.978363990783691,149.49282829822752,161.90996571040947,0.4882606863975525,OK,varus,varus,0.13600039928835733,0.0789728683468164,13.600039928835733,7.89728683468164,13.600039928835733,7.89728683468164,0.4824351519346236,0.1876485602745026
146,8.030622005462646,145.91094685094927,158.71740495495587,0.4980725944042206,OK,varus,varus,0.1528287981748171,0.09325607152558539,15.28287981748171,9.32560715255854,15.28287981748171,9.32560715255854,0.4928471509899411,0.19272451084322206
147,8.085955142974854,144.11910545202258,155.97317784471286,0.504403829574585,OK,varus,varus,0.16150822310525167,0.1058159411160878,16.150822310525168,10.58159411160878,16.150822310525168,10.58159411160878,0.5031293396438871,0.1888698446383721
148,8.140557289123535,139.8267991904288,154.39094184631358,0.5177871882915497,OK,varus,varus,0.1823650578609687,0.11362745114100664,18.23650578609687,11.362745114100663,18.23650578609687,11.362745114100663,0.5136061864239829,0.16256682104680475
149,8.19540524482727,137.38266951167643,151.48929101631302,0.5231821835041046,OK,varus,varus,0.1947914684892213,0.1269054857626023,19.47914684892213,12.69054857626023,19.47914684892213,12.69054857626023,0.5209078533308846,0.12242806646762183
150,8.251251220703125,135.62648949158003,149.96838380751603,0.5279763340950012,OK,varus,varus,0.2037987800441646,0.13397993822176466,20.37987800441646,13.397993822176465,20.37987800441646,13.397993822176465,0.5271366834640503,0.11007251850566568
151,8.306378602981567,133.20637004155083,147.85880294828388,0.5355604887008667,OK,varus,varus,0.21621425238562866,0.1440308431855933,21.621425238562868,14.403084318559332,21.621425238562868,14.403084318559332,0.5331250599452427,0.09138946115425117
152,8.35918927192688,131.84214120431636,148.31995742799683,0.5393723547458649,OK,varus,varus,0.22339969880980562,0.14183998507158135,22.33996988098056,14.183998507158135,22.33996988098056,14.183998507158135,0.537079278911863,0.06429997906751161
153,8.41421103477478,131.0587668009332,146.96098694008174,0.54167440533638,OK,varus,varus,0.22755274448256443,0.14820725863735704,22.755274448256444,14.820725863735703,22.755274448256444,14.820725863735703,0.5400109376226153,0.04676985157169433
154,8.469346046447754,129.0761102854213,145.77184614031597,0.5463224649429321,OK,varus,varus,0.23803858844341516,0.15368827536599888,23.803858844341516,15.368827536599888,23.803858844341516,15.368827536599888,0.5422298184462956,0.02830129002033388
155,8.523779153823853,129.11893119049074,146.48244890871044,0.5454667210578918,OK,varus,varus,0.23780111593206607,0.15032863775474842,23.780111593206605,15.032863775474842,23.780111593206605,15.032863775474842,0.5431285159928458,-0.015527093898457522
156,8.581149339675903,130.02081157671822,147.28586990956117,0.5437037944793701,OK,varus,varus,0.2330287743396667,0.14666167897938603,23.30287743396667,14.666167897938603,23.30287743396667,14.666167897938603,0.5403005693640028,-0.0688860362941135
157,8.635629415512085,130.4380660622549,147.5528594149741,0.5435084998607635,OK,varus,varus,0.2308028538855419,0.1454159511531994,23.080285388554188,14.541595115319941,23.080285388554188,14.541595115319941,0.535533994436264,-0.10140601803969407
158,8.691466569900513,131.10244087525527,148.0665937815874,0.5418513715267181,OK,varus,varus,0.22729935281720792,0.14301571538038613,22.729935281720792,14.301571538038612,22.729935281720792,14.301571538038612,0.5290755033493042,-0.1240736004436549
159,8.746808767318726,136.31544348783615,151.37415613206144,0.5195767283439636,OK,varus,varus,0.20011674416696265,0.12701374688530234,20.011674416696266,12.701374688530235,20.011674416696266,12.701374688530235,0.5217478573322296,-0.13935152318017918
160,8.810800313949585,139.47867964587053,152.777678435168,0.5083083808422089,OK,varus,varus,0.1842950289117381,0.12026679804029625,18.42950289117381,12.026679804029625,18.42950289117381,12.026679804029625,0.5123166292905807,-0.1762988426906933
161,8.863507270812988,141.3976434358487,153.974303952636,0.5011130273342133,OK,varus,varus,0.17488749054067643,0.11488887305124487,17.488749054067643,11.488887305124488,17.488749054067643,11.488887305124488,0.5017691233328411,-0.19637247461993734
162,8.921748638153076,144.23076959908238,156.4300961470053,0.49417319893836975,OK,varus,varus,0.161115941389432,0.10371176527831245,16.1115941389432,10.371176527831246,16.1115941389432,10.371176527831246,0.4905730443341391,-0.18617619924058904
163,8.975110054016113,148.31187515863144,161.0899292555627,0.47768519818782806,OK,varus,varus,0.14136604396515945,0.08233865836428284,14.136604396515946,8.233865836428283,14.136604396515946,8.233865836428283,0.4809346773794719,-0.18716141782316598
164,9.028817415237427,150.83855297237972,163.47553292368912,0.4696759581565857,OK,varus,varus,0.12976765070333018,0.07210356795178403,12.976765070333018,7.210356795178403,12.976765070333018,7.210356795178403,0.47052936255931854,-0.18640813565191294
165,9.082923173904419,152.9346236521746,165.96820126301316,0.46347881853580475,OK,varus,varus,0.12024566007882836,0.06144516791570315,12.024566007882836,6.1445167915703145,12.024566007882836,6.1445167915703145,0.46084329911640703,-0.17384514197868306
166,9.139778852462769,157.26293948707266,170.04191536338337,0.45210815966129303,OK,varus,varus,0.10039651852796949,0.043498751128200716,10.039651852796949,4.349875112820071,10.039651852796949,4.349875112820071,0.4512684451682226,-0.15348273933800094
167,9.193124532699585,167.73589199399373,174.41176310436407,0.43547117710113525,OK,varus,varus,0.05360282579418032,0.024313997457806377,5.3602825794180315,2.4313997457806376,5.3602825794180315,2.4313997457806376,0.4438277631998061,-0.12851199961728588
168,9.2478666305542,171.0697112761482,175.31747879043587,0.4333105832338333,OK,varus,varus,0.03900205941615343,0.020412686554485405,3.900205941615343,2.0412686554485404,3.900205941615343,2.0412686554485404,0.4374089028154101,-0.11211574094743604
169,9.30353045463562,174.56843260466476,177.18044555690082,0.4271492213010788,OK,varus,neutral,0.023684573602824333,0.012296913917721494,2.3684573602824335,1.2296913917721495,2.3684573602824335,1.2296913917721495,0.4314590777669634,-0.09618701059789725
170,9.357988119125366,174.8984916113136,179.10176286311685,0.42560042440891266,OK,varus,neutral,0.02223637721288121,0.003917239369648041,2.223637721288121,0.39172393696480406,2.223637721288121,0.39172393696480406,0.4267911102090563,-0.06330160783564054
171,9.410112380981445,176.46993156405446,179.7008040723696,0.4247439354658127,OK,neutral,neutral,0.015380883944108546,0.0013050384951142598,1.5380883944108545,0.130503849511426,1.5380883944108545,0.130503849511426,0.4246099016496113,-0.0380740554243677
172,9.467234373092651,178.62822902592512,179.9710560119689,0.42183004319667816,OK,neutral,neutral,0.005980502344090531,-0.0001262354963063256,0.598050234409053,-0.012623549630632561,0.598050234409053,0.012623549630632561,0.42267117542879923,-0.025244092328410073
173,9.522554636001587,179.23024952329203,178.64336678378564,0.4194323867559433,OK,neutral,neutral,0.0033557460822000763,-0.005914434737482155,0.3355746082200076,-0.5914434737482155,0.3355746082200076,0.5914434737482155,0.4217405574662344,-0.017015717616229775
174,9.578994750976562,179.4877170400864,178.25961761646525,0.42020271718502045,OK,neutral,neutral,0.0022334523188479683,-0.007586681623377911,0.22334523188479682,-0.7586681623377911,0.22334523188479682,0.7586681623377911,0.4207690549748284,-0.016794219812395816
175,9.637000799179077,179.82176965639317,177.76482570967738,0.4197394996881485,OK,neutral,neutral,0.0007771314493349412,-0.009742698952645757,0.07771314493349413,-0.9742698952645756,0.07771314493349413,0.9742698952645756,0.4198198531355176,-0.011638487376957496
176,9.691834688186646,179.7038754814915,177.50753203232804,0.4206348955631256,OK,neutral,neutral,-0.0012912028594433023,-0.010862937516687108,-0.12912028594433023,-1.0862937516687108,0.12912028594433023,1.0862937516687108,0.4194266093628747,-0.003155712041879255
177,9.742010116577148,179.20905448282556,176.96074841018836,0.41879990696907043,OK,neutral,neutral,-0.0034486570192472656,-0.013244296652964083,-0.34486570192472654,-1.3244296652964083,0.34486570192472654,1.3244296652964083,0.4194526480776923,0.00033759938731758865
178,9.793459415435791,179.035762261337,176.58402822425515,0.4180995225906372,OK,neutral,neutral,-0.0042043276955178455,-0.014885366120450771,-0.42043276955178455,-1.4885366120450771,0.42043276955178455,1.4885366120450771,0.41946044989994596,0.0009527033704230803
179,9.848972797393799,179.0137416258211,176.7207385336753,0.4190773367881775,OK,neutral,neutral,-0.004300820461858683,-0.014288987023539446,-0.43008204618586826,-1.4288987023539446,0.43008204618586826,1.4288987023539446,0.4195613201175417,0.0009897565372982697
180,9.899944067001343,178.73365843951055,176.9823861771461,0.41961465775966644,OK,neutral,neutral,-0.005523240650059239,-0.013147102912012052,-0.5523240650059239,-1.3147102912012052,0.5523240650059239,1.3147102912012052,0.41957305158887587,0.0027579293658188675
181,9.951169729232788,178.69611174027222,177.27596896370855,0.4202573299407959,OK,neutral,neutral,-0.00568776510854955,-0.01186692073117854,-0.5687765108549551,-1.1866920731178539,0.5687765108549551,1.1866920731178539,0.4198444613388606,0.006073477345344358
182,10.006629467010498,178.93353887268208,177.40689864225448,0.42044559121131897,OK,neutral,neutral,-0.004652151278747572,-0.011296009429053292,-0.4652151278747572,-1.1296009429053293,0.4652151278747572,1.1296009429053293,0.4202278384140559,0.00703245922766893
183,10.055747032165527,179.09379772005144,177.39743101221424,0.4207170158624649,OK,neutral,neutral,-0.003953210096949964,-0.011335080288293796,-0.3953210096949964,-1.1335080288293795,0.3953210096949964,1.1335080288293795,0.4205784648656845,0.006822244331770477
184,10.107342004776001,179.1994463565101,177.48150262749982,0.4206997752189636,OK,neutral,neutral,-0.0034923399471377217,-0.010967435294223515,-0.34923399471377214,-1.0967435294223515,0.34923399471377214,1.0967435294223515,0.4209133173738207,0.006322961946882533
185,10.17072606086731,179.36781208723536,177.56006280238685,0.4207831621170044,OK,neutral,neutral,-0.0027578966433125197,-0.0106256023320253,-0.27578966433125196,-1.06256023320253,0.27578966433125196,1.06256023320253,0.42130108390535626,0.008588762362215618
186,10.22165584564209,179.4554991662605,178.33740822148954,0.42153172194957733,OK,neutral,neutral,-0.0023753037746687164,-0.007233120227324523,-0.23753037746687164,-0.7233120227324523,0.23753037746687164,0.7233120227324523,0.42183962890080046,0.011092554871539928
187,10.278175592422485,179.88869614541662,178.69677734101217,0.4219586253166199,OK,neutral,neutral,0.0004853268463625896,-0.005663973549858729,0.04853268463625896,-0.5663973549858728,0.04853268463625896,0.5663973549858728,0.42249908617564613,0.014030452423427597
188,10.330315828323364,179.06616635329667,178.88727777727706,0.4229716956615448,OK,neutral,neutral,0.004071781361734352,-0.00483228364653981,0.4071781361734352,-0.483228364653981,0.4071781361734352,0.483228364653981,0.42334428429603577,0.023288469874608975
189,10.38329553604126,178.66077617435127,179.07225008421503,0.4242154061794281,OK,neutral,neutral,0.00583940929028063,-0.004025599754013119,0.5839409290280629,-0.4025599754013119,0.5839409290280629,0.4025599754013119,0.4249591486794608,0.0328415877643069
190,10.433947324752808,177.79271020536194,179.2001378072404,0.4253332167863846,OK,neutral,neutral,0.009621334318698131,-0.0034660359310433693,0.962133431869813,-0.3466035931043369,0.962133431869813,0.3466035931043369,0.4267369572605405,0.0376698733698424
191,10.48598337173462,177.25784280257696,179.36496886634927,0.4266161620616913,OK,neutral,neutral,0.011949546946125428,-0.002753226888325805,1.194954694612543,-0.2753226888325805,1.194954694612543,0.2753226888325805,0.4288346022367477,0.042422787979014664
192,10.537524700164795,176.6839794844467,178.28001180326876,0.4320872128009796,OK,neutral,neutral,0.014452604836202703,-0.0074513964384819295,1.4452604836202703,-0.745139643848193,1.4452604836202703,0.745139643848193,0.4311289191246032,0.048283386143316065
193,10.5875244140625,176.25138398817282,177.80731776427592,0.4339763820171356,OK,neutral,neutral,0.016346441932903535,-0.009502885213805276,1.6346441932903535,-0.9502885213805277,1.6346441932903535,0.9502885213805277,0.43372589988367893,0.07247190684383664
194,10.637206077575684,176.13163064716503,177.1089173020236,0.4366421401500702,OK,neutral,neutral,0.01685583958938468,-0.012539798623807902,1.685583958938468,-1.2539798623807903,1.685583958938468,1.2539798623807903,0.4383399997438703,0.09612222619924493
195,10.69240427017212,175.93859353058343,175.98087280103877,0.4390319138765335,OK,neutral,neutral,0.017696999933850936,-0.017460689506925958,1.7696999933850937,-1.7460689506925957,1.7696999933850937,1.7460689506925957,0.44384502087320593,0.09857358496473223
196,10.748319387435913,176.0683971343893,173.60900352914302,0.44239427149295807,OK,neutral,valgus,0.017113505343459182,-0.027828585785338724,1.7113505343459183,-2.7828585785338724,1.7113505343459183,2.7828585785338724,0.4492911653859274,0.10747866970503672
197,10.797679901123047,176.7541652716317,167.64252591926936,0.457631915807724,OK,neutral,valgus,0.01409381259389989,-0.05401342893272198,1.409381259389989,-5.401342893272198,1.409381259389989,5.401342893272198,0.4550355289663587,0.12982145663407252
198,10.849433183670044,177.00759024173868,164.64058312398228,0.465151309967041,OK,neutral,valgus,0.012953343552780244,-0.06730212182201042,1.2953343552780243,-6.730212182201043,1.2953343552780243,6.730212182201043,0.462483810526984,0.15491224203473664
199,10.901084184646606,176.97839726374403,161.4971485850568,0.4702102243900299,OK,neutral,valgus,0.013049309081027385,-0.08113442413210623,1.3049309081027385,-8.113442413210622,1.3049309081027385,8.113442413210622,0.4710518717765808,0.1614732623515729
200,10.958255767822266,176.86461394650945,159.91118149699108,0.4741869270801544,OK,neutral,valgus,0.013561351721376066,-0.08811426846743005,1.3561351721376065,-8.811426846743005,1.3561351721376065,8.811426846743005,0.48000444897583555,0.15013775625406645
201,11.011582136154175,176.64251106592536,154.8846819783994,0.48878011107444763,OK,neutral,valgus,0.014368079384241441,-0.11069850590946134,1.4368079384241441,-11.069850590946134,1.4368079384241441,11.069850590946134,0.48768974840641016,0.13843256145369764
202,11.066335439682007,176.85379296032275,149.9169868185208,0.49900834262371063,OK,neutral,valgus,0.013371413445715867,-0.13279638403860058,1.3371413445715867,-13.279638403860059,1.3371413445715867,13.279638403860059,0.494949751666614,0.13053287853941864
203,11.121450901031494,177.09327502285134,148.97846257944119,0.5050623118877411,OK,neutral,valgus,0.012321644827922903,-0.13620365179056476,1.2321644827922904,-13.620365179056476,1.2321644827922904,13.620365179056476,0.5020297361271722,0.12949442240229558
204,11.179751634597778,177.31903560398555,145.70899516019801,0.5114290118217468,OK,neutral,valgus,0.011219302891734928,-0.1502608869683413,1.1219302891734928,-15.026088696834131,1.1219302891734928,15.026088696834131,0.5096433141401835,0.11928262447893534
205,11.231996774673462,177.34491997336764,143.25267068687597,0.5159713327884674,OK,neutral,valgus,0.011046550142803382,-0.16085464965441523,1.1046550142803382,-16.085464965441524,1.1046550142803382,16.085464965441524,0.5153457884277617,0.09719119870959414
206,11.28975796699524,177.46035697304237,143.16789520119363,0.5197701156139374,OK,neutral,valgus,0.010595763749403115,-0.16105365319038795,1.0595763749403115,-16.105365319038796,1.0595763749403115,16.105365319038796,0.5201960844652993,0.0758370780502382
207,11.343865394592285,177.54967086121468,141.40139091616027,0.5274819731712341,OK,neutral,valgus,0.010123295962651513,-0.1681900324552619,1.0123295962651513,-16.81900324552619,1.0123295962651513,16.81900324552619,0.523887140410287,0.05445527736388556
208,11.396372318267822,177.46924983125405,141.3025835418619,0.5286974310874939,OK,neutral,valgus,0.01047934296606297,-0.16854408644258545,1.047934296606297,-16.854408644258545,1.047934296606297,16.854408644258545,0.5260451989514486,0.031491124116191926
209,11.45289421081543,177.43244494061565,141.12571002435314,0.5329604148864746,OK,neutral,valgus,0.010418164358437485,-0.1677672720269073,1.0418164358437485,-16.77672720269073,1.0418164358437485,16.77672720269073,0.5272404679230281,0.013827892637759298
210,11.518407106399536,177.42826395146787,141.90326695875189,0.530899703502655,OK,neutral,valgus,0.010476648131971944,-0.1640485912700482,1.0476648131971944,-16.40485912700482,1.0476648131971944,16.40485912700482,0.5275906026363373,-0.031916185414510245
211,11.572994709014893,177.74504865137231,143.21659843975706,0.5265354216098785,OK,neutral,valgus,0.00928169997802073,-0.15968749417185937,0.928169997802073,-15.968749417185938,0.928169997802073,15.968749417185938,0.5241535987172807,-0.07787629661029438
212,11.628745555877686,178.22561300164028,143.57350534003197,0.5243382155895233,OK,neutral,valgus,0.007329115813629552,-0.15857683222535288,0.7329115813629552,-15.857683222535288,0.7329115813629552,15.857683222535288,0.5189627877303531,-0.10954781143309322
213,11.683701992034912,178.39450444568206,144.00255945338492,0.5222210586071014,OK,neutral,valgus,0.006625270444193979,-0.1562803133077599,0.6625270444193979,-15.62803133077599,0.6625270444193979,15.62803133077599,0.5120517930814198,-0.13793520043582053
214,11.740109205245972,177.77663106864054,148.47849552296762,0.5034229457378387,OK,neutral,valgus,0.009318407137101024,-0.13930582635001781,0.9318407137101024,-13.930582635001782,0.9318407137101024,13.930582635001782,0.5035660096577235,-0.16079834594979125
215,11.793358087539673,176.94866209786633,151.7697326326028,0.49236175417900085,OK,neutral,valgus,0.012922880217892773,-0.1246554233384413,1.2922880217892774,-12.46554233384413,1.2922880217892774,12.46554233384413,0.49448288551398684,-0.17077367195254656
216,11.84870982170105,176.25937454784565,153.95274314850892,0.48458345234394073,OK,neutral,valgus,0.016011437983183035,-0.11461915095074425,1.6011437983183034,-11.461915095074424,1.6011437983183034,11.461915095074424,0.4850190473454339,-0.18756147448769767
217,11.905380010604858,175.9346588235752,160.27170935980436,0.4714992195367813,OK,neutral,valgus,0.017551019537029953,-0.08632915385516576,1.7551019537029953,-8.632915385516576,1.7551019537029953,8.632915385516576,0.47342763415404726,-0.18807697233348275
218,11.961106061935425,175.6065656896032,163.77136613055367,0.4629535526037216,OK,neutral,valgus,0.01903320226523067,-0.07084002205151775,1.9033202265230669,-7.0840022051517755,1.9033202265230669,7.0840022051517755,0.4638490719454629,-0.15879060940569323
219,12.018903732299805,174.95258811512664,167.60574763879177,0.4580913484096527,OK,varus,valgus,0.0219004672622226,-0.05404592986746067,2.1900467262222603,-5.404592986746067,2.1900467262222603,5.404592986746067,0.45545640162059237,-0.14150788745316234
220,12.073378562927246,173.61550603081267,176.05011310900656,0.441081166267395,OK,varus,neutral,0.027839278576718803,-0.017125237100703638,2.7839278576718804,-1.7125237100703639,2.7839278576718804,1.7125237100703639,0.4479377461331231,-0.12103171380174071
221,12.129204750061035,173.7764005345019,178.56607900276353,0.4363730102777481,OK,varus,neutral,0.027135016691145954,-0.006203381438730205,2.7135016691145952,-0.6203381438730204,2.7135016691145952,0.6203381438730204,0.4421529663460595,-0.10216908195632657
222,12.184637069702148,173.8194380897602,178.8241318553573,0.4336130619049072,OK,varus,neutral,0.026926554132511948,-0.005087399498038762,2.692655413251195,-0.5087399498038763,2.692655413251195,0.5087399498038763,0.4365694267409188,-0.09680218647650207
223,12.238322734832764,174.00700620716032,179.57809608706688,0.4319528639316559,OK,varus,neutral,0.02610525918839694,-0.0018233382712189604,2.610525918839694,-0.18233382712189602,2.610525918839694,0.18233382712189602,0.4315766117402485,-0.06865736801739875
224,12.293343544006348,174.21499556229878,179.82423333051054,0.4310057610273361,OK,varus,neutral,0.02519537152266161,-0.0007601235138061913,2.519537152266161,-0.07601235138061913,2.519537152266161,0.07601235138061913,0.42917173888002114,-0.03847256491935891
225,12.346119403839111,177.03918444004537,179.21795703837273,0.4238687753677368,OK,neutral,neutral,0.012903475588203601,-0.0034037384201430093,1.2903475588203601,-0.34037384201430093,1.2903475588203601,0.34037384201430093,0.4274063685110637,-0.028893597238916602
226,12.400962829589844,177.85790482117318,178.96483436415707,0.42314164340496063,OK,neutral,neutral,0.009332883399746611,-0.004508346546647975,0.9332883399746611,-0.4508346546647975,0.9332883399746611,0.4508346546647975,0.42608144240719925,-0.02329364367741249
227,12.45415711402893,178.46028565948464,179.26183546278932,0.42424705624580383,OK,neutral,neutral,0.006702803656337652,-0.0032151984880686214,0.6702803656337653,-0.32151984880686213,0.6702803656337653,0.32151984880686213,0.4248869674546378,-0.0206755694302867
228,12.508965730667114,178.71575428231546,179.49151087040013,0.42401541769504547,OK,neutral,neutral,0.005594395140857095,-0.002212777927466555,0.5594395140857096,-0.2212777927466555,0.5594395140857096,0.2212777927466555,0.4238542531217847,-0.011072649630468945
229,12.564357042312622,179.7403580489256,179.0067941935142,0.42433857917785645,OK,neutral,neutral,0.0011312523335918416,-0.004324058016950304,0.11312523335918416,-0.43240580169503046,0.11312523335918416,0.43240580169503046,0.42367586493492126,-0.002897493523886574
230,12.619712591171265,179.7271612921086,178.83481339344343,0.4235915392637253,OK,neutral,neutral,0.0011888075816947874,-0.005071628655613898,0.11888075816947874,-0.5071628655613898,0.11888075816947874,0.5071628655613898,0.423533341714314,-0.003700414739389757
231,12.674383878707886,179.66156226744036,178.45712419193168,0.4237767606973648,OK,neutral,neutral,0.0014747730067710897,-0.006715321826732787,0.14747730067710899,-0.6715321826732787,0.14747730067710899,0.6715321826732787,0.4232702510697501,-0.0043048825385954
232,12.727798461914062,179.63942910551057,178.16538844100316,0.4226200580596924,OK,neutral,neutral,0.0015713693970835613,-0.007981259360590427,0.15713693970835613,-0.7981259360590427,0.15713693970835613,0.7981259360590427,0.42306678422859734,-0.0037180474881628456
233,12.787034749984741,179.7558945297885,177.9630468058732,0.42214398086071014,OK,neutral,neutral,0.00106357033630146,-0.008858129834655091,0.106357033630146,-0.8858129834655091,0.106357033630146,0.8858129834655091,0.4228525289467402,-0.0025219168142314174
234,12.840709447860718,179.89376932899293,177.81699210157507,0.4224054217338562,OK,neutral,neutral,-0.0004630811056600425,-0.009492150693875932,-0.04630811056600425,-0.9492150693875931,0.04630811056600425,0.9492150693875931,0.4227704235485622,0.0026219947093633067
235,12.900295972824097,179.6240148740545,177.9478928001285,0.4225911498069763,OK,neutral,neutral,-0.0016391207434829753,-0.00892248130900094,-0.16391207434829752,-0.892248130900094,0.16391207434829752,0.892248130900094,0.42320129062448225,0.013488679867475817
236,12.956181526184082,179.30043302262868,177.8916356403153,0.4228387922048569,OK,neutral,neutral,-0.0030499879999062738,-0.009167969919885933,-0.3049987999906274,-0.9167969919885933,0.3049987999906274,0.9167969919885933,0.4242831085409437,0.02605440658417013
237,13.008182048797607,178.40855038605878,177.79600044924413,0.4230168014764786,OK,neutral,neutral,-0.006932017264418207,-0.009568845891028712,-0.6932017264418208,-0.9568845891028712,0.6932017264418208,0.9568845891028712,0.42596197341169634,0.03623655824333705
238,13.064030647277832,176.9898700765143,177.73609075400023,0.42679283022880554,OK,neutral,neutral,-0.013095534094074497,-0.00981882415216366,-1.3095534094074497,-0.9818824152163661,1.3095534094074497,0.9818824152163661,0.4282227222408567,0.045162547689433286
239,13.118584156036377,176.56799951667742,177.54170742215206,0.4301927834749222,OK,neutral,neutral,-0.01493195841264133,-0.01065957283731548,-1.4931958412641329,-1.065957283731548,1.4931958412641329,1.065957283731548,0.4309360257216862,0.057147065889443294
240,13.175723552703857,176.0768093099097,177.33198333293092,0.4338960349559784,OK,neutral,neutral,-0.01703948807531435,-0.011559168265286275,-1.703948807531435,-1.1559168265286275,1.703948807531435,1.1559168265286275,0.434644877910614,0.07224419779028768
241,13.232309341430664,175.54248559332638,176.99383696570916,0.4382306635379791,OK,neutral,neutral,-0.019337520471711913,-0.013018898756196134,-1.9337520471711913,-1.3018898756196133,1.9337520471711913,1.3018898756196133,0.43914392803396496,0.08203281985258126
242,13.288353681564331,175.27144215907998,176.63611176138204,0.4415842741727829,OK,valgus,neutral,-0.02051799284845337,-0.014574358112279459,-2.051799284845337,-1.457435811227946,2.051799284845337,1.457435811227946,0.4438815244606563,0.08779561458338847
243,13.34336519241333,172.7436105752826,175.78263592533756,0.4488007575273514,OK,valgus,neutral,-0.031571292745036054,-0.018327829511747135,-3.1571292745036055,-1.8327829511747136,3.1571292745036055,1.8327829511747136,0.4488874673843384,0.10335519934343296
244,13.39423942565918,172.17063095238797,174.55695717333987,0.4545101523399353,OK,valgus,valgus,-0.03406035838538216,-0.02368570211963562,-3.4060358385382163,-2.368570211963562,3.4060358385382163,2.368570211963562,0.45472696210656843,0.12460949632932383
245,13.451590299606323,171.28052043994538,173.3639054788355,0.45995600521564484,OK,valgus,valgus,-0.037974519166260726,-0.028908686197440348,-3.7974519166260725,-2.890868619744035,3.7974519166260725,2.890868619744035,0.46250873165471207,0.15825137174025983
246,13.501989841461182,170.1147982254563,172.8398840841643,0.4652343839406967,OK,valgus,valgus,-0.043049011481181156,-0.031171341346343723,-4.304901148118115,-3.117134134634372,4.304901148118115,3.117134134634372,0.47148392030170977,0.1649296611216795
247,13.559541940689087,168.79620105151838,172.33073194119984,0.47477249801158905,OK,valgus,valgus,-0.04870218741620001,-0.03335320291780545,-4.870218741620001,-3.335320291780545,4.870218741620001,3.335320291780545,0.4801116819892611,0.16190064595524944
248,13.615143775939941,166.57696118083658,170.6823055024068,0.49270305037498474,OK,valgus,valgus,-0.057707843634697636,-0.04026551452683444,-5.7707843634697635,-4.026551452683444,5.7707843634697635,4.026551452683444,0.4897576464073998,0.18114994656201056
249,13.667636156082153,164.96916882176225,170.0159017515363,0.504410594701767,OK,valgus,valgus,-0.06406492525481954,-0.04296480996989941,-6.406492525481953,-4.296480996989941,6.406492525481953,4.296480996989941,0.4996465955461774,0.1755832917573037
250,13.727044582366943,165.19563228454237,168.95144002621174,0.50919508934021,OK,valgus,valgus,-0.0632166533847788,-0.047454532119966086,-6.321665338477881,-4.745453211996608,6.321665338477881,4.745453211996608,0.509216770529747,0.1567352748814006
251,13.781046152114868,164.0796421858584,166.91789215812963,0.5220319032669067,OK,valgus,valgus,-0.06772614138244692,-0.05562794886096646,-6.772614138244693,-5.562794886096646,6.772614138244693,5.562794886096646,0.5174669027328491,0.12666542440016926
252,13.835911512374878,162.5636942125499,166.00133127158173,0.529178649187088,OK,valgus,valgus,-0.07260770177641314,-0.05845903298270344,-7.260770177641314,-5.845903298270344,7.260770177641314,5.845903298270344,0.5229609778949192,0.08313875395438153
253,13.890964984893799,161.81510757988707,164.50792362561927,0.5322256088256836,OK,valgus,valgus,-0.0747301840055991,-0.06483998004349369,-7.473018400559909,-6.483998004349369,7.473018400559909,6.483998004349369,0.5265990112509046,0.05672058887973286
254,13.944080352783203,161.59190055563664,163.0368022513324,0.5325234234333038,OK,valgus,valgus,-0.07576041492027334,-0.07065040549807808,-7.5760414920273345,-7.065040549807808,7.5760414920273345,7.065040549807808,0.5291320255824498,0.027368837904528043
255,13.998677968978882,161.0491439761186,163.26886735621886,0.5311615765094757,OK,valgus,valgus,-0.07772345626049315,-0.06988485346422568,-7.772345626049315,-6.988485346422568,7.772345626049315,6.988485346422568,0.5294859111309052,-0.006232452849710413
256,14.05251407623291,161.21773467553555,162.949853324982,0.5298768281936646,OK,valgus,valgus,-0.07632007795628963,-0.0712705120014266,-7.632007795628963,-7.1270512001426605,7.632007795628963,7.1270512001426605,0.5284754463604517,-0.030260061215595435
257,14.107372760772705,161.11055208532323,163.27795678632535,0.526926189661026,OK,valgus,valgus,-0.0778495252511797,-0.07032477537386729,-7.78495252511797,-7.032477537386729,7.78495252511797,7.032477537386729,0.5261730764593396,-0.08888666404908463
258,14.161811113357544,160.95972822827153,163.490099221941,0.5245091021060944,OK,valgus,valgus,-0.07872745467505497,-0.06953724173623813,-7.8727454675054975,-6.9537241736238125,7.8727454675054975,6.9537241736238125,0.5187996881348745,-0.14884904866856186
259,14.216999769210815,160.75356206158733,163.7228262436033,0.5221053957939148,OK,valgus,valgus,-0.07934327835694989,-0.06893353124707012,-7.934327835694989,-6.893353124707012,7.934327835694989,6.893353124707012,0.5098349473306111,-0.15907512633061716
260,14.278501033782959,161.4837299748428,164.23084452586906,0.5161090195178986,OK,valgus,valgus,-0.0757434583294873,-0.06693644054851688,-7.57434583294873,-6.6936440548516885,7.57434583294873,6.6936440548516885,0.5002821109124592,-0.17454172901051468
261,14.329149007797241,167.82185686470083,167.40892885656848,0.48090970516204834,OK,valgus,valgus,-0.05203829799619498,-0.05463197878625472,-5.2038297996194975,-5.463197878625472,5.2038297996194975,5.463197878625472,0.49064049976212637,-0.2014558376572202
262,14.383252382278442,170.84047006226194,168.42887371610098,0.46840839087963104,OK,valgus,valgus,-0.03953704433711722,-0.05048363697475728,-3.953704433711722,-5.048363697475728,3.953704433711722,5.048363697475728,0.4791000804730824,-0.22794644517887352
263,14.432898759841919,173.5611823916684,169.15259129057856,0.46300697326660156,OK,valgus,valgus,-0.027890800524327988,-0.04730989382368392,-2.7890800524327988,-4.730989382368392,2.7890800524327988,4.730989382368392,0.4671162664890289,-0.22519072128264828
264,14.488971471786499,175.35033663536487,170.28514662028195,0.459434911608696,OK,valgus,valgus,-0.020173764411400858,-0.04230552455961752,-2.017376441140086,-4.230552455961752,2.017376441140086,4.230552455961752,0.4555147119930812,-0.1712348948588991
265,14.543761253356934,178.97147017392203,173.4691573360258,0.44372616708278656,OK,neutral,valgus,-0.00447564760282096,-0.028328111297692013,-0.447564760282096,-2.832811129769201,0.447564760282096,2.832811129769201,0.4480422692639487,-0.12600950809107658
266,14.594528198242188,179.45756909999642,176.61194760924312,0.43821869790554047,OK,neutral,neutral,0.0023626324178424377,-0.014732947319208467,0.23626324178424377,-1.4732947319208467,0.23626324178424377,1.4732947319208467,0.442133156316621,-0.10414324728695945
267,14.652488708496094,178.31250561165453,179.81401515467638,0.43489813804626465,OK,neutral,neutral,0.007340033975304263,-0.0008069243699531498,0.7340033975304263,-0.08069243699531498,0.7340033975304263,0.08069243699531498,0.43690782359668184,-0.08916680521698517
268,14.706995964050293,178.48480792071857,179.1043876863156,0.4286026060581207,OK,neutral,neutral,0.0065900191925230235,0.003885703280514387,0.6590019192523023,0.38857032805143865,0.6590019192523023,0.38857032805143865,0.43209815451077044,-0.06890059349389777
269,14.761681079864502,178.42426410968434,179.62992865794632,0.4270446002483368,OK,neutral,neutral,0.006865003669121346,0.0016067235325362883,0.6865003669121346,0.16067235325362883,0.6865003669121346,0.16067235325362883,0.4293912947177887,-0.04125213314551868
270,14.819350004196167,178.6543648217991,179.89798518296828,0.4264296442270279,OK,neutral,neutral,0.005866631037893391,-0.00044369099332663194,0.5866631037893392,-0.0443690993326632,0.5866631037893392,0.0443690993326632,0.42751386761665344,-0.028936772510101072
271,14.8720862865448,179.1977295109209,179.37468175323664,0.4257672280073166,OK,neutral,neutral,0.003499382217097878,-0.002722650941117678,0.3499382217097878,-0.2722650941117678,0.3499382217097878,0.2722650941117678,0.4261623535837446,-0.01804591680247425
272,14.931538581848145,179.47385256520724,179.05318473217008,0.42477814853191376,OK,neutral,neutral,0.0022944841217788733,-0.00412327166199604,0.22944841217788733,-0.412327166199604,0.22944841217788733,0.412327166199604,0.42559764640671865,-0.008236500411693548
273,14.987788438796997,179.5104679235754,178.6105843387533,0.4250767081975937,OK,neutral,neutral,0.002134953812826512,-0.0060501727730331144,0.2134953812826512,-0.6050172773033115,0.2134953812826512,0.6050172773033115,0.42520150755132946,-0.006878562807274058
274,15.04242992401123,179.68348766355078,178.5554186887678,0.4254375398159027,OK,neutral,neutral,0.0013802596669608906,-0.0062894055361627154,0.13802596669608905,-0.6289405536162715,0.13802596669608905,0.6289405536162715,0.42483435358319965,-0.00682476161514467
275,15.098982095718384,179.8210850413653,178.3129983643165,0.4246496558189392,OK,neutral,neutral,0.0007802617209624943,-0.0073449099504853885,0.07802617209624943,-0.7344909950485389,0.07802617209624943,0.7344909950485389,0.42444222739764625,-0.005321646738590147
276,15.153042078018188,179.91430940355136,178.21347376558373,0.4242716282606125,OK,neutral,neutral,0.00037364865493228687,-0.007777548309528141,0.037364865493228684,-0.7777548309528142,0.037364865493228684,0.7777548309528142,0.4242378558431352,-0.003951513012911523
277,15.213237524032593,179.8362381756014,178.14588973600416,0.423859566450119,OK,neutral,neutral,-0.0007141895371228525,-0.008072972007819947,-0.07141895371228525,-0.8072972007819947,0.07141895371228525,0.8072972007819947,0.42398852748530247,-0.0046607976101031845
278,15.269182205200195,179.74390499520848,177.6122050731696,0.4230223447084427,OK,neutral,neutral,-0.0011169764328394052,-0.010400991937541402,-0.11169764328394051,-1.0400991937541402,0.11169764328394051,1.0400991937541402,0.42370080522128506,-0.004395252223394319
279,15.323228597640991,179.6978884602573,177.68773183267345,0.4233475476503372,OK,neutral,neutral,-0.0013178146241231957,-0.010073993243452106,-0.13178146241231956,-1.0073993243452106,0.13178146241231956,1.0073993243452106,0.4235022983380726,-0.003435304782336779
280,15.379409313201904,179.67487050813574,177.42005645316124,0.4233314096927643,OK,neutral,neutral,-0.0014182101588995002,-0.011239281661172431,-0.14182101588995003,-1.123928166117243,0.14182101588995003,1.123928166117243,0.423323175736836,-0.0026294643644386717
281,15.434593439102173,179.61671530765273,177.3084586072084,0.42342348396778107,OK,neutral,neutral,-0.0016718205836848475,-0.01172488290518505,-0.16718205836848474,-1.172488290518505,0.16718205836848474,1.172488290518505,0.42320836441857473,-0.0009968987952371222
282,15.492036581039429,179.57322097966895,177.2867988729981,0.4232601076364517,OK,neutral,neutral,-0.0018615640239081454,-0.011818544012409053,-0.18615640239081455,-1.1818544012409054,0.18615640239081455,1.1818544012409054,0.4232158937624523,-0.0005686417435075697
283,15.549124002456665,179.5972403054799,177.1942425678279,0.4230177700519562,OK,neutral,neutral,-0.001756965135209368,-0.01222078513540632,-0.17569651352093682,-1.222078513540632,0.17569651352093682,1.222078513540632,0.42314373382500237,-0.0009943655835460419
284,15.599857568740845,179.61223550415505,177.21728300888844,0.42305588722229004,OK,neutral,neutral,-0.001691497964770475,-0.012115253603926127,-0.1691497964770475,-1.2115253603926128,0.1691497964770475,1.2115253603926128,0.4231054442269461,-0.0004488741878310165
285,15.6601722240448,179.72206509175402,177.23599073004326,0.4230750501155853,OK,neutral,neutral,-0.0012124145981090807,-0.012032486454380278,-0.12124145981090807,-1.2032486454380278,0.12124145981090807,1.2032486454380278,0.42310030119759695,0.0017737524679546368
286,15.714465856552124,179.8024608538215,177.28063070787928,0.42284242808818817,OK,neutral,neutral,-0.0008616449351089937,-0.011836976860553511,-0.08616449351089936,-1.1836976860553512,0.08616449351089936,1.1836976860553512,0.423287461910929,0.005952702565333201
287,15.76988410949707,179.8356476253701,177.24151639902345,0.42306338250637054,OK,neutral,neutral,-0.0007164243815169137,-0.01199827316633835,-0.07164243815169137,-1.199827316633835,0.07164243815169137,1.199827316633835,0.4237590772765023,0.01112060107247359
288,15.82388949394226,179.89061652882344,177.28096253092005,0.42338748276233673,OK,neutral,neutral,-0.00047663523073221913,-0.011811858076284824,-0.047663523073221914,-1.1811858076284825,0.047663523073221914,1.1811858076284825,0.42449703599725447,0.015799393296684894
289,15.880537748336792,179.8832007145549,177.3508000186611,0.424570232629776,OK,neutral,neutral,-0.000508801611138839,-0.011505083058512432,-0.0508801611138839,-1.1505083058512433,0.0508801611138839,1.1505083058512433,0.4255188980272837,0.02364272828793368
290,15.933493852615356,179.8577458949495,177.35011276924493,0.42631907761096954,OK,neutral,neutral,-0.0006195360526563639,-0.011493172455498074,-0.06195360526563639,-1.1493172455498075,0.06195360526563639,1.1493172455498075,0.42704834895474575,0.037019161641420606
291,15.990971803665161,179.72304113908655,177.41503088744616,0.42822159826755524,OK,neutral,neutral,-0.0012048104534133964,-0.011199841920531108,-0.12048104534133965,-1.1199841920531108,0.12048104534133965,1.1199841920531108,0.4296838108982358,0.056343741963877925
292,16.043015003204346,179.75677392506148,177.3867179219226,0.4302280843257904,OK,neutral,neutral,-0.001058295831477286,-0.011332983358620392,-0.1058295831477286,-1.1332983358620392,0.1058295831477286,1.1332983358620392,0.43311052875859396,0.06770959428216505
293,16.101633071899414,179.62854170404808,176.14376037906172,0.43354858458042145,OK,neutral,neutral,-0.0016156133297812942,-0.01674975519276831,-0.1615613329781294,-1.674975519276831,0.1615613329781294,1.674975519276831,0.43720272609165733,0.07707550450220779
294,16.15845537185669,178.43175574918655,174.66986960434966,0.4415116161108017,OK,neutral,valgus,-0.006802287997804866,-0.02316585911030296,-0.6802287997804867,-2.316585911030296,0.6802287997804867,2.316585911030296,0.44198246300220484,0.11621742261548818
295,16.21451735496521,177.42827192187528,173.68406563938356,0.44737450778484344,OK,neutral,valgus,-0.011157862784422063,-0.02748890530555911,-1.1157862784422063,-2.748890530555911,1.1157862784422063,2.748890530555911,0.4502733605248587,0.1607205431009593
296,16.2671902179718,175.9689562484184,172.10407935825555,0.4532156139612198,OK,neutral,valgus,-0.0174986666751006,-0.034395652079751655,-1.74986666751006,-3.4395652079751655,1.74986666751006,3.4395652079751655,0.45937403397900717,0.17378295521556497
297,16.323418378829956,175.37231418615175,170.9888640339097,0.45977723598480225,OK,valgus,valgus,-0.020070018774933022,-0.039250325834918325,-2.0070018774933023,-3.9250325834918325,2.0070018774933023,3.9250325834918325,0.4692058946405138,0.18945175296502104
298,16.37646198272705,173.62692650993617,166.56872043041633,0.4862578809261322,OK,valgus,valgus,-0.027258114931926654,-0.058446489392357436,-2.7258114931926656,-5.844648939235744,2.7258114931926656,5.844648939235744,0.4799854350941522,0.2045977851177989
299,16.429760932922363,172.78977193589805,165.23265502962892,0.4939327985048294,OK,valgus,valgus,-0.030752855715326186,-0.06426959945980175,-3.0752855715326186,-6.426959945980175,3.0752855715326186,6.426959945980175,0.4909640508038657,0.19275339205351472
300,16.489969730377197,172.17525115472472,164.85862574694315,0.502371609210968,OK,valgus,valgus,-0.03317679587071249,-0.06571581448107104,-3.317679587071249,-6.571581448107104,3.317679587071249,6.571581448107104,0.5016697751624244,0.18599337351142164
301,16.543843030929565,169.21521750372833,162.22712736278433,0.5169683992862701,OK,valgus,valgus,-0.04546888645726627,-0.07599216370121685,-4.546888645726627,-7.599216370121685,4.546888645726627,7.599216370121685,0.5120843287025179,0.16387526946307496
302,16.59391188621521,167.0746261425855,160.5649064068304,0.5242248177528381,OK,valgus,valgus,-0.053649986805504826,-0.08206257633922237,-5.364998680550483,-8.206257633922236,5.364998680550483,8.206257633922236,0.5189194232225417,0.119898289317101
303,16.65155029296875,165.34843797628704,160.34818463692397,0.5281556844711304,OK,valgus,valgus,-0.05906639313557053,-0.08214537186473529,-5.9066393135570525,-8.21453718647353,5.9066393135570525,8.21453718647353,0.5247276851109095,0.08726372163525387
304,16.70019793510437,163.76409354250515,159.25449071632698,0.5326791107654572,OK,valgus,valgus,-0.06444007527284734,-0.08737280787946387,-6.444007527284734,-8.737280787946387,6.444007527284734,8.737280787946387,0.5284182727336884,0.049524091489990596
305,16.75436758995056,162.72573939085598,158.75194018639493,0.5341035425662994,OK,valgus,valgus,-0.06938120327495785,-0.08845386559250228,-6.938120327495785,-8.845386559250228,6.938120327495785,8.845386559250228,0.5295122138091496,0.008058103717979215
306,16.80808925628662,162.70124466473615,158.10584663366737,0.5345906317234039,OK,valgus,valgus,-0.0687657697911308,-0.09073553482078578,-6.87657697911308,-9.073553482078578,6.87657697911308,9.073553482078578,0.5292985013553074,-0.011008094126800039
307,16.858675241470337,163.5192782480968,158.29794232450817,0.5282057225704193,OK,valgus,valgus,-0.0656858098221962,-0.0909276517380704,-6.56858098221962,-9.09276517380704,6.56858098221962,9.09276517380704,0.5284067860671452,-0.03303373420860822
308,16.91110062599182,164.1396991479508,158.99057811663738,0.5246259868144989,OK,valgus,valgus,-0.06374099913890514,-0.088530343765142,-6.374099913890515,-8.8530343765142,6.374099913890515,8.8530343765142,0.5258379450866154,-0.08465570737762906
309,16.9649019241333,164.66332369035322,159.2578217950354,0.522728830575943,OK,valgus,valgus,-0.061957795980754043,-0.08771922986546496,-6.195779598075404,-8.771922986546496,6.195779598075404,8.771922986546496,0.5193146850381578,-0.1356912891343045
310,17.02154564857483,164.7940267358093,159.0465733115337,0.5219136774539948,OK,valgus,valgus,-0.06128866191516843,-0.08886521010095372,-6.128866191516843,-8.886521010095372,6.128866191516843,8.886521010095372,0.5107672363519667,-0.15021430532230706
311,17.077130794525146,165.5723495176719,159.73437558424766,0.5146972239017487,OK,valgus,valgus,-0.05836396302020387,-0.08650869134747062,-5.836396302020387,-8.650869134747062,5.836396302020387,8.650869134747062,0.5024548683847699,-0.1574914580504787
312,17.129131078720093,170.9994271555878,162.94447713084077,0.48844072222709656,OK,valgus,valgus,-0.03774057994701283,-0.07428141775510327,-3.774057994701283,-7.428141775510327,3.774057994701283,7.428141775510327,0.4938786008528301,-0.18007594189527332
313,17.183229446411133,173.6883295039162,164.4043935781742,0.47475849092006683,OK,valgus,valgus,-0.026810591790654134,-0.06791957794324394,-2.6810591790654135,-6.791957794324394,2.6810591790654135,6.791957794324394,0.48328420519828796,-0.20902940314101937
314,17.232447147369385,175.20130161528255,166.281834777893,0.4700191468000412,OK,valgus,valgus,-0.020640011696491142,-0.05973198612919204,-2.064001169649114,-5.973198612919204,2.064001169649114,5.973198612919204,0.4724054826157434,-0.20776111546478404
315,17.286866188049316,175.9486022641124,168.60402839872145,0.4645921140909195,OK,neutral,valgus,-0.017568221845454663,-0.04970309492720203,-1.7568221845454663,-4.970309492720203,1.7568221845454663,4.970309492720203,0.4618978755814688,-0.16729919109588032
316,17.339792728424072,177.57759577924787,171.97234734118697,0.44856806099414825,OK,neutral,valgus,-0.010536121083286363,-0.03499516958643753,-1.0536121083286363,-3.499516958643753,1.0536121083286363,3.499516958643753,0.45437073281833096,-0.13260006248206668
317,17.390562534332275,178.62981021978266,173.86215756953166,0.44576261937618256,OK,neutral,valgus,-0.005963347494378323,-0.02671367110980302,-0.5963347494378323,-2.671367110980302,0.5963347494378323,2.671367110980302,0.4481070893151419,-0.11484241827774122
318,17.446519374847412,179.8264604964766,175.42441468851365,0.4411439746618271,OK,neutral,neutral,-0.0007550303291369316,-0.019915703635681684,-0.07550303291369316,-1.9915703635681685,0.07550303291369316,1.9915703635681685,0.44220700860023493,-0.10664841191982166
319,17.502339124679565,178.9561924713885,178.35965754329982,0.43575072288513184,OK,neutral,neutral,0.004550735648151949,-0.00711175708736118,0.4550735648151949,-0.711175708736118,0.4550735648151949,0.711175708736118,0.4361866244247981,-0.085229103892142
320,17.560811519622803,178.77463386283722,179.1500749172921,0.4309129863977432,OK,neutral,neutral,0.005342567815849507,-0.003683867003841678,0.5342567815849507,-0.36838670038416776,0.5342567815849507,0.36838670038416776,0.43258887529373163,-0.062122438655431544
321,17.615240573883057,178.3286067845849,178.8171246026675,0.42871858179569244,OK,neutral,neutral,0.007285601148464147,-0.005132547288161561,0.7285601148464147,-0.5132547288161561,0.7285601148464147,0.5132547288161561,0.42917754394667484,-0.05576026080751939
322,17.670533657073975,178.84110866146136,178.33953839242272,0.42244942486286163,OK,neutral,neutral,0.005052419108230185,-0.00723147939675067,0.5052419108230185,-0.7231479396750671,0.5052419108230185,0.7231479396750671,0.42648278389658245,-0.04231293627095445
323,17.72532057762146,179.1277704054691,178.0172197436053,0.42338381707668304,OK,neutral,neutral,0.003803550704179871,-0.008644972556155654,0.3803550704179871,-0.8644972556155653,0.3803550704179871,0.8644972556155653,0.4245132633617946,-0.031375481284369844
324,17.781118392944336,179.29546075826522,177.80712771721872,0.421883299946785,OK,neutral,neutral,0.003072464255718967,-0.009565660359759115,0.3072464255718967,-0.9565660359759115,0.3072464255718967,0.9565660359759115,0.42302246604646954,-0.02507401745181559
325,17.835638999938965,179.43535786232235,177.4270589642144,0.4222806543111801,OK,neutral,neutral,0.0024625334869383185,-0.011219258571891903,0.24625334869383184,-1.1219258571891904,0.24625334869383184,1.1219258571891904,0.421742986355509,-0.014652403807865255
326,17.890283346176147,179.5836120905642,177.2724225644421,0.4219640791416168,OK,neutral,neutral,0.0018156459734318393,-0.01188999371433662,0.18156459734318392,-1.1889993714336622,0.18156459734318392,1.1889993714336622,0.42142512117113384,-0.007160742414070498
327,17.94459319114685,179.4266594062218,176.89987384110168,0.42047740519046783,OK,neutral,neutral,0.0025000628493166816,-0.013518706858884797,0.25000628493166815,-1.3518706858884797,0.25000628493166815,1.3518706858884797,0.42096368968486786,-0.006197422672594932
328,17.99754524230957,179.28035106095098,176.7283818560088,0.4197622239589691,OK,neutral,neutral,0.003137783160498667,-0.014268602119584476,0.3137783160498667,-1.4268602119584477,0.3137783160498667,1.4268602119584477,0.42075420916080475,-0.004073526230631952
329,18.052834033966064,179.39655637854514,176.56827569482525,0.4202243685722351,OK,neutral,neutral,0.002630774755683492,-0.014967028325586287,0.2630774755683492,-1.4967028325586287,0.2630774755683492,1.4967028325586287,0.42052220659596573,-0.0037693500831332827
330,18.108299255371094,179.71653842252928,176.39377912078402,0.42015379667282104,OK,neutral,neutral,0.0012358846339607815,-0.01572794171186875,0.12358846339607815,-1.572794171186875,0.12358846339607815,1.572794171186875,0.42033688936914715,-0.0012584447469472515
331,18.163919925689697,179.71599421466757,176.23576922889308,0.4204169362783432,OK,neutral,neutral,0.0012382122087220627,-0.01641386110082822,0.12382122087220626,-1.641386110082822,0.12382122087220626,1.641386110082822,0.4203830595527376,0.0019688098744374827
332,18.2193820476532,179.69772819551878,176.31635520165773,0.42065663635730743,OK,neutral,neutral,0.0013178011130977703,-0.016061588264403105,0.13178011130977701,-1.6061588264403106,0.13178011130977701,1.6061588264403106,0.42055522969790865,0.005906885571729248
333,18.278695344924927,179.7213731761539,176.39372704817887,0.4206668585538864,OK,neutral,neutral,0.0012145564664346599,-0.015722729502423302,0.12145564664346599,-1.5722729502423303,0.12145564664346599,1.5722729502423303,0.42108336091041565,0.015520051710232075
334,18.33249568939209,179.62589265473483,176.48127741253845,0.4208005964756012,OK,neutral,neutral,0.0016307717258614528,-0.015339499663175916,0.1630771725861453,-1.5339499663175917,0.1630771725861453,1.5339499663175917,0.4222412024225507,0.02580913975599053
335,18.3924822807312,179.33523082990718,176.6165797160752,0.4209674149751663,OK,neutral,neutral,0.002897704728123316,-0.014748407988068557,0.2897704728123316,-1.4748407988068557,0.2897704728123316,1.4748407988068557,0.42407620804650437,0.05320540632226134
336,18.445897817611694,176.3777708776027,179.4080904459362,0.42392128705978394,OK,neutral,neutral,0.015798208132391883,-0.0025756055357664042,1.5798208132391882,-0.2575605535766404,1.5798208132391882,0.2575605535766404,0.42799387659345345,0.09274923121551426
337,18.500515460968018,174.75392872717097,177.9098838277971,0.4282586872577667,OK,varus,neutral,0.0228957977164112,0.009096434928005334,2.28957977164112,0.9096434928005335,2.28957977164112,0.9096434928005335,0.4341433835881097,0.1209172306278603
338,18.557283639907837,172.65097661173178,175.26398011101054,0.433261975646019,OK,varus,varus,0.03210832512688304,0.02063746067435068,3.2108325126883037,2.063746067435068,3.2108325126883037,2.063746067435068,0.44149885433060787,0.13922002189806593
339,18.61402654647827,168.7912209394151,169.91708166906113,0.44808031618595123,OK,varus,varus,0.04905494499015322,0.04402493257135549,4.9054944990153215,4.402493257135549,4.9054944990153215,4.402493257135549,0.44994591176509857,0.14949110265560073
340,18.67319917678833,162.1216911840544,166.58200192072385,0.4637134075164795,OK,varus,varus,0.07863052027101423,0.05856645129584048,7.863052027101423,5.856645129584049,7.863052027101423,5.856645129584049,0.45883030125073027,0.160337304268376
341,18.72775959968567,158.31975538795422,163.65049642779906,0.4722888916730881,OK,varus,varus,0.09539587793689477,0.07149898476767112,9.539587793689478,7.149898476767112,9.539587793689478,7.149898476767112,0.4680911962475096,0.17696794637111513
342,18.78178834915161,153.54217102831169,161.3665461367166,0.48009681701660156,OK,varus,varus,0.11705252517962342,0.08156071548043967,11.705252517962341,8.156071548043967,11.705252517962341,8.156071548043967,0.4780394520078387,0.17309790691120863
343,18.835273504257202,152.57645698431003,159.1431189191922,0.4861120134592056,OK,varus,varus,0.12178864736220313,0.09152598178755966,12.178864736220312,9.152598178755966,12.178864736220312,9.152598178755966,0.48671356056417736,0.14523132257270444
344,18.88913631439209,151.38979834630064,158.63031730541456,0.49308495223522186,OK,varus,varus,0.12687891577036095,0.09380336252025295,12.687891577036096,9.380336252025295,12.687891577036096,9.380336252025295,0.49361689388751984,0.12294712282555142
345,18.942083835601807,148.25206749642734,157.23951232880916,0.5028997659683228,OK,varus,varus,0.1417554166691972,0.1000127790925242,14.175541666919719,10.00127790925242,14.175541666919719,10.00127790925242,0.49985505427633004,0.1059091566702337
346,18.99717402458191,146.50829827780612,154.3933962295939,0.5087990760803223,OK,varus,varus,0.1502966346922658,0.11321566312390284,15.02966346922658,11.321566312390283,15.02966346922658,11.321566312390283,0.5050070115498134,0.08072560431693532
347,19.0599627494812,144.6358678220383,154.31960822813176,0.5120367407798767,OK,varus,varus,0.1592217696883181,0.11364909983245476,15.922176968831812,11.364909983245477,15.922176968831812,11.364909983245477,0.5091601631471089,0.05514097557118536
348,19.11978268623352,143.39592803446445,154.55413162992306,0.5159560143947601,OK,varus,varus,0.1653541624070196,0.1127891652083473,16.535416240701963,11.278916520834729,16.535416240701963,11.278916520834729,0.5118315645626612,0.01733696963880149
349,19.175681114196777,142.74171259605097,153.73521734568905,0.5161605179309845,OK,varus,varus,0.16854657114784002,0.11658115197637191,16.854657114784004,11.65811519763719,16.854657114784004,11.65811519763719,0.5113736199481146,-0.028219785617114468
350,19.227771997451782,143.01529212375917,153.68868387766412,0.515184074640274,OK,varus,varus,0.16722346781871866,0.11680929588430874,16.722346781871867,11.680929588430875,16.722346781871867,11.680929588430875,0.5089314452239445,-0.059072105142384146
351,19.2824866771698,143.7545812519645,154.74705638961433,0.5117847621440887,OK,varus,varus,0.16363757253652117,0.11171901188498214,16.363757253652118,11.171901188498214,16.363757253652118,11.171901188498214,0.5049988159111567,-0.09074741711107404
352,19.33896279335022,145.54305685480583,156.14867507376385,0.4996941536664963,OK,varus,varus,0.15496956087117617,0.10494963420935143,15.496956087117617,10.494963420935143,15.496956087117617,10.494963420935143,0.49877361314637314,-0.12854599287601154
353,19.38975238800049,146.91183027586592,156.8826214079618,0.4917038530111313,OK,varus,varus,0.14832388417883313,0.1017580119694559,14.832388417883314,10.17580119694559,14.832388417883314,10.17580119694559,0.4914080905062811,-0.14818392194729046
354,19.444602727890015,149.22297262765915,158.73661648746207,0.48450833559036255,OK,varus,varus,0.13733141772692622,0.093471471815897,13.733141772692623,9.347147181589701,13.733141772692623,9.347147181589701,0.4830927529505321,-0.1543696005489288
355,19.501111268997192,153.30466897808398,161.6743319812703,0.472379595041275,OK,varus,varus,0.11838649441213389,0.07999457835545615,11.83864944121339,7.9994578355456145,11.83864944121339,7.9994578355456145,0.47420834217752733,-0.16207531709194
356,19.55641269683838,155.71367098395822,165.27079437728517,0.46460185945034027,OK,varus,varus,0.10721668255305726,0.0642622045843608,10.721668255305726,6.42622045843608,10.721668255305726,6.42622045843608,0.4649827075856072,-0.16360173255013422
357,19.609273195266724,158.96048668143007,167.62776301879995,0.4569767117500305,OK,varus,varus,0.09242584280060043,0.05402609503642753,9.242584280060044,5.402609503642753,9.242584280060044,5.402609503642753,0.4564974776336125,-0.15115838826737749
358,19.66454005241394,162.56758600248185,169.6873254269301,0.4495938867330551,OK,varus,varus,0.07661922258301809,0.044986242681831434,7.661922258301809,4.498624268183144,7.661922258301809,4.498624268183144,0.44868443693433485,-0.13242139956647137
359,19.722502946853638,169.77026656066568,174.4232871752392,0.43511471152305603,OK,varus,varus,0.04471234580564467,0.024331538268186986,4.471234580564467,2.4331538268186987,4.471234580564467,2.4331538268186987,0.4415528603962489,-0.11005904529159194
360,19.786410808563232,171.55164449463723,174.97252709422978,0.43230724334716797,OK,varus,varus,0.036907632355438244,0.021948622971688706,3.6907632355438245,2.1948622971688705,3.6907632355438245,2.1948622971688705,0.43543367726462223,-0.09312091602741113
361,19.842204809188843,174.07391763604966,176.64581622524818,0.4298170506954193,OK,varus,neutral,0.02587106707563188,0.01463875019202949,2.587106707563188,1.463875019202949,2.587106707563188,1.463875019202949,0.4303661563566753,-0.08322563788495074
362,19.897225379943848,177.35001968826347,179.3227445078314,0.42245855927467346,OK,neutral,neutral,0.011547818518697104,-0.002954275570622246,1.1547818518697104,-0.2954275570622246,1.1547818518697104,0.2954275570622246,0.42619938935552326,-0.05697487058756545
363,19.954270362854004,178.57900721484984,177.3292999665221,0.42176757752895355,OK,neutral,neutral,0.006194207155858465,-0.011651457295989506,0.6194207155858465,-1.1651457295989507,0.6194207155858465,1.1651457295989507,0.42405857358660015,-0.034154846638980274
364,20.008421897888184,179.2077836869591,176.73978027738625,0.42150406539440155,OK,neutral,neutral,0.0034547166119706513,-0.014225162378189845,0.3454716611970651,-1.4225162378189846,0.3454716611970651,1.4225162378189846,0.4223824611731938,-0.029138158239978562
365,20.06455373764038,179.0574434260732,177.00822463837113,0.42042651772499084,OK,neutral,neutral,0.004110195280684669,-0.013051693026517064,0.41101952806846687,-1.3051693026517064,0.41101952806846687,1.3051693026517064,0.42085243548665724,-0.01761698488995922
366,20.12121057510376,179.71260268076745,176.09233003399152,0.4201290011405945,OK,neutral,neutral,0.00125339412135492,-0.017048087240769148,0.125339412135492,-1.7048087240769147,0.125339412135492,1.7048087240769147,0.42040563481194626,-0.00688889719514485
367,20.17330503463745,179.98836265862835,175.98623758815114,0.42057445645332336,OK,neutral,neutral,-5.0746837046178205e-05,-0.017508537901898248,-0.005074683704617821,-1.750853790189825,0.005074683704617821,1.750853790189825,0.4200945262398038,-0.005198782649813438
368,20.229542016983032,179.50729129502125,175.4075858750615,0.4191068708896637,OK,neutral,valgus,-0.002147873592011458,-0.02003079187938941,-0.21478735920114578,-2.003079187938941,0.21478735920114578,2.003079187938941,0.41984910411494114,-0.0033565634370176234
369,20.288890838623047,179.5194486854983,175.41698469564543,0.4193309545516968,OK,neutral,neutral,-0.0020948838826925676,-0.019986587769879643,-0.20948838826925675,-1.9986587769879642,0.20948838826925675,1.9986587769879642,0.41971299903733383,-0.0014662440468957705
370,20.346694469451904,179.42452488119696,175.42880831331968,0.4195898175239563,OK,neutral,neutral,-0.0025087177408073943,-0.01993430376087956,-0.2508717740807394,-1.9934303760879561,0.2508717740807394,1.9934303760879561,0.41967480736119406,-0.0011599142410672059
371,20.40053391456604,179.4081317359806,175.4898173236787,0.41978611052036285,OK,neutral,neutral,-0.002580676441693278,-0.01965848697948327,-0.2580676441693278,-1.9658486979483272,0.2580676441693278,1.9658486979483272,0.41958732477256233,0.00010927343114142118
372,20.456433534622192,179.3398205973089,175.6905681978699,0.4194737821817398,OK,neutral,neutral,-0.0028784398015275956,-0.018778694935672354,-0.2878439801527596,-1.8778694935672353,0.2878439801527596,1.8778694935672353,0.4196940809488296,0.001734796258621607
373,20.518712520599365,179.3415580165186,175.85246988372396,0.41986165940761566,OK,neutral,neutral,-0.0028707108879359364,-0.01807326215837113,-0.28707108879359367,-1.8073262158371128,0.28707108879359367,1.8073262158371128,0.41978998056479855,0.0026552926733312
374,20.577113389968872,179.37364125837465,176.03051843615194,0.419962078332901,OK,neutral,neutral,-0.002731093240786161,-0.017295778264315595,-0.2731093240786161,-1.7295778264315596,0.2731093240786161,1.7295778264315596,0.42000613893781386,0.005273544355786974
375,20.630175590515137,179.43671448610402,176.06522773428125,0.41985416412353516,OK,neutral,neutral,-0.002455862995673658,-0.01714422553325165,-0.24558629956736583,-1.7144225533251651,0.24558629956736583,1.7144225533251651,0.42036176579339163,0.011830642948308157
376,20.686899662017822,179.58138401581513,176.50973902142275,0.4200022518634796,OK,neutral,neutral,0.0018249697760299383,-0.015206020034653132,0.18249697760299383,-1.5206020034653132,0.18249697760299383,1.5206020034653132,0.4213438374655587,0.03615080453099395
377,20.742255926132202,178.6445113781989,177.39501382843474,0.42110292613506317,OK,neutral,neutral,0.005906805179724827,-0.011344108593876617,0.5906805179724828,-1.1344108593876616,0.5906805179724828,1.1344108593876616,0.4243626488106591,0.06619777317681974
378,20.795902729034424,177.10994105291377,178.90347685579405,0.42227549850940704,OK,neutral,neutral,0.012594118914068598,-0.004772332754365029,1.2594118914068597,-0.47723327543650296,1.2594118914068597,0.47723327543650296,0.42852033674716944,0.08176239760154136
379,20.854029417037964,175.71048981966072,177.78491573195328,0.4263482838869095,OK,neutral,neutral,0.018707758829146458,0.009641393087751367,1.8707758829146457,0.9641393087751366,1.8707758829146457,0.9641393087751366,0.43354129152638565,0.09721076272646734
380,20.90751886367798,171.57176960611733,173.12752034882405,0.4409933388233185,OK,varus,varus,0.036834943968954086,0.029973350435333893,3.6834943968954086,2.9973350435333894,3.6834943968954086,2.9973350435333894,0.4392741790839604,0.13587631808482037
381,20.963112831115723,169.07252625625208,169.98035037964107,0.4490658938884735,OK,varus,varus,0.04782449485001528,0.043695173129728766,4.7824494850015284,4.369517312972877,4.7824494850015284,4.369517312972877,0.4484863132238388,0.17313939954602464
382,21.02167773246765,166.64724968453027,168.42300312965287,0.4550008475780487,OK,varus,varus,0.05852419930858309,0.05054106731509331,5.852419930858309,5.05410673150933,5.852419930858309,5.05410673150933,0.4590849386794226,0.18091343357907474
383,21.079877614974976,163.82478118891646,165.34428280747287,0.4601324647665024,OK,varus,varus,0.07103369322465762,0.06418129898926768,7.103369322465762,6.418129898926768,7.103369322465762,6.418129898926768,0.46961067404065815,0.17193912568453396
384,21.13656187057495,153.6745107897175,158.69099327223321,0.48558786511421204,OK,varus,varus,0.11671305125770123,0.09367178222339667,11.671305125770123,9.367178222339668,11.671305125770123,9.367178222339668,0.4788646910871778,0.17259214422245694
385,21.18960738182068,150.98950080150925,156.22644288473225,0.49646587669849396,OK,varus,varus,0.12863885200681058,0.10468256900456596,12.863885200681057,10.468256900456597,12.863885200681057,10.468256900456597,0.48848340341023033,0.1768653328196912
386,21.243971586227417,149.37110970151923,155.12800241257148,0.5000284314155579,OK,varus,varus,0.13585646626529357,0.10936952080598915,13.585646626529357,10.936952080598914,13.585646626529357,10.936952080598914,0.49784982630184715,0.16440188125122246
387,21.302815198898315,147.94764934526611,152.4027263777438,0.5057714581489563,OK,varus,varus,0.14307006276157505,0.12200416320160186,14.307006276157505,12.200416320160185,14.307006276157505,12.200416320160185,0.5070213994809559,0.12735891183090775
388,21.36132287979126,144.3875150329155,150.14697914076336,0.5163968801498413,OK,varus,varus,0.16029050724667512,0.1327329491938552,16.029050724667513,13.27329491938552,16.029050724667513,13.27329491938552,0.5128146559000015,0.087678843971978
389,21.416136264801025,142.9012782809005,149.43216014947473,0.5205658078193665,OK,varus,varus,0.16764521392701598,0.1365100245493104,16.7645213927016,13.65100245493104,16.7645213927016,13.65100245493104,0.5170383879116602,0.06453058666509648
390,21.471810579299927,141.12547392725193,148.8981989497048,0.5243334770202637,OK,varus,varus,0.17633477746594342,0.1391311018941091,17.63347774659434,13.91311018941091,17.63347774659434,13.91311018941091,0.5199227545942579,0.040491163805739916
391,21.528045892715454,141.05629264318185,148.3127255474523,0.5261406600475311,OK,varus,varus,0.17656123848470368,0.1418955156320144,17.65612384847037,14.18955156320144,17.65612384847037,14.18955156320144,0.521556977714811,0.013006511288565115
392,21.58280611038208,141.22790014245112,148.70775432387825,0.5260320007801056,OK,varus,varus,0.17573047666323008,0.14003643927198517,17.573047666323006,14.003643927198517,17.573047666323006,14.003643927198517,0.5214131602219173,-0.03407112346089569
393,21.63810086250305,142.3995936577466,149.8364621009944,0.5202189981937408,OK,varus,varus,0.16984719903269827,0.1347000316960794,16.984719903269827,13.470003169607939,16.984719903269827,13.470003169607939,0.5177735005106244,-0.08918561059690511
394,21.69592809677124,143.38119631015635,150.28543878463833,0.5172110199928284,OK,varus,varus,0.16500088447016598,0.13252474978039358,16.500088447016598,13.252474978039357,16.500088447016598,13.252474978039357,0.5112032656158719,-0.13395031091503906
395,21.749499797821045,143.97771796972225,150.60506623420835,0.515390157699585,OK,varus,varus,0.16210986827755877,0.13098739489096473,16.210986827755878,13.098739489096472,16.210986827755878,13.098739489096472,0.5030182578733989,-0.16176863689084797
396,21.802086353302002,147.83833995414665,156.23185667729513,0.4950881898403168,OK,varus,varus,0.1435413582296495,0.10420898639768911,14.35413582296495,10.420898639768911,14.35413582296495,10.420898639768911,0.49404772477490566,-0.1586998531962296
397,21.865873098373413,151.04688869657716,160.74653895099493,0.47834183275699615,OK,varus,varus,0.1282101887860579,0.08384814180615119,12.82101887860579,8.38481418061512,12.82101887860579,8.38481418061512,0.4848444419247763,-0.16546245904441736
398,21.923650979995728,153.1869789389575,163.62210663920123,0.4688456058502197,OK,varus,varus,0.11867096406092824,0.07141120503589495,11.867096406092823,7.1411205035894945,11.867096406092823,7.1411205035894945,0.474175893834659,-0.18960404762090688
399,21.98177194595337,155.04676815425617,167.76764649222372,0.46323826909065247,OK,varus,varus,0.11019540965745783,0.05340177527613786,11.019540965745783,5.340177527613786,11.019540965745783,5.340177527613786,0.4628661402634212,-0.18005192035376094
400,22.03666925430298,158.70064665317295,170.0645269115404,0.455796018242836,OK,varus,varus,0.09372140097033976,0.04338123466885789,9.372140097033977,4.338123466885789,9.372140097033977,4.338123466885789,0.45373560488224024,-0.14883633365653992
401,22.09193778038025,165.47455348368194,173.62190641181581,0.44253118336200714,OK,varus,varus,0.06371072938594723,0.027844419580287303,6.371072938594723,2.7844419580287303,6.371072938594723,2.7844419580287303,0.44648248595850804,-0.12297733785704557
402,22.14737558364868,169.0155692292493,175.423537708119,0.4362218827009201,OK,varus,neutral,0.04805228639840482,0.01997614877800852,4.805228639840482,1.9976148778008522,4.805228639840482,1.9976148778008522,0.4401240348815917,-0.11382686976443157
403,22.20122766494751,172.12288547600295,176.7462603620668,0.4311744421720505,OK,varus,neutral,0.03437073980857809,0.014200740297747478,3.437073980857809,1.4200740297747478,3.437073980857809,1.4200740297747478,0.4340396459613527,-0.1029437904044328
404,22.260030508041382,173.94432758018655,177.90222850366987,0.42757000029087067,OK,varus,neutral,0.02641504434260041,0.009152680374236397,2.6415044342600407,0.9152680374236397,2.6415044342600407,0.9152680374236397,0.42863088633332935,-0.0769837879150761
405,22.31755805015564,175.58818220115037,179.53188154649317,0.4243364483118057,OK,neutral,neutral,0.01922911500992296,0.002041627894816524,1.922911500992296,0.20416278948165242,1.922911500992296,0.20416278948165242,0.42504625448158806,-0.053898047021487816
406,22.37286901473999,177.60923325999278,178.8677199138972,0.4206475466489792,OK,neutral,neutral,0.010419555913624616,-0.004936153613016848,1.0419555913624616,-0.49361536130168476,1.0419555913624616,0.49361536130168476,0.4225125312805175,-0.03919396235581907
407,22.427762746810913,178.32866597820342,177.03714300605833,0.41793470084667206,OK,neutral,neutral,0.0072807547145207095,-0.012913735566613724,0.728075471452071,-1.2913735566613724,0.728075471452071,1.2913735566613724,0.42072139680385584,-0.025565152433831173
408,22.491238117218018,178.5511447385582,176.47130357290536,0.4174387603998184,OK,neutral,neutral,0.006309952098950528,-0.015373015654540148,0.6309952098950528,-1.5373015654540148,0.6309952098950528,1.5373015654540148,0.4196171249662127,-0.013030318813944675
409,22.547740936279297,178.0259394231691,176.54027425804003,0.4184858202934265,OK,neutral,neutral,0.008602066276058792,-0.015072055849526762,0.8602066276058793,-1.5072055849526762,0.8602066276058793,1.5072055849526762,0.4191004953214101,-0.00535477726364153
410,22.600411415100098,178.41587297805359,176.9788400162935,0.4186365008354187,OK,neutral,neutral,0.006903701106491236,-0.013159068890203221,0.6903701106491236,-1.315906889020322,0.6903701106491236,1.315906889020322,0.41900447223867693,-0.0005267929010042138
411,22.657251596450806,178.6886703195943,177.19566486788585,0.41984009742736816,OK,neutral,neutral,0.005715783184800774,-0.012222269439748495,0.5715783184800773,-1.2222269439748494,0.5715783184800773,1.2222269439748494,0.41905404414449415,-0.0010221822290272797
412,22.71396231651306,178.6837681224488,177.41596479408,0.42072004079818726,OK,neutral,neutral,0.005736332213532234,-0.011261660941177642,0.5736332213532234,-1.1261660941177642,0.5736332213532234,1.1261660941177642,0.41888889244624544,-0.005229538140093748
413,22.76902174949646,178.7363637448755,177.55900134023602,0.4199753850698471,OK,neutral,neutral,0.005508724287697567,-0.010636390587284909,0.5508724287697566,-1.063639058728491,0.5508724287697566,1.063639058728491,0.4184770796980176,-0.008186102104708937
414,22.822731733322144,178.79748448275285,177.8076264782046,0.4182817041873932,OK,neutral,neutral,0.005241953703297149,-0.009549438098944676,0.524195370329715,-0.9549438098944676,0.524195370329715,0.9549438098944676,0.41800037877900253,-0.01098622375524183
415,22.876988410949707,178.60635638214504,178.04180310083024,0.41628269851207733,OK,neutral,neutral,0.006075777886938047,-0.008534823450645015,0.6075777886938047,-0.8534823450645015,0.6075777886938047,0.8534823450645015,0.41728861417089186,-0.01419429029585606
416,22.932140827178955,178.464794728077,178.20625650974947,0.4156031310558319,OK,neutral,neutral,0.006693322313333685,-0.007820042359019997,0.6693322313333685,-0.7820042359019997,0.6693322313333685,0.7820042359019997,0.4164454511233738,-0.014345431009710197
417,22.987311601638794,178.40427448285627,178.2591045143988,0.41529959440231323,OK,neutral,neutral,0.006957931195424209,-0.00758877513753854,0.6957931195424208,-0.758877513753854,0.6957931195424208,0.758877513753854,0.4157060150589261,-0.011197192235858022
418,23.04428791999817,178.38875381872688,178.31748502213398,0.41485774517059326,OK,neutral,neutral,0.007025025459737484,-0.007333260079816713,0.7025025459737484,-0.7333260079816712,0.7025025459737484,0.7333260079816712,0.41519781308514725,-0.00674472658705394
419,23.09853982925415,178.40165131448347,178.39689027991145,0.4148178994655609,OK,neutral,neutral,0.0069689464893631994,-0.006986669807781221,0.6968946489363199,-0.6986669807781222,0.6968946489363199,0.6986669807781222,0.4149442442825862,-0.004222133979908893
420,23.157544374465942,178.4239244077104,178.43060869268436,0.4147993326187134,OK,neutral,neutral,0.006871801656924901,-0.006837817813535935,0.6871801656924901,-0.6837817813535935,0.6871801656924901,0.6837817813535935,0.41472411155700684,-0.0035865884344472576
421,23.214512586593628,178.43571439856484,178.4911298537496,0.41472429037094116,OK,neutral,neutral,0.00682010434981946,-0.0065744108024170505,0.682010434981946,-0.657441080241705,0.682010434981946,0.657441080241705,0.41452772063868387,-0.002999633827587722
422,23.273690938949585,178.5028089028475,178.5080847020659,0.4145077168941498,OK,neutral,neutral,0.0065275697980016565,-0.006499929916024739,0.6527569798001657,-0.6499929916024739,0.6527569798001657,0.6499929916024739,0.41437773193631855,-0.00271754036518157
423,23.326995849609375,178.50134338591636,178.565332304048,0.4140622019767761,OK,neutral,neutral,0.006533398290860407,-0.0062497430665375605,0.6533398290860407,-0.6249743066537561,0.6533398290860407,0.6249743066537561,0.41422408606324873,-0.0028027670044359354
424,23.381417512893677,178.34879786843885,178.74705411351658,0.41392485797405243,OK,neutral,neutral,0.007198034882392338,-0.005457674677970838,0.7198034882392338,-0.5457674677970838,0.7198034882392338,0.5457674677970838,0.4140759791646685,-0.0008148154603464519
425,23.435247898101807,178.19536400393775,178.99342927196318,0.41380782425403595,OK,neutral,neutral,0.007866503242646308,-0.004383975887016653,0.7866503242646308,-0.4383975887016653,0.7866503242646308,0.4383975887016653,0.41413363814353943,0.0032306582204766343
426,23.48978018760681,178.05394593139016,179.3426833253241,0.41374237835407257,OK,neutral,neutral,0.008483262125366408,-0.002862525889879523,0.8483262125366409,-0.2862525889879523,0.8483262125366409,0.2862525889879523,0.41442911326885223,0.007539182134193467
427,23.548682689666748,177.7532590328918,179.69108671680263,0.41376258432865143,OK,neutral,neutral,0.009793267429741112,-0.0013456786198594868,0.9793267429741113,-0.13456786198594867,0.9793267429741113,0.13456786198594867,0.4150081234318869,0.01347575032294479
428,23.60185170173645,175.8618443895032,179.3276268195157,0.4151279032230377,OK,neutral,neutral,0.01803604592249298,0.0029291681994648164,1.8036045922492978,0.29291681994648167,1.8036045922492978,0.29291681994648167,0.4158995896577835,0.01973049178394648
429,23.657723903656006,174.62500945932555,178.68392062174087,0.4165760427713394,OK,varus,neutral,0.023434594320346783,0.005734344030570246,2.3434594320346784,0.5734344030570245,2.3434594320346784,0.5734344030570245,0.4171759911945888,0.028670046964566875
430,23.715984582901,174.16671626310008,178.25197097232717,0.4181152731180191,OK,varus,neutral,0.025435737698862745,0.00761536892177047,2.5435737698862746,0.761536892177047,2.5435737698862746,0.761536892177047,0.41920020537717007,0.04062502436832105
431,23.77077579498291,172.58551907320955,177.56585272711874,0.42016512155532837,OK,varus,neutral,0.03235567502589297,0.01059864880323112,3.235567502589297,1.0598648803231119,3.235567502589297,1.0598648803231119,0.4217291346618107,0.048843049652859793
432,23.82419514656067,171.94737647690255,176.58290092177174,0.422742635011673,OK,varus,neutral,0.0351532127134145,0.014867948848432731,3.51532127134145,1.486794884843273,3.51532127134145,1.486794884843273,0.4244782584054129,0.049596029923989704
433,23.882842779159546,170.53713184773102,176.0496578472634,0.4279118776321411,OK,varus,neutral,0.041334729171212295,0.017202670667548818,4.13347291712123,1.7202670667548818,4.13347291712123,1.7202670667548818,0.4272667339869907,0.05042829517269043
434,23.93920111656189,169.62063495909538,175.09440723507626,0.4314650893211365,OK,varus,varus,0.04534582819793133,0.021357617185930655,4.534582819793133,2.1357617185930655,4.534582819793133,2.1357617185930655,0.430264875292778,0.056031693598612264
435,23.99298667907715,169.14298726649085,174.53629066598728,0.4343717694282532,OK,varus,varus,0.04745369056820901,0.023786360657892,4.745369056820901,2.3786360657892,4.745369056820901,2.3786360657892,0.4334240342889513,0.057909121314930534
436,24.050416469573975,168.54214954061766,173.93044349544755,0.43609537184238434,OK,varus,varus,0.05010347605972283,0.026424776949033023,5.010347605972283,2.6424776949033024,5.010347605972283,2.6424776949033024,0.43669902639729635,0.055154353815458634
437,24.10471510887146,167.98279839840274,172.84690549720455,0.43910226225852966,OK,varus,varus,0.052568922600925785,0.031156585074644784,5.256892260092578,3.1156585074644783,5.256892260092578,3.1156585074644783,0.4395977450268609,0.05194152016044784
438,24.160987615585327,167.37011065525542,171.7834573346378,0.44227923452854156,OK,varus,varus,0.05530271265927685,0.03582627199432281,5.530271265927685,3.582627199432281,5.530271265927685,3.582627199432281,0.44243645880903515,0.05793197872429623
439,24.216735363006592,166.29130982615672,170.86734707324942,0.4456675797700882,OK,varus,varus,0.060084925914718645,0.03979752710689972,6.008492591471865,3.9797527106899717,6.008492591471865,3.9797527106899717,0.4460794797965458,0.0708361545768339
440,24.271785259246826,165.5143861903284,169.98231958709945,0.448202908039093,OK,varus,varus,0.06353655229501885,0.04362971455753215,6.353655229501885,4.3629714557532155,6.353655229501885,4.3629714557532155,0.45027732636247353,0.07541224109331379
441,24.328961849212646,164.61807694277235,168.86031573911902,0.4513360857963562,OK,varus,varus,0.06750542446840702,0.04860380181332188,6.750542446840702,4.860380181332188,6.750542446840702,4.860380181332188,0.4545390754938125,0.08139253833324034
442,24.38276743888855,160.87035749768535,166.9195504881896,0.45987291634082794,OK,varus,varus,0.08404130909195927,0.05702914644210751,8.404130909195926,5.702914644210751,8.404130909195926,5.702914644210751,0.459265587585313,0.0869573129238379
443,24.438000917434692,158.80463907413102,164.98446736496848,0.4654802978038788,OK,varus,varus,0.09323316082109846,0.06564206182850445,9.323316082109846,6.5642061828504445,9.323316082109846,6.5642061828504445,0.4640182533434459,0.08654681000266784
444,24.4951753616333,157.82976810885344,163.42989279926783,0.4689345061779022,OK,varus,varus,0.09776892434190142,0.07265623880964037,9.776892434190142,7.2656238809640366,9.776892434190142,7.2656238809640366,0.46899610970701494,0.0903261135140303
445,24.548609018325806,155.7230850255973,161.0789930179889,0.4753648191690445,OK,varus,varus,0.10702917047623241,0.08310919705396573,10.702917047623242,8.310919705396573,10.702917047623242,8.310919705396573,0.47398544847965235,0.08402191562497308
446,24.60054087638855,154.39269336280591,160.31847687307464,0.47893624007701874,OK,varus,varus,0.11329570959828908,0.08662830620926136,11.329570959828908,8.662830620926137,11.329570959828908,8.662830620926137,0.47787681860583164,0.07399089796419123
447,24.65783381462097,153.55017972237292,159.16722087834262,0.4830479025840759,OK,varus,varus,0.11723682382007442,0.09184178923403132,11.723682382007441,9.184178923403131,11.723682382007441,9.184178923403131,0.48205647511141636,0.0768150706526276
448,24.71379017829895,152.6089072736534,158.5095420700931,0.4862614572048187,OK,varus,varus,0.12161954772834471,0.09474431545515224,12.161954772834472,9.474431545515225,12.161954772834472,9.474431545515225,0.48656586664063584,0.07257429876805688
449,24.771130800247192,151.92266411427005,157.9936247945738,0.48711250722408295,OK,varus,varus,0.12453259804431932,0.09698708405638554,12.453259804431932,9.698708405638554,12.453259804431932,9.698708405638554,0.4902564649071012,0.06444897275295602
450,24.82482075691223,150.71349170330342,156.4126681533882,0.4947378933429718,OK,varus,varus,0.12974408472870672,0.10400378773712579,12.974408472870671,10.400378773712578,12.974408472870671,10.400378773712578,0.4937210636479513,0.060019185043802104
451,24.883305311203003,150.0610502721757,155.11205963572297,0.5005002468824387,OK,varus,varus,0.1323933794238168,0.10992672992907601,13.23933794238168,10.9926729929076,13.23933794238168,10.9926729929076,0.49694390382085524,0.06630618974211533
452,24.937164068222046,150.03256145557387,155.33386154346803,0.5011990070343018,OK,varus,varus,0.13260207331461907,0.10888219760029495,13.260207331461906,10.888219760029495,13.260207331461906,10.888219760029495,0.5010705973420824,0.0768472851316222
453,24.99449133872986,149.52070932711055,155.14154244243556,0.50318843126297,OK,varus,varus,0.13487616896170906,0.10988859152223024,13.487616896170906,10.988859152223023,13.487616896170906,10.988859152223023,0.5054898709058762,0.07207218589278597
454,25.049933195114136,149.01598675245216,154.93473537239674,0.5056077837944031,OK,varus,varus,0.13718970732612876,0.11082400791285128,13.718970732612876,11.082400791285128,13.718970732612876,11.082400791285128,0.5092167194400515,0.06040134788079499
455,25.108290433883667,147.2145419583413,153.53475093657246,0.5151483118534088,OK,varus,varus,0.14608458224302553,0.11750914912468034,14.608458224302554,11.750914912468033,14.608458224302554,11.750914912468033,0.5123226812907627,0.06255123602914558
456,25.161380529403687,146.44067079836077,153.44888507495307,0.518047422170639,OK,varus,varus,0.14944755870659568,0.11771071148542483,14.944755870659568,11.771071148542484,14.944755870659568,11.771071148542484,0.5160940587520599,0.07232722864221142
457,25.216325044631958,145.98683013107484,152.86837514135888,0.5208258330821991,OK,varus,varus,0.15122418508786745,0.12047722494637068,15.122418508786744,12.047722494637068,15.122418508786744,12.047722494637068,0.5201413929462433,0.07000938136133517
458,25.27325177192688,145.35850169539086,153.08464079289584,0.5222419798374176,OK,varus,varus,0.15411745242637487,0.11948661755314047,15.411745242637487,11.948661755314047,15.411745242637487,11.948661755314047,0.5239113526684896,0.05593254358820765
459,25.33077907562256,144.20187034069093,152.30316654222972,0.527598649263382,OK,varus,varus,0.1599405675394671,0.12312288383854827,15.994056753946708,12.312288383854828,15.994056753946708,12.312288383854828,0.5265306702681949,0.04479037551814713
460,25.38625717163086,143.1012916871294,151.31047480512754,0.5315197706222534,OK,varus,varus,0.16576138511838884,0.1277735544387264,16.576138511838884,12.77735544387264,16.576138511838884,12.77735544387264,0.5289758912154605,0.043322271364249154
461,25.44235324859619,142.93068169206208,151.12254553639028,0.5319975018501282,OK,varus,varus,0.16624137955065602,0.1286447769818987,16.624137955065603,12.86447769818987,16.624137955065603,12.86447769818987,0.5313633808067866,0.04300513641725523
462,25.495164394378662,142.80786869320843,151.0114766709631,0.5334835350513458,OK,varus,varus,0.16634664523244944,0.12911119811904198,16.634664523244943,12.911119811904198,16.634664523244943,12.911119811904198,0.5336566269397734,0.03670050945163261
463,25.552077531814575,142.72314590902232,150.9101888057086,0.5351639688014984,OK,varus,varus,0.16655777447943004,0.12960418317456437,16.655777447943006,12.960418317456437,16.655777447943006,12.960418317456437,0.5353330203465053,0.026910520827946982
464,25.604719877243042,142.73196870139657,153.78634618190253,0.5375382602214813,OK,varus,varus,0.1670397385768146,0.11621047180034522,16.703973857681458,11.621047180034521,16.703973857681458,11.621047180034521,0.5366257429122925,0.02385254035693052
465,25.664090156555176,143.5303142773895,156.66766180856055,0.5382947027683258,OK,varus,varus,0.16328218242806886,0.10290497538375502,16.328218242806887,10.290497538375503,16.328218242806887,10.290497538375503,0.5379947253635952,0.028603728028490316
466,25.717777490615845,144.46141264095309,158.63847102171744,0.5393334031105042,OK,varus,varus,0.15868201149698116,0.09390038863652696,15.868201149698116,9.390038863652697,15.868201149698116,9.390038863652697,0.5397996008396149,0.03464848031363488
467,25.77309536933899,150.1556851490211,167.02477169158536,0.5405688285827637,OK,varus,varus,0.13180245781760638,0.05664417266453429,13.180245781760638,5.6644172664534285,13.180245781760638,5.6644172664534285,0.5417750009468624,0.03497546019737641
468,25.82851481437683,153.5117527723479,173.36171171748157,0.5415803790092468,OK,varus,varus,0.1159953707272981,0.028905789125650547,11.59953707272981,2.8905789125650547,11.59953707272981,2.8905789125650547,0.5436725403581346,0.035341564026295735
469,25.884535789489746,162.3654521547893,178.12895105807826,0.5461176633834839,OK,varus,neutral,0.07669491489028638,-0.008120909247345709,7.669491489028638,-0.8120909247345709,7.669491489028638,0.8120909247345709,0.5457148126193455,0.04942504096384237
470,25.94237232208252,166.8594696993348,171.02474167333943,0.5489917695522308,OK,varus,valgus,0.05682777178954275,-0.03902722186381434,5.682777178954275,-3.902722186381434,5.682777178954275,3.902722186381434,0.5493478093828474,0.06918205064354943
471,25.993560075759888,172.36933226203712,166.07991538522083,0.5508210361003876,OK,varus,valgus,0.0329853583887771,-0.0603505247735606,3.29853583887771,-6.03505247735606,3.29853583887771,6.03505247735606,0.553177535533905,0.07298108065881603
472,26.050368547439575,176.8114012483743,163.25167454862503,0.5525906085968018,OK,neutral,valgus,0.013670863052300027,-0.0715423857698485,1.3670863052300026,-7.15423857698485,1.3670863052300026,7.15423857698485,0.5572077163628169,0.0713435112855958
473,26.102999448776245,178.6064903944143,158.94334401981084,0.5647643804550171,OK,neutral,valgus,-0.0059510054998404335,-0.09006939152663453,-0.5951005499840434,-9.006939152663453,0.5951005499840434,9.006939152663453,0.5609821038586753,0.06903063875490822
474,26.159833908081055,176.83625578782673,155.0763000434307,0.5673769116401672,OK,neutral,valgus,-0.0135102167515353,-0.10709699772580954,-1.35102167515353,-10.709699772580954,1.35102167515353,10.709699772580954,0.5647407174110413,0.06433268683522719
475,26.217172861099243,175.7819172707135,152.20144281774898,0.5697916448116302,OK,neutral,valgus,-0.017913352413270845,-0.11911006947071874,-1.7913352413270844,-11.911006947071874,1.7913352413270844,11.911006947071874,0.5683253620352064,0.062189664736380657
476,26.269713878631592,175.03592115780378,149.17675200586118,0.5725383758544922,OK,valgus,valgus,-0.02109121854810447,-0.13214198353598114,-2.109121854810447,-13.214198353598114,2.109121854810447,13.214198353598114,0.5715771232332502,0.043698062926687875
477,26.327992916107178,175.73217431886115,145.91451787067513,0.5753020644187927,OK,neutral,valgus,-0.018252818176568836,-0.14798423537672736,-1.8252818176568837,-14.798423537672736,1.8252818176568837,14.798423537672736,0.5729478129318781,0.01922521548394851
478,26.383461952209473,178.13848678702865,143.43144950107805,0.5759135484695435,OK,neutral,valgus,-0.007973679983985025,-0.1608949504788757,-0.7973679983985025,-16.08949504788757,0.7973679983985025,16.08949504788757,0.5737875061375753,0.01128478707424474
479,26.438767910003662,179.25070565322733,141.77734499106282,0.5753529369831085,OK,neutral,valgus,-0.003214006576940768,-0.16920445747202137,-0.3214006576940768,-16.920445747202137,0.3214006576940768,16.920445747202137,0.5741991400718689,0.003200572818722769
480,26.497361421585083,179.88532847713773,144.91957739311047,0.5743592083454132,OK,neutral,valgus,0.0004937699375483829,-0.1541264365471072,0.04937699375483829,-15.41264365471072,0.04937699375483829,15.41264365471072,0.5741233272211892,-0.012084612167924114
481,26.549168586730957,179.35734519933848,145.52155929025142,0.5732547640800476,OK,neutral,valgus,0.002779956330150401,-0.1514344300033679,0.2779956330150401,-15.14344300033679,0.2779956330150401,15.14344300033679,0.5730029685156686,-0.025875703430896735
482,26.603135585784912,179.16094414404225,145.62617489107993,0.5726730823516846,OK,neutral,valgus,0.0036351390982953488,-0.15104666844504763,0.36351390982953485,-15.104666844504763,0.36351390982953485,15.104666844504763,0.5713676043919154,-0.047304286754719094
483,26.660478591918945,179.0102633659347,147.15626003076076,0.5720076858997345,OK,neutral,valgus,0.004300194908767566,-0.14394473827245458,0.43001949087675656,-14.394473827245458,0.43001949087675656,14.394473827245458,0.5676191449165344,-0.07417619822731591
484,26.71813941001892,178.58276996849827,149.13298165532305,0.5674595534801483,OK,neutral,valgus,0.006180628674741066,-0.13581981052455488,0.6180628674741065,-13.581981052455488,0.6180628674741065,13.581981052455488,0.5628314443996973,-0.08578821825693073
485,26.774635791778564,178.3695220159738,149.8454978086505,0.5644659996032715,OK,neutral,valgus,0.007108761622703105,-0.13262345937266137,0.7108761622703105,-13.262345937266137,0.7108761622703105,13.262345937266137,0.557832155908857,-0.09476419930298174
486,26.827837228775024,178.49474858167085,151.0943499102789,0.5491137206554413,OK,neutral,valgus,0.006564309984721019,-0.1255234382365654,0.656430998472102,-12.552343823656539,0.656430998472102,12.552343823656539,0.5524761676788329,-0.10085826394492425
487,26.886695861816406,178.10720113300127,151.5587494815065,0.5408453047275543,OK,neutral,valgus,0.008254422070257124,-0.12442387347059526,0.8254422070257124,-12.442387347059526,0.8254422070257124,12.442387347059526,0.546527773141861,-0.1457777072865234
488,26.939276456832886,178.06619653679635,151.4536187780802,0.538259744644165,OK,neutral,valgus,0.008424021480661016,-0.12495184046653673,0.8424021480661017,-12.495184046653673,0.8424021480661017,12.495184046653673,0.536762318440846,-0.1994895086954278
489,26.99231743812561,178.1840246034658,152.03158797376526,0.5351811647415161,OK,neutral,valgus,0.00790268448290383,-0.12258905761014967,0.790268448290383,-12.258905761014967,0.790268448290383,12.258905761014967,0.5254446459668023,-0.19927187555628478
490,27.049060583114624,178.63591226584862,152.56544954465966,0.5303689241409302,OK,neutral,valgus,0.005922466611990304,-0.12023819382826288,0.5922466611990305,-12.023819382826288,0.5922466611990305,12.023819382826288,0.5149935058185032,-0.18728607298045397
491,27.10277533531189,177.66695286503438,155.62495389555366,0.4991013705730438,OK,neutral,valgus,0.010058510786993081,-0.10676569686337893,1.0058510786993082,-10.676569686337894,1.0058510786993082,10.676569686337894,0.5047757114682878,-0.20870956237128002
492,27.161115884780884,177.59738718139593,157.6537323459851,0.4852422922849655,OK,neutral,valgus,0.010370185984111073,-0.09812818968522102,1.0370185984111073,-9.812818968522102,1.0370185984111073,9.812818968522102,0.4914281006370272,-0.24866036422137228
493,27.213406801223755,176.3136336113386,159.22772591011707,0.4759557396173477,OK,neutral,valgus,0.015816050993048038,-0.0907171878084926,1.5816050993048039,-9.07171878084926,1.5816050993048039,9.07171878084926,0.47749402693339754,-0.2599166173558842
494,27.270004987716675,175.19024511951955,161.51911418488214,0.46932074427604675,OK,varus,valgus,0.020709591204395462,-0.08078974131723342,2.070959120439546,-8.078974131723342,2.070959120439546,8.078974131723342,0.4631848122392382,-0.21512954301073073
495,27.325315237045288,174.13083363905665,168.6903477655145,0.44482646882534027,OK,varus,valgus,0.025369433427169293,-0.049137799592676404,2.5369433427169295,-4.91377995926764,2.5369433427169295,4.91377995926764,0.453323232276099,-0.166326799009326
496,27.381037950515747,173.50718987126032,172.29606895458673,0.4376426488161087,OK,varus,valgus,0.02817671191994355,-0.033546081776625575,2.817671191994355,-3.3546081776625574,2.817671191994355,3.3546081776625574,0.44472696525709965,-0.15660149494957265
497,27.43703317642212,173.33630957895747,175.23986159523102,0.4302044212818146,OK,varus,valgus,0.028995502257417722,-0.020722210469319772,2.899550225741772,-2.0722210469319773,2.899550225741772,2.0722210469319773,0.4358267613819667,-0.15403542580594776
498,27.49257183074951,172.61490497091478,176.00204404934937,0.43007031083106995,OK,varus,neutral,0.03222112602792244,-0.01737122168972398,3.2221126027922438,-1.737122168972398,3.2221126027922438,1.737122168972398,0.427542330963271,-0.1193650782060316
499,27.54939866065979,172.86639876493302,178.50160709062462,0.4250684231519699,OK,varus,neutral,0.03113411998226448,-0.006502232594664552,3.113411998226448,-0.6502232594664552,3.113411998226448,0.6502232594664552,0.4224919123308999,-0.07955799772622907
500,27.60291862487793,173.46300676979763,179.43478839758035,0.41365431249141693,OK,varus,neutral,0.028468523626134085,-0.002460341217269573,2.8468523626134083,-0.2460341217269573,2.8468523626134083,0.2460341217269573,0.4187035411596298,-0.059885923122941165
501,27.65855312347412,174.81106625455305,179.52370570870823,0.4113297313451767,OK,varus,neutral,0.022580966198453883,-0.0020748903257610295,2.2580966198453885,-0.20748903257610296,2.2580966198453885,0.20748903257610296,0.41600209687437334,-0.0473203186530009
502,27.714316844940186,175.66359784659795,178.95336907431462,0.4094735383987427,OK,neutral,neutral,0.01887860248337882,-0.0045594697813742,1.8878602483378821,-0.45594697813741997,1.8878602483378821,0.45594697813741997,0.4134324618748256,-0.04047974987629965
503,27.769224166870117,177.48986053355824,178.64658765051882,0.411124050617218,OK,neutral,neutral,0.010923072523327595,-0.005896049882487288,1.0923072523327595,-0.5896049882487288,1.0923072523327595,0.5896049882487288,0.4115126409700938,-0.01937624085355827
504,27.825203895568848,178.15496540569555,178.28622570036669,0.4112943112850189,OK,neutral,neutral,0.00801956287144532,-0.0074649767481507635,0.8019562871445319,-0.7464976748150763,0.8019562871445319,0.7464976748150763,0.41131764863218573,-0.0006046872922857993
505,27.88074254989624,178.3565704216021,178.49532368658186,0.41208286583423615,OK,neutral,neutral,0.007142272274292279,-0.006553425429457238,0.7142272274292278,-0.6553425429457238,0.7142272274292278,0.6553425429457238,0.41144267788955136,0.004569807101836965
506,27.935399293899536,178.4486511645584,178.1851396075602,0.41162967681884766,OK,neutral,neutral,0.006739286338927399,-0.007904655875160295,0.6739286338927399,-0.7904655875160295,0.6739286338927399,0.7904655875160295,0.4118171632289886,0.0047981017657723335
507,27.99101495742798,178.48313279712562,177.9878483820339,0.4122893661260605,OK,neutral,neutral,0.006590123575353432,-0.008761574840559679,0.6590123575353433,-0.8761574840559678,0.6590123575353433,0.8761574840559678,0.41196780332497185,0.0022792186430193873
508,28.048192977905273,178.54639499762058,177.91183007568657,0.41220493614673615,OK,neutral,neutral,0.0063118106099973115,-0.009094292568828677,0.6311810609997311,-0.9094292568828677,0.6311810609997311,0.9094292568828677,0.41207288418497356,0.0009734791128543918
509,28.1011643409729,178.60451676141844,178.06254061467016,0.41209493577480316,OK,neutral,neutral,0.0060604447432359865,-0.008436735812480039,0.6060444743235986,-0.8436735812480038,0.6060444743235986,0.8436735812480038,0.4120820356266839,0.0008911287815447366
510,28.15621328353882,178.7896501839531,178.2288688051647,0.41217853128910065,OK,neutral,neutral,0.005256077927152143,-0.00771261149480093,0.5256077927152143,-0.771261149480093,0.5256077927152143,0.771261149480093,0.41217218765190666,0.0010580630052077211
511,28.208959817886353,178.76403253536571,178.19040476312276,0.4120298773050308,OK,neutral,neutral,0.0053691900176177495,-0.007879715851568913,0.536919001761775,-0.7879715851568914,0.536919001761775,0.7879715851568914,0.4121987032038824,0.0010605310536067059
512,28.26728129386902,178.68005824419487,177.75894318412426,0.4121469259262085,OK,neutral,neutral,0.005735491257378461,-0.009761633739258152,0.5735491257378461,-0.9761633739258152,0.5735491257378461,0.9761633739258152,0.4122965271983827,0.003890506436517782
513,28.321707248687744,178.63815873469972,177.59942834589847,0.4122607409954071,OK,neutral,neutral,0.0059202731725106405,-0.010460293286502068,0.5920273172510641,-1.0460293286502067,0.5920273172510641,1.0460293286502067,0.4126206806727818,0.007333296569163483
514,28.378499507904053,178.60396722995088,177.53763574150992,0.41247497498989105,OK,neutral,neutral,0.006073459450841869,-0.01072874201429512,0.6073459450841869,-1.072874201429512,0.6073459450841869,1.072874201429512,0.41311878391674584,0.012167594622254807
515,28.436139822006226,178.8281348523507,177.58385782356407,0.4128897041082382,OK,neutral,neutral,0.005101224344711424,-0.010526066581429312,0.5101224344711424,-1.0526066581429312,0.5101224344711424,1.0526066581429312,0.41401885449886316,0.021988855077047287
516,28.48994755744934,178.59556713140267,177.36234728933357,0.4143640100955963,OK,neutral,neutral,0.0061146444522783994,-0.011491168391893899,0.6114644452278399,-1.1491168391893898,0.6114644452278399,1.1491168391893898,0.41552216878959103,0.04570625926990113
517,28.549111366271973,176.69958134688304,178.0764582315199,0.41566525399684906,OK,neutral,neutral,0.014372893266502365,-0.00836374862593076,1.4372893266502365,-0.8363748625930759,1.4372893266502365,0.8363748625930759,0.4193821634565081,0.08360350146196449
518,28.5996356010437,175.1658764056588,178.88550755747772,0.4183303713798523,OK,varus,neutral,0.021069096133079633,-0.0048393142140417044,2.1069096133079634,-0.48393142140417045,2.1069096133079634,0.48393142140417045,0.42439837540899,0.10634675906767299
519,28.654914617538452,173.38888307363612,178.84463788625976,0.4226701259613037,OK,varus,neutral,0.028854280316536363,0.005015927975739075,2.8854280316536363,0.5015927975739075,2.8854280316536363,0.5015927975739075,0.4307043275662831,0.1414703656993006
520,28.714589834213257,169.76219778028334,175.68480370266695,0.439280703663826,OK,varus,neutral,0.044785171920898224,0.01877291040985601,4.478517192089822,1.877291040985601,4.478517192089822,1.877291040985601,0.4409114420413971,0.19159085450519342
521,28.766931295394897,166.22381513406606,174.22571059638688,0.4475884586572647,OK,varus,varus,0.060398916775264364,0.025161680628953752,6.039891677526437,2.516168062895375,6.039891677526437,2.516168062895375,0.45188285197530476,0.20951983586160638
522,28.82367706298828,160.74051675492856,171.9368685601562,0.45703136920928955,OK,varus,varus,0.08471150316507028,0.0351192951816025,8.471150316507028,3.5119295181602497,8.471150316507028,3.5119295181602497,0.46376653228487286,0.22841897185883653
523,28.87382984161377,153.3533788063657,165.83248890699394,0.48581381142139435,OK,varus,varus,0.11784146308337429,0.061670104906588405,11.784146308337428,6.16701049065884,11.784146308337428,6.16701049065884,0.47606453725269865,0.22202967425728826
524,28.929310083389282,151.11097534301697,163.29548424620248,0.4924651235342026,OK,varus,varus,0.12755507512424966,0.07294763745688276,12.755507512424966,7.294763745688276,12.755507512424966,7.294763745688276,0.48696008537496843,0.21948935252448454
525,28.985427856445312,148.33312046498122,162.2617445418442,0.5015161335468292,OK,varus,varus,0.14060460680119988,0.07752116424728481,14.060460680119988,7.752116424728481,14.060460680119988,7.752116424728481,0.5005887406212943,0.24147599555677068
526,29.041260957717896,145.95468899917955,158.9460237040139,0.508756160736084,OK,varus,varus,0.15258058690557344,0.09280046376927631,15.258058690557345,9.280046376927631,15.258058690557345,9.280046376927631,0.5139943190983364,0.21425704260962686
527,29.09382128715515,144.65927970293265,157.1473682971585,0.5155495405197144,OK,varus,varus,0.15868392058409625,0.10098325856944039,15.868392058409626,10.098325856944038,15.868392058409626,10.098325856944038,0.5239770007984978,0.18584326732651935
528,29.14975142478943,137.72691377820914,151.69276928631749,0.542989045381546,OK,varus,varus,0.1926540907456294,0.12607227161939089,19.26540907456294,12.607227161939088,19.26540907456294,12.607227161939088,0.5341281294822693,0.17594474318878017
529,29.205634832382202,134.18048687305304,150.32658281386733,0.550870418548584,OK,varus,varus,0.21116227905666773,0.13242099329114548,21.116227905666772,13.242099329114549,21.116227905666772,13.242099329114549,0.5436505249568393,0.1568582443087605
530,29.266818046569824,131.85706514120488,149.2453290088103,0.555692583322525,OK,varus,varus,0.22336203697610046,0.1375050630299501,22.336203697610046,13.75050630299501,22.336203697610046,13.75050630299501,0.5523406778063092,0.1401578256000171
531,29.323795557022095,130.89159095222502,148.43941910904908,0.5635230243206024,OK,varus,varus,0.2284272963065328,0.141201147254603,22.84272963065328,14.1201147254603,22.84272963065328,14.1201147254603,0.5602269215243203,0.10538271034743385
532,29.38367247581482,130.3726158902396,149.2174789249431,0.5681729018688202,OK,varus,varus,0.23114572974571118,0.13751082231115458,23.114572974571118,13.751082231115458,23.114572974571118,13.751082231115458,0.5644587235791343,0.05830000883798192
533,29.439831733703613,130.70151773389088,153.68358938076136,0.569587230682373,OK,varus,varus,0.2294304022746801,0.11687785850417336,22.94304022746801,11.687785850417336,22.94304022746801,11.687785850417336,0.5670809873512813,0.037391676218481606
534,29.497597217559814,130.70367423435405,161.25781795462782,0.5707532465457916,OK,varus,varus,0.22940715895934594,0.0824262908920983,22.940715895934595,8.24262908920983,22.940715895934595,8.24262908920983,0.5686882521424975,0.01744775843150137
535,29.55487561225891,141.0007599559353,177.17995455318518,0.5726116597652435,OK,varus,neutral,0.1770346428588011,0.012259531043316134,17.70346428588011,1.2259531043316134,17.70346428588011,1.2259531043316134,0.5690983108111789,-0.0010403784865422594
536,29.6101176738739,164.99595774854046,150.97246180783952,0.5692262649536133,OK,varus,valgus,0.06558700156465418,-0.12941673774154205,6.5587001564654175,-12.941673774154205,6.5587001564654175,12.941673774154205,0.5686039882046836,-0.015423069061297312
537,29.66578435897827,173.26753348117012,146.19992812718556,0.5669434368610382,OK,varus,valgus,0.029308129522445273,-0.15164599131189363,2.930812952244527,-15.164599131189362,2.930812952244527,15.164599131189362,0.5673822377409253,-0.03073698698256777
538,29.72397470474243,174.44906155638898,146.38785703409206,0.5663934350013733,OK,varus,valgus,0.024110818419562353,-0.15056622045279075,2.411081841956235,-15.056622045279076,2.411081841956235,15.056622045279076,0.5650589976991925,-0.05301607065675906
539,29.779295444488525,178.59789175107102,142.7000718330312,0.564712643623352,OK,neutral,valgus,0.006100958613745342,-0.16709279971012198,0.6100958613745342,-16.709279971012197,0.6100958613745342,16.709279971012197,0.5614376068115233,-0.07568599290614575
540,29.83261728286743,178.48056453406826,142.97559487512947,0.5610349774360657,OK,neutral,valgus,0.006596049738801163,-0.16560924795008497,0.6596049738801163,-16.560924795008496,0.6596049738801163,16.560924795008496,0.5568764124597821,-0.11190925175541722
541,29.8864905834198,179.13285306808197,144.91566239226336,0.5544905662536621,OK,neutral,valgus,0.003749769063326738,-0.15591192934539827,0.3749769063326738,-15.591192934539826,0.3749769063326738,15.591192934539826,0.5494122462613242,-0.1488464173217139
542,29.94389843940735,179.09248198736123,146.69667939690964,0.5472619235515594,OK,neutral,valgus,-0.0039014302179117407,-0.14703501685430792,-0.39014302179117405,-14.703501685430792,0.39014302179117405,14.703501685430792,0.5402374395302363,-0.17915162851125643
543,29.994989156723022,179.59324090426605,147.51800106861953,0.5372979044914246,OK,neutral,valgus,-0.0017348935606923822,-0.14196181719586998,-0.1734893560692382,-14.196181719586997,0.1734893560692382,14.196181719586997,0.5302053775106157,-0.19256405312006297
544,30.053640365600586,177.08088128537702,150.38182089423984,0.5146942734718323,OK,neutral,valgus,-0.012409359986483496,-0.12975508522297188,-1.2409359986483495,-12.975508522297188,1.2409359986483495,12.975508522297188,0.5191666994776044,-0.20057548773573153
545,30.107653379440308,177.42445082124925,151.98960929613656,0.5021697878837585,OK,neutral,valgus,-0.011083797329290787,-0.12362894621268081,-1.1083797329290788,-12.362894621268081,1.1083797329290788,12.362894621268081,0.5077178776264191,-0.24714383171619847
546,30.164735078811646,175.63364621783734,154.3057143754162,0.4944882094860077,OK,neutral,valgus,-0.01890538492149943,-0.11348084018952687,-1.8905384921499429,-11.348084018952687,1.8905384921499429,11.348084018952687,0.49148828216961454,-0.28800770861787406
547,30.219439029693604,175.00802484877167,155.8577092657134,0.4837642312049866,OK,valgus,valgus,-0.021613780901246393,-0.10662482919061288,-2.1613780901246393,-10.662482919061288,2.1613780901246393,10.662482919061288,0.4755399099418095,-0.26709276312852115
548,30.27570128440857,174.84439926668398,157.07341630363365,0.4743488132953644,OK,valgus,valgus,-0.022432883244727062,-0.1010169179465261,-2.243288324472706,-10.101691794652611,2.243288324472706,10.101691794652611,0.4619272883449282,-0.22901596796591228
549,30.333272218704224,175.05548339740605,166.6018662608081,0.4336547553539276,OK,valgus,valgus,-0.021554163188082325,-0.05865006288158752,-2.1554163188082325,-5.865006288158752,2.1554163188082325,5.865006288158752,0.4495045372417995,-0.209997613782825
550,30.38879895210266,176.30701423367728,171.5838310399772,0.42565929889678955,OK,neutral,valgus,-0.016112761427051123,-0.036751665594418684,-1.6112761427051123,-3.6751665594418683,1.6112761427051123,3.6751665594418683,0.43815382037843975,-0.18295259867598945
551,30.449151039123535,178.07380038014477,175.38539537801776,0.419405922293663,OK,neutral,valgus,-0.00839675659561689,-0.02010642976880637,-0.8396756595616889,-2.010642976880637,0.8396756595616889,2.010642976880637,0.42852037293570383,-0.1546073495535305
552,30.5038161277771,179.2662246540007,177.84735685638805,0.4152105301618576,OK,neutral,neutral,-0.0031991304446583784,-0.009369693014642216,-0.31991304446583785,-0.9369693014642216,0.31991304446583785,0.9369693014642216,0.42031698354652947,-0.09805749177187639
553,30.563940048217773,179.3811852896419,177.89690473055805,0.4150331914424896,OK,neutral,neutral,-0.0026995522583148847,-0.009156495214704583,-0.26995522583148845,-0.9156495214704583,0.26995522583148845,0.9156495214704583,0.4178606165306908,-0.03181099311164459
554,30.620830059051514,179.57285960628607,177.83541830145447,0.41633009910583496,OK,neutral,neutral,-0.001863200191789332,-0.009427468035737331,-0.1863200191789332,-0.9427468035737331,0.1863200191789332,0.9427468035737331,0.41653773188591,-0.014691583555609622
555,30.678706169128418,179.68033458685784,177.6623176622469,0.4169250875711441,OK,neutral,neutral,-0.0013943995884111954,-0.010179994582761722,-0.13943995884111954,-1.0179994582761722,0.13943995884111954,1.0179994582761722,0.41619155236652916,-3.135018462607775e-06
556,30.73240637779236,179.74062184390894,177.68603639101477,0.41646018624305725,OK,neutral,neutral,0.0011309212274226124,-0.010076974033326875,0.11309212274226124,-1.0076974033326875,0.11309212274226124,1.0076974033326875,0.4164892541510718,0.005857775531167064
557,30.789177656173706,179.16598037889278,177.73239911049728,0.41639910638332367,OK,neutral,neutral,0.003636089690142549,-0.009871712550328544,0.3636089690142549,-0.9871712550328544,0.3636089690142549,0.9871712550328544,0.41684065333434506,0.005343263473349236
558,30.84455442428589,179.02326098485287,177.6296682243577,0.41698266565799713,OK,neutral,neutral,0.004258731515292377,-0.010325961084489875,0.4258731515292377,-1.0325961084489874,0.4258731515292377,1.0325961084489874,0.4170908225434167,0.0036357920928624665
559,30.90223526954651,179.01439424237353,177.5794753137874,0.417294442653656,OK,neutral,neutral,0.004297476970869069,-0.010544554037752387,0.4297476970869069,-1.0544554037752387,0.4297476970869069,1.0544554037752387,0.4172475593430655,0.004200769117491898
560,30.960164070129395,179.01124593632304,177.82103222060647,0.41749298572540283,OK,neutral,neutral,0.004310113972189497,-0.009489266671940728,0.4310113972189497,-0.9489266671940728,0.4310113972189497,0.9489266671940728,0.4175772092172077,0.00641021481842019
561,31.014779329299927,178.96878678941937,177.51342578359356,0.41808128356933594,OK,neutral,neutral,0.0044959575584292985,-0.010828208445964934,0.4495957558429299,-1.0828208445964933,0.4495957558429299,1.0828208445964933,0.4179643584149224,0.0064444998010695365
562,31.06836223602295,179.0237022707151,177.34375976515298,0.4180222451686859,OK,neutral,neutral,0.004255954001967079,-0.011565685183799456,0.42559540019670783,-1.1565685183799457,0.42559540019670783,1.1565685183799457,0.4182758097137723,0.005583701885323755
563,31.125765323638916,178.90530281895866,177.36526884814145,0.4187677353620529,OK,neutral,neutral,0.004772400177355502,-0.011472601313352709,0.47724001773555025,-1.1472601313352708,0.47724001773555025,1.1472601313352708,0.4185822606086731,0.005526221923720875
564,31.179678678512573,178.73321418515968,177.36831488118764,0.41910915076732635,OK,neutral,neutral,0.005522512958446337,-0.011459961400812721,0.5522512958446337,-1.1459961400812722,0.5522512958446337,1.1459961400812722,0.41888969923768726,0.005031060949968413
565,31.23444128036499,178.63532433658054,177.2893936253066,0.4191628247499466,OK,neutral,neutral,0.0059494678292698715,-0.0118023441860805,0.5949467829269871,-1.18023441860805,0.5949467829269871,1.18023441860805,0.4191278666257858,0.0045825694472863
566,31.2898166179657,178.59829268403232,177.2392941056978,0.4194395989179611,OK,neutral,neutral,0.006110484193491376,-0.012020699671379243,0.6110484193491376,-1.2020699671379242,0.6110484193491376,1.2020699671379242,0.41939470171928406,0.003822808170807601
567,31.349600315093994,178.55889916604553,177.2139726329193,0.4196450561285019,OK,neutral,neutral,0.006283303899483886,-0.012131936658167364,0.6283303899483886,-1.2131936658167364,0.6283303899483886,1.2131936658167364,0.4195589678628104,0.0024090096367404
568,31.40078043937683,178.53287247762339,177.24098894499932,0.419748455286026,OK,neutral,neutral,0.0063964691106468624,-0.012014596842204097,0.6396469110646863,-1.2014596842204097,0.6396469110646863,1.2014596842204097,0.41966742277145386,0.0018905798349400094
569,31.457480669021606,178.5304141990212,177.2180999892135,0.4198900908231735,OK,neutral,neutral,0.006407228862418337,-0.012114433833708966,0.6407228862418337,-1.2114433833708966,0.6407228862418337,1.2114433833708966,0.4197602655206408,0.001491120578621441
570,31.515244007110596,178.5030759920199,177.18382629228222,0.41991759836673737,OK,neutral,neutral,0.006526764187816813,-0.012263823117299205,0.6526764187816814,-1.2263823117299206,0.6526764187816814,1.2263823117299206,0.4198377877473831,0.001366750078990897
571,31.568137884140015,178.51533868930525,177.21356052913592,0.4198683351278305,OK,neutral,neutral,0.006473365521388416,-0.012134188768917795,0.6473365521388416,-1.2134188768917795,0.6473365521388416,1.2134188768917795,0.41991127601691647,0.00292118009216491
572,31.625495195388794,178.49720269543533,177.17249359953146,0.41981272399425507,OK,neutral,neutral,0.006552477855415348,-0.012313637152679295,0.6552477855415348,-1.2313637152679295,0.6552477855415348,1.2313637152679295,0.42017410269805355,0.005289786797819218
573,31.68050527572632,178.55247541551728,177.18157341096213,0.41998225450515747,OK,neutral,neutral,0.006311596210375569,-0.012274343763576855,0.6311596210375569,-1.2274343763576854,0.6311596210375569,1.2274343763576854,0.4205024221113749,0.005987821901275225
574,31.73450779914856,178.71821179679813,177.16885992597153,0.4201594740152359,OK,neutral,neutral,0.005589972480661291,-0.012327897445532216,0.558997248066129,-1.2327897445532217,0.558997248066129,1.2327897445532217,0.42082681187561577,0.006000525066565121
575,31.789801359176636,178.66356629572454,177.23102788534413,0.4215882420539856,OK,neutral,neutral,0.005828899882313742,-0.012057621281007107,0.5828899882313743,-1.2057621281007107,0.5828899882313743,1.2057621281007107,0.4211582392454146,0.006125964004609408
576,31.844053268432617,178.8765166874493,177.18269861231818,0.42218832671642303,OK,neutral,neutral,0.004898295294087277,-0.012263579593609077,0.48982952940872765,-1.2263579593609077,0.48982952940872765,1.2263579593609077,0.4214976110628672,0.006255481550912718
