frame,time_s,side,facing_direction,knee_internal_angle_deg,knee_flexion_deg,hip_internal_angle_deg,hip_flexion_deg,trunk_flexion_deg,ankle_internal_angle_deg,ankle_dorsiflexion_deg,foot_inclination_deg,foot_inclination_relative_deg,visibility,visibility_min,lowest_visibility_marker,shoulder_visibility,hip_visibility,knee_visibility,ankle_visibility,heel_visibility,foot_index_visibility,quality_valid,knee_flexion_relative_deg,hip_flexion_relative_deg,trunk_flexion_relative_deg,knee_flexion_interpolated_deg,knee_flexion_filtered_deg,knee_flexion_was_interpolated,hip_flexion_interpolated_deg,hip_flexion_filtered_deg,hip_flexion_was_interpolated,trunk_flexion_interpolated_deg,trunk_flexion_filtered_deg,trunk_flexion_was_interpolated,ankle_dorsiflexion_interpolated_deg,ankle_dorsiflexion_filtered_deg,ankle_dorsiflexion_was_interpolated,foot_inclination_interpolated_deg,foot_inclination_filtered_deg,foot_inclination_was_interpolated,any_signal_was_interpolated,knee_angular_velocity_deg_s,signal_processing_valid
0,0.0,left,left,178.12282052931656,1.8771794706834442,176.81323114341126,-3.186768856588742,-3.2195112504165277,89.84360464520469,-1.1952620793956896,1.6880417220603692,0.8074183466076761,OK,0.87979656457901,knee,0.9999704360961914,0.9983115196228027,0.87979656457901,0.9202854037284851,0.9070957899093628,0.9190480709075928,True,-0.6448855693925433,-0.5502539813980438,-0.2932121447935052,-0.6448855693925433,-0.6842629999738449,False,-0.5502539813980438,-0.5919287888694863,False,-0.2932121447935052,-0.3039511342994137,False,-1.1952620793956896,-0.5203126865592083,False,0.8074183466076761,0.1240273411554161,False,False,0.06977284674470371,True
1,0.0488591194152832,left,left,178.17173188137156,1.8282681186284435,176.76584135583673,-3.234158644163273,-3.231037606355206,88.97790978988036,-0.3295672240713543,0.8092989463168586,-0.07132442913584214,OK,0.8797273635864258,knee,0.9999706149101257,0.998320460319519,0.8797273635864258,0.9202943444252014,0.9074708223342896,0.9191809892654419,True,-0.6937969214475439,-0.5976437689725747,-0.30473850073218367,-0.6937969214475439,-0.6916924420540207,False,-0.5976437689725747,-0.6093570110973237,False,-0.30473850073218367,-0.30978475163004016,False,-0.3295672240713543,-0.7823137657828028,False,-0.07132442913584214,0.39019358319605146,False,False,-0.07223884870171099,True
2,0.08983826637268066,left,left,178.19204146900546,1.80795853099454,176.73559650857146,-3.2644034914285385,-3.240201862995575,88.68445132201958,-0.03610875621058085,0.5166114814470933,-0.36401189400558565,OK,0.8796319961547852,knee,0.9999707341194153,0.9983263611793518,0.8796319961547852,0.9202306270599365,0.9077059030532837,0.9191869497299194,True,-0.7141065090814473,-0.6278886162378403,-0.31390275737255235,-0.7141065090814473,-0.6681058939580149,False,-0.6278886162378403,-0.6170692287411446,False,-0.31390275737255235,-0.3183789191061024,False,-0.03610875621058085,-0.991379930665343,False,-0.36401189400558565,0.6219643463423665,False,False,-0.14949686686453706,True
3,0.14876198768615723,left,left,178.19191572821856,1.8080842717814392,176.70184344702847,-3.298156552971534,-3.253584709244942,90.21665956926259,-1.5683170034535863,2.0693156847706486,1.1886923093179576,OK,0.8817267417907715,knee,0.9999712705612183,0.9983299970626831,0.8817267417907715,0.9214548468589783,0.9098532795906067,0.9205275774002075,True,-0.7139807682945483,-0.6616416777808358,-0.3272856036219194,-0.7139807682945483,-0.6999634063442082,False,-0.6616416777808358,-0.6573145590540211,False,-0.3272856036219194,-0.326649233110328,False,-1.5683170034535863,-1.1304095694123617,False,1.1886923093179576,0.7611114890118416,False,False,-0.20805257410047026,True
4,0.21453261375427246,left,left,178.051694661498,1.9483053385019957,176.71556702549287,-3.2844329745071263,-3.279054694633374,90.4759871560045,-1.8276445901955043,2.429670774380311,1.5490473989276268,OK,0.8810430765151978,knee,0.9999714493751526,0.9983109831809998,0.8810430765151978,0.9205812811851501,0.9084627032279968,0.9197632074356079,True,-0.5737597015739917,-0.6479180993164282,-0.3527555890103513,-0.5737597015739917,-0.7296237336997402,False,-0.6479180993164282,-0.6859157086240832,False,-0.3527555890103513,-0.33181389132772654,False,-1.8276445901955043,-1.4297386034044393,False,1.5490473989276268,1.054216687001059,False,False,-0.4268624531825994,True
5,0.27631640434265137,left,left,178.28210809124752,1.7178919087524775,176.61200449184687,-3.387995508153125,-3.260862820437656,90.53875283893979,-1.890410273130783,2.383777435407751,1.503154059955051,OK,0.8785845041275024,knee,0.9999708533287048,0.9982839822769165,0.8785845041275024,0.9196984171867371,0.9074509739875793,0.9193598628044128,True,-0.8041731313235099,-0.7514806329624268,-0.33456371481463343,-0.8041731313235099,-0.7583923224134063,False,-0.7514806329624268,-0.7067067985197586,False,-0.33456371481463343,-0.33444352309363357,False,-1.890410273130783,-1.7905672405273976,False,1.503154059955051,1.4044381935401247,False,False,-0.5805952495692672,True
6,0.3298168182373047,left,left,178.32003351814922,1.6799664818507836,176.62283560798642,-3.377164392013583,-3.256860897442199,90.47455495984075,-1.8262123940317423,2.274824936262946,1.3942015608102452,OK,0.8773917555809021,knee,0.9999703764915466,0.9982588291168213,0.8773917555809021,0.9188515543937683,0.9062032103538513,0.918583333492279,True,-0.8420985582252039,-0.7406495168228848,-0.33056179181917633,-0.8420985582252039,-0.7812278435530496,False,-0.7406495168228848,-0.7163952828714575,False,-0.33056179181917633,-0.33332007201679115,False,-1.8262123940317423,-1.8227239566653453,False,1.3942015608102452,1.4245713239669726,False,False,-0.4452567827710137,True
7,0.3890717029571533,left,left,178.3358844125738,1.6641155874262097,176.63164105909308,-3.3683589409069157,-3.25335002182511,90.48859450763437,-1.8402519418253718,2.267719014142419,1.3870956386897433,OK,0.876644492149353,knee,0.9999700784683228,0.9982379078865051,0.876644492149353,0.9182466268539429,0.9051114916801453,0.9179837703704834,True,-0.8579494526497777,-0.7318440657162175,-0.32705091620208737,-0.8579494526497777,-0.8594139587183103,False,-0.7318440657162175,-0.7457918505639161,False,-0.32705091620208737,-0.3207493980501936,False,-1.8402519418253718,-1.7214178579096882,False,1.3870956386897433,1.2870463517051007,False,False,-0.24698138909514836,True
8,0.4429159164428711,left,left,178.30609333391678,1.6939066660832225,176.65340102526997,-3.3465989747300284,-3.24796745386073,90.37744314995233,-1.7291005841433247,2.1699813369048795,1.2893579614521968,OK,0.8770627975463867,knee,0.9999706745147705,0.9982795119285583,0.8770627975463867,0.9196663498878479,0.906804084777832,0.9196860194206238,True,-0.8281583739927649,-0.7100840995393303,-0.3216683482377074,-0.8281583739927649,-0.861754537053461,False,-0.7100840995393303,-0.7358221348441139,False,-0.3216683482377074,-0.3010576652760523,False,-1.7291005841433247,-1.7214132807478193,False,1.2893579614521968,1.2944232132624165,False,False,-0.07114599999618462,True
9,0.50197434425354,left,left,178.4426252373243,1.5573747626756926,176.56858418703058,-3.431415812969419,-3.216201324800386,89.96945666222622,-1.3211140964172188,1.742045913070957,0.8614225376182674,OK,0.8747857809066772,knee,0.9999693632125854,0.99820476770401,0.8747857809066772,0.9178782105445862,0.9058020114898682,0.9180791974067688,True,-0.9646902774002948,-0.7949009377787211,-0.2899022191773635,-0.9646902774002948,-0.8368440688441448,False,-0.7949009377787211,-0.713383562988992,False,-0.2899022191773635,-0.2736669214557773,False,-1.3211140964172188,-1.8057013726363693,False,0.8614225376182674,1.408573945325435,False,False,0.22000949178899648,True
10,0.5680265426635742,left,left,178.29381098292328,1.7061890170767242,176.6618530704459,-3.3381469295541137,-3.1624041565669496,90.53872995313044,-1.8903873873214394,2.4206617431943305,1.54003836774163,OK,0.8761324286460876,knee,0.9999688267707825,0.998263418674469,0.8761324286460876,0.9191463589668274,0.9061576128005981,0.9194102883338928,True,-0.8158760229992632,-0.7016320543634156,-0.2361050509439271,-0.8158760229992632,-0.7934442319408428,False,-0.7016320543634156,-0.6799213315771742,False,-0.2361050509439271,-0.2398638943085154,False,-1.8903873873214394,-1.927369943808759,False,1.54003836774163,1.5739831491365692,False,False,0.5222864250704727,True
11,0.6241369247436523,left,left,178.19548117710264,1.8045188228973643,176.73502846726203,-3.264971532737974,-3.119907178340824,90.8959954192835,-2.2476528534744915,2.845578596578031,1.9649552211253365,OK,0.8773676753044128,knee,0.9999683499336243,0.9983149170875549,0.8773676753044128,0.920318067073822,0.9064438343048096,0.9206394553184509,True,-0.7175462171786231,-0.6284566575472756,-0.19360807271780134,-0.7175462171786231,-0.7796888880291399,False,-0.6284566575472756,-0.6869693522793459,False,-0.19360807271780134,-0.21678523213014983,False,-2.2476528534744915,-2.1020547548291093,False,1.9649552211253365,1.7925499869491546,False,False,0.6481966915358249,True
12,0.6830711364746094,left,left,178.11888522805728,1.8811147719427197,176.79895221615217,-3.2010477838478266,-3.0843348860888002,91.09693736349632,-2.4485947976873206,3.0947650331980916,2.214141657745415,OK,0.8786031603813171,knee,0.9999679327011108,0.9983630776405334,0.8786031603813171,0.9214459657669067,0.9067007899284363,0.9218167066574097,True,-0.6409502681332677,-0.5645329086571285,-0.1580357804657777,-0.6409502681332677,-0.7217107686939451,False,-0.5645329086571285,-0.660542480550834,False,-0.1580357804657777,-0.2006318968769672,False,-2.4485947976873206,-2.2792423789676577,False,2.214141657745415,2.017442193947562,False,False,0.6715228484046841,True
13,0.7400918006896973,left,left,178.23731661435826,1.7626833856417363,176.6181609217591,-3.381839078240887,-3.132574142968902,91.25086720505408,-2.6025246392450754,3.2628155259678144,2.382192150515124,OK,0.8765332102775574,knee,0.9999664425849915,0.9982542991638184,0.8765332102775574,0.9191624522209167,0.904811441898346,0.9193012714385986,True,-0.7593816544342511,-0.7453242030501888,-0.2062750373458795,-0.7593816544342511,-0.6794536261489421,False,-0.7453242030501888,-0.6405782282893772,False,-0.2062750373458795,-0.1958366057737396,False,-2.6025246392450754,-2.296504864223448,False,2.382192150515124,2.0617928605901286,False,False,0.7043834868964052,True
14,0.7976016998291016,left,left,178.15273464064833,1.8472653593516668,176.70071854567314,-3.2992814543268594,-3.135434648534473,90.85539478291896,-2.207052217109961,2.866506948063007,1.9858835726103052,OK,0.877263069152832,knee,0.9999678730964661,0.9983043074607849,0.877263069152832,0.9195114374160767,0.905502200126648,0.9196942448616028,True,-0.6747996807243206,-0.6627665791361612,-0.2091355429114503,-0.6747996807243206,-0.6291078144656049,False,-0.6627665791361612,-0.5940938872140695,False,-0.2091355429114503,-0.1827953153792606,False,-2.207052217109961,-2.30521323416387,False,1.9858835726103052,2.087403991533057,False,False,0.7906226370152947,True
15,0.8629367351531982,left,left,178.08252527019826,1.9174747298017394,176.76167433175317,-3.23832566824683,-3.1384277010508117,90.6250423794094,-1.9766998136003906,2.642415076407146,1.7617917009544612,OK,0.8779135942459106,knee,0.9999691247940063,0.998346745967865,0.8779135942459106,0.9198021292686462,0.9060584902763367,0.9200285077095032,True,-0.604590310274248,-0.6018107930561318,-0.21212859542778917,-0.604590310274248,-0.603445196421931,False,-0.6018107930561318,-0.5633773425475685,False,-0.21212859542778917,-0.180824966815055,False,-1.9766998136003906,-2.2743116988464918,False,1.7617917009544612,2.053418878157049,False,False,0.8340434421414022,True
16,0.9189968109130859,left,left,177.94375211868595,2.05624788131405,176.96745017263856,-3.0325498273614357,-3.054700726368429,90.9395372689856,-2.2911947031766005,2.97363425129266,2.0930108758399797,OK,0.8789007663726807,knee,0.9999692440032959,0.9983588457107544,0.8789007663726807,0.9204672574996948,0.9053619503974915,0.9202944040298462,True,-0.4658171587619373,-0.3960349521707376,-0.1284016207454064,-0.4658171587619373,-0.5599830680058157,False,-0.3960349521707376,-0.49663943925953663,False,-0.1284016207454064,-0.17053434530223396,False,-2.2911947031766005,-2.2211345698307468,False,2.0930108758399797,1.9872565957822075,False,False,0.7544963813779395,True
17,0.9561748504638672,left,left,177.9905721378389,2.0094278621610897,176.95253493948468,-3.0474650605153215,-3.074483143267772,90.94242968690943,-2.294087121100432,2.924839466318056,2.044216090865376,OK,0.8766376972198486,knee,0.9999685883522034,0.9983683228492737,0.8766376972198486,0.9184372425079346,0.9047686457633972,0.9185250997543335,True,-0.5126371779148977,-0.41095018532462335,-0.14818403764474963,-0.5126371779148977,-0.5150016218659269,False,-0.41095018532462335,-0.4619901190074363,False,-0.14818403764474963,-0.17780272861711827,False,-2.294087121100432,-2.265773955613466,False,2.044216090865376,2.034959724137843,False,False,0.6496897356748411,True
18,1.0143036842346191,left,left,178.0200059722777,1.979994027722313,176.95185043819927,-3.0481495618007273,-3.081121035404797,90.98498155997535,-2.33663899416635,2.932004114093613,2.0513807386409155,OK,0.8745741844177246,knee,0.9999678730964661,0.9983738660812378,0.8745741844177246,0.9165169596672058,0.9041298627853394,0.916839599609375,True,-0.5420710123536745,-0.4116346866100291,-0.15482192978177434,-0.5420710123536745,-0.4643956381263573,False,-0.4116346866100291,-0.4461696483807661,False,-0.15482192978177434,-0.19476654516250633,False,-2.33663899416635,-2.3625403015495947,False,2.0513807386409155,2.1495477666414784,False,False,0.6128408330099091,True
19,1.0592930316925049,left,left,177.9278274099489,2.0721725900511103,176.87396514693364,-3.1260348530663578,-3.1717765651088943,91.07859171183256,-2.430249146023556,3.1050225898411656,2.224399214388484,OK,0.8741284012794495,knee,0.9999685287475586,0.998355507850647,0.8741284012794495,0.9161016345024109,0.90388423204422,0.916279137134552,True,-0.4498924500248771,-0.4895199778756596,-0.24547745948587174,-0.4498924500248771,-0.46196876527966796,False,-0.4895199778756596,-0.48397926299732646,False,-0.24547745948587174,-0.22737511884943115,False,-2.430249146023556,-2.3571861656821143,False,2.224399214388484,2.1518215445503186,False,False,0.486856414555296,True
20,1.109865427017212,left,left,177.8294953515004,2.1705046484995876,176.84077668488652,-3.159223315113479,-3.223246783777752,91.10887410909004,-2.4605315432810357,3.215355288925333,2.3347319134726376,OK,0.8736367225646973,knee,0.9999691247940063,0.9983426332473755,0.8736367225646973,0.9155972599983215,0.9034824371337891,0.9156254529953003,True,-0.35156039157639984,-0.522708439922781,-0.29694767815472956,-0.35156039157639984,-0.4515598981545887,False,-0.522708439922781,-0.5133203028349447,False,-0.29694767815472956,-0.2505087375452387,False,-2.4605315432810357,-2.3290765698975546,False,2.3347319134726376,2.1403282370326506,False,False,0.24250134986749314,True
21,1.1482155323028564,left,left,177.9316177544525,2.0683822455474967,176.77840209955576,-3.2215979004442374,-3.217743594803053,90.9127665896482,-2.2644240238391973,2.985003140836883,2.1043797653841807,OK,0.874290406703949,knee,0.9999693632125854,0.9983459115028381,0.874290406703949,0.915531575679779,0.9042962193489075,0.9155104756355286,True,-0.4536827945284907,-0.5850830252535393,-0.2914444891800305,-0.4536827945284907,-0.4296018808192949,False,-0.5850830252535393,-0.5409639246711497,False,-0.2914444891800305,-0.27064742031880396,False,-2.2644240238391973,-2.231391911141182,False,2.1043797653841807,2.0721065346742193,False,False,0.11712331076980993,True
22,1.2159779071807861,left,left,177.9385278022135,2.061472197786486,176.8058297402966,-3.1941702597034123,-3.19015123674681,90.80188170798664,-2.1535391421776353,2.867372928729724,1.9867495532770363,OK,0.8703851103782654,knee,0.9999684691429138,0.9983465671539307,0.8703851103782654,0.9128571152687073,0.9019017219543457,0.9129891991615295,True,-0.46059284228950137,-0.5576553845127141,-0.26385213112378736,-0.46059284228950137,-0.4219079919934055,False,-0.5576553845127141,-0.5519445384232715,False,-0.26385213112378736,-0.27142698572309404,False,-2.1535391421776353,-2.0748282726424607,False,1.9867495532770363,1.9334378333492055,False,False,0.06487929770578918,True
23,1.2722811698913574,left,left,177.91021588560122,2.089784114398782,176.81363232901825,-3.1863676709817526,-3.1818144492726232,90.49655826619349,-1.8482157003844861,2.590895602301453,1.7102722268487582,OK,0.8697472810745239,knee,0.999968409538269,0.9983420968055725,0.8697472810745239,0.9121181964874268,0.9016624093055725,0.9121546745300293,True,-0.43228092567720555,-0.5498527957910544,-0.2555153436496007,-0.43228092567720555,-0.4420890408528047,False,-0.5498527957910544,-0.5647422829035638,False,-0.2555153436496007,-0.26531008202333195,False,-1.8482157003844861,-1.9865158383214834,False,1.7102722268487582,1.8438589983488896,False,False,-0.13665643825085985,True
24,1.3121070861816406,left,left,177.88935796581944,2.1106420341805574,176.81906207817303,-3.180937921826967,-3.1756743921303445,90.29577351933895,-1.6474309535299483,2.4116790832161152,1.5310557077634144,OK,0.8691748380661011,knee,0.9999683499336243,0.998339831829071,0.8691748380661011,0.911457359790802,0.9014613032341003,0.9114197492599487,True,-0.41142300589543,-0.5444230466362687,-0.249375286507322,-0.41142300589543,-0.44672353744581217,False,-0.5444230466362687,-0.5694314525954444,False,-0.249375286507322,-0.26211507700445236,False,-1.6474309535299483,-1.9873866596351717,False,1.5310557077634144,1.8479794977803352,False,False,-0.3278998713799705,True
25,1.3553686141967773,left,left,177.9304005957974,2.0695994042025916,176.77678796248506,-3.2232120375149407,-3.192662265278942,90.66731193748515,-2.0189693716761496,2.7674611139237526,1.8868377384710584,OK,0.8694753646850586,knee,0.9999685287475586,0.9983188509941101,0.8694753646850586,0.9118586778640747,0.9016533493995667,0.9118740558624268,True,-0.45246563587339583,-0.5866971623242425,-0.2663631596559193,-0.45246563587339583,-0.45350928713625455,False,-0.5866971623242425,-0.5832810142913847,False,-0.2663631596559193,-0.2659573673603138,False,-2.0189693716761496,-2.052541787111494,False,1.8868377384710584,1.9163561469062926,False,False,-0.2595596333607788,True
26,1.3996078968048096,left,left,177.95479023741754,2.0452097625824592,176.75495625109636,-3.2450437489036403,-3.201768569708655,90.91712069621664,-2.2687781304076395,3.005605637994089,2.1249822625414083,OK,0.8697497844696045,knee,0.9999686479568481,0.9982965588569641,0.8697497844696045,0.9122264981269836,0.9017712473869324,0.9122439622879028,True,-0.4768552774935282,-0.6085288737129422,-0.27546946408563233,-0.4768552774935282,-0.4994991013081952,False,-0.6085288737129422,-0.6118122937757339,False,-0.27546946408563233,-0.2698946010580722,False,-2.2687781304076395,-2.1770856580502596,False,2.1249822625414083,2.019504249459703,False,False,-0.10749900508558374,True
27,1.4408273696899414,left,left,177.97245655066573,2.0275434493342743,176.7365819318169,-3.263418068183114,-3.209362688526117,91.12765734536825,-2.479314779559246,3.2092561743595054,2.328632798906824,OK,0.8699871301651001,knee,0.9999687671661377,0.9982786774635315,0.8699871301651001,0.912555456161499,0.901796281337738,0.9125379920005798,True,-0.4945215907417131,-0.6269031929924158,-0.2830635829030945,-0.4945215907417131,-0.503331356355765,False,-0.6269031929924158,-0.6190459467896748,False,-0.2830635829030945,-0.2742511238341992,False,-2.479314779559246,-2.2594383837527032,False,2.328632798906824,2.1009018503523977,False,False,-0.09803438135056437,True
28,1.493138074874878,left,left,178.14016495646092,1.8598350435390785,176.6709759315965,-3.3290240684034984,-3.2015006177614156,91.11927762088732,-2.4709350550783142,3.1066361150684916,2.226012739615811,OK,0.8689367175102234,knee,0.9999687075614929,0.99826580286026,0.8689367175102234,0.9118013978004456,0.9010366797447205,0.9118001461029053,True,-0.662229996536909,-0.6925091932128002,-0.27520151213839306,-0.662229996536909,-0.473721582909665,False,-0.6925091932128002,-0.6058849115043761,False,-0.27520151213839306,-0.2748753441859494,False,-2.4709350550783142,-2.210208903208044,False,2.226012739615811,2.0674968876167896,False,False,-0.08965496234252664,True
29,1.5465407371520996,left,left,177.9085192410573,2.0914807589427085,176.78289381310333,-3.2171061868966717,-3.1974570060109793,90.70753714785117,-2.059194582042167,2.8186670876795676,1.9380437122268859,OK,0.8703528046607971,knee,0.999968945980072,0.9982977509498596,0.8703528046607971,0.9135833978652954,0.9033297896385193,0.9135936498641968,True,-0.43058428113327896,-0.5805913117059736,-0.27115790038795673,-0.43058428113327896,-0.44590996828601226,False,-0.5805913117059736,-0.5980510273288193,False,-0.27115790038795673,-0.27702718863296766,False,-2.059194582042167,-2.1059560598229865,False,1.9380437122268859,1.981069930232809,False,False,-0.18089367357200664,True
30,1.5890748500823975,left,left,177.7823517285669,2.2176482714330916,176.84259313891155,-3.1574068610884467,-3.1957833670376927,90.42116453476186,-1.7728219689528544,2.6004363002456934,1.7198129247930183,OK,0.8711407780647278,knee,0.999968945980072,0.9983161091804504,0.8711407780647278,0.9148508310317993,0.9051923155784607,0.9149319529533386,True,-0.3044167686428958,-0.5208919858977485,-0.2694842614146702,-0.3044167686428958,-0.47031179310635396,False,-0.5208919858977485,-0.609960135019276,False,-0.2694842614146702,-0.27191536123583016,False,-1.7728219689528544,-1.7777377222840074,False,1.7198129247930183,1.6454707029610858,False,False,-0.5506544960691242,True
31,1.6348354816436768,left,left,177.81573216429928,2.184267835700723,176.79412567197414,-3.205874328025857,-3.2125277919437463,90.39585647929135,-1.7475139134823507,2.57347085107418,1.6928474756215053,OK,0.870143473148346,knee,0.9999685883522034,0.9982733130455017,0.870143473148346,0.9136747121810913,0.9047797918319702,0.9141915440559387,True,-0.3377972043752644,-0.5693594528351587,-0.28622868632072374,-0.3377972043752644,-0.4944447092182182,False,-0.5693594528351587,-0.6211889231315131,False,-0.28622868632072374,-0.2644621423160703,False,-1.7475139134823507,-1.448444564866287,False,1.6928474756215053,1.3107266364634995,False,False,-0.966153987599833,True
32,1.6868972778320312,left,left,178.09446567476743,1.9055343252325656,176.6770363933646,-3.3229636066353976,-3.1838035515404295,89.48656565767335,-0.8382230918643501,1.5312600380008954,0.6506366625482087,OK,0.8659077286720276,knee,0.9999660849571228,0.9982531070709229,0.8659077286720276,0.9116372466087341,0.9036047458648682,0.912838876247406,True,-0.6165307148434218,-0.6864487314446994,-0.25750444591740695,-0.6165307148434218,-0.5751392815166279,False,-0.6864487314446994,-0.6392738121738721,False,-0.25750444591740695,-0.23843283120271747,False,-0.8382230918643501,-1.3435750154547321,False,0.6506366625482087,1.169276714909239,False,False,-1.120059273624084,True
33,1.732743263244629,left,left,178.26082953702024,1.7391704629797573,176.61483199103532,-3.3851680089646834,-3.1642345231626163,89.47281183379872,-0.8244692679897128,1.4329157825805579,0.5522924071278794,OK,0.8627128005027771,knee,0.9999634623527527,0.9982290267944336,0.8627128005027771,0.9101762175559998,0.9029439687728882,0.9120913743972778,True,-0.7828945770962301,-0.7486531337739852,-0.2379354175395938,-0.7828945770962301,-0.6549393684851091,False,-0.7486531337739852,-0.6541511016892632,False,-0.2379354175395938,-0.20985611331588555,False,-0.8244692679897128,-1.218248620995078,False,0.5522924071278794,1.0076042408833303,False,False,-1.0116142349147115,True
34,1.7927706241607666,left,left,178.31199210254934,1.6880078974506603,176.69246936789153,-3.3075306321084668,-3.0673104504442152,90.1831894007934,-1.5348468349843927,2.111417479908277,1.2307941044555832,OK,0.864902675151825,knee,0.9999634027481079,0.9982160329818726,0.864902675151825,0.9111953973770142,0.9032677412033081,0.9131014347076416,True,-0.8340571426253272,-0.6710157569177686,-0.1410113448211927,-0.8340571426253272,-0.730761778336254,False,-0.6710157569177686,-0.6632638033344567,False,-0.1410113448211927,-0.18357986472606935,False,-1.5348468349843927,-1.0038652617744872,False,1.2307941044555832,0.752787422046606,False,False,-0.6809778797345657,True
35,1.8365986347198486,left,left,178.18135216340931,1.818647836590685,176.7682066913346,-3.2317933086654023,-3.052899777603533,89.79453256246359,-1.1461899966545843,1.792073930116155,0.9114505546634746,OK,0.8650408387184143,knee,0.9999637603759766,0.9982317090034485,0.8650408387184143,0.9111325144767761,0.9029099345207214,0.9131813049316406,True,-0.7034172034853023,-0.5952784334747041,-0.12660067198051062,-0.7034172034853023,-0.7554002130762834,False,-0.5952784334747041,-0.6524059893996484,False,-0.12660067198051062,-0.16804368257214683,False,-1.1461899966545843,-0.9026220975133811,False,0.9114505546634746,0.6315841912645851,False,False,-0.08920698473567254,True
36,1.878206729888916,left,left,178.194844213555,1.805155786444999,176.74856216374818,-3.2514378362518244,-3.0811465489946652,89.3239396831884,-0.6755971173793966,1.299386756890575,0.41876338143788416,OK,0.8683857917785645,knee,0.9999653100967407,0.9982595443725586,0.8683857917785645,0.9131969809532166,0.9048060178756714,0.9149703979492188,True,-0.7169092536309885,-0.6149229610611262,-0.1548474433716427,-0.7169092536309885,-0.7339372459778739,False,-0.6149229610611262,-0.6200744691979939,False,-0.1548474433716427,-0.15380004984761272,False,-0.6755971173793966,-0.857642885052428,False,0.41876338143788416,0.5899800584249192,False,False,0.5231415580664913,True
37,1.9281563758850098,left,left,178.21765784846758,1.7823421515324185,176.73132546303864,-3.268674536961356,-3.106122640770817,88.98034983636782,-0.33200727055881885,0.9252438840908062,0.044620508638104184,OK,0.8715028166770935,knee,0.9999668002128601,0.9982903003692627,0.8715028166770935,0.9151718020439148,0.9064897894859314,0.9166713356971741,True,-0.7397228885435689,-0.632159661770658,-0.17982353514779437,-0.7397228885435689,-0.6937061953239473,False,-0.632159661770658,-0.5958746349478535,False,-0.17982353514779437,-0.15628558982609125,False,-0.33200727055881885,-0.7016169768813854,False,0.044620508638104184,0.44749982667919425,False,False,0.9310414007438039,True
38,1.966914415359497,left,left,178.1535147015282,1.846485298471805,176.7764895920436,-3.223510407956411,-3.093016359539946,89.24791577149395,-0.5995732056849477,1.2248951183822316,0.3442717429295499,OK,0.8712180256843567,knee,0.9999679923057556,0.9983266592025757,0.8712180256843567,0.9146571159362793,0.9054962992668152,0.9160498976707458,True,-0.6755797416041824,-0.5869955327657128,-0.16671725391692327,-0.6755797416041824,-0.6279302804164368,False,-0.5869955327657128,-0.5654810160554409,False,-0.16671725391692327,-0.160921883491908,False,-0.5995732056849477,-0.5865379983997088,False,0.3442717429295499,0.36316685054679854,False,False,1.139354282202145,True
39,2.007117509841919,left,left,178.1108368492797,1.889163150720293,176.81346853914224,-3.186531460857765,-3.079738150336608,89.40305985993818,-0.7547172941291791,1.3990163211796514,0.5183929457269585,OK,0.8710562586784363,knee,0.9999690651893616,0.9983618259429932,0.8710562586784363,0.9142109155654907,0.9046225547790527,0.9155587553977966,True,-0.6329018893556944,-0.5500165856670667,-0.15343904471358538,-0.6329018893556944,-0.5735601782133793,False,-0.5500165856670667,-0.49128624632752504,False,-0.15343904471358538,-0.1210741984933704,False,-0.7547172941291791,-0.4270525930880524,False,0.5183929457269585,0.22370446270882666,False,False,1.186099756308868,True
40,2.0626678466796875,left,left,177.85247258887176,2.1475274111282374,176.92017478579666,-3.079825214203339,-3.076081245932617,89.2191376700552,-0.5707951042462014,1.3704090494541812,0.48978567400149586,OK,0.8710864186286926,knee,0.9999690651893616,0.9983595609664917,0.8710864186286926,0.9142165184020996,0.9045755863189697,0.9154736399650574,True,-0.37453762894775,-0.44331033901264094,-0.14978214030959425,-0.37453762894775,-0.521041194622516,False,-0.44331033901264094,-0.3935595167619629,False,-0.14978214030959425,-0.057888840534805475,False,-0.5707951042462014,-0.24538701544325078,False,0.48978567400149586,0.060016497047888605,False,False,0.8907171277841128,True
41,2.099311590194702,left,left,177.9229937025397,2.0770062974602865,177.11953601238775,-2.880463987612245,-2.8819081240019773,88.52651265663012,0.12182990917888503,0.6020748177007013,-0.27854855775197507,OK,0.8709502816200256,knee,0.9999687075614929,0.9983417987823486,0.8709502816200256,0.9144766926765442,0.9046876430511475,0.9163517355918884,True,-0.4450587426157009,-0.24394911242154693,0.04439098162104527,-0.4450587426157009,-0.48110756100391916,False,-0.24394911242154693,-0.3066508842128262,False,0.04439098162104527,0.002337537900690112,False,0.12182990917888503,-0.20271922304672216,False,-0.27854855775197507,0.030600084156310457,False,False,0.349973758137898,True
42,2.140915632247925,left,left,177.95506293051326,2.0449370694867355,177.21995911086645,-2.780040889133545,-2.7901958509779923,88.07202194814381,0.5763206176651892,0.10680405578609992,-0.7738193196665861,OK,0.8707457780838013,knee,0.9999684691429138,0.9983282089233398,0.8707457780838013,0.914705216884613,0.9048154950141907,0.9170405268669128,True,-0.47712797058925194,-0.14352601394284692,0.13610325464503026,-0.47712797058925194,-0.4543012491484356,False,-0.14352601394284692,-0.22847286771345282,False,0.13610325464503026,0.06441622594314537,False,0.5763206176651892,-0.018861439183450558,False,-0.7738193196665861,-0.1425507163084035,False,False,-0.14201463481364468,True
43,2.187812566757202,left,left,177.9538465334352,2.046153466564789,177.21103275478927,-2.7889672452107277,-2.791884467362468,89.03457680951131,-0.3862342437023045,1.0778130539243438,0.19718967847165914,OK,0.8718895316123962,knee,0.9999688863754272,0.9983389377593994,0.8718895316123962,0.9154027700424194,0.9061246514320374,0.917684018611908,True,-0.4759115735111985,-0.15245237002002954,0.13441463826055466,-0.4759115735111985,-0.5052618767693369,False,-0.15245237002002954,-0.19260470736953197,False,0.13441463826055466,0.12756631050587686,False,-0.3862342437023045,0.06611050994297614,False,0.19718967847165914,-0.25120136883692223,False,False,-0.6166775613104256,True
44,2.232172966003418,left,left,177.9768052900023,2.0231947099977106,177.2043586216391,-2.795641378360898,-2.7693447101243316,88.48377094062182,0.16457162518717894,0.5332623188560874,-0.3473610565966112,OK,0.8741189241409302,knee,0.9999697208404541,0.9983798265457153,0.8741189241409302,0.9167032837867737,0.9075952172279358,0.9192736744880676,True,-0.49887033007827686,-0.15912650317019983,0.15695439549869095,-0.49887033007827686,-0.561163687188006,False,-0.15912650317019983,-0.21398662878238542,False,0.15695439549869095,0.15073460544596645,False,0.16457162518717894,-0.029234517922191117,False,-0.3473610565966112,-0.16720793503749293,False,False,-1.144874975356037,True
45,2.2804183959960938,left,left,178.10727572697627,1.892724273023731,177.09951558751627,-2.900484412483735,-2.7603308231189594,88.79427792442307,-0.14593535861406792,0.8271557868116017,-0.05346758864109802,OK,0.8756104111671448,knee,0.9999681711196899,0.9983389377593994,0.8756104111671448,0.9170539975166321,0.9081218242645264,0.9197803735733032,True,-0.6293407670522564,-0.2639695372930366,0.16596828250406315,-0.6293407670522564,-0.6237990584689592,False,-0.2639695372930366,-0.2690015141511656,False,0.16596828250406315,0.1471168756139475,False,-0.14593535861406792,-0.231430166956946,False,-0.05346758864109802,0.023749498253067713,False,False,-1.4761913410260754,True
46,2.33408522605896,left,left,178.20250275463306,1.7974972453669409,177.0126264053235,-2.9873735946765123,-2.7660666493015293,89.00323779595595,-0.35489523014695123,1.0220419866978685,0.14141861124517163,OK,0.8769334554672241,knee,0.9999666810035706,0.9982981085777283,0.8769334554672241,0.9173969030380249,0.9086493253707886,0.9202672839164734,True,-0.7245677947090465,-0.35085871948581415,0.1602324563214932,-0.7245677947090465,-0.6983069935089569,False,-0.35085871948581415,-0.3335905314459926,False,0.1602324563214932,0.136967907932452,False,-0.35489523014695123,-0.2521950429539288,False,0.14141861124517163,0.02444648882338356,False,False,-1.4960759755798283,True
47,2.3775687217712402,left,left,178.26823978691803,1.7317602130819694,176.94488468402255,-3.055115315977446,-2.808284500138087,89.08300019331759,-0.43465762750858516,1.061591222238916,0.18096784678621702,OK,0.8767617344856262,knee,0.9999679327011108,0.9983410835266113,0.8767617344856262,0.9177340269088745,0.9070086479187012,0.9202128648757935,True,-0.790304826994018,-0.41860044078674763,0.11801460548493559,-0.790304826994018,-0.7879179969266014,False,-0.41860044078674763,-0.39934895277373855,False,0.11801460548493559,0.12125206822610383,False,-0.43465762750858516,-0.305397932693262,False,0.18096784678621702,0.038080956766475535,False,False,-1.3549106771322683,True
48,2.4161975383758545,left,left,178.3263862086352,1.6736137913648008,176.88808766831514,-3.111912331684863,-2.8426293057699454,89.13840118949622,-0.49005862368721864,1.0812980067759344,0.20067463132323837,OK,0.8765853047370911,knee,0.9999690055847168,0.9983804225921631,0.8765853047370911,0.9180524945259094,0.9055525660514832,0.9201899170875549,True,-0.8484512487111866,-0.47539745649416476,0.0836697998530771,-0.8484512487111866,-0.8503956256147811,False,-0.47539745649416476,-0.4578536259848538,False,0.0836697998530771,0.08971660860321266,False,-0.49005862368721864,-0.3326850387227552,False,0.20067463132323837,0.029859647696008552,False,False,-0.8101371265987944,True
49,2.470613718032837,left,left,178.4248603070905,1.575139692909488,176.87556651500037,-3.124433484999628,-2.8479239086560724,88.74978538931849,-0.10144282350948686,0.601434658571546,-0.2791887168811513,OK,0.8787304759025574,knee,0.9999698996543884,0.9984050393104553,0.8787304759025574,0.9190755486488342,0.9061418175697327,0.9211040735244751,True,-0.9469253471664993,-0.48791860980892965,0.07837519696695017,-0.9469253471664993,-0.8935629835157934,False,-0.48791860980892965,-0.508634159448565,False,0.07837519696695017,0.04955382221137006,False,-0.10144282350948686,-0.3364389387092103,False,-0.2791887168811513,0.0010639368533304605,False,False,0.10759173463299128,True
50,2.5164954662323,left,left,178.41966387041717,1.5803361295828324,176.8069922214607,-3.193007778539311,-2.9180081212334152,88.93071345457054,-0.28237088876153393,0.786049241459262,-0.09457413399343295,OK,0.8758848309516907,knee,0.9999682903289795,0.9983591437339783,0.8758848309516907,0.91681969165802,0.9039766192436218,0.9188465476036072,True,-0.941728910493155,-0.5564929033486128,0.008290984389607292,-0.941728910493155,-0.91129711691518,False,-0.5564929033486128,-0.5606739629856865,False,0.008290984389607292,0.002646360318072105,False,-0.28237088876153393,-0.3754578797054677,False,-0.09457413399343295,0.027481086094030615,False,False,0.9515112440600187,True
51,2.5605876445770264,left,left,178.41833954413812,1.5816604558618792,176.75872373800493,-3.2412762619950684,-2.9668805812607424,89.02200729588823,-0.37366473007922707,0.8780634324844687,-0.00255994296821882,OK,0.8735229969024658,knee,0.9999669790267944,0.9983246326446533,0.8735229969024658,0.9149057865142822,0.9020706415176392,0.9169323444366455,True,-0.9404045842141082,-0.6047613868043702,-0.040581475637719855,-0.9404045842141082,-0.7753423615086925,False,-0.6047613868043702,-0.5552070777984459,False,-0.040581475637719855,-0.05186376625011695,False,-0.37366473007922707,0.050241696934858734,False,-0.00255994296821882,-0.32224074689523263,False,False,1.6321244311145313,True
52,2.6146602630615234,left,left,178.35691045391496,1.6430895460850365,176.68468566633695,-3.3153143336630535,-3.0428218096045767,89.27809489829887,-0.629752332489872,1.193676968442402,0.3130535929897178,OK,0.8733419179916382,knee,0.9999663233757019,0.9983000159263611,0.8733419179916382,0.9149130582809448,0.9023430347442627,0.9174616932868958,True,-0.8789754939909509,-0.6787994584723553,-0.11652270398155418,-0.8789754939909509,-0.6392630004017101,False,-0.6787994584723553,-0.5678712988107126,False,-0.11652270398155418,-0.11422376876136227,False,-0.629752332489872,0.6681477930163225,False,0.3130535929897178,-0.853763263368694,False,False,2.114808662528307,True
53,2.667125940322876,left,left,177.64661243160276,2.3533875683972383,176.91542209425134,-3.0845779057486595,-3.1151799386108907,87.00990330629459,1.6384392595144135,-0.6673111581703992,-1.5479345336230779,OK,0.8724560141563416,knee,0.9999669194221497,0.9983547925949097,0.8724560141563416,0.9150048494338989,0.9032496809959412,0.9177932143211365,True,-0.16867747167874914,-0.4480630305579614,-0.18888083298786817,-0.16867747167874914,-0.5199416985480563,False,-0.4480630305579614,-0.5845272377913664,False,-0.18888083298786817,-0.17025524639127507,False,1.6384392595144135,1.47141283438269,False,-1.5479345336230779,-1.5770825415306604,False,False,1.7161110205288488,True
54,2.7248504161834717,left,left,177.7444635015556,2.2555364984443997,176.81224540993904,-3.187754590060962,-3.159723921212299,85.66025490891117,2.9880876568978323,-2.0561779237957643,-2.936801299248458,OK,0.871286928653717,knee,0.9999673366546631,0.9983676075935364,0.871286928653717,0.9140461683273315,0.9023434519767761,0.9166193604469299,True,-0.2665285416315877,-0.5512397148702637,-0.2334248155892764,-0.2665285416315877,-0.40641590122177523,False,-0.5512397148702637,-0.5973115832898718,False,-0.2334248155892764,-0.21865956944121798,False,2.9880876568978323,2.1971585022582985,False,-2.936801299248458,-2.224922389631433,False,False,0.7854037180110394,True
55,2.781214714050293,left,left,177.8230573611489,2.176942638851102,176.72371252655742,-3.2762874734425793,-3.1981655093829793,84.9143882477387,3.733954318070303,-2.8305471493505623,-3.711170524803265,OK,0.8702224493026733,knee,0.9999676942825317,0.998378336429596,0.8702224493026733,0.9131499528884888,0.9015288949012756,0.9155334830284119,True,-0.34512240122488524,-0.6397725982518812,-0.27186640375995674,-0.34512240122488524,-0.309585649854254,False,-0.6397725982518812,-0.5993071393947621,False,-0.27186640375995674,-0.2534310713217719,False,3.733954318070303,2.91520590204926,False,-3.711170524803265,-2.8789154838305366,False,False,0.07580897782203841,True
56,2.823103904724121,left,left,177.85071055750672,2.1492894424932842,176.6948020105124,-3.3051979894875956,-3.208902196510457,85.39327895651019,3.2550636092988157,-2.36113580801939,-3.241759183472084,OK,0.8684131503105164,knee,0.9999679923057556,0.9983702301979065,0.8684131503105164,0.9123901724815369,0.9001078009605408,0.914626955986023,True,-0.3727755975827032,-0.6686831142968974,-0.2826030908874344,-0.3727755975827032,-0.4076487449811717,False,-0.6686831142968974,-0.6851291685967117,False,-0.2826030908874344,-0.29538437827933606,False,3.2550636092988157,2.8813680633498193,False,-3.241759183472084,-2.8992720180136304,False,False,-0.5693437470365901,True
57,2.8694753646850586,left,left,177.87275919707736,2.1272408029226426,176.6747078858125,-3.325292114187505,-3.2166793190073464,85.68785789934407,2.960484666464936,-2.076288502553097,-2.9569118780057977,OK,0.8670656085014343,knee,0.9999682903289795,0.998367190361023,0.8670656085014343,0.9119698405265808,0.898995578289032,0.914043664932251,True,-0.3948242371533448,-0.6887772389968068,-0.29038021338432385,-0.3948242371533448,-0.4657596838185933,False,-0.6887772389968068,-0.7559877861143609,False,-0.29038021338432385,-0.33024392980121375,False,2.960484666464936,2.504356002203872,False,-2.9569118780057977,-2.54437182970932,False,False,-1.1250463306470262,True
58,2.911933183670044,left,left,178.13692790723735,1.8630720927626498,176.4863119482416,-3.5136880517584075,-3.3249464733987115,87.17909249979179,1.46925006601721,-0.769093829085852,-1.6497172045385469,OK,0.8660431504249573,knee,0.9999685883522034,0.9983567595481873,0.8660431504249573,0.9110816121101379,0.898189902305603,0.9133445620536804,True,-0.6589929473133376,-0.8771731765677093,-0.398647367775689,-0.6589929473133376,-0.5109306336413946,False,-0.8771731765677093,-0.8102568063711832,False,-0.398647367775689,-0.35762148076083433,False,1.46925006601721,1.995916767864466,False,-1.6497172045385469,-2.0542120758955207,False,False,-1.0771846483394292,True
59,2.9494051933288574,left,left,178.0350181957427,1.9649818042572917,176.4579523223508,-3.542047677649208,-3.334021678821687,87.54531521464091,1.1030273511680946,-0.28167698227422533,-1.162300357726906,OK,0.867107629776001,knee,0.9999682903289795,0.9983444809913635,0.867107629776001,0.9115526080131531,0.8980571031570435,0.9133340716362,True,-0.5570832358186957,-0.9055328024585099,-0.4077225731986647,-0.5570832358186957,-0.5531987110235983,False,-0.9055328024585099,-0.8601738499320565,False,-0.4077225731986647,-0.38318453408035547,False,1.1030273511680946,1.598202650848154,False,-1.162300357726906,-1.6744120460200578,False,False,-0.7446543165768452,True
60,3.016420602798462,left,left,178.0489121102629,1.9510878897370958,176.4523674252733,-3.5476325747266912,-3.335053264181082,87.45658441943573,1.1917581463732745,-0.3797483802815666,-1.260371755734269,OK,0.8670645952224731,knee,0.9999684691429138,0.9983466863632202,0.8670645952224731,0.9119111895561218,0.8983213901519775,0.913680374622345,True,-0.5709771503388916,-0.9111176995359931,-0.40875415855805963,-0.5709771503388916,-0.5932298448896611,False,-0.9111176995359931,-0.9074855820582745,False,-0.40875415855805963,-0.40756825809959185,False,1.1917581463732745,1.2735323882409033,False,-1.260371755734269,-1.3668449091718913,False,False,-0.5663190370110575,True
61,3.0551064014434814,left,left,178.06205094441773,1.9379490555822656,176.44521679270804,-3.554783207291962,-3.3367174631080627,87.38184954159175,1.2664930242172545,-0.4621356586420804,-1.3427590340947688,OK,0.8669290542602539,knee,0.9999686479568481,0.99834805727005,0.8669290542602539,0.9121432304382324,0.8985215425491333,0.9138864278793335,True,-0.5841159844937218,-0.9182683321012637,-0.4104183574850402,-0.5841159844937218,-0.6025410173424556,False,-0.9182683321012637,-0.9328443856759353,False,-0.4104183574850402,-0.41358175385153545,False,1.2664930242172545,1.1547927778013019,False,-1.3427590340947688,-1.2380711633193642,False,False,-0.4442962522391268,True
62,3.100942373275757,left,left,178.07291486640767,1.9270851335923282,176.4381492251814,-3.561850774818595,-3.3385979391035283,87.31120921238032,1.3371333534286833,-0.5384528183122748,-1.4190761937649654,OK,0.8667638301849365,knee,0.9999688267707825,0.998350977897644,0.8667638301849365,0.9123003482818604,0.8986634016036987,0.9140048027038574,True,-0.5949799064836592,-0.9253358996278966,-0.4122988334805058,-0.5949799064836592,-0.6056989500377066,False,-0.9253358996278966,-0.9175980587037206,False,-0.4122988334805058,-0.4026791747251016,False,1.3371333534286833,1.0952034464403255,False,-1.4190761937649654,-1.1859835124994333,False,False,-0.3406010346459133,True
63,3.1456239223480225,left,left,178.18348376950132,1.816516230498678,176.3595179301533,-3.640482069846712,-3.3550139521584295,87.7727905519898,0.8755520138192026,-0.12522509982323296,-1.0058484752759114,OK,0.8678230047225952,knee,0.9999691843986511,0.9983512163162231,0.8678230047225952,0.9120392799377441,0.8973605632781982,0.9140257835388184,True,-0.7055488095773095,-1.0039671946560138,-0.4287148465354069,-0.7055488095773095,-0.6258769207329218,False,-1.0039671946560138,-0.9515975117911186,False,-0.4287148465354069,-0.4210087257869385,False,0.8755520138192026,0.9593574681775976,False,-1.0058484752759114,-1.0546456029063562,False,False,-0.27032744160111094,True
64,3.214076280593872,left,left,178.05080785921896,1.9491921407810366,176.53418395721187,-3.465816042788134,-3.279508783189518,87.84326187144579,0.8050806943632125,-0.021238728174553287,-0.901862103627252,OK,0.868723452091217,knee,0.9999681711196899,0.9982970952987671,0.868723452091217,0.9131087064743042,0.8984110951423645,0.9148064851760864,True,-0.5728728992949508,-0.829301167597436,-0.35320967756649546,-0.5728728992949508,-0.6630701609147687,False,-0.829301167597436,-1.0350626953207442,False,-0.35320967756649546,-0.46798136115911637,False,0.8050806943632125,0.7848361808978297,False,-0.901862103627252,-0.8808250076509921,False,False,-0.17960974862997317,True
65,3.274007797241211,left,left,178.14980196373898,1.8501980362610198,176.28237015983632,-3.7176298401636814,-3.4267010194902667,88.13581431074937,0.5125282550596353,0.2769411676838029,-0.6036822077688839,OK,0.870453417301178,knee,0.999968945980072,0.9982847571372986,0.870453417301178,0.9145299792289734,0.8992452025413513,0.9160206317901611,True,-0.6718670038149677,-1.0811149649729832,-0.5004019138672442,-0.6718670038149677,-0.6816804966324961,False,-1.0811149649729832,-1.0896289815242601,False,-0.5004019138672442,-0.502408334771761,False,0.5125282550596353,0.5312538979315065,False,-0.6036822077688839,-0.6257137478115282,False,False,0.03750802792446288,True
66,3.330378770828247,left,left,178.24801714532697,1.751982854673031,176.0278908750599,-3.97210912494009,-3.571580639968952,88.25445597799059,0.39388658781841457,0.40696731763475336,-0.47365605781794784,OK,0.871863603591919,knee,0.9999697804450989,0.998275637626648,0.871863603591919,0.9157243371009827,0.8999061584472656,0.9170504808425903,True,-0.7700821854029565,-1.3355942497493918,-0.6452815343459295,-0.7700821854029565,-0.6673874369719821,False,-1.3355942497493918,-1.1105217735470891,False,-0.6452815343459295,-0.5254590923178966,False,0.39388658781841457,0.3239406078776682,False,-0.47365605781794784,-0.40626536362048,False,False,0.43356263385649,True
67,3.371795892715454,left,left,178.1659665449963,1.8340334550036914,176.16531779416383,-3.834682205836174,-3.510732807166751,88.57912062721194,0.06922193859706738,0.7371034808850528,-0.14351989456764613,OK,0.8727788329124451,knee,0.9999696016311646,0.9982914328575134,0.8727788329124451,0.9157475829124451,0.9011403918266296,0.9176421165466309,True,-0.688031585072296,-1.1981673306454756,-0.5844337015437286,-0.688031585072296,-0.6541574479712532,False,-1.1981673306454756,-1.1160258386004733,False,-0.5844337015437286,-0.539439199898659,False,0.06922193859706738,0.1327786077442113,False,-0.14351989456764613,-0.21034941701366847,False,False,0.841899768858763,True
68,3.4171035289764404,left,left,178.11201847119875,1.887981528801248,176.25505397003914,-3.7449460299608575,-3.4702677398891075,88.80935700225899,-0.1610144364499888,0.9720168211320096,0.09139344567932994,OK,0.8736506700515747,knee,0.9999694228172302,0.9983062744140625,0.8736506700515747,0.9158017635345459,0.902295708656311,0.9182030558586121,True,-0.6340835112747394,-1.1084311547701593,-0.543968634266085,-0.6340835112747394,-0.5919198876265094,False,-1.1084311547701593,-1.0590169288698124,False,-0.543968634266085,-0.5290557476581944,False,-0.1610144364499888,-0.26831646834593814,False,0.09139344567932994,0.20635776193102515,False,False,1.1979000044824952,True
69,3.470442771911621,left,left,177.98465791421532,2.015342085784681,176.50666363194495,-3.493336368055054,-3.34940932109333,88.79907187211307,-0.150729306304072,0.9583410048594804,0.0777176294068056,OK,0.8753255605697632,knee,0.9999699592590332,0.9983175992965698,0.8753255605697632,0.9170604348182678,0.9023560285568237,0.9192246794700623,True,-0.5067229542913063,-0.856821492864356,-0.42311021547030725,-0.5067229542913063,-0.5048556859018427,False,-0.856821492864356,-0.9546215574279703,False,-0.42311021547030725,-0.4937792007151944,False,-0.150729306304072,-0.6769241216448592,False,0.0777176294068056,0.6329107924557775,False,False,1.3841896504478068,True
70,3.5172653198242188,left,left,177.83861416201526,2.1613858379847386,176.56741470848962,-3.432585291510378,-3.3747837582879443,90.14128969120011,-1.4929471253911117,2.3604770624072735,1.4798536869545842,OK,0.8750330209732056,knee,0.9999697208404541,0.9983395338058472,0.8750330209732056,0.9161229133605957,0.9015823602676392,0.918006420135498,True,-0.3606792020912488,-0.7960704163196799,-0.44848465266492177,-0.3606792020912488,-0.4292899031796404,False,-0.7960704163196799,-0.8807388034310296,False,-0.44848465266492177,-0.4739885332176052,False,-1.4929471253911117,-1.0229174665660792,False,1.4798536869545842,1.0003778335998503,False,False,1.1765992395878904,True
71,3.5561788082122803,left,left,177.81269613670364,2.187303863296364,176.54986773226912,-3.450132267730879,-3.395197905253952,90.2974942444852,-1.6491516786761906,2.5397324702584894,1.6591090948058138,OK,0.874967098236084,knee,0.9999707341194153,0.9983673095703125,0.874967098236084,0.9163237810134888,0.9009506106376648,0.9177464246749878,True,-0.33476117677962325,-0.8136173925401811,-0.4688987996309293,-0.33476117677962325,-0.3560658284184493,False,-0.8136173925401811,-0.812045996552951,False,-0.4688987996309293,-0.457500006532201,False,-1.6491516786761906,-1.2710556395196448,False,1.6591090948058138,1.2695358011219242,False,False,0.7719437825421905,True
72,3.609037160873413,left,left,177.7881376313853,2.211862368614703,176.53473156414853,-3.4652684358514705,-3.4117794696788053,90.30908735181804,-1.6607447860090332,2.5744386866053954,1.6938153111527186,OK,0.8747310042381287,knee,0.9999715685844421,0.9983837604522705,0.8747310042381287,0.9162924289703369,0.9001426696777344,0.9173034429550171,True,-0.3102026714612842,-0.8287535606607723,-0.48548036405578276,-0.3102026714612842,-0.3387187203220927,False,-0.8287535606607723,-0.8082970546805714,False,-0.48548036405578276,-0.4648175739100826,False,-1.6607447860090332,-1.175307888428088,False,1.6938153111527186,1.1800686488764598,False,False,0.48389818311706945,True
73,3.655179023742676,left,left,177.7458980973928,2.2541019026072036,176.59851800442954,-3.401481995570464,-3.3878251064620866,90.05004786702682,-1.4017053012178167,2.317806658742389,1.4371832832896985,OK,0.8735213279724121,knee,0.9999710917472839,0.9983572363853455,0.8735213279724121,0.9158672094345093,0.9003053307533264,0.9166664481163025,True,-0.26796313746878386,-0.7649671203797657,-0.46152600083906403,-0.26796313746878386,-0.3705221684424581,False,-0.7649671203797657,-0.826613781679038,False,-0.46152600083906403,-0.4671052473300299,False,-1.4017053012178167,-0.6237805044028846,False,1.4371832832896985,0.6127668703094116,False,False,0.2911395297076001,True
74,3.6945478916168213,left,left,177.89792237373354,2.102077626266464,176.52540834130684,-3.474591658693157,-3.3859971579827377,88.32033311665529,0.32800944915371133,0.5110052436321854,-0.3696181318205163,OK,0.8733974099159241,knee,0.9999720454216003,0.998409628868103,0.8733974099159241,0.9165024161338806,0.90128093957901,0.9175830483436584,True,-0.4199874138095234,-0.838076783502459,-0.45969805235971517,-0.4199874138095234,-0.3860992796323709,False,-0.838076783502459,-0.8174228965467083,False,-0.45969805235971517,-0.45804117235534514,False,0.32800944915371133,0.06842963828075029,False,-0.3696181318205163,-0.0951471937217832,False,False,0.3260383481963591,True
75,3.7338967323303223,left,left,177.9976314026171,2.0023685973829117,176.4758310734973,-3.5241689265027105,-3.3862221253876807,87.3836527710741,1.264689794734906,-0.4760318304279573,-1.3566552058806565,OK,0.8733846545219421,knee,0.9999729990959167,0.998461127281189,0.8733846545219421,0.9171656966209412,0.9022080898284912,0.9184942245483398,True,-0.5196964426930757,-0.8876540513120124,-0.4599230197646582,-0.5196964426930757,-0.3561991693908434,False,-0.8876540513120124,-0.7925557153113407,False,-0.4599230197646582,-0.4470428648994001,False,1.264689794734906,0.6117516245587324,False,-1.3566552058806565,-0.622437943537659,False,False,0.8286840346845533,True
76,3.787868022918701,left,left,177.8905816926532,2.1094183073468002,176.59582215793077,-3.404177842069231,-3.349877530380528,86.83644353106702,1.8118990347419839,-0.9998378498974653,-1.8804612253501602,OK,0.873764157295227,knee,0.999971866607666,0.9984537363052368,0.873764157295227,0.9176273345947266,0.9016327857971191,0.9185425043106079,True,-0.41264673272918717,-0.7676629668785329,-0.4235784247575056,-0.41264673272918717,-0.3105180571287329,False,-0.7676629668785329,-0.7585615077289452,False,-0.4235784247575056,-0.43600468631946604,False,1.8118990347419839,1.139060117693927,False,-1.8804612253501602,-1.1270213534131983,False,False,1.4724088900000205,True
77,3.8351032733917236,left,left,177.63863708017766,2.3613629198223407,176.65906747032537,-3.3409325296746317,-3.35678793239908,87.59247742042812,1.0558651453808778,-0.06201506247396707,-0.9426384379266608,OK,0.8747186064720154,knee,0.9999721050262451,0.9984621405601501,0.8747186064720154,0.9184786081314087,0.9027448892593384,0.9193928241729736,True,-0.16070212025364672,-0.7044176544839336,-0.4304888267760574,-0.16070212025364672,-0.22172664031344116,False,-0.7044176544839336,-0.6969470756073183,False,-0.4304888267760574,-0.42164767116463137,False,1.0558651453808778,1.3377204851198343,False,-0.9426384379266608,-1.2841477209906031,False,False,1.7929081273859997,True
78,3.8802640438079834,left,left,177.51749253608224,2.482507463917756,176.7684890423415,-3.231510957658486,-3.3326342135624163,87.41350540135085,1.2348371644581562,-0.20511039063530734,-1.0857337660879978,OK,0.8756055235862732,knee,0.9999718070030212,0.9984355568885803,0.8756055235862732,0.9186868667602539,0.901257336139679,0.9190947413444519,True,-0.03955757615823163,-0.5949960824677878,-0.40633510793939376,-0.03955757615823163,-0.09987329425892799,False,-0.5949960824677878,-0.619446149666101,False,-0.40633510793939376,-0.4075943228520661,False,1.2348371644581562,1.3516327878792964,False,-1.0857337660879978,-1.2396542553242114,False,False,1.7452156895887143,True
79,3.922450542449951,left,left,177.45396528965708,2.546034710342923,176.83348050191498,-3.166519498085023,-3.3142120822085643,87.32703127952576,1.3213112862832475,-0.2746265942548415,-1.1552499697075405,OK,0.8763260245323181,knee,0.9999716281890869,0.9984042048454285,0.8763260245323181,0.9188385605812073,0.8998086452484131,0.918766975402832,True,0.023969670266935417,-0.5300046228943249,-0.3879129765855418,0.023969670266935417,0.01310433926074861,False,-0.5300046228943249,-0.5617675482202007,False,-0.3879129765855418,-0.4023450905943028,False,1.3213112862832475,1.2655484897746192,False,-1.1552499697075405,-1.093021692887993,False,False,1.3890025088692421,True
80,3.959563732147217,left,left,177.38836467234452,2.6116353276554776,176.86333570320338,-3.1366642967966243,-3.3159553838248543,87.31409125727679,1.3342513085322167,-0.25356450209599496,-1.1341878775486975,OK,0.8736264109611511,knee,0.9999720454216003,0.9984305500984192,0.8736264109611511,0.9172635078430176,0.8991252779960632,0.9172460436820984,True,0.08957028757949015,-0.5001494216059261,-0.3896562782018318,0.08957028757949015,0.050175395255043574,False,-0.5001494216059261,-0.5155898949133193,False,-0.3896562782018318,-0.39554629327308233,False,1.3342513085322167,1.2096120966524126,False,-1.1341878775486975,-1.0393930997571545,False,False,0.7511696062832248,True
81,4.012147665023804,left,left,177.32569352505482,2.6743064749451833,176.88421516516027,-3.1157848348397295,-3.3236313690917116,87.2668650215904,1.3814775442185976,-0.2666750377163808,-1.147298413169068,OK,0.870745062828064,knee,0.9999725222587585,0.9984579086303711,0.870745062828064,0.915557861328125,0.8984190821647644,0.9156867861747742,True,0.15224143486919584,-0.4792699596490313,-0.3973322634686891,0.15224143486919584,0.046657661761107326,False,-0.4792699596490313,-0.532157178394505,False,-0.3973322634686891,-0.4189280595015399,False,1.3814775442185976,1.0252172841914073,False,-1.147298413169068,-0.8653305035373648,False,False,-0.021860022119516563,True
82,4.055669546127319,left,left,177.45328180020618,2.5467181997938155,176.88995573685978,-3.1100442631402245,-3.3227939457929776,87.87215938603916,0.7761831797698449,0.20612790318021704,-0.6744954722724685,OK,0.8630319833755493,knee,0.9999713897705078,0.9983788132667542,0.8630319833755493,0.910494327545166,0.8942432403564453,0.9109569787979126,True,0.02465315971782811,-0.47352938794952637,-0.39649484016995507,0.02465315971782811,0.018555095627472974,False,-0.47352938794952637,-0.5890017168002151,False,-0.39649484016995507,-0.46341447891132,False,0.7761831797698449,0.764265238728646,False,-0.6744954722724685,-0.6201229052123096,False,False,-0.5698731395711812,True
83,4.092607736587524,left,left,177.53508120355193,2.4649187964480745,176.68565262493559,-3.314347375064415,-3.449543044704704,88.33547946365587,0.3128631021531305,0.6652025904636345,-0.2154207849890497,OK,0.8590431809425354,knee,0.999970555305481,0.9983420968055725,0.8590431809425354,0.9083996415138245,0.8932167887687683,0.9092272520065308,True,-0.057146243627912874,-0.6778324998737166,-0.5232439390816817,-0.057146243627912874,-0.02204574615036936,False,-0.6778324998737166,-0.6855209549784551,False,-0.5232439390816817,-0.5373841951137568,False,0.3128631021531305,0.5694786699514737,False,-0.2154207849890497,-0.4433876562371665,False,False,-0.7304469103080233,True
84,4.13372802734375,left,left,177.59447812032525,2.405521879674751,176.54925780988643,-3.450742190113573,-3.5366441792574648,88.63179150683956,0.016551058969440646,0.9514113973704121,0.07078802191773548,OK,0.8548459410667419,knee,0.9999697208404541,0.9983016848564148,0.8548459410667419,0.9059671759605408,0.8916341066360474,0.9070819020271301,True,-0.11654316040123636,-0.8142273149228747,-0.6103450736344422,-0.11654316040123636,-0.07403891605743898,False,-0.8142273149228747,-0.8116425291003626,False,-0.6103450736344422,-0.6314542342398821,False,0.016551058969440646,0.42080927022605863,False,0.07078802191773548,-0.3146598914230367,False,False,-0.6548462588419366,True
85,4.173892021179199,left,left,177.59136888123373,2.408631118766266,176.38073951231218,-3.619260487687825,-3.6858039648370386,88.28802410116265,0.36031846464635464,0.6301117427797058,-0.25051163267298193,OK,0.8544043302536011,knee,0.9999697208404541,0.9983047246932983,0.8544043302536011,0.9034748673439026,0.8912971019744873,0.9046852588653564,True,-0.11343392130972152,-0.9827456124971268,-0.7595048592140161,-0.11343392130972152,-0.1002826654119227,False,-0.9827456124971268,-0.9404709705030715,False,-0.7595048592140161,-0.7271483933578973,False,0.36031846464635464,0.47229515217028106,False,-0.25051163267298193,-0.35925524043704515,False,False,-0.6532152029519038,True
86,4.222394704818726,left,left,177.58565937459016,2.414340625409835,176.25360729455073,-3.746392705449267,-3.793981564722338,88.01021202021748,0.6381305455915225,0.3769637863542808,-0.5036595890984188,OK,0.8535792827606201,knee,0.9999696016311646,0.9983023405075073,0.8535792827606201,0.9013019800186157,0.8909204602241516,0.9026525616645813,True,-0.10772441466615224,-1.109877830258569,-0.8676824590993153,-0.10772441466615224,-0.08824124005477448,False,-1.109877830258569,-1.0157029973651168,False,-0.8676824590993153,-0.7918808971872919,False,0.6381305455915225,0.6152032318992184,False,-0.5036595890984188,-0.4796223717761848,False,False,-0.6789133851296477,True
87,4.277899980545044,left,left,177.5845005469786,2.415499453021397,176.24581352984623,-3.754186470153769,-3.801264741383054,87.61472997631805,1.0336125894909571,-0.016848841889827208,-0.8974722173425107,OK,0.8532752990722656,knee,0.9999692440032959,0.9982687830924988,0.8532752990722656,0.9005029201507568,0.8918160200119019,0.9020053148269653,True,-0.10656558705459052,-1.117671594963071,-0.8749656357600313,-0.10656558705459052,-0.10467597132692763,False,-1.117671594963071,-1.0823270523240072,False,-0.8749656357600313,-0.8422560196437985,False,1.0336125894909571,0.8140629437561102,False,-0.8974722173425107,-0.6786678824028399,False,False,-0.6967496240463136,True
88,4.3190672397613525,left,left,177.47487407676618,2.5251259232338157,176.30949249062536,-3.6905075093746404,-3.7732055638516773,87.62093906501119,1.027403500797817,0.06336693376793692,-0.8172564416847479,OK,0.8518346548080444,knee,0.9999688267707825,0.998254656791687,0.8518346548080444,0.8984619379043579,0.891171395778656,0.900000274181366,True,0.0030608831578282647,-1.0539926341839423,-0.8469064582286547,0.0030608831578282647,-0.15893451539771294,False,-1.0539926341839423,-1.135113288512361,False,-0.8469064582286547,-0.8664873826043443,False,1.027403500797817,0.9726795222005649,False,-0.8172564416847479,-0.8629881316902697,False,False,-0.804787146138678,True
89,4.356639862060547,left,left,177.67665177668601,2.3233482233139853,176.21613753509197,-3.783862464908026,-3.7885197915399975,87.6374929475551,1.0108496182539,-0.043816155762852645,-0.9244395312155405,OK,0.8485317230224609,knee,0.9999696016311646,0.9982683658599854,0.8485317230224609,0.8962234258651733,0.8904340863227844,0.8984293937683105,True,-0.19871681676200215,-1.1473475897173278,-0.862220685916975,-0.19871681676200215,-0.20758201132715418,False,-1.1473475897173278,-1.1644302575131522,False,-0.862220685916975,-0.8718968125786475,False,1.0108496182539,1.0989348298282806,False,-0.9244395312155405,-1.0139833962209424,False,False,-0.8721514557284747,True
90,4.406966209411621,left,left,177.86266160158766,2.1373383984123393,176.1168083313704,-3.8831916686295926,-3.8069607796397684,87.49494120894038,1.1534013568686277,-0.29148950365744675,-1.1721128791101307,OK,0.8478487730026245,knee,0.9999701976776123,0.9982792139053345,0.8478487730026245,0.8944180607795715,0.890453577041626,0.8971121311187744,True,-0.3847266416636481,-1.2466767934388945,-0.8806616740167459,-0.3847266416636481,-0.2432784185485767,False,-1.2466767934388945,-1.186481913160549,False,-0.8806616740167459,-0.8758611490809788,False,1.1534013568686277,1.3383463113995901,False,-1.1721128791101307,-1.2710039658686072,False,False,-0.5573941215508296,True
91,4.4626007080078125,left,left,177.82889685423737,2.171103145762629,176.10702244954678,-3.8929775504532245,-3.821028714593853,87.3789354820789,1.2694070837301012,-0.37801253629909376,-1.2586359117517816,OK,0.8511930108070374,knee,0.9999713897705078,0.9983311295509338,0.8511930108070374,0.8949036598205566,0.8908770084381104,0.8969399929046631,True,-0.35096189431335834,-1.2564626752625263,-0.8947296089708305,-0.35096189431335834,-0.29162639804404566,False,-1.2564626752625263,-1.2175223460131694,False,-0.8947296089708305,-0.8855903021128786,False,1.2694070837301012,1.6945032380981728,False,-1.2586359117517816,-1.6541975922419283,False,False,-0.04635226639658474,True
92,4.508850336074829,left,left,177.76298258308572,2.2370174169142842,176.13555525160925,-3.8644447483907527,-3.82108642389471,86.4176725684615,2.230669997347505,-1.301951690128152,-2.182575065580835,OK,0.853064775466919,knee,0.999971866607666,0.9983457326889038,0.853064775466919,0.8939634561538696,0.8914925456047058,0.8954011797904968,True,-0.2850476231617032,-1.2279298732000545,-0.8947873182716877,-0.2850476231617032,-0.2872154908466067,False,-1.2279298732000545,-1.2363505092852682,False,-0.8947873182716877,-0.9103075017718878,False,2.230669997347505,2.0376151598192336,False,-2.182575065580835,-1.9987876431524683,False,False,0.4132358348101908,True
93,4.549148321151733,left,left,177.71661397424353,2.283386025756471,176.15429032636226,-3.8457096736377423,-3.821851329011176,85.84015443151827,2.808188134290731,-1.8526011980986572,-2.733224573551354,OK,0.8542463183403015,knee,0.9999722242355347,0.99835205078125,0.8542463183403015,0.8929211497306824,0.8917079567909241,0.8937704563140869,True,-0.23867901431951655,-1.2091947984470441,-0.8955522233881537,-0.23867901431951655,-0.23845902326772067,False,-1.2091947984470441,-1.2442542719782868,False,-0.8955522233881537,-0.9461222739255006,False,2.808188134290731,2.351472594614708,False,-2.733224573551354,-2.2917996198296633,False,False,0.7311389091778787,True
94,4.59130072593689,left,left,177.65459724069882,2.34540275930118,176.12199671873148,-3.8780032812685192,-3.9121057898350435,85.9219333389498,2.7264092268592037,-1.766766410315558,-2.6473897857682402,OK,0.8568313717842102,knee,0.9999728202819824,0.9983827471733093,0.8568313717842102,0.8926761150360107,0.8915729522705078,0.8930083513259888,True,-0.17666228077480728,-1.241488406077821,-0.985806684212021,-0.17666228077480728,-0.18405562622896046,False,-1.241488406077821,-1.2489075835187582,False,-0.985806684212021,-0.9900955723255904,False,2.7264092268592037,2.4160073841659453,False,-2.6473897857682402,-2.341250999201759,False,False,0.7582663172657826,True
95,4.630825996398926,left,left,177.61887926369323,2.3811207363067695,176.0772895179053,-3.9227104820946863,-3.986034640407833,85.925654034963,2.722688530846,-1.7565493870434163,-2.6371727624961068,OK,0.859677255153656,knee,0.9999732375144958,0.998407244682312,0.859677255153656,0.8925688862800598,0.8915995359420776,0.8923499584197998,True,-0.14094430376921796,-1.2861956069039882,-1.0597355347848105,-0.14094430376921796,-0.1358917757543887,False,-1.2861956069039882,-1.2411442489831646,False,-1.0597355347848105,-1.019412596190078,False,2.722688530846,2.285788920662449,False,-2.6371727624961068,-2.1999490436237807,False,False,0.4846942784628155,True
96,4.684386491775513,left,left,177.55687986904357,2.44312013095643,176.08375589184442,-3.916244108155581,-4.040895206594302,87.05626153432272,1.5920810314862877,-0.6252694331595567,-1.5058928086122592,OK,0.8588947653770447,knee,0.9999722242355347,0.998351514339447,0.8588947653770447,0.8895431756973267,0.8888754844665527,0.8888495564460754,True,-0.07894490911955732,-1.279729232964883,-1.114596100971279,-0.07894490911955732,-0.12287313015419077,False,-1.279729232964883,-1.2557418711626673,False,-1.114596100971279,-1.0512000302838742,False,1.5920810314862877,2.0536016705129243,False,-1.5058928086122592,-1.9719329597883586,False,False,0.12303982420954203,True
97,4.726923227310181,left,left,177.52216333071286,2.477836669287143,176.17437192428721,-3.8256280757127854,-3.9676715432171474,87.06876488597898,1.5795776798300238,-0.5954419122382406,-1.4760652876909433,OK,0.8608481884002686,knee,0.9999704957008362,0.9983166456222534,0.8608481884002686,0.890089750289917,0.8895890116691589,0.8893842697143555,True,-0.04422837078884445,-1.1891132005220872,-1.041372437594125,-0.04422837078884445,-0.14686503885335273,False,-1.1891132005220872,-1.2808847502779375,False,-1.041372437594125,-1.067055450181717,False,1.5795776798300238,1.8407051361523572,False,-1.4760652876909433,-1.773740874909521,False,False,-0.1643131054627705,True
98,4.766353368759155,left,left,177.65152074624254,2.3484792537574606,176.08130221546475,-3.9186977845352544,-3.980788499480158,87.0010906822659,1.647251883543106,-0.7125207789215583,-1.5931441543742437,OK,0.8582139611244202,knee,0.9999703764915466,0.9982402324676514,0.8582139611244202,0.8894633650779724,0.8901280760765076,0.8891714811325073,True,-0.17358578631852684,-1.2821829093445563,-1.0544893938571356,-0.17358578631852684,-0.1776811003574304,False,-1.2821829093445563,-1.2956994313433374,False,-1.0544893938571356,-1.066559902276472,False,1.647251883543106,1.6428196287078891,False,-1.5931441543742437,-1.5913611999984767,False,False,-0.19817899867527383,True
99,4.806416273117065,left,left,177.77455678419463,2.2254432158053703,175.99628232315513,-4.003717676844872,-3.9913828893242576,86.98641601075263,1.6619265550563682,-0.7758059859213533,-1.6564293613740517,OK,0.8562172651290894,knee,0.9999701380729675,0.998162031173706,0.8562172651290894,0.8888630270957947,0.8907507658004761,0.8889429569244385,True,-0.2966218242706171,-1.3672028016541735,-1.065083783701235,-0.2966218242706171,-0.19101075509669077,False,-1.3672028016541735,-1.2819012406536732,False,-1.065083783701235,-1.0424645984483007,False,1.6619265550563682,1.6365442592363906,False,-1.6564293613740517,-1.5881183721277297,False,False,0.28147638170162537,True
100,4.86121678352356,left,left,177.77295957121362,2.227040428786381,176.00321611257831,-3.996783887421685,-3.9835569008816085,86.91508157218534,1.7332609936236594,-0.8446510124882015,-1.7252743879408854,OK,0.8540952205657959,knee,0.9999706149101257,0.9981594681739807,0.8540952205657959,0.8882906436920166,0.8904631733894348,0.8893495202064514,True,-0.2950246112896062,-1.360269012230987,-1.057257795258586,-0.2950246112896062,-0.18985885308630177,False,-1.360269012230987,-1.2629219453049934,False,-1.057257795258586,-1.0230414015764775,False,1.7332609936236594,1.5895966771727246,False,-1.7252743879408854,-1.5395749865305277,False,False,0.9668752143958514,True
101,4.909787178039551,left,left,177.62352814273987,2.376471857260128,176.15274684529274,-3.8472531547072606,-3.920418687453444,87.08763838168021,1.5607041841287952,-0.6090552938058422,-1.4896786692585238,OK,0.8554683923721313,knee,0.9999714493751526,0.9981618523597717,0.8554683923721313,0.8902474641799927,0.8918398022651672,0.8910216689109802,True,-0.1455931828158592,-1.2107382795165624,-0.9941195818304216,-0.1455931828158592,-0.1325835755029951,False,-1.2107382795165624,-1.1693363142980335,False,-0.9941195818304216,-0.9639761658665794,False,1.5607041841287952,1.5811353945890432,False,-1.4896786692585238,-1.5083588216606016,False,False,1.6245192254250882,True
102,4.946617841720581,left,left,177.5164038206609,2.483596179339088,176.26926840103062,-3.7307315989693848,-3.8705555588580327,87.30350279629731,1.3448397695116938,-0.35272498425224663,-1.2333483597049337,OK,0.8571643829345703,knee,0.9999721646308899,0.9981661438941956,0.8571643829345703,0.8923165202140808,0.893284261226654,0.8928052186965942,True,-0.03846886073689948,-1.0942167237786866,-0.9442564532350102,-0.03846886073689948,-0.023597622764018843,False,-1.0942167237786866,-1.0216115863167436,False,-0.9442564532350102,-0.8823848979928517,False,1.3448397695116938,1.5967423457559449,False,-1.2333483597049337,-1.481113280196098,False,False,2.2159515602819138,True
103,4.993720054626465,left,left,177.365144358326,2.634855641673994,176.54923037049954,-3.4507696295004564,-3.6854623209306667,87.0433970951843,1.604945470624699,-0.556439954571928,-1.437063330024614,OK,0.8631066679954529,knee,0.9999732971191406,0.9982537031173706,0.8631066679954529,0.8972376585006714,0.89722740650177,0.8979634046554565,True,0.11279060159800647,-0.8142547543097582,-0.7591632153076442,0.11279060159800647,0.0933467898305386,False,-0.8142547543097582,-0.869321168914485,False,-0.7591632153076442,-0.800264573686636,False,1.604945470624699,1.5783331892090673,False,-1.437063330024614,-1.4159298041507042,False,False,2.564506966489581,True
104,5.037319183349609,left,left,177.22962702049975,2.7703729795002516,176.73490596306158,-3.2650940369384216,-3.583426549955619,86.90838125491813,1.7399613108908767,-0.6395782785988317,-1.520201654051533,OK,0.8685681223869324,knee,0.999974250793457,0.9983357787132263,0.8685681223869324,0.901762843132019,0.9007776379585266,0.9026833772659302,True,0.2483079394242642,-0.6285791617477234,-0.6571274443325965,0.2483079394242642,0.22229118856754634,False,-0.6285791617477234,-0.6985535525037453,False,-0.6571274443325965,-0.723362679079371,False,1.7399613108908767,1.5633083119882856,False,-1.520201654051533,-1.3658262499963882,False,False,2.5241447698251926,True
105,5.08336067199707,left,left,177.18823750824083,2.8117624917591684,176.7646681995896,-3.2353318004103926,-3.5729552793505293,87.00712735491973,1.6412152108892712,-0.5187336322612259,-1.3993570077139168,OK,0.871359646320343,knee,0.99997478723526,0.9983488321304321,0.871359646320343,0.9044749140739441,0.9027746319770813,0.9052631258964539,True,0.28969745168318095,-0.5988169252196944,-0.6466561737275067,0.28969745168318095,0.34107278353651704,False,-0.5988169252196944,-0.5612748082997887,False,-0.6466561737275067,-0.6654257887904858,False,1.6412152108892712,1.6014008182948714,False,-1.3993570077139168,-1.3644790152490713,False,False,2.359848768915761,True
106,5.128924608230591,left,left,176.97880614905483,3.021193850945167,177.00658492734644,-2.993415072653562,-3.5359092144171202,87.16276276778412,1.4855797980248866,-0.35853752303425107,-1.2391608984869436,OK,0.8761329054832458,knee,0.9999752044677734,0.9983754754066467,0.8761329054832458,0.908281683921814,0.9051410555839539,0.9087491631507874,True,0.4991288108691796,-0.35690019746286383,-0.6096101087940977,0.4991288108691796,0.440302588250656,False,-0.35690019746286383,-0.48703330744561457,False,-0.6096101087940977,-0.6511457508814004,False,1.4855797980248866,1.5967999320567543,False,-1.2391608984869436,-1.320609787241898,False,False,2.241324840149412,True
107,5.1859986782073975,left,left,176.92249584581606,3.0775041541839414,176.9556621220504,-3.0443378779496015,-3.580871107413606,87.11304026476438,1.5353023010446236,-0.3459888105156579,-1.2266121859683494,OK,0.8784329295158386,knee,0.9999754428863525,0.998344361782074,0.8784329295158386,0.91010582447052,0.9058422446250916,0.9100443720817566,True,0.555439114107954,-0.4078230027589034,-0.6545720017905836,0.555439114107954,0.5404131080203873,False,-0.4078230027589034,-0.4418568872073938,False,-0.6545720017905836,-0.6642564001887489,False,1.5353023010446236,1.529320182672825,False,-1.2266121859683494,-1.2113065876337998,False,False,2.116549914815015,True
108,5.238729953765869,left,left,176.8689953347553,3.1310046652446886,176.9204378747704,-3.079562125229586,-3.6140621313852397,87.06640152637489,1.5819410394341133,-0.3370938145360442,-1.217717189988747,OK,0.8808717131614685,knee,0.9999756217002869,0.9983069896697998,0.8808717131614685,0.9119531512260437,0.9066390991210938,0.9113324880599976,True,0.6089396251687011,-0.4430472500388878,-0.6877630257622172,0.6089396251687011,0.6506158164054077,False,-0.4430472500388878,-0.42888082249332954,False,-0.6877630257622172,-0.7164791715651513,False,1.5819410394341133,1.524972831773431,False,-1.217717189988747,-1.1619553644398593,False,False,2.0574972671588165,True
109,5.278825044631958,left,left,176.7290744216511,3.2709255783489084,176.96078806425268,-3.0392119357473177,-3.6489797964923616,87.24578000183777,1.4025625639712302,-0.093062280558355,-0.9736856560110425,OK,0.8821408152580261,knee,0.999975860118866,0.9983178973197937,0.8821408152580261,0.9132276177406311,0.9078326225280762,0.9125362038612366,True,0.748860538272921,-0.4026970605566196,-0.7226806908693391,0.748860538272921,0.7377131075421366,False,-0.4026970605566196,-0.46964652320346023,False,-0.7226806908693391,-0.7917323563474037,False,1.4025625639712302,1.570842007635406,False,-0.9736856560110425,-1.1552147332372271,False,False,1.9985495621210645,True
110,5.3248231410980225,left,left,176.63722396631573,3.36277603368427,176.82954852315993,-3.1704514768400713,-3.8340691362325416,87.0288641094167,1.6194784563923008,-0.2719775162915123,-1.152600891744214,OK,0.8850188851356506,knee,0.9999761581420898,0.9983633160591125,0.8850188851356506,0.915867030620575,0.9092659950256348,0.9149623513221741,True,0.8407109936082824,-0.5339366016493732,-0.9077700306095191,0.8407109936082824,0.8354299931685452,False,-0.5339366016493732,-0.4789455841112219,False,-0.9077700306095191,-0.8438408413232527,False,1.6194784563923008,1.6583359370816737,False,-1.152600891744214,-1.1878012011251713,False,False,1.822401855376794,True
111,5.367051601409912,left,left,176.5433196933712,3.4566803066288116,176.80275642379578,-3.1972435762042153,-3.912175138328382,86.93341688847424,1.7149256773347616,-0.32483436702108814,-1.205457742473783,OK,0.8874093294143677,knee,0.9999764561653137,0.9984049797058105,0.8874093294143677,0.9180834889411926,0.9105041027069092,0.9170016050338745,True,0.9346152665528242,-0.5607287010135171,-0.9858760327053595,0.9346152665528242,0.9217506206685433,False,-0.5607287010135171,-0.4766566144701703,False,-0.9858760327053595,-0.8845344175415055,False,1.7149256773347616,1.7585847874505902,False,-1.205457742473783,-1.2447119698533924,False,False,1.6730659911425518,True
112,5.409035921096802,left,left,176.43391141768402,3.5660885823159845,176.9091668175116,-3.09083318248841,-3.8414135322928513,86.67557061753304,1.9727719482759625,-0.5089211499553928,-1.3895445254080698,OK,0.8883675336837769,knee,0.9999765157699585,0.9984159469604492,0.8883675336837769,0.9191385507583618,0.9122218489646912,0.9181564450263977,True,1.044023542239997,-0.45431830729771194,-0.9151144266698288,1.044023542239997,0.9783366958193673,False,-0.45431830729771194,-0.481879673174132,False,-0.9151144266698288,-0.9180329449300146,False,1.9727719482759625,1.8926483523974014,False,-1.3895445254080698,-1.350464928333929,False,False,1.6565020359118479,True
113,5.479458808898926,left,left,176.43739219725532,3.5626078027446795,176.93188272297567,-3.068117277024328,-3.817530012476504,86.5651572745303,2.0831852912786957,-0.6216476581771715,-1.502271033629853,OK,0.8873096704483032,knee,0.9999762773513794,0.9983934760093689,0.8873096704483032,0.9182896614074707,0.9119013547897339,0.9173974394798279,True,1.040542762668692,-0.43160240183362975,-0.8912309068534814,1.040542762668692,1.0167030726860806,False,-0.43160240183362975,-0.4595373379897471,False,-0.8912309068534814,-0.9145473628072072,False,2.0831852912786957,1.9772127232792769,False,-1.502271033629853,-1.415519675410667,False,False,1.9691927736240487,True
114,5.526653289794922,left,left,176.44614404589697,3.553855954103028,176.93467277073287,-3.065327229267126,-3.816472433434907,86.57546217710372,2.0728803887052862,-0.6218270729610332,-1.5024504484137253,OK,0.8862834572792053,knee,0.9999764561653137,0.9983954429626465,0.8862834572792053,0.9175053238868713,0.9112977385520935,0.9166430234909058,True,1.0317909140270407,-0.4288123540764279,-0.8901733278118846,1.0317909140270407,1.1090358226473447,False,-0.4288123540764279,-0.3053695886485973,False,-0.8901733278118846,-0.8367077374643692,False,2.0728803887052862,1.9609794388833648,False,-1.5024504484137253,-1.3832817650518052,False,False,3.2521664484058177,True
115,5.58165168762207,left,left,176.44539208198216,3.5546079180178367,176.94126019908185,-3.058739800918147,-3.816641225618504,86.60604225500732,2.0423003108016786,-0.5972512516752118,-1.4778746271279033,OK,0.8854031562805176,knee,0.999976634979248,0.998401403427124,0.8854031562805176,0.9168925881385803,0.9106913805007935,0.9160251021385193,True,1.0325428779418493,-0.42222492572744885,-0.8903421199954815,1.0325428779418493,1.2298209062642136,False,-0.42222492572744885,-0.08553334204134488,False,-0.8903421199954815,-0.7325072736780603,False,2.0423003108016786,1.7990910794356494,False,-1.4778746271279033,-1.216244104808169,False,False,7.51864560277419,True
116,5.6177895069122314,left,left,176.08165594356487,3.9183440564351315,177.57359517050153,-2.426404829498466,-3.522977011614192,87.0145833104538,1.6337592553552014,-0.1636448152267955,-1.0442681906794746,OK,0.8853087425231934,knee,0.999976634979248,0.9983962178230286,0.8853087425231934,0.9167183041572571,0.9096062779426575,0.9156202673912048,True,1.396279016359144,0.21011004569223202,-0.5966779059911693,1.396279016359144,1.3960055002397231,False,0.21011004569223202,0.16287968648473408,False,-0.5966779059911693,-0.6456026235851476,False,1.6337592553552014,1.624256944208136,False,-1.0442681906794746,-1.0367337540383175,False,False,16.299253883958137,True
117,5.663872480392456,left,left,175.82998599959967,4.170014000400329,178.00834805054785,-1.991651949452148,-3.3204112133613073,87.48501241477162,1.1633301510373855,0.3262671512628076,-0.5543562241898883,OK,0.8853762149810791,knee,0.9999765753746033,0.99838787317276,0.8853762149810791,0.9164972901344299,0.9084759950637817,0.9151854515075684,True,1.6479489603243413,0.6448629257385501,-0.39411210773828476,1.6479489603243413,1.976065262961375,False,0.6448629257385501,0.9343688431976258,False,-0.39411210773828476,-0.3514755586890003,False,1.1633301510373855,1.544655764665265,False,-0.5543562241898883,-0.8544349035905384,False,False,26.408185182932023,True
118,5.711407423019409,left,left,175.60646922737777,4.393530772622228,178.17394786560607,-1.826052134393933,-3.3830067620119406,87.43932795066787,1.209014615141129,0.2759040956721034,-0.6047192797805963,OK,0.8874688744544983,knee,0.9999766945838928,0.9984180927276611,0.8874688744544983,0.9178212285041809,0.9083040356636047,0.916409432888031,True,1.8714657325462403,0.8104627407967651,-0.4567076563889181,1.8714657325462403,3.520085742281045,False,0.8104627407967651,2.690227057092221,False,-0.4567076563889181,0.2977017142757359,False,1.209014615141129,1.8098479170906785,False,-0.6047192797805963,-0.6822875176261392,False,False,41.155851078677856,True
119,5.745209455490112,left,left,173.5458452322887,6.454154767711287,179.20788144570267,0.7921185542973319,-2.3458371089541705,86.97346807481807,1.6748744909909306,0.2896671792778478,-0.5909561961748295,OK,0.8902201056480408,knee,0.9999775886535645,0.9984768033027649,0.8902201056480408,0.9191185235977173,0.909412145614624,0.9182901978492737,True,3.9320897276353,3.42863342948803,0.580461996668852,3.9320897276353,5.359021480945953,False,3.42863342948803,4.748734673405738,False,0.580461996668852,1.0443512334931402,False,1.6748744909909306,2.305492743701805,False,-0.5909561961748295,-0.650854702668471,False,False,55.63291673662739,True
120,5.800988674163818,left,left,168.7252896853838,11.274710314616186,174.27944873144517,5.7205512685548285,-0.5707548607948231,85.28008149288026,3.368261072928746,0.26348567814678375,-0.6171376973059068,OK,0.8945137858390808,knee,0.9999784827232361,0.9985299110412598,0.8945137858390808,0.9223271608352661,0.9130671620368958,0.9215925335884094,True,8.7526452745402,8.357066143745527,2.3555442448281996,8.7526452745402,8.128784175203194,False,8.357066143745527,7.692608411156334,False,2.3555442448281996,2.0553269384844035,False,3.368261072928746,3.167766739995571,False,-0.6171376973059068,-0.6762640374643297,False,False,64.4948378413313,True
121,5.834334135055542,left,left,166.88697725024034,13.113022749759665,172.13386674793088,7.866133252069119,0.21027058447283,84.53635917739817,4.1119833884108346,-0.006480740438451837,-0.8871041158911339,OK,0.8974125385284424,knee,0.9999792575836182,0.9985896348953247,0.8974125385284424,0.925299882888794,0.9155925512313843,0.9248311519622803,True,10.590957709683678,10.502648127259818,3.1365696900958526,10.590957709683678,11.261948326567747,False,10.502648127259818,11.045718998789118,False,3.1365696900958526,3.2243405354767076,False,4.1119833884108346,3.66015487510914,False,-0.8871041158911339,-0.219585011853826,False,False,70.98143159678284,True
122,5.882548570632935,left,left,161.98117252831346,18.018827471686535,167.27228326069917,12.727716739300831,1.7344673115950107,83.17364243330279,5.474700132506214,0.19922047728349265,-0.681402898169182,OK,0.9007924199104309,knee,0.9999799728393555,0.998668372631073,0.9007924199104309,0.927850604057312,0.9184409976005554,0.9269117116928101,True,15.496762431610549,15.36423161449153,4.660766417218033,15.496762431610549,14.204241938887842,False,15.36423161449153,14.139806996263184,False,4.660766417218033,4.285571571477391,False,5.474700132506214,4.071186463621345,False,-0.681402898169182,0.2788200504806809,False,False,75.7617190997897,True
123,5.925199031829834,left,left,159.940648470555,20.059351529444996,165.06049919623,14.939500803769988,2.462061222949579,84.97738727510003,3.6709552907089744,2.5592992237246173,1.6786758482719222,OK,0.9060062766075134,knee,0.999980628490448,0.9987483620643616,0.9060062766075134,0.9319743514060974,0.9224147796630859,0.9308878183364868,True,17.53728648936901,17.576015678960687,5.388360328572602,17.53728648936901,17.26231736360211,False,17.576015678960687,17.431188253522844,False,5.388360328572602,5.3831050111658145,False,3.6709552907089744,3.9778135623208586,False,1.6786758482719222,1.2364205589242032,False,False,84.77388260860462,True
124,5.9636523723602295,left,left,158.83437717068824,21.165622829311758,163.73744145833234,16.26255854166766,2.9603180710492434,84.91831013225705,3.730032433551955,2.781692490950406,1.9010691154977053,OK,0.9112048745155334,knee,0.9999811053276062,0.9988126754760742,0.9112048745155334,0.9358155727386475,0.9262340068817139,0.9344822764396667,True,18.64355778923577,18.899073416858357,5.8866171766722655,18.64355778923577,20.46002955196476,False,18.899073416858357,20.92048964020652,False,5.8866171766722655,6.547202595053799,False,3.730032433551955,3.7883689623833474,False,1.9010691154977053,2.298373544428665,False,False,100.08775415918689,True
125,6.014609098434448,left,left,153.43491256181247,26.565087438187533,157.82254244514687,22.177457554853135,4.916912337647297,85.74694599938269,2.901396566426314,5.051488220364399,4.170864844911705,OK,0.9139020442962646,knee,0.9999801516532898,0.9988570809364319,0.9139020442962646,0.9371787309646606,0.9277567267417908,0.9352397918701172,True,24.043022398111546,24.813972430043833,7.843211443270319,24.043022398111546,23.910184855350202,False,24.813972430043833,24.591953900671523,False,7.843211443270319,7.746042301802319,False,2.901396566426314,1.3304756320412252,False,4.170864844911705,5.733797624439745,False,False,114.0438973613719,True
126,6.056380271911621,left,left,150.8984163084271,29.1015836915729,154.68735981451252,25.31264018548748,6.030758503912747,85.48358217708572,3.1647603887232805,5.303284187083851,4.422660811631175,OK,0.9170487523078918,knee,0.9999812245368958,0.998938798904419,0.9170487523078918,0.9394488334655762,0.9297508597373962,0.9366741180419922,True,26.57951865149691,27.94915506067818,8.95705760953577,26.57951865149691,30.899154810377205,False,27.94915506067818,31.36522231484385,False,8.95705760953577,9.273059306380759,False,3.1647603887232805,0.7933988761417794,False,4.422660811631175,8.01359292577231,False,False,129.63882823029832,True
127,6.1161065101623535,left,left,144.73039601138623,35.26960398861377,148.91496195837414,31.085038041625864,7.728665845337623,95.4631090850134,-6.814766519204397,17.376340877338915,16.49571750188622,OK,0.9218549132347107,knee,0.999980092048645,0.9990091919898987,0.9218549132347107,0.9431297779083252,0.9333226680755615,0.9396423101425171,True,32.74753894853778,33.72155291681656,10.654964950960647,32.74753894853778,39.40459014435462,False,33.72155291681656,39.39738124198725,False,10.654964950960647,11.03229422400961,False,-6.814766519204397,1.0993887491701257,False,16.49571750188622,9.940114377206829,False,False,148.74877602029454,True
128,6.171099901199341,left,left,124.99579869541999,55.00420130458001,131.19415712536838,48.80584287463162,10.09714624584178,87.66277105459726,0.9855715112117451,13.958275730387417,13.077652354934742,OK,0.9281676411628723,knee,0.9999786615371704,0.9990952014923096,0.9281676411628723,0.947899580001831,0.9382219910621643,0.9445838928222656,True,52.48213626450402,51.44235774982232,13.023445351464801,52.48213626450402,46.60897620888544,False,51.44235774982232,46.46991627184566,False,13.023445351464801,12.711152034552118,False,0.9855715112117451,1.8162855163466873,False,13.077652354934742,11.033926455245188,False,False,150.72843113938978,True
129,6.216071128845215,left,left,116.30720050080117,63.69279949919883,123.57664682261534,56.423353177384655,11.756492659193485,83.38836076711532,5.259981798693687,12.414299748122975,11.5336763726703,OK,0.934894323348999,knee,0.9999780654907227,0.9991815090179443,0.934894323348999,0.9528567790985107,0.9432304501533508,0.9498318433761597,True,61.17073445912284,59.059868052575354,14.682791764816507,61.17073445912284,54.519238598633876,False,59.059868052575354,54.01817716808387,False,14.682791764816507,14.342011926095594,False,5.259981798693687,1.8710136700339717,False,11.5336763726703,12.972059686611619,False,False,135.85457382260202,True
130,6.2593865394592285,left,left,117.41298223915835,62.58701776084165,122.45986729585482,57.54013270414518,13.311201390359841,82.16246216349988,6.485880402309121,10.520548610556181,9.639925235103505,OK,0.9405532479286194,knee,0.9999710321426392,0.9992498755455017,0.9405532479286194,0.956981897354126,0.9475141167640686,0.9540615081787109,True,60.06495272076566,60.17664757933588,16.237500495982864,60.06495272076566,61.812297840211045,False,60.17664757933588,61.261147818106544,False,16.237500495982864,16.04490306292214,False,6.485880402309121,4.297608175346079,False,9.639925235103505,12.298444909680551,False,False,123.85153678685883,True
131,6.311967134475708,left,left,111.3471043596849,68.6528956403151,116.9460553333215,63.053944666678504,14.18505796163013,85.2099414086493,3.438401157159703,14.993950343916024,14.113326968463326,OK,0.9459406137466431,knee,0.9999662637710571,0.9993078112602234,0.9459406137466431,0.9608232975006104,0.951759397983551,0.9580568671226501,True,66.13083060023911,65.6904595418692,17.111357067253152,66.13083060023911,66.4714382741907,False,65.6904595418692,66.24353148841848,False,17.111357067253152,17.54524679496073,False,3.438401157159703,6.051866023112521,False,14.113326968463326,11.7212875576204,False,False,106.7274864208791,True
132,6.360107660293579,left,left,108.2650998035004,71.7349001964996,112.70010870826076,67.29989129173924,16.243121529470358,83.33013655845286,5.318206007356139,14.008266992683577,13.127643617230888,OK,0.9509754776954651,knee,0.9999666213989258,0.9993728399276733,0.9509754776954651,0.964435875415802,0.955938994884491,0.9618991613388062,True,69.21283515642361,69.93640616692994,19.16942063509338,69.21283515642361,70.1917553521478,False,69.93640616692994,70.7433821763258,False,19.16942063509338,18.985238187277186,False,5.318206007356139,6.377391863835427,False,13.127643617230888,12.056219499263715,False,False,84.64726998828228,True
133,6.413347959518433,left,left,101.70009652552176,78.29990347447824,106.28223877380869,73.71776122619131,17.59886490603472,78.89148181576505,9.756860750043955,11.072488970086683,10.191865594633981,OK,0.9553893804550171,knee,0.9999641180038452,0.9994312524795532,0.9553893804550171,0.9676690101623535,0.9598581194877625,0.9653497934341431,True,75.77783843440226,76.35427610138201,20.525164011657743,75.77783843440226,74.21369038582002,False,76.35427610138201,75.35119597427001,False,20.525164011657743,20.372371503011887,False,9.756860750043955,5.941986296486414,False,10.191865594633981,13.292879618075471,False,False,70.3384994565527,True
134,6.46959662437439,left,left,97.70561511101575,82.29438488898425,101.07739338307873,78.92260661692127,18.95644962077577,81.76073156350078,6.887611002308219,14.088959456339557,13.20833608088688,OK,0.9593275785446167,knee,0.9999619722366333,0.9994848370552063,0.9593275785446167,0.9706242680549622,0.9634802937507629,0.9685093760490417,True,79.77231984890827,81.55912149211197,21.882748726398795,79.77231984890827,77.83099219465196,False,81.55912149211197,79.71886228955178,False,21.882748726398795,21.771602720446445,False,6.887611002308219,6.303225243601818,False,13.20833608088688,13.580507381944795,False,False,64.3673955986983,True
135,6.522016763687134,left,left,97.30330707079712,82.69669292920288,99.42079830613378,80.57920169386622,20.24686796903335,84.33949000024495,4.308852565564052,16.70384920461497,15.823225829162283,OK,0.96296226978302,knee,0.9999623894691467,0.9995342493057251,0.96296226978302,0.9733554720878601,0.966833770275116,0.9714246392250061,True,80.1746278891269,83.21571656905692,23.173167074656373,80.1746278891269,80.93399446631068,False,83.21571656905692,83.17214402908692,False,23.173167074656373,22.82865049899182,False,4.308852565564052,6.565219774781295,False,15.823225829162283,14.025281161434265,False,False,57.414459071676106,True
136,6.558766841888428,left,left,93.26059531552524,86.73940468447476,95.10772375691266,84.89227624308734,21.181214048802918,83.40374667307228,5.244595892736726,16.43208916326262,15.551465787809946,OK,0.9660259485244751,knee,0.9999571442604065,0.9995739459991455,0.9660259485244751,0.9756463766098022,0.9697197675704956,0.9738447070121765,True,84.21733964439878,87.52879111827804,24.10751315442594,84.21733964439878,83.20972732224035,False,87.52879111827804,85.97227426023139,False,24.10751315442594,23.745541487620635,False,5.244595892736726,4.663966014215814,False,15.551465787809946,16.319028535413782,False,False,48.884913792903696,True
137,6.595372915267944,left,left,92.75008844520679,87.24991155479321,95.43370001058501,84.56629998941499,21.52836042219723,82.02016390255548,6.628178663253522,16.232135890130937,15.351512514678234,OK,0.9687243700027466,knee,0.999953031539917,0.9996111392974854,0.9687243700027466,0.977692186832428,0.9722334146499634,0.9760280847549438,True,84.72784651471723,87.20281486460568,24.454659527820255,84.72784651471723,84.81272301985479,False,87.20281486460568,87.99568740429021,False,24.454659527820255,24.540274232102018,False,6.628178663253522,3.5794241631043264,False,15.351512514678234,17.777885684562257,False,False,38.43097480956574,True
138,6.63539981842041,left,left,90.32143224587335,89.67856775412665,92.28158761808636,87.71841238191364,22.18331984917879,88.39775061859245,0.25059194721654876,22.54122583998424,21.660602464531564,OK,0.9706555604934692,knee,0.9999374747276306,0.9996286630630493,0.9706555604934692,0.9789696335792542,0.9738785028457642,0.9772863984107971,True,87.15650271405066,90.35492725710434,25.109618954801814,87.15650271405066,86.38957468430456,False,90.35492725710434,89.84174910773388,False,25.109618954801814,25.23498076778648,False,0.25059194721654876,1.6575831692500997,False,21.660602464531564,20.12522317510703,False,False,25.654838438177308,True
139,6.67974853515625,left,left,89.69063662294363,90.30936337705637,90.96032766278466,89.03967233721534,22.930113343182697,87.18344081905822,1.4649017467507832,21.383245202081948,20.50262182662925,OK,0.9719753265380859,knee,0.9999199509620667,0.9996318221092224,0.9719753265380859,0.9798045754432678,0.9749783873558044,0.9780638813972473,True,87.78729833698038,91.67618721240603,25.85641244880572,87.78729833698038,87.0183956847133,False,91.67618721240603,90.76474591476634,False,25.85641244880572,25.8142931875275,False,1.4649017467507832,-0.09543051867142935,False,20.50262182662925,22.163373476145864,False,False,12.0420110774867,True
140,6.737802505493164,left,left,89.41904874854833,90.58095125145167,90.19048978891544,89.80951021108456,23.720400647455655,93.94869496951608,-5.30035240370708,28.440536657338843,27.559913281886168,OK,0.9735803008079529,knee,0.9999094605445862,0.9996438026428223,0.9735803008079529,0.9809982180595398,0.9763416647911072,0.9792172908782959,True,88.05888621137568,92.44602508627526,26.64669975307868,88.05888621137568,87.19987775935832,False,92.44602508627526,91.30912972733898,False,26.64669975307868,26.216155137255367,False,-5.30035240370708,-2.2726745826094175,False,27.559913281886168,24.379577751884074,False,False,-3.5796712728033073,True
141,6.792677879333496,left,left,90.11649031348146,89.88350968651854,90.49273972175034,89.50726027824966,24.07777614750802,92.16881511267992,-3.52047254687092,26.622840668456792,25.742217293004103,OK,0.9748444557189941,knee,0.9999010562896729,0.9996557831764221,0.9748444557189941,0.9820233583450317,0.977691113948822,0.9802758693695068,True,87.36144464644255,92.14377515344036,27.00407525313104,87.36144464644255,86.70882685282956,False,92.14377515344036,90.97055506844715,False,27.00407525313104,26.429330161585437,False,-3.52047254687092,-3.3825885434222416,False,25.742217293004103,25.55019048939007,False,False,-20.25007577826118,True
142,6.830794095993042,left,left,91.84267807198177,88.15732192801823,92.71178094772176,87.28821905227824,23.537670170836574,92.90638422224542,-4.2580416564364185,27.313157268821982,26.432533893369282,OK,0.9760812520980835,knee,0.9998921751976013,0.999674916267395,0.9760812520980835,0.9829791188240051,0.9786292910575867,0.981277585029602,True,85.63525688794225,89.92473392746894,26.463969276459597,85.63525688794225,85.9623705856547,False,89.92473392746894,90.13947509093866,False,26.463969276459597,26.40708345896826,False,-4.2580416564364185,-4.825421282583247,False,26.432533893369282,27.05540023626751,False,False,-38.43069985608243,True
143,6.876354217529297,left,left,92.77668677851699,87.22331322148301,93.97446091254551,86.02553908745449,23.249194970829137,93.94732042265657,-5.298977856847571,28.394289527514243,27.513666152061546,OK,0.9774852991104126,knee,0.9998872876167297,0.9996961355209351,0.9774852991104126,0.9840521812438965,0.9796124696731567,0.982343852519989,True,84.70124818140702,88.66205396264519,26.17549407645216,84.70124818140702,83.38643398475084,False,88.66205396264519,87.32544604811206,False,26.17549407645216,26.002054578668115,False,-5.298977856847571,-5.0908746734475185,False,27.513666152061546,27.153917188754377,False,False,-60.45356417121987,True
144,6.928474187850952,left,left,93.42291795881803,86.57708204118197,95.11572755032711,84.88427244967289,22.818879830096805,94.39760451486325,-5.749261949054244,28.909293936469123,28.02867056101644,OK,0.9787467122077942,knee,0.9998828768730164,0.9997156858444214,0.9787467122077942,0.9850354194641113,0.9804888367652893,0.9833552241325378,True,84.05501700110598,87.52078732486359,25.745178935719828,84.05501700110598,80.50888462399612,False,87.52078732486359,84.22590569155824,False,25.745178935719828,25.426764088032098,False,-5.749261949054244,-5.2775234272663685,False,28.02867056101644,26.987266447736335,False,False,-88.10138988251761,True
145,6.979283332824707,left,left,102.29873175306766,77.70126824693234,104.26063500304846,75.73936499695154,21.695256245954948,95.27596192383744,-6.62761935802844,28.933121419773194,28.052498044320515,OK,0.9799562692642212,knee,0.9998784065246582,0.9997257590293884,0.9799562692642212,0.9858277440071106,0.9808893203735352,0.9841008186340332,True,75.17920320685636,78.37587987214224,24.62155535157797,75.17920320685636,75.06467116138928,False,78.37587987214224,78.5046225400068,False,24.62155535157797,24.072053237997583,False,-6.62761935802844,-5.555469240702246,False,28.052498044320515,26.187571100082295,False,False,-109.64091027322215,True
146,7.037861347198486,left,left,104.50423711725496,75.49576288274504,105.99044150451947,74.00955849548053,21.201323694327918,93.10205888177417,-4.453716315965167,25.789586963366588,24.908963587913888,OK,0.9813786149024963,knee,0.9998801350593567,0.9997396469116211,0.9813786149024963,0.9867978692054749,0.9818499684333801,0.985116183757782,True,72.97369784266905,76.64607337067123,24.12762279995094,72.97369784266905,68.02564735237972,False,76.64607337067123,71.2007342062748,False,24.12762279995094,22.23626458993164,False,-4.453716315965167,-5.99542879921095,False,24.908963587913888,25.056606535247482,False,False,-122.1520707142761,True
147,7.080375671386719,left,left,119.06374538501596,60.93625461498404,121.31819670547894,58.68180329452106,16.76411592066399,94.29611328942481,-5.647770723615807,23.314680530551776,22.434057155099083,OK,0.9820318222045898,heel,0.9998860359191895,0.9997597336769104,0.9822890758514404,0.9874228239059448,0.9820318222045898,0.9853835701942444,True,58.41418957490805,61.31831816971176,19.690415026287013,58.41418957490805,60.47379420853679,False,61.31831816971176,63.24466352330544,False,19.690415026287013,20.128982949086858,False,-5.647770723615807,-5.112992506622104,False,22.434057155099083,22.471106140940293,False,False,-133.59167520629626,True
148,7.143481492996216,left,left,127.97180582356485,52.02819417643515,130.4939025812055,49.506097418794496,14.07025173049942,96.1471182152001,-7.498775649391092,22.739466703340177,21.858843327887485,OK,0.9820789694786072,heel,0.999885082244873,0.9997698664665222,0.9828634858131409,0.9877550601959229,0.9820789694786072,0.98539137840271,True,49.506129136359164,52.142612293985195,16.99655083612244,49.506129136359164,54.518699348616884,False,52.142612293985195,56.84736901142062,False,16.99655083612244,18.16573965176927,False,-7.498775649391092,-3.9884053082471893,False,21.858843327887485,19.825475297212687,False,False,-133.70998394210037,True
149,7.191515922546387,left,left,131.18218367803266,48.81781632196734,134.89608096517395,45.10391903482605,12.282471625872908,89.98542305191901,-1.3370804861100112,15.981791964933196,15.101168589480494,OK,0.9828996658325195,heel,0.9998852014541626,0.9997881054878235,0.9840354323387146,0.988606870174408,0.9828996658325195,0.9863767027854919,True,46.295751281891356,47.74043391001675,15.208770731495932,46.295751281891356,47.94635351173194,False,47.74043391001675,49.72007689687747,False,15.208770731495932,15.98517865708474,False,-1.3370804861100112,-3.369900957262826,False,15.101168589480494,17.581356229201997,False,False,-125.27831184160804,True
150,7.232436895370483,left,left,132.07420605266722,47.92579394733278,136.24710756247254,43.752892437527464,11.879039759367004,89.65302593196287,-1.0046833661538699,15.704967201135174,14.82434382568249,OK,0.9831339716911316,heel,0.9998833537101746,0.9998025894165039,0.9848830699920654,0.9891083836555481,0.9831339716911316,0.9868192076683044,True,45.40372890725679,46.38940731271816,14.805338864990027,45.40372890725679,42.204597722724785,False,46.38940731271816,43.50590019123864,False,14.805338864990027,13.993967047330159,False,-1.0046833661538699,-2.415410976928328,False,14.82434382568249,15.108075555744586,False,False,-125.69126694038123,True
151,7.2902727127075195,left,left,137.36596630167966,42.63403369832034,141.6269020772352,38.3730979227648,10.298518720905264,90.00953712685235,-1.361194561043348,14.56899162331314,13.688368247860438,OK,0.9821566343307495,heel,0.9998831748962402,0.9998026490211487,0.9853455424308777,0.9887651205062866,0.9821566343307495,0.9858077764511108,True,40.11196865824435,41.0096127979555,13.224817826528287,40.11196865824435,37.79195908237441,False,41.0096127979555,38.51696560347246,False,13.224817826528287,12.303666202372412,False,-1.361194561043348,-0.7435638639667559,False,13.688368247860438,12.322223545241076,False,False,-131.46197235930615,True
152,7.335965633392334,left,left,147.7725243300518,32.227475669948205,152.38908023367313,27.610919766326873,6.808057871891091,89.52366338775232,-0.8753208219433191,10.948277163264708,10.06765378781202,OK,0.9814337491989136,heel,0.9998903870582581,0.9998020529747009,0.9857125878334045,0.9886820316314697,0.9814337491989136,0.9848738312721252,True,29.70541062987222,30.24743464151757,9.734356977514114,29.70541062987222,31.442283374608383,False,30.24743464151757,32.019630450302586,False,9.734356977514114,10.219686238680051,False,-0.8753208219433191,-0.6879197860290731,False,10.06765378781202,10.330258949014887,False,False,-133.2141246174645,True
153,7.38763427734375,left,left,150.0349990253167,29.965000974683306,155.4385755200364,24.56142447996359,5.618747505710685,87.78788265039223,0.8604599154167687,8.810206650822611,7.929583275369936,OK,0.9807372093200684,heel,0.9998944401741028,0.999793529510498,0.9858113527297974,0.988508939743042,0.9807372093200684,0.9837791919708252,True,27.44293593460732,27.19793935515429,8.545046611333706,27.44293593460732,23.467758428592337,False,27.19793935515429,23.873838957994707,False,8.545046611333706,7.582169662755753,False,0.8604599154167687,-1.4758595945232742,False,7.929583275369936,8.651948727876624,False,False,-138.1565303132662,True
154,7.439093828201294,left,left,162.9305622168628,17.069437783137204,167.3827567310233,12.617243268976694,1.8625718074111064,89.7072026622306,-1.058860096421597,6.021968983802229,5.141345608349553,OK,0.9756967425346375,heel,0.9998997449874878,0.9997400641441345,0.9843708872795105,0.9865689873695374,0.9756967425346375,0.9807011485099792,True,14.547372743061217,15.253758144167392,4.788870913034129,14.547372743061217,16.245618866668607,False,15.253758144167392,16.41277129548079,False,4.788870913034129,5.141056253821429,False,-1.058860096421597,-2.020975358818106,False,5.141345608349553,6.994879183827328,False,False,-133.91500317547542,True
155,7.475207090377808,left,left,171.94683078274744,8.05316921725256,176.97606502401192,3.023934975988084,-1.3085431202544922,93.59272497443388,-4.944382408624875,7.313416095443868,6.43279271999117,OK,0.9646775722503662,heel,0.9998845458030701,0.9995958209037781,0.9761908650398254,0.9794232845306396,0.9646775722503662,0.9719188809394836,True,5.531104177176572,5.660449851178782,1.6177559853685304,5.531104177176572,10.739465339897444,False,5.660449851178782,10.666275325864882,False,1.6177559853685304,3.2561788661552145,False,-4.944382408624875,-2.9698197959241783,False,6.43279271999117,6.299188676111948,False,False,-112.54063733422001,True
156,7.517229795455933,left,left,173.4766641112983,6.523335888701695,178.93224038980478,1.0677596101952247,-1.907048323766356,92.73511594832651,-4.0867733825175065,6.28364390306664,5.403020527613961,OK,0.9594734311103821,heel,0.9998830556869507,0.9995177984237671,0.9707101583480835,0.975842297077179,0.9594734311103821,0.9674719572067261,True,4.001270848625707,3.704274485385923,1.0192507818566665,4.001270848625707,5.602483187771982,False,3.704274485385923,5.407245497882502,False,1.0192507818566665,1.5620872009412952,False,-4.0867733825175065,-4.147411109343733,False,5.403020527613961,5.9047360001745,False,False,-86.77670721585679,True
157,7.560406446456909,left,left,175.3032919639076,4.696708036092389,178.87843991824732,-1.1215600817526763,-2.616329066439982,94.26788557328268,-5.6195430074736805,7.469824624687805,6.589201249235117,OK,0.9542384147644043,heel,0.9998766779899597,0.9993676543235779,0.963085412979126,0.9717018604278564,0.9542384147644043,0.9638164043426514,True,2.1746429960164013,1.5149547934380219,0.30997003918304067,2.1746429960164013,3.138417407936404,False,1.5149547934380219,2.5099086074433954,False,0.30997003918304067,0.5628398059596886,False,-5.6195430074736805,-4.132050924622703,False,6.589201249235117,5.323399531075393,False,False,-60.0476544559795,True
158,7.612518310546875,left,left,175.719909785944,4.280090214056003,178.2662753400517,-1.733724659948308,-2.8517108203589103,93.67583921749001,-5.027496651681005,6.837943271135394,5.957319895682701,OK,0.9528544545173645,heel,0.9998834133148193,0.9993420839309692,0.9593281745910645,0.9706470370292664,0.9528544545173645,0.9636478424072266,True,1.7580251739800152,0.9027902152423901,0.07458828526411221,1.7580251739800152,2.2071013298397437,False,0.9027902152423901,1.1360841038667044,False,0.07458828526411221,0.044516664612716375,False,-5.027496651681005,-3.3821260452304927,False,5.957319895682701,4.497659935816239,False,False,-33.99179563110441,True
159,7.652817487716675,left,left,175.2508911160407,4.749108883959309,178.13055881678116,-1.8694411832188393,-3.1336651674969254,89.63040173862545,-0.9820591728164487,3.1152866383066997,2.2346632628540135,OK,0.9506741762161255,heel,0.9998887777328491,0.9993376731872559,0.9543671011924744,0.9693261981010437,0.9506741762161255,0.9634969234466553,True,2.2270438438833215,0.7670736919718588,-0.20736606187390283,2.2270438438833215,1.4413355323505035,False,0.7670736919718588,0.025794199766516625,False,-0.20736606187390283,-0.40750386111834996,False,-0.9820591728164487,-2.9702482518666726,False,2.2346632628540135,3.9782857233323,False,False,-17.242828128841992,True
160,7.698499917984009,left,left,176.60341117323074,3.3965888267692605,176.15481245810463,-3.8451875418953705,-3.9001588269893537,89.84310057747282,-1.1947580116638221,3.18471811914809,2.3040947436954013,OK,0.9459549784660339,knee,0.9998913407325745,0.9992274045944214,0.9459549784660339,0.9660894870758057,0.9465034008026123,0.961215615272522,True,0.8745237866932731,-1.2086726667046723,-0.9738597213663311,0.8745237866932731,1.0779210575382157,False,-1.2086726667046723,-0.6473404544926045,False,-0.9738597213663311,-0.7183156804250025,False,-1.1947580116638221,-2.186001845867884,False,2.3040947436954013,3.1929476774736885,False,False,-9.18222901607861,True
161,7.739722728729248,left,left,177.3054930987445,2.694506901255494,175.5163100896943,-4.4836899103057135,-4.167150952421688,90.67572698150741,-2.027384415698407,3.686772840646961,2.8061494651942667,OK,0.9361718893051147,knee,0.999891996383667,0.9990631341934204,0.9361718893051147,0.9601474404335022,0.9392256140708923,0.9558437466621399,True,0.17244186117950644,-1.8471750351150154,-1.2408518467986651,0.17244186117950644,0.7292425704253068,False,-1.8471750351150154,-1.1885411434598385,False,-1.2408518467986651,-0.9573915197344279,False,-2.027384415698407,-1.2115541525431923,False,2.8061494651942667,2.171946346693903,False,False,-2.0103255586210658,True
162,7.800247669219971,left,left,177.12036433796905,2.8796356620309496,175.51276664695172,-4.487233353048282,-4.170388162973245,90.34665354328874,-1.6983109774797356,3.54313439539475,2.662511019942059,OK,0.9313327074050903,knee,0.9998929500579834,0.9988430738449097,0.9313327074050903,0.956732988357544,0.9370450377464294,0.9531306624412537,True,0.35757062195496214,-1.8507184778575838,-1.2440890573502221,0.35757062195496214,0.5318633170324025,False,-1.8507184778575838,-1.5110687057180319,False,-1.2440890573502221,-1.1160611127527091,False,-1.6983109774797356,-0.7775137594219587,False,2.662511019942059,1.7043846694196703,False,False,6.685143026116795,True
163,7.851808547973633,left,left,177.46330222150854,2.536697778491458,175.56027189521552,-4.4397281047844785,-4.047090016906037,88.80360075086655,-0.15525818505754785,1.7329366172364573,0.8523132417837758,OK,0.9264557361602783,knee,0.9998953342437744,0.9986133575439453,0.9264557361602783,0.9529390335083008,0.9341728687286377,0.9494134187698364,True,0.014632738415470747,-1.8032132295937804,-1.1207909112830148,0.014632738415470747,0.770091002464155,False,-1.8032132295937804,-1.291151967239654,False,-1.1207909112830148,-1.0899683444307047,False,-0.15525818505754785,-0.18123204708631135,False,0.8523132417837758,1.1525066723594022,False,False,20.547935910550557,True
164,7.893438816070557,left,left,176.2377873830052,3.7622126169947876,176.5179210054902,-3.4820789945098056,-3.927013132588331,87.46019977301928,1.1881427927897192,0.7774782519355262,-0.10314512351715166,OK,0.9240972399711609,knee,0.9998989701271057,0.9985398054122925,0.9240972399711609,0.9511544108390808,0.9332257509231567,0.9483067989349365,True,1.2401475769188002,-0.8455641193191075,-1.0007140269653085,1.2401475769188002,1.9202882944066253,False,-0.8455641193191075,-0.23083883902697888,False,-1.0007140269653085,-0.8321982180766024,False,1.1881427927897192,0.9337581195464878,False,-0.10314512351715166,0.38517079581048963,False,False,42.71934297597221,True
165,7.939809799194336,left,left,175.41227274607198,4.587727253928023,177.25439615049652,-2.745603849503482,-3.7696949853793313,86.86169201579459,1.7866505500144143,0.4253281338467558,-0.45529524160593837,OK,0.92258220911026,knee,0.9999035000801086,0.9985017776489258,0.92258220911026,0.949905514717102,0.9326476454734802,0.9476082921028137,True,2.0656622138520353,-0.10908897431278364,-0.8433958797563088,2.0656622138520353,3.3998665805865484,False,-0.10908897431278364,1.1484680191267724,False,-0.8433958797563088,-0.5132937527545826,False,1.7866505500144143,2.0724692482379594,False,-0.45529524160593837,-0.33436443953279993,False,False,69.41462072138566,True
166,7.987155914306641,left,left,171.55450663903216,8.445493360967845,179.18212426924234,0.8178757307576632,-2.8783003206511766,85.10077614834341,3.547566417465589,-0.14990654209759519,-1.0305299175502967,OK,0.9242812991142273,knee,0.9999110102653503,0.9985600709915161,0.9242812991142273,0.9500039219856262,0.9333912134170532,0.948237419128418,True,5.9234283208918574,3.4543906059483613,0.047998784971845954,5.9234283208918574,7.703384035284911,False,3.4543906059483613,5.190651903550429,False,0.047998784971845954,0.49342194368953873,False,3.547566417465589,3.51763028755513,False,-1.0305299175502967,-0.5114762121311458,False,False,93.46692192216298,True
167,8.03588318824768,left,left,169.72247290706943,10.277527092930569,177.59069906227953,2.4093009377204737,-2.5758658363631457,84.65309789983138,3.995244665977623,-0.05454178132168656,-0.9351651567743886,OK,0.9253949522972107,knee,0.9999178647994995,0.9986235499382019,0.9253949522972107,0.9500125050544739,0.934185802936554,0.9486392736434937,True,7.755462052854582,5.045815812911172,0.35043326925987683,7.755462052854582,13.478091349365593,False,5.045815812911172,10.459385837890988,False,0.35043326925987683,1.8383493132344064,False,3.995244665977623,5.150461838810145,False,-0.9351651567743886,-0.29340701410117165,False,False,115.01437920318703,True
168,8.077544212341309,left,left,155.94571494801673,24.05428505198327,164.2288086826662,15.771191317333802,0.9864884653145691,81.5777955542807,7.070547011528305,0.8473777542447257,-0.03324562120795349,OK,0.9259918332099915,knee,0.9999151825904846,0.9986658096313477,0.9259918332099915,0.9502941370010376,0.9341609477996826,0.9482556581497192,True,21.532220011907285,18.4077061925245,3.9127875709375917,21.532220011907285,19.648797121326773,False,18.4077061925245,16.293339208791604,False,3.9127875709375917,3.4386236144183924,False,7.070547011528305,6.02255037170504,False,-0.03324562120795349,0.771531155248482,False,False,130.065890241765,True
169,8.135996341705322,left,left,147.3642508126018,32.635749187398204,157.138409322807,22.861590677192993,2.7976237151360084,79.29604201674421,9.352300549064793,1.8678242420853999,0.987200866632719,OK,0.9275198578834534,knee,0.9999081492424011,0.9986357688903809,0.9275198578834534,0.9516799449920654,0.936571478843689,0.9491673707962036,True,30.113684147322218,25.49810555238369,5.7239228207590305,30.113684147322218,26.83099126862489,False,25.49810555238369,23.30515443587576,False,5.7239228207590305,5.301312144277113,False,9.352300549064793,6.808024035273621,False,0.987200866632719,2.019124941752591,False,False,133.8186342542086,True
170,8.18488359451294,left,left,144.5587438862661,35.441256113733914,153.5758369950004,26.4241630049996,4.231676520540598,82.50124935132011,6.147093214488891,5.750018980595025,4.86939560514233,OK,0.9275661110877991,knee,0.9999037384986877,0.9986152052879333,0.9275661110877991,0.9514701962471008,0.9368859529495239,0.9478839039802551,True,32.91919107365793,29.060677880190298,7.157975626163621,32.91919107365793,34.14118796188111,False,29.060677880190298,30.575701518504086,False,7.157975626163621,7.390013524654134,False,6.147093214488891,7.592923507798806,False,4.86939560514233,3.362576460232327,False,False,130.22358831953466,True
171,8.234197616577148,left,left,135.64353590254157,44.35646409745843,144.12304813382156,35.876951866178445,6.435142328642427,81.17340783050051,7.474934735308494,6.088062390422936,5.207439014970248,OK,0.929302453994751,knee,0.999901294708252,0.9986649751663208,0.929302453994751,0.9526281952857971,0.9388773441314697,0.9490703344345093,True,41.83439905738244,38.51346674136914,9.36144143426545,41.83439905738244,40.209613028667874,False,38.51346674136914,36.91481361754096,False,9.36144143426545,9.197244796021868,False,7.474934735308494,8.04789257540708,False,5.207439014970248,4.44415163174167,False,False,128.5588473355427,True
172,8.283574104309082,left,left,133.17148944078832,46.82851055921168,141.2379636491379,38.762036350862104,7.867641065521963,80.72860053720545,7.919742028603551,6.662715811076995,5.782092435624293,OK,0.9336657524108887,knee,0.9999081492424011,0.9987719058990479,0.9336657524108887,0.9552823901176453,0.9417926073074341,0.9516255855560303,True,44.30644551913569,41.3985512260528,10.793940171144985,44.30644551913569,46.3065986166344,False,41.3985512260528,43.31972464411699,False,10.793940171144985,10.908981188893668,False,7.919742028603551,8.000279276087937,False,5.782092435624293,5.895575885323121,False,False,126.2370322181354,True
173,8.344846248626709,left,left,125.60358961408294,54.396410385917065,132.53324818748183,47.46675181251817,10.022644822153234,79.30295021623934,9.345392349569664,6.2552536117914626,5.37463023633876,OK,0.9387756586074829,knee,0.9999072551727295,0.9988393187522888,0.9387756586074829,0.9586492776870728,0.9450096487998962,0.9549986720085144,True,51.87434534584108,50.10326668770887,12.948943927776256,51.87434534584108,52.91356325277386,False,50.10326668770887,50.34750508146639,False,12.948943927776256,12.705030023869467,False,9.345392349569664,8.190800140220352,False,5.37463023633876,7.08028805495656,False,False,123.46810338188325,True
174,8.388776063919067,left,left,116.87932287276914,63.12067712723086,125.11385418992687,54.88614581007313,11.356305679495003,79.53410851333992,9.114234052469087,9.12494550999266,8.24432213453997,OK,0.9444334506988525,knee,0.9999116659164429,0.9989490509033203,0.9444334506988525,0.9625685214996338,0.9496212601661682,0.9592577815055847,True,60.598612087154876,57.52266068526383,14.282604785118025,60.598612087154876,59.26903178184587,False,57.52266068526383,57.053641395176726,False,14.282604785118025,14.393830254964971,False,9.114234052469087,8.518720725486926,False,8.24432213453997,8.090499916147156,False,False,120.48128498189212,True
175,8.445637226104736,left,left,111.52392070556881,68.47607929443119,118.4369348082534,61.5630651917466,13.211920695419606,81.54864503065804,7.099697535150966,11.673579828762225,10.792956453309529,OK,0.9495701789855957,knee,0.9999170303344727,0.9990500211715698,0.9495701789855957,0.9660779237747192,0.9538900852203369,0.9630719423294067,True,65.9540142543552,64.1995800669373,16.138219801042627,65.9540142543552,65.03064972167434,False,64.1995800669373,63.17426891655763,False,16.138219801042627,16.14078264474111,False,7.099697535150966,8.402931341650492,False,10.792956453309529,9.594232108207285,False,False,110.22967060973583,True
176,8.485005140304565,left,left,103.86619325718152,76.13380674281848,110.59236656526986,69.40763343473014,14.879143484119949,79.53380490416764,9.114537661641364,11.139121696375916,10.258498320923223,OK,0.9540339112281799,knee,0.9999191164970398,0.999129056930542,0.9540339112281799,0.9689569473266602,0.9575210809707642,0.9661492705345154,True,73.61174170274249,72.04414830992084,17.80544258974297,73.61174170274249,70.43077390046837,False,72.04414830992084,68.67063414619493,False,17.80544258974297,17.670341375468546,False,9.114537661641364,8.324850929353392,False,10.258498320923223,11.105630200388571,False,False,93.27926748684988,True
177,8.53033709526062,left,left,104.36339974164605,75.63660025835395,110.6348260422334,69.3651739577666,16.602403014402643,81.30754745638762,7.340795109421379,14.181376771377632,13.300753395924943,OK,0.9582127332687378,knee,0.999923050403595,0.9992089867591858,0.9582127332687378,0.9717528223991394,0.9611353278160095,0.9691037535667419,True,73.11453521827796,72.0016888329573,19.528702120025667,73.11453521827796,73.83649778100327,False,72.0016888329573,72.87271988824357,False,19.528702120025667,19.327684746572377,False,7.340795109421379,6.595479797076393,False,13.300753395924943,13.69598284225566,False,False,77.23826899134023,True
178,8.581183671951294,left,left,98.6029687201127,81.3970312798873,105.05142203929532,74.94857796070468,17.67043847579042,79.69335227772484,8.954990288084161,13.812244072697892,12.931620697245194,OK,0.9617906808853149,knee,0.9999245405197144,0.9992823600769043,0.9617906808853149,0.9742355346679688,0.9644544720649719,0.9718083143234253,True,78.87496623981131,77.58509283589538,20.596737581413443,78.87496623981131,76.58953180254149,False,77.58509283589538,76.39959592970682,False,20.596737581413443,20.91097403470406,False,8.954990288084161,5.76148286208281,False,12.931620697245194,15.339427045455892,False,False,62.160975573702764,True
179,8.617472648620605,left,left,99.85070347009464,80.14929652990536,104.1034254796837,75.8965745203163,19.64302253501415,88.1809641747249,0.46737839108409673,22.0767087193281,21.19608534387541,OK,0.9651970267295837,knee,0.9999271631240845,0.9993493556976318,0.9651970267295837,0.976596474647522,0.9676357507705688,0.974371612071991,True,77.62723148982937,78.533089395507,22.569321640637174,77.62723148982937,77.95687729894917,False,78.533089395507,78.52661673388914,False,22.569321640637174,22.249281234239024,False,0.46737839108409673,4.732176597865563,False,21.19608534387541,16.947365201433445,False,False,49.62105433068635,True
180,8.66353178024292,left,left,97.75875059787771,82.24124940212229,100.80255460093713,79.19744539906287,21.128367136078033,85.71862970562596,2.929712860183045,19.890800844763394,19.01017746931069,OK,0.9683356881141663,knee,0.9999285936355591,0.9994109272956848,0.9683356881141663,0.978737473487854,0.9705281853675842,0.9766986966133118,True,79.7191843620463,81.83396027425357,24.054666241701057,79.7191843620463,80.51771581617876,False,81.83396027425357,81.91144397754611,False,24.054666241701057,23.415528899994914,False,2.929712860183045,4.230395926944766,False,19.01017746931069,17.79140481168277,False,False,45.64068950008344,True
181,8.705127716064453,left,left,97.02946577514315,82.97053422485685,99.95726254435822,80.04273745564178,21.570679481794762,84.68033622525387,3.968006340555135,19.17881247626368,18.298189100810987,OK,0.9710310101509094,knee,0.9999276995658875,0.9994636178016663,0.9710310101509094,0.9805898070335388,0.9730821251869202,0.9787086844444275,True,80.44846918478086,82.67925233083248,24.496978587417786,80.44846918478086,82.15925770586823,False,82.67925233083248,84.27529632526796,False,24.496978587417786,24.356826457157297,False,3.968006340555135,3.533716253506421,False,18.298189100810987,18.707071584251093,False,False,43.20006382749378,True
182,8.74600076675415,left,left,91.55920715549797,88.44079284450203,93.71068982394854,86.28931017605146,22.43364134318208,83.81645081099161,4.831891754817391,18.401574822624248,17.52095144717157,OK,0.9733746647834778,knee,0.9999224543571472,0.9995041489601135,0.9733746647834778,0.9820628762245178,0.9752194285392761,0.9802696704864502,True,85.91872780442604,88.92582505124216,25.359940448805105,85.91872780442604,84.27228914936451,False,88.92582505124216,86.54992594129676,False,25.359940448805105,24.95315184761181,False,4.831891754817391,2.7957900064092827,False,17.52095144717157,19.879725049270245,False,False,36.75705333516522,True
183,8.793369054794312,left,left,90.39525927166547,89.60474072833453,93.23216030068606,86.76783969931394,22.376926261602353,83.17675064491657,5.471591920892436,18.3905779355395,17.50995456008681,OK,0.9754254221916199,knee,0.9999167323112488,0.9995413422584534,0.9754254221916199,0.9834231734275818,0.9771468639373779,0.981718122959137,True,87.08267568825855,89.40435457450464,25.303225367225377,87.08267568825855,86.07056507247333,False,89.40435457450464,88.3477197066216,False,25.303225367225377,25.359296333513452,False,5.471591920892436,0.03690793304500062,False,17.50995456008681,23.045233766320138,False,False,27.549767228875574,True
184,8.8501877784729,left,left,89.2855462526132,90.7144537473868,92.73027739953977,87.26972260046023,22.624649487286703,91.8705954102106,-3.222252844401595,27.93997604442387,27.059352668971172,OK,0.9770424365997314,knee,0.9999066591262817,0.9995661377906799,0.9770424365997314,0.9844703078269958,0.9785139560699463,0.982742965221405,True,88.19238870731081,89.90623747565093,25.550948592909727,88.19238870731081,87.52394695759676,False,89.90623747565093,89.74579016331617,False,25.550948592909727,25.672937736771644,False,-3.222252844401595,-3.669011324052846,False,27.059352668971172,27.120105855105045,False,False,12.820338356477697,True
185,8.887714624404907,left,left,88.76737098233366,91.23262901766634,91.81358577431288,88.18641422568712,23.159089565586246,99.51304007244737,-10.864697506638365,35.718344430012834,34.83772105456015,OK,0.9783751964569092,knee,0.9998963475227356,0.9995797276496887,0.9783751964569092,0.9853605031967163,0.9796674251556396,0.9835703372955322,True,88.71056397759035,90.82292910087781,26.08538867120927,88.71056397759035,87.72251458270097,False,90.82292910087781,89.63522068685265,False,26.08538867120927,25.68844270528528,False,-10.864697506638365,-6.285915576826961,False,34.83772105456015,30.061652177960518,False,False,-14.054714054123036,True
186,8.932750701904297,left,left,89.76255634952598,90.23744365047402,92.96691026088536,87.03308973911464,23.13888649808572,103.2099325107431,-14.561589944934099,39.553172920188196,38.67254954473552,OK,0.9797030091285706,knee,0.9998924732208252,0.9996097683906555,0.9797030091285706,0.9862996935844421,0.9809980392456055,0.9846047759056091,True,87.71537861039803,89.66960461430534,26.065185603708745,87.71537861039803,87.54396066725369,False,89.66960461430534,89.32231027949243,False,26.065185603708745,25.703464928843108,False,-14.561589944934099,-8.292788022662785,False,38.67254954473552,32.21790333926713,False,False,-42.856519113629034,True
187,8.982483148574829,left,left,90.56636902997694,89.43363097002306,94.26353720626614,85.73646279373386,22.51116618575027,96.90097207486218,-8.252629509053179,33.10930643690164,32.22868306144895,OK,0.9811837077140808,knee,0.9998903870582581,0.9996355175971985,0.9811837077140808,0.9872815608978271,0.9821229577064514,0.9856829047203064,True,86.91156592994707,88.37297766892456,25.437465291373293,86.91156592994707,84.83012613116807,False,88.37297766892456,86.4657774462111,False,25.437465291373293,25.386730698466952,False,-8.252629509053179,-9.263386158004673,False,32.22868306144895,33.01446554142855,False,False,-64.56453744188116,True
188,9.023845911026001,left,left,91.28802884890187,88.71197115109813,94.79671233748728,85.20328766251272,22.45203737939147,93.21111287409569,-4.562770308286687,29.17183374207256,28.29121036661988,OK,0.9824975728988647,knee,0.9998865723609924,0.9996560215950012,0.9824975728988647,0.9881674647331238,0.9831304550170898,0.9866549372673035,True,86.18990611102214,87.83980253770342,25.378336485014493,86.18990611102214,79.96137337487706,False,87.83980253770342,81.46717557915238,False,25.378336485014493,24.472491767062934,False,-4.562770308286687,-8.073689699337004,False,28.29121036661988,31.04037926212459,False,False,-86.15211080904032,True
189,9.068256378173828,left,left,102.85471893304124,77.14528106695876,107.01294156594625,72.98705843405375,21.040978335405928,96.72358608692004,-8.075243521111034,31.922787055230955,31.04216367977827,OK,0.9835918545722961,heel,0.9998829960823059,0.9996691942214966,0.9837262630462646,0.9888915419578552,0.9835918545722961,0.9873668551445007,True,74.62321602688277,75.62357330924445,23.96727744102895,74.62321602688277,75.2894538697028,False,75.62357330924445,76.66708667884684,False,23.96727744102895,23.402314342294055,False,-8.075243521111034,-5.495923978499718,False,31.04216367977827,27.520605511649713,False,False,-103.5395558578033,True
190,9.148260354995728,left,left,113.11113476378877,66.88886523621123,116.8065951096066,63.193404890393396,18.587894908566163,93.56455777910902,-4.9162152133000205,25.847913033493008,24.96728965804033,OK,0.9842612743377686,heel,0.9998858571052551,0.9996943473815918,0.9848542809486389,0.9896129965782166,0.9842612743377686,0.9880577921867371,True,64.36680019613524,65.8299197655841,21.514194014189187,64.36680019613524,69.11882091519578,False,65.8299197655841,70.67148878066003,False,21.514194014189187,22.080869604116664,False,-4.9162152133000205,-4.020596712934648,False,24.96728965804033,24.548798451587043,False,False,-105.97552521488733,True
191,9.200021028518677,left,left,113.12215387539725,66.87784612460275,116.96735476241305,63.03264523758695,17.787999374241327,90.32110390655667,-1.6727613407476696,21.95430416781381,21.07368079236113,OK,0.9847913980484009,heel,0.9998890161514282,0.999717652797699,0.9856693744659424,0.9901254177093506,0.9847913980484009,0.9885658025741577,True,64.35578108452677,65.66916011277765,20.71429847986435,64.35578108452677,62.592593138825364,False,65.66916011277765,64.39074395829829,False,20.71429847986435,20.63559102595907,False,-1.6727613407476696,-2.61330540623772,False,21.07368079236113,21.450745612723843,False,False,-110.32354242493295,True
192,9.25527572631836,left,left,121.41953380251202,58.58046619748798,124.24152669720017,55.75847330279983,15.903942494863315,89.52433574703683,-0.8759931812278268,18.2502711365883,17.36964776113561,OK,0.9851954579353333,heel,0.9998835325241089,0.9997372627258301,0.9862763285636902,0.9905538558959961,0.9851954579353333,0.9889423251152039,True,56.05840115741199,58.39498817799053,18.83024160048634,56.05840115741199,56.897834982064566,False,58.39498817799053,58.89170089195593,False,18.83024160048634,19.071728984242036,False,-0.8759931812278268,-0.5221782251747129,False,17.36964776113561,17.600041299525365,False,False,-123.53453319774182,True
193,9.295738458633423,left,left,123.91916773075398,56.08083226924602,126.20043644929598,53.79956355070402,15.225644488603493,86.17465634061105,2.4736862251979517,13.681569547756549,12.800946172303867,OK,0.9854786992073059,heel,0.9998778104782104,0.9997535347938538,0.9867841005325317,0.9909312725067139,0.9854786992073059,0.9892488121986389,True,53.55876722917003,56.43607842589472,18.151943594226516,53.55876722917003,52.85689356643159,False,56.43607842589472,54.878289038038986,False,18.151943594226516,17.811944183133292,False,2.4736862251979517,0.7853176670180659,False,12.800946172303867,15.00523104450781,False,False,-133.3668303459237,True
194,9.339081287384033,left,left,131.32850971684522,48.67149028315478,134.50815689765804,45.49184310234196,13.221668126820763,86.267950181605,2.3803923842040007,12.669265489238596,11.788642113785897,OK,0.9862067699432373,heel,0.9998830556869507,0.999772846698761,0.987802267074585,0.991620659828186,0.9862067699432373,0.9899784326553345,True,46.149425243078795,48.12835797753266,16.147967232443786,46.149425243078795,45.51671827233827,False,48.12835797753266,47.429216479227975,False,16.147967232443786,15.631918021683543,False,2.3803923842040007,0.7573134678610132,False,11.788642113785897,12.962106346932796,False,False,-143.76048906535488,True
195,9.387129306793213,left,left,133.31584184195367,46.68415815804633,136.8736543791913,43.126345620808706,12.288970903022445,87.02707831814513,1.6212642476638734,12.873861758405216,11.99323838295254,OK,0.986152708530426,heel,0.999883770942688,0.9997877478599548,0.9883525967597961,0.9918297529220581,0.986152708530426,0.9899775981903076,True,44.16209311797034,45.762860495999405,15.215270008645469,44.16209311797034,38.2021190813816,False,45.762860495999405,39.492114633781114,False,15.215270008645469,13.105222701772755,False,1.6212642476638734,0.1404946245304643,False,11.99323838295254,11.674732524842767,False,False,-158.0627240609359,True
196,9.43441367149353,left,left,149.82303034586386,30.176969654136144,154.2127175564681,25.787282443531893,6.887868566992585,90.46112490234194,-1.8127823365329334,11.738680679938753,10.858057304486067,OK,0.9843811392784119,heel,0.9998857378959656,0.9997761845588684,0.9885156154632568,0.9912823438644409,0.9843811392784119,0.9887840151786804,True,27.654904614060158,28.423797318722592,9.814167672615607,27.654904614060158,30.649154457141957,False,28.423797318722592,30.994315788270377,False,9.814167672615607,10.2266125532298,False,-1.8127823365329334,-0.2689841277945931,False,10.858057304486067,10.150435349895952,False,False,-159.24716249951712,True
197,9.476455450057983,left,left,157.99252975729533,22.00747024270467,163.92703592443453,16.072964075565466,3.270465895309374,92.60842996368957,-3.960087397880571,11.813402026138165,10.932778650685464,OK,0.9814813137054443,heel,0.999890148639679,0.999740719795227,0.9880558848381042,0.990435004234314,0.9814813137054443,0.9871194958686829,True,19.485405202628684,18.709478950756164,6.1967650009323965,19.485405202628684,23.36309167364814,False,18.709478950756164,22.847595725844734,False,6.1967650009323965,7.34951844149916,False,-3.960087397880571,-0.5199615557931253,False,10.932778650685464,8.384975945095665,False,False,-144.20702134212473,True
198,9.518617868423462,left,left,161.68399085195222,18.316009148047783,168.68943067684964,11.31056932315036,0.8325937458887197,88.22205010223634,0.4262924635726648,6.060083673022466,5.17946029756979,OK,0.9764590859413147,heel,0.9998852014541626,0.9996398687362671,0.9852156043052673,0.9874081611633301,0.9764590859413147,0.9829971790313721,True,15.793944107971797,13.94708419834106,3.7588928515117424,15.793944107971797,16.10468025562023,False,13.94708419834106,14.655575676808951,False,3.7588928515117424,4.438537705692248,False,0.4262924635726648,-0.4287018630024363,False,5.17946029756979,6.316344147505925,False,False,-126.52266364773448,True
199,9.564162969589233,left,left,167.7588236343143,12.241176365685703,175.24175720978624,4.758242790213757,-1.1638024318324334,87.52283732159766,1.1255052442113396,3.8419684652371617,2.9613450897844587,OK,0.9640039801597595,heel,0.9998780488967896,0.9995012879371643,0.974403440952301,0.9797536730766296,0.9640039801597595,0.9731684923171997,True,9.719111325609717,7.394757665404455,1.7624966737905892,9.719111325609717,11.373003723451713,False,7.394757665404455,9.239894579229468,False,1.7624966737905892,2.4087478456756033,False,1.1255052442113396,-0.39005842850928046,False,2.9613450897844587,4.9319154184070895,False,False,-104.59660004194527,True
200,9.612168550491333,left,left,169.6078989320932,10.392101067906793,177.83375462437021,2.166245375629785,-2.265932776012115,86.57077985419168,2.0775627116173183,2.5307027704565264,1.6500793950038428,OK,0.9607939124107361,heel,0.9998771548271179,0.9994651675224304,0.9703665971755981,0.9780964255332947,0.9607939124107361,0.9714609980583191,True,7.870036027830806,4.802760250820484,0.6603663296109077,7.870036027830806,8.146454040257666,False,4.802760250820484,5.551672676287728,False,0.6603663296109077,1.0076157359805915,False,2.0775627116173183,0.04450735014874283,False,1.6500793950038428,3.5578897498017454,False,False,-78.88971533807668,True
201,9.654621601104736,left,left,173.48141300670645,6.518586993293553,178.70887695563448,-1.29112304436552,-3.261080733090637,90.26790772987616,-1.6195651640671542,4.816537034444592,3.9359136589918933,OK,0.9547548890113831,heel,0.9998800754547119,0.9993733167648315,0.9642437696456909,0.9745782017707825,0.9547548890113831,0.9674402475357056,True,3.9965219532175658,1.3453918308251782,-0.3347816274676143,3.9965219532175658,5.262595515948364,False,1.3453918308251782,2.268617307049305,False,-0.3347816274676143,-0.10557657075333982,False,-1.6195651640671542,-0.31786708713192124,False,3.9359136589918933,3.2062687252776016,False,False,-56.89161159098254,True
202,9.691912651062012,left,left,174.12527817326557,5.874721826734429,177.63185456085677,-2.368145439143234,-3.7351946531656863,90.43560107039946,-1.7872585045904543,4.943273683111444,4.062650307658743,OK,0.9510940313339233,heel,0.9998867511749268,0.9993767142295837,0.9597207903862,0.9726706743240356,0.9510940313339233,0.9660313129425049,True,3.352656786658442,0.2683694360474642,-0.8088955475426638,3.352656786658442,3.4748791034855935,False,0.2683694360474642,0.13481424623378152,False,-0.8088955475426638,-0.9006156986065417,False,-1.7872585045904543,-1.0018996748117246,False,4.062650307658743,3.441348833456965,False,False,-42.88338469518409,True
203,9.732621192932129,left,left,176.10328347349872,3.8967165265012795,174.89529247695825,-5.104707523041753,-4.733367787780937,90.03392228863966,-1.3855797228306557,4.30197855040175,3.4213551749490705,OK,0.9475527405738831,heel,0.9998815059661865,0.9992929100990295,0.954404354095459,0.9700111150741577,0.9475527405738831,0.964085578918457,True,1.3746514864252921,-2.468192647851055,-1.8070686821579143,1.3746514864252921,1.8420987629304153,False,-2.468192647851055,-1.5610583971649992,False,-1.8070686821579143,-1.4548715915243724,False,-1.3855797228306557,-1.5452250941309473,False,3.4213551749490705,3.4935106627019707,False,False,-31.148679596421367,True
204,9.789488792419434,left,left,176.69740569662815,3.3025943033718477,174.08922748613614,-5.910772513863861,-5.138998071098443,90.94300025999668,-2.294657694187677,5.01736900613395,4.1367456306812755,OK,0.9442324638366699,heel,0.9998819828033447,0.9992341995239258,0.9485739469528198,0.9665418267250061,0.9442324638366699,0.9615402221679688,True,0.7805292632958603,-3.274257638673163,-2.21269896547542,0.7805292632958603,1.0280671009588522,False,-3.274257638673163,-2.484062689969432,False,-2.21269896547542,-1.7836670538086448,False,-2.294657694187677,-0.9889792986420958,False,4.1367456306812755,2.717442035761718,False,False,-19.314102798942624,True
205,9.826251745223999,left,left,177.7718006348691,2.228199365130905,173.68688215863588,-6.313117841364118,-5.037212240601269,89.2874069507878,-0.6390643849787949,2.791511916681557,1.9108885412288714,OK,0.9411877989768982,heel,0.9998871684074402,0.9991000294685364,0.9428967237472534,0.9628644585609436,0.9411877989768982,0.9585791230201721,True,-0.2938656749450823,-3.67660296617342,-2.1109131349782464,-0.2938656749450823,0.40027818663602,False,-3.67660296617342,-3.15442272693951,False,-2.1109131349782464,-2.0231876271032143,False,-0.6390643849787949,-0.36762257516293745,False,1.9108885412288714,1.8991358616352385,False,False,-7.9216883456931075,True
206,9.864980220794678,left,left,177.55157131656426,2.4484286834357363,174.09385549161232,-5.906144508387683,-4.905058044511999,87.4866787524319,1.1616638133771033,0.9361938997433086,0.05557052429062992,OK,0.9374133944511414,heel,0.9998942017555237,0.9990200996398926,0.9379627704620361,0.9594999551773071,0.9374133944511414,0.9556721448898315,True,-0.07363635664025114,-3.269629633196985,-1.9787589388889764,-0.07363635664025114,0.38762232506242833,False,-3.269629633196985,-3.0690891915719933,False,-1.9787589388889764,-2.0098569127477175,False,1.1616638133771033,0.3007682689515292,False,0.05557052429062992,1.1460863349351655,False,False,1.6513827264960441,True
207,9.911598920822144,left,left,177.26422274487973,2.7357772551202686,174.28005437600638,-5.719945623993624,-4.932797519638534,87.32881745300367,1.3195251128053371,0.8517428124790272,-0.028880562973654378,OK,0.9343414306640625,knee,0.9999004006385803,0.9989448189735413,0.9343414306640625,0.9569758772850037,0.9362474679946899,0.9537273049354553,True,0.21371221504428117,-3.083430748802926,-2.0064984140155113,0.21371221504428117,0.5996021967647968,False,-3.083430748802926,-2.709258174100012,False,-2.0064984140155113,-1.8805982774915009,False,1.3195251128053371,1.2150368522545931,False,-0.028880562973654378,0.21322524111869826,False,False,8.84507448118268,True
208,9.948174476623535,left,left,176.16656278136668,3.833437218633321,175.32196015379583,-4.678039846204172,-4.666714216003452,86.69196806806733,1.9563744977416775,0.5367309169014006,-0.343892458551295,OK,0.9307632446289062,knee,0.9999050498008728,0.9988516569137573,0.9307632446289062,0.9541488885879517,0.9348170161247253,0.9512177109718323,True,1.3113721785573338,-2.0415249710134735,-1.7404151103804297,1.3113721785573338,1.3023906423901015,False,-2.0415249710134735,-1.9592934453166955,False,-1.7404151103804297,-1.679467398604786,False,1.9563744977416775,1.7968543671088981,False,-0.343892458551295,-0.21463767800690334,False,False,16.171110129283253,True
209,9.993792533874512,left,left,175.6375063381163,4.36249366188369,175.88838257349605,-4.111617426503955,-4.492704894817359,86.37165734348136,2.276685222327643,0.3530635370516398,-0.5275598384010607,OK,0.9274399280548096,knee,0.9999092221260071,0.9987775087356567,0.9274399280548096,0.9516252279281616,0.9335851073265076,0.9490471482276917,True,1.8404286218077024,-1.4751025513132565,-1.5664057891943362,1.8404286218077024,2.1074792578789094,False,-1.4751025513132565,-1.0990688701044182,False,-1.5664057891943362,-1.4437444688499872,False,2.276685222327643,2.004045383309824,False,-0.5275598384010607,-0.2412417241765013,False,False,30.86237540623005,True
210,10.031912565231323,left,left,174.25785840674257,5.742141593257429,177.43670580255247,-2.563294197447533,-4.031557846167696,86.37831937651627,2.270023189292729,0.652197321053546,-0.22842605439913655,OK,0.926429271697998,knee,0.9999128580093384,0.9986961483955383,0.926429271697998,0.9507429599761963,0.9326621294021606,0.9482484459877014,True,3.2200765531814417,0.07322067774316521,-1.1052587405446737,3.2200765531814417,2.9431296106482723,False,0.07322067774316521,-0.1558872118023719,False,-1.1052587405446737,-1.1637133932914772,False,2.270023189292729,2.158189404411135,False,-0.22842605439913655,-0.22288597525198384,False,False,55.40838221982167,True
211,10.08567476272583,left,left,173.52612823912023,6.473871760879774,178.3949783676737,-1.6050216323262987,-3.726443395738004,86.45072367142727,2.1976188943817334,0.8031736688953219,-0.07744970655735983,OK,0.9252258539199829,knee,0.9999159574508667,0.9986097812652588,0.9252258539199829,0.9496467113494873,0.931713879108429,0.9472737908363342,True,3.951806720803787,1.0314932428643995,-0.8001442901149813,3.951806720803787,4.871828583005262,False,1.0314932428643995,1.6446381010980697,False,-0.8001442901149813,-0.7123726878052807,False,2.1976188943817334,2.8243158179112386,False,-0.07744970655735983,-0.30949802380934555,False,False,86.6822382191995,True
212,10.129646062850952,left,left,173.08597098103292,6.914029018967085,178.9959626675166,-1.0040373324833922,-3.532642141845984,86.55809734749711,2.0902452183118925,0.9435215571016304,0.0628981816489329,OK,0.923552393913269,knee,0.9999183416366577,0.9985204935073853,0.923552393913269,0.9482728242874146,0.9306111931800842,0.9460264444351196,True,4.391963978891098,1.632477542707306,-0.6063430362229614,4.391963978891098,9.604033303608375,False,1.632477542707306,5.961463924101383,False,-0.6063430362229614,0.3845304664345527,False,2.0902452183118925,3.859228168765088,False,0.0628981816489329,0.1678716771764414,False,False,118.53160254500908,True
213,10.17280626296997,left,left,166.52306791958173,13.476932080418266,175.67541328170196,4.324586718298036,-2.41001068857247,83.36133600056681,5.287006565242194,0.10367067411457874,-0.7769527013381037,OK,0.9245599508285522,knee,0.9999236464500427,0.9985540509223938,0.9245599508285522,0.9489361047744751,0.9320229887962341,0.9469824433326721,True,10.954867040342279,6.961101593488735,0.5162884170505526,10.954867040342279,16.63301821264361,False,6.961101593488735,12.108110847603712,False,0.5162884170505526,1.8651007681393892,False,5.287006565242194,5.326409941959843,False,-0.7769527013381037,1.063598191219421,False,False,148.20954297892922,True
214,10.211764335632324,left,left,151.97648273510075,28.023517264899255,162.5274883114874,17.47251168851261,0.9918108763818083,81.19709558921211,7.451246976596892,2.739912041980558,1.859288666527874,OK,0.9205204844474792,knee,0.9999193549156189,0.998554527759552,0.9205204844474792,0.9477728009223938,0.9327929019927979,0.9462054967880249,True,25.501452224823268,20.10902656370331,3.9181099820048306,25.501452224823268,23.869279766858252,False,20.10902656370331,18.640945101525755,False,3.9181099820048306,3.589180702774075,False,7.451246976596892,5.801404180939028,False,1.859288666527874,3.0161111871675303,False,False,164.7390981770529,True
215,10.263041019439697,left,left,139.1129338615664,40.887066138433596,151.8300595799359,28.16994042006411,3.371293662356487,79.0424105105425,9.605932055266507,5.130829891268457,4.250206515815762,OK,0.9239439368247986,knee,0.9999194145202637,0.9986565709114075,0.9239439368247986,0.9507758021354675,0.9373092651367188,0.9493351578712463,True,38.36500109835761,30.806455295254807,6.297592767979509,38.36500109835761,32.619094497936906,False,30.806455295254807,26.81857772647312,False,6.297592767979509,5.712734794011537,False,9.605932055266507,5.497421011494725,False,4.250206515815762,6.015830553980578,False,False,161.12048935147516,True
216,10.30981993675232,left,left,137.344820468047,42.655179531952996,148.94085036271608,31.059149637283923,4.893956277435426,84.07575247653135,4.572590089277654,10.565738648635866,9.685115273183186,OK,0.9245161414146423,knee,0.9999199509620667,0.9987103343009949,0.9245161414146423,0.95086669921875,0.9390669465065002,0.9491622447967529,True,40.13311449187701,33.69566451247462,7.8202553830584485,40.13311449187701,41.089911971980335,False,33.69566451247462,35.05414909821512,False,7.8202553830584485,7.916628069316248,False,4.572590089277654,4.588085643248164,False,9.685115273183186,9.364305299833267,False,False,149.96627197791705,True
217,10.360632419586182,left,left,129.33689732563963,50.663102674360374,140.11587420774657,39.88412579225343,7.085128314341327,88.07801319471862,0.5703293710903807,15.94211839116687,15.061495015714172,OK,0.9277945160865784,knee,0.999917209148407,0.9987933039665222,0.9277945160865784,0.9525134563446045,0.940463125705719,0.9505130648612976,True,48.14103763428439,42.52064066744413,10.011427419964349,48.14103763428439,47.84313330358799,False,42.52064066744413,41.862676430900436,False,10.011427419964349,9.703877469730845,False,0.5703293710903807,3.244546379047745,False,15.061495015714172,12.439787963370629,False,False,140.8838010740436,True
218,10.401997327804565,left,left,124.16898054936462,55.83101945063538,134.49755642299195,45.50244357700805,8.609455687951083,87.90801284179962,0.7403297240093849,16.846044403378023,15.965421027925345,OK,0.9325832724571228,knee,0.9999203085899353,0.9988946914672852,0.9325832724571228,0.9556239247322083,0.9432458877563477,0.953687310218811,True,53.308954410559394,48.13895845219875,11.535754793574107,53.308954410559394,52.1775088805396,False,48.13895845219875,47.06454011656734,False,11.535754793574107,11.25395827578269,False,0.7403297240093849,1.4637079519105214,False,15.965421027925345,14.903219087844406,False,False,131.85426355069353,True
219,10.449991703033447,left,left,118.21037607706246,61.78962392293754,128.4848516480608,51.51514835193919,9.928057878454787,87.9147919102142,0.7335506555947973,18.117325359667355,17.236701984214676,OK,0.9384453296661377,knee,0.999922513961792,0.9989956021308899,0.9384453296661377,0.9594412446022034,0.9472737908363342,0.9575403332710266,True,59.26755888286155,54.15166322712989,12.85435698407781,59.26755888286155,58.69250294154284,False,54.15166322712989,54.487489413968504,False,12.85435698407781,13.081738115516401,False,0.7335506555947973,0.24121466441264658,False,17.236701984214676,17.04553697867807,False,False,121.41967886847087,True
220,10.497453927993774,left,left,117.44105597680839,62.558944023191614,125.82074115160138,54.17925884839862,11.121697692615713,87.94660264622861,0.7017399195803904,17.447985513637327,16.56736213818465,OK,0.9441837072372437,knee,0.9999260306358337,0.9990900754928589,0.9441837072372437,0.963279128074646,0.9516260623931885,0.9615035653114319,True,60.03687898311563,56.81577372358932,14.047996798238735,60.03687898311563,64.95267865049874,False,56.81577372358932,61.54273163914901,False,14.047996798238735,14.863100949757131,False,0.7017399195803904,1.4759789810068527,False,16.56736213818465,16.797068980099993,False,False,111.47292249301154,True
221,10.53648829460144,left,left,104.76985016303075,75.23014983696925,111.82610387571025,68.17389612428975,14.032855476103988,90.18821891402072,-1.5398763482117204,21.27732810280419,20.396704727351505,OK,0.9492582678794861,knee,0.999927282333374,0.9991704225540161,0.9492582678794861,0.966589629650116,0.9553759694099426,0.9649367928504944,True,72.70808479689326,70.81041099948045,16.95915458172701,72.70808479689326,70.03396465385,False,70.81041099948045,67.59608000392106,False,16.95915458172701,16.871643972309034,False,-1.5398763482117204,2.4792361354135637,False,20.396704727351505,16.830292486824384,False,False,100.64723374007131,True
222,10.60719895362854,left,left,98.03601878086015,81.96398121913985,104.83966308184407,75.16033691815593,15.991942485544977,81.90419161174759,6.744150954061411,14.699778398276491,13.819155022823793,OK,0.9537732005119324,knee,0.9999299049377441,0.999243438243866,0.9537732005119324,0.9694728255271912,0.958892822265625,0.9679542779922485,True,79.44191617906387,77.79685179334663,18.918241591167998,79.44191617906387,74.396136693937,False,77.79685179334663,73.13643625035884,False,18.918241591167998,18.97838038125831,False,6.744150954061411,3.2350263452396235,False,13.819155022823793,17.00305447959682,False,False,83.1388347695736,True
223,10.662322521209717,left,left,98.76255053260832,81.23744946739168,104.23081459913166,75.76918540086834,18.652170800710593,82.89172706976606,5.75661549604294,17.01216193699999,16.131538561547302,OK,0.9578402042388916,knee,0.9999306201934814,0.9993115663528442,0.9578402042388916,0.9721577763557434,0.9623238444328308,0.9707348346710205,True,78.7153844273157,78.40570027605904,21.578469906333616,78.7153844273157,78.38324949002542,False,78.40570027605904,78.11985950589415,False,21.578469906333616,21.08924535931203,False,5.75661549604294,3.2750763885736545,False,16.131538561547302,18.077558954869623,False,False,64.91421091059644,True
224,10.699748516082764,left,left,96.3995158766275,83.6004841233725,100.78307041587195,79.21692958412805,20.461739923201193,84.1358408610839,4.512501704725096,18.981135323529532,18.100511948076843,OK,0.9616153836250305,knee,0.9999329447746277,0.9993763566017151,0.9616153836250305,0.9747214317321777,0.965651273727417,0.973412811756134,True,81.07841908329651,81.85344445931875,23.388039028824217,81.07841908329651,80.62888398340844,False,81.85344445931875,81.21263158595505,False,23.388039028824217,22.794204707444585,False,4.512501704725096,2.9707636032348916,False,18.100511948076843,19.239693501663066,False,False,52.681849763467405,True
225,10.737565994262695,left,left,97.50549199636617,82.49450800363383,100.90362487392481,79.09637512607519,21.676022582884286,87.74635242955846,0.9019901362505465,22.820507890001384,21.93988451454868,OK,0.9651029706001282,knee,0.9999339580535889,0.9994344115257263,0.9651029706001282,0.9770668745040894,0.9687502384185791,0.9758594036102295,True,79.97244296355784,81.73289000126589,24.60232168850731,79.97244296355784,81.85386510957115,False,81.73289000126589,83.22210735459848,False,24.60232168850731,24.192300626064966,False,0.9019901362505465,0.6290554344152298,False,21.93988451454868,22.195002946622356,False,False,46.94937460702386,True
226,10.778232097625732,left,left,93.54167769611571,86.45832230388429,96.36224347540583,83.63775652459417,22.55765221676676,91.70978284071454,-3.061440274905536,27.088000836771407,26.207377461318714,OK,0.9680930376052856,knee,0.9999315738677979,0.9994841814041138,0.9680930376052856,0.9790456891059875,0.9714555144309998,0.9779177904129028,True,83.9362572638083,86.27427139978487,25.483951322389782,83.9362572638083,83.79879782950962,False,86.27427139978487,85.51056971176823,False,25.483951322389782,25.03934702000904,False,-3.061440274905536,-2.0101841448866566,False,26.207377461318714,25.33775928263705,False,False,39.02013786761661,True
227,10.818335771560669,left,left,91.91111315004667,88.08888684995333,94.79228423862682,85.20771576137318,22.982422078646877,93.6127324558459,-4.964389890036898,29.476325623072928,28.59570224762024,OK,0.9706494808197021,knee,0.9999257326126099,0.9995251893997192,0.9706494808197021,0.9807218313217163,0.9736992120742798,0.9796447157859802,True,85.56682180987734,87.84423063656388,25.9087211842699,85.56682180987734,85.46412214149032,False,87.84423063656388,87.23994855311159,False,25.9087211842699,25.53746775573032,False,-4.964389890036898,-4.7615648003562425,False,28.59570224762024,28.523206144465263,False,False,31.308126863994932,True
228,10.85659408569336,left,left,89.0378869329159,90.9621130670841,92.78850281328288,87.21149718671712,22.887402770430967,96.0879249662755,-7.439582400466492,32.72594361707347,31.845320241620783,OK,0.9726011753082275,knee,0.9999151825904846,0.9995591044425964,0.9726011753082275,0.9819628000259399,0.9754649996757507,0.9808709025382996,True,88.44004802700812,89.84801206190782,25.81370187605399,88.44004802700812,86.86454985710198,False,89.84801206190782,88.55725236547202,False,25.81370187605399,25.766444940807766,False,-7.439582400466492,-5.817863114690743,False,31.845320241620783,29.891605547128428,False,False,20.59280142320793,True
229,10.897692441940308,left,left,88.07289431672399,91.92710568327601,92.13617620915515,87.86382379084485,22.952343601807588,97.89274413843184,-9.244401572622834,34.90836963267059,34.0277462572179,OK,0.9743207693099976,knee,0.9998971223831177,0.9995757341384888,0.9743207693099976,0.9830888509750366,0.9769412279129028,0.9819156527519226,True,89.40504064320002,90.50033866603555,25.87864270743061,89.40504064320002,87.4087729477048,False,90.50033866603555,88.89199332771736,False,25.87864270743061,25.833662810437136,False,-9.244401572622834,-6.72364092695193,False,34.0277462572179,31.074083357376487,False,False,3.044328668395889,True
230,10.94245195388794,left,left,90.50335341830795,89.49664658169205,94.31710581212266,85.68289418787734,22.820908508271533,93.02784400123096,-4.3795014354219575,29.6625049033172,28.7818815278645,OK,0.9760335087776184,knee,0.9998907446861267,0.9996002912521362,0.9760335087776184,0.9841039776802063,0.97834312915802,0.9829103350639343,True,86.97458154161606,88.31940906306804,25.747207613894556,86.97458154161606,87.48408477580395,False,88.31940906306804,88.75095801917716,False,25.747207613894556,25.807315659456727,False,-4.3795014354219575,-7.462109440320205,False,28.7818815278645,32.0025518564037,False,False,-15.886165023644384,True
231,10.99533748626709,left,left,90.82056224310155,89.17943775689845,94.68853866417919,85.31146133582081,22.8937415649136,96.23867190202047,-7.590329336211468,33.000389888011696,32.11976651255901,OK,0.9776155352592468,knee,0.9998882412910461,0.99962317943573,0.9776155352592468,0.985127866268158,0.9794616103172302,0.983955442905426,True,86.65737271682247,87.94797621101151,25.820040670536624,86.65737271682247,85.79288277168988,False,87.94797621101151,87.01869700441193,False,25.820040670536624,25.655832145733154,False,-7.590329336211468,-7.47186875769373,False,32.11976651255901,31.901886670704805,False,False,-40.517093984322464,True
232,11.041998863220215,left,left,91.53455400955089,88.46544599044911,95.49746078132779,84.50253921867221,22.85068632374482,97.30507502268728,-8.656732456878274,34.11866811820897,33.2380447427563,OK,0.9789273142814636,knee,0.9998821020126343,0.9996390342712402,0.9789273142814636,0.9859524965286255,0.9804022312164307,0.9847807288169861,True,85.94338095037313,87.13905409386291,25.776985429367844,85.94338095037313,83.32495263874658,False,87.13905409386291,84.63701132174583,False,25.776985429367844,25.46555603313859,False,-8.656732456878274,-7.169969900477528,False,33.2380447427563,31.32346725061685,False,False,-65.01840750353992,True
233,11.098104000091553,left,left,97.49389695348627,82.50610304651373,101.44980788710906,78.55019211289094,22.12998520181311,96.13672155314312,-7.488378987334116,32.22261768857902,31.34199431312632,OK,0.9803426265716553,knee,0.9998795986175537,0.999655544757843,0.9803426265716553,0.9868503212928772,0.9813569784164429,0.9856649041175842,True,79.98403800643774,81.18670698808164,25.056284307436133,79.98403800643774,80.01709379793436,False,81.18670698808164,81.15494825104231,False,25.056284307436133,24.871027669522267,False,-7.488378987334116,-7.637421290828084,False,31.34199431312632,31.370594507242373,False,False,-82.70551454711024,True
234,11.126343488693237,left,left,100.41254498144048,79.58745501855952,104.04460462248569,75.95539537751431,22.00096303883476,96.38324985235083,-7.7349072865418265,32.016272532230815,31.13564915677813,OK,0.9817461967468262,knee,0.9998845458030701,0.9996760487556458,0.9817461967468262,0.9877403974533081,0.9823350310325623,0.9865790605545044,True,77.06538997848354,78.591910252705,24.927262144457785,77.06538997848354,76.70261504672558,False,78.591910252705,77.66704041686512,False,24.927262144457785,24.10528108012759,False,-7.7349072865418265,-5.422098228685821,False,31.13564915677813,28.562953938673843,False,False,-98.19657539482839,True
235,11.167541742324829,left,left,107.04264762236905,72.95735237763095,111.72742116564018,68.27257883435982,19.848266690189927,95.36510095298374,-6.716758387174735,29.89814118644479,29.017517810992103,OK,0.9829738736152649,knee,0.999882698059082,0.9996913075447083,0.9829738736152649,0.9884557127952576,0.983028769493103,0.9872744083404541,True,70.43528733755497,70.90909370955052,22.77456579581295,70.43528733755497,72.12776274026962,False,70.90909370955052,72.90236213179023,False,22.77456579581295,22.8422296775317,False,-6.716758387174735,-2.8945472099806153,False,29.017517810992103,24.962177495991682,False,False,-115.237711076544,True
236,11.2057044506073,left,left,107.39295599914549,72.60704400085451,112.12807783506518,67.87192216493482,19.065008617940208,85.16205659130915,3.4862859744998502,18.962187045169056,18.08156366971636,OK,0.9838603138923645,heel,0.9998838305473328,0.9997107982635498,0.9840479493141174,0.9891373515129089,0.9838603138923645,0.9879637360572815,True,70.08497896077853,70.50843704012551,21.99130772356323,70.08497896077853,68.54146458554665,False,70.50843704012551,69.15234231215979,False,21.99130772356323,21.634591325854768,False,3.4862859744998502,-0.8199483005549297,False,18.08156366971636,21.843661899796523,False,False,-123.58541902718518,True
237,11.241748809814453,left,left,114.4088155418307,65.5911844581693,119.32085220670223,60.67914779329777,16.535429310765387,84.66731992916125,3.981022636647751,16.114785904798172,15.234162529345497,OK,0.9841217398643494,heel,0.9998877644538879,0.9997267723083496,0.9849235415458679,0.9895702600479126,0.9841217398643494,0.9882673621177673,True,63.06911941809331,63.31566266848847,19.46172841638841,63.06911941809331,63.292031278050686,False,63.31566266848847,64.2237438443345,False,19.46172841638841,20.235846780554617,False,3.981022636647751,1.1043999475898716,False,15.234162529345497,18.199734266680906,False,False,-129.81551563434795,True
238,11.272786617279053,left,left,115.42538772710114,64.57461227289886,120.19990698526122,59.80009301473878,16.091793443428433,85.76372700601469,2.8846155597943124,16.630039707603206,15.749416332150531,OK,0.9845720529556274,heel,0.9998877048492432,0.99974524974823,0.9857167601585388,0.9900900721549988,0.9845720529556274,0.9887123107910156,True,62.052547232822874,62.436607889929476,19.018092549051456,62.052547232822874,59.04826448251627,False,62.436607889929476,60.44074816715175,False,19.018092549051456,19.11622533139836,False,2.8846155597943124,3.254620113930625,False,15.749416332150531,14.46912153283223,False,False,-146.8371757494137,True
239,11.32098913192749,left,left,126.65971151892026,53.34028848107974,128.68759696161214,51.312403038387856,15.007240312334003,86.76150861162682,1.8868339541821797,13.796634366652716,12.91601099120004,OK,0.9851115942001343,heel,0.9998842477798462,0.9997588992118835,0.986598551273346,0.9906729459762573,0.9851115942001343,0.9891862273216248,True,50.81822344100375,53.948917913578555,17.933539417957025,50.81822344100375,52.11018892698926,False,53.948917913578555,54.26069275306135,False,17.933539417957025,17.59105917905523,False,1.8868339541821797,2.838123405105384,False,12.91601099120004,12.602431947877744,False,False,-160.55011792309247,True
240,11.375102281570435,left,left,128.26148160004118,51.73851839995882,130.64239955155395,49.35760044844605,14.250159444408668,84.61400012127997,4.034342444529031,11.245077517201416,10.364454141748723,OK,0.9855878949165344,heel,0.9998831152915955,0.9997737407684326,0.9872760772705078,0.9911933541297913,0.9855878949165344,0.9896325469017029,True,49.216453359882834,51.99411532363675,17.17645855003169,49.216453359882834,44.09021868417851,False,51.99411532363675,46.87217971410363,False,17.17645855003169,15.730723984004475,False,4.034342444529031,1.4843448472065517,False,10.364454141748723,11.464418106872785,False,False,-171.0198801703332,True
241,11.413085699081421,left,left,142.08333377678053,37.916666223219465,143.02835490551723,36.97164509448277,11.439177856224545,87.24454013543536,1.403802430373645,9.628739120396608,8.74811574494393,OK,0.9852514863014221,heel,0.9998864531517029,0.9997802376747131,0.9878898859024048,0.9913759827613831,0.9852514863014221,0.9894779920578003,True,35.39460118314348,39.608159969673466,14.365476961847566,35.39460118314348,35.9342268349839,False,39.608159969673466,38.77292608670612,False,14.365476961847566,13.428889088599334,False,1.403802430373645,0.5486152164925102,False,8.74811574494393,10.04157462038458,False,False,-182.93270122890473,True
242,11.460512399673462,left,left,154.5086667558844,25.491333244115594,156.2634174014908,23.736582598509187,7.233753335511614,91.43621271865541,-2.787870152846409,10.424716699773386,9.544093324320698,OK,0.9836702346801758,heel,0.9998885989189148,0.999765932559967,0.9878286123275757,0.9910017848014832,0.9836702346801758,0.9884945750236511,True,22.969268204039608,26.373097473699886,10.160052441134637,22.969268204039608,28.482428060690108,False,26.373097473699886,30.78589288597555,False,10.160052441134637,10.80190807277876,False,-2.787870152846409,-0.05633033712586268,False,9.544093324320698,8.554773584619152,False,False,-180.85031758788085,True
243,11.495673418045044,left,left,156.20534697307417,23.79465302692583,160.69617512224875,19.303824877751254,4.582618966402727,90.4423751595849,-1.7940325937758956,9.51582227516219,8.635198899709508,OK,0.9809276461601257,heel,0.9998888373374939,0.9997081756591797,0.9871599674224854,0.9898947477340698,0.9809276461601257,0.9864509701728821,True,21.272587986849842,21.940339752941952,7.508918072025749,21.272587986849842,20.748872651206344,False,21.940339752941952,22.48686583792458,False,7.508918072025749,8.103399789794782,False,-1.7940325937758956,-1.014899763746385,False,8.635198899709508,7.380306366822902,False,False,-157.54542022722111,True
244,11.528871536254883,left,left,163.91870539038922,16.08129460961078,168.622762965265,11.377237034735003,1.8723352332311347,89.78623637971869,-1.1378938139096846,6.362629187825593,5.482005812372904,OK,0.977073073387146,heel,0.9998889565467834,0.9996305704116821,0.9841778874397278,0.9874954223632812,0.977073073387146,0.9828023314476013,True,13.559229569534793,14.013751909925702,4.798634338854157,13.559229569534793,14.79153599525488,False,14.013751909925702,15.708797374614852,False,4.798634338854157,5.683606119841101,False,-1.1378938139096846,-1.047415778551374,False,5.482005812372904,5.813760519032468,False,False,-133.58124009311206,True
245,11.578553676605225,left,left,166.92925864746002,13.070741352539983,172.1375347918088,7.862465208191196,0.7576180294887711,89.40684725438258,-0.7585046885735807,5.372741428220144,4.4921180527674665,OK,0.971333920955658,heel,0.9998847842216492,0.9995269775390625,0.9784143567085266,0.9831873178482056,0.971333920955658,0.9767014980316162,True,10.548676312463996,10.498980083381895,3.683917135111794,10.548676312463996,11.32267332760001,False,10.498980083381895,11.50136806818449,False,3.683917135111794,4.050561026216942,False,-0.7585046885735807,-0.3433650983386343,False,4.4921180527674665,4.215231383971064,False,False,-106.65119727203424,True
246,11.632802963256836,left,left,171.87001705653785,8.129982943462153,176.91869722206587,3.081302777934127,-0.6597904935438501,87.4071202094603,1.2412223563487004,1.79600988144445,0.9153865059917621,OK,0.9639853239059448,heel,0.9998830556869507,0.9994032382965088,0.9705289602279663,0.9778152704238892,0.9639853239059448,0.9698570370674133,True,5.6079179033861655,5.7178176531248255,2.266508612079172,5.6079179033861655,7.4276194438054315,False,5.7178176531248255,7.432733580746197,False,2.266508612079172,2.71964488859002,False,1.2412223563487004,-0.19783787304140504,False,0.9153865059917621,2.912368624690629,False,False,-74.73143627060662,True
247,11.669384002685547,left,left,171.85298009415877,8.147019905841233,177.30056393364262,2.6994360663573786,-0.9314721326091884,87.91595931759171,0.732383248217289,2.43207102446638,1.5514476490136815,OK,0.9602991938591003,heel,0.9998871088027954,0.9993661642074585,0.9672290682792664,0.9759432673454285,0.9602991938591003,0.9676734209060669,True,5.624954865765246,5.335950941548077,1.9948269730138342,5.624954865765246,4.95498231596226,False,5.335950941548077,4.755605643566065,False,1.9948269730138342,1.8412352650154298,False,0.732383248217289,0.3806480411393068,False,1.5514476490136815,1.6599638962722907,False,False,-53.72460958214581,True
248,11.713037729263306,left,left,175.68061639204706,4.319383607952943,178.96065244055978,-1.0393475594402162,-2.0719617217318773,89.71473903309875,-1.0663964672897492,3.0015084787600133,2.12088510330733,OK,0.9552186727523804,heel,0.9998906254768372,0.999326765537262,0.961963951587677,0.9734810590744019,0.9552186727523804,0.9651808142662048,True,1.7973185678769559,1.597167315750482,0.8543373838911452,1.7973185678769559,2.87019340594692,False,1.597167315750482,2.4981324561989138,False,0.8543373838911452,1.0872585113395048,False,-1.0663964672897492,0.8068826528497567,False,2.12088510330733,0.6524368082377237,False,False,-43.562750352541585,True
249,11.750102996826172,left,left,176.28189102960508,3.7181089703949226,177.99159734883435,-2.008402651165653,-2.519712884641816,86.89380680881513,1.7545357569938744,0.10060554573390973,-0.780017829718787,OK,0.9511350989341736,heel,0.9998953342437744,0.9992927312850952,0.9557461738586426,0.9704735279083252,0.9511350989341736,0.9627795815467834,True,1.1960439303189352,0.628112224025045,0.40658622098120656,1.1960439303189352,1.6648081829848782,False,0.628112224025045,0.9882182595502111,False,0.40658622098120656,0.5203155824950674,False,1.7545357569938744,0.775678891930309,False,-0.780017829718787,0.42122661399940287,False,False,-31.74311233559809,True
250,11.795734882354736,left,left,177.35320319753671,2.6467968024632853,176.57509927135544,-3.424900728644559,-3.0122657388908527,87.27567419583033,1.372668369978669,0.3351059880473082,-0.5455173874053685,OK,0.9486871361732483,heel,0.9999023675918579,0.9992843866348267,0.9517447352409363,0.968929648399353,0.9486871361732483,0.9622440338134766,True,0.12473176238729788,-0.7883858534538608,-0.08596663326783016,0.12473176238729788,0.3863201298409612,False,-0.7883858534538608,-0.7302021423947569,False,-0.08596663326783016,-0.164192305456928,False,1.372668369978669,0.6512530946415694,False,-0.5455173874053685,0.30107687213720735,False,False,-20.65193526987334,True
251,11.841078519821167,left,left,177.89694317134806,2.103056828651944,175.53173179469061,-4.468268205309386,-3.494505137766038,87.56313901405754,1.0852035517514622,0.6399589102528347,-0.24066446519984197,OK,0.944471538066864,heel,0.9999083280563354,0.9992341995239258,0.944602370262146,0.9651063680648804,0.944471538066864,0.9594064354896545,True,-0.41900821142404343,-1.8317533301186875,-0.5682060321430153,-0.41900821142404343,-0.15545755787618223,False,-1.8317533301186875,-1.8430876462814187,False,-0.5682060321430153,-0.711646945635262,False,1.0852035517514622,0.815845726879752,False,-0.24066446519984197,0.16013741589021607,False,False,-12.22321940712719,True
252,11.891114234924316,left,left,178.24542035987835,1.7545796401216478,174.10733405663254,-5.8926659433674615,-4.354011572369165,88.53808830403541,0.11025426177359066,1.8313223151553937,0.9506989397027041,OK,0.935647189617157,knee,0.9999127984046936,0.9991625547409058,0.935647189617157,0.9598323106765747,0.9408391118049622,0.9555947184562683,True,-0.7674853999543396,-3.2561510681767634,-1.4277124667461427,-0.7674853999543396,-0.5681418978890898,False,-3.2561510681767634,-2.7467942225259327,False,-1.4277124667461427,-1.172681553714713,False,0.11025426177359066,0.38810525322228384,False,0.9506989397027041,0.6178655176998348,False,False,-4.227218587383552,True
253,11.926928281784058,left,left,178.38950483063277,1.6104951693672263,173.39622492112647,-6.603775078873525,-4.809234922623547,88.89177587190784,-0.2434333060988365,2.2968111975250496,1.4161878220723736,OK,0.9295778274536133,knee,0.9999142289161682,0.9990218281745911,0.9295778274536133,0.9553735852241516,0.9368633031845093,0.9517186880111694,True,-0.9115698707087612,-3.967260203682827,-1.8829358170005248,-0.9115698707087612,-0.5468223961812706,False,-3.967260203682827,-3.1427267823808913,False,-1.8829358170005248,-1.49071686879025,False,-0.2434333060988365,0.05219331977655486,False,1.4161878220723736,1.0529941976328132,False,False,3.4729371185705475,True
254,11.972666025161743,left,left,178.34531272966962,1.6546872703303848,173.47306446761178,-6.526935532388222,-4.824885925039071,89.03250917710247,-0.3841666112934661,2.3892460547820074,1.5086226793293065,OK,0.9257662296295166,knee,0.9999164938926697,0.9989155530929565,0.9257662296295166,0.9522833228111267,0.9339653849601746,0.948925256729126,True,-0.8673777697456027,-3.890420657197524,-1.8985868194160487,-0.8673777697456027,-0.3080570372909202,False,-3.890420657197524,-3.1864198487459197,False,-1.8985868194160487,-1.6776492105460457,False,-0.3841666112934661,-0.26863178602125687,False,1.5086226793293065,1.4693453869302118,False,False,12.32895293522806,True
255,12.022230386734009,left,left,177.24660568899762,2.7533943110023813,174.59543647208065,-5.4045635279193505,-4.6024423142685364,88.95523386305898,-0.306891297249976,2.510749387712213,1.6301260122595238,OK,0.9232202768325806,knee,0.999914824962616,0.9988181591033936,0.9232202768325806,0.9501388669013977,0.9318030476570129,0.9472143054008484,True,0.23132927092639388,-2.7680486527286523,-1.676143208645514,0.23132927092639388,0.3903723630025885,False,-2.7680486527286523,-2.6171729838571087,False,-1.676143208645514,-1.6120668295534877,False,-0.306891297249976,0.14898076319160508,False,1.6301260122595238,1.246497754114597,False,False,23.987730030474104,True
256,12.064373970031738,left,left,176.7031163768963,3.296883623103696,175.31326646286547,-4.686733537134529,-4.429166846545018,89.1672645430466,-0.5189219772375964,2.7217148567398524,1.841091481287151,OK,0.9206919074058533,knee,0.9999126195907593,0.9987421631813049,0.9206919074058533,0.9482013583183289,0.9301056265830994,0.9456765055656433,True,0.7748185830277086,-2.050218661943831,-1.502867740921995,0.7748185830277086,1.331390534331293,False,-2.050218661943831,-1.708229672391952,False,-1.502867740921995,-1.4008903178302987,False,-0.5189219772375964,0.9020286278647319,False,1.841091481287151,0.7367012610282018,False,False,41.94169105436272,True
257,12.11400580406189,left,left,174.7532733584108,5.246726641589191,176.9535683810766,-3.046431618923407,-4.026099667406375,86.4500255579711,2.1983170078379004,0.7170841510773117,-0.16353922437536994,OK,0.9203089475631714,knee,0.9999169111251831,0.9986855983734131,0.9203089475631714,0.9479532241821289,0.9312662482261658,0.94594407081604,True,2.724661601513204,-0.4099167437327087,-1.0998005617833524,2.724661601513204,3.710897108690525,False,-0.4099167437327087,0.31915985021236076,False,-1.0998005617833524,-0.9417482373340145,False,2.1983170078379004,2.3690968890808533,False,-0.16353922437536994,0.08089213206328054,False,False,67.43744594340497,True
258,12.157071113586426,left,left,173.68441397398925,6.315586026010749,177.94094147845226,-2.0590585215477404,-3.7533523640076023,85.1265365485422,3.5218060172667975,-0.2521712679069234,-1.1327946433596026,OK,0.9206698536872864,knee,0.9999204874038696,0.998636782169342,0.9206698536872864,0.9483401775360107,0.932854950428009,0.9465606808662415,True,3.7935209859347614,0.5774563536429578,-0.8270532583845798,3.7935209859347614,6.359280269928226,False,0.5774563536429578,2.574704662094376,False,-0.8270532583845798,-0.4076104870999635,False,3.5218060172667975,4.066849250122755,False,-1.1327946433596026,-0.689884129388895,False,False,99.83241815827462,True
259,12.199489116668701,left,left,166.44777985787346,13.552220142126544,176.38998791936666,3.6100120806333393,-2.52917552255765,81.69716787102186,6.951174694787142,-0.8897995900426062,-1.7704229654952996,OK,0.921466588973999,knee,0.9999247789382935,0.9986380934715271,0.921466588973999,0.9491739273071289,0.9351410269737244,0.9477244019508362,True,11.030155102050557,6.246526955824038,0.39712358306537254,11.030155102050557,11.569528632832093,False,6.246526955824038,7.273913436915512,False,0.39712358306537254,0.7700495621055452,False,6.951174694787142,5.882654569501315,False,-1.7704229654952996,-0.8169898114792261,False,False,129.97673699820214,True
260,12.247495889663696,left,left,164.00468988280912,15.995310117190883,174.12683946850927,5.873160531490726,-1.9317535630982818,80.46647205784947,8.18187050795953,-1.3431319195486624,-2.2237552950013537,OK,0.9206012487411499,knee,0.9999291896820068,0.9986507296562195,0.9206012487411499,0.9488628506660461,0.9362635612487793,0.9479449391365051,True,13.473245077114896,8.509675406681424,0.9945455425247407,13.473245077114896,18.911831530469748,False,8.509675406681424,13.87735533733192,False,0.9945455425247407,2.3817800223959416,False,8.18187050795953,6.801254853644619,False,-2.2237552950013537,0.6150013618891194,False,False,157.00310650425064,True
261,12.284476041793823,left,left,150.65187456237697,29.348125437623025,161.19068966302885,18.80931033697115,1.459133399482526,80.0882379461538,8.560104619655206,2.086186446288192,1.2055630708354954,OK,0.9202020168304443,knee,0.9999238848686218,0.998651385307312,0.9202020168304443,0.9497836232185364,0.9383478164672852,0.948538064956665,True,26.82606039754704,21.44582521216185,4.385432505105548,26.82606039754704,26.37293690280999,False,21.44582521216185,20.961746984907336,False,4.385432505105548,4.3218083101659435,False,8.560104619655206,6.423479174112129,False,1.2055630708354954,3.309519053956444,False,False,175.87729401786368,True
262,12.331039190292358,left,left,138.04175887022254,41.95824112977746,150.02922211684137,29.970777883158632,4.032552634045608,81.85702413725458,6.791318428554419,7.877040017919043,6.996416642466357,OK,0.9214391112327576,knee,0.99992436170578,0.9987446665763855,0.9214391112327576,0.951079249382019,0.9410165548324585,0.9498451352119446,True,39.436176089701476,32.60729275834933,6.9588517396686305,39.436176089701476,33.98479491517203,False,32.60729275834933,29.06135541433209,False,6.9588517396686305,6.512837570178993,False,6.791318428554419,4.7809590887464735,False,6.996416642466357,6.655317982272441,False,False,177.0285732730425,True
263,12.368516683578491,left,left,136.37888711228803,43.62111288771197,146.63710028367066,33.36289971632934,5.946789074842402,87.01541494620466,1.6329276196043452,13.220417192429696,12.339793816977021,OK,0.9235828518867493,knee,0.9999272227287292,0.9988178014755249,0.9235828518867493,0.9519034624099731,0.9419283866882324,0.9499241709709167,True,41.09904784763599,35.999414591520036,8.873088180465425,41.09904784763599,41.928123978483086,False,35.999414591520036,37.46447550360209,False,8.873088180465425,8.80795439973545,False,1.6329276196043452,2.8077214505846597,False,12.339793816977021,10.463881424031769,False,False,167.21141397008586,True
264,12.413426637649536,left,left,128.38848979606325,51.611510203936746,135.89194577224288,44.10805422775712,8.425970777507603,89.90976829785014,-1.2614257320411326,15.839195051537379,14.958571676084688,OK,0.9290936589241028,knee,0.9999268651008606,0.9989098310470581,0.9290936589241028,0.9552416205406189,0.945071280002594,0.9532434344291687,True,49.08944516386076,46.74456910294782,11.352269883130624,49.08944516386076,48.960613543632434,False,46.74456910294782,44.855134830272206,False,11.352269883130624,10.783283209084559,False,-1.2614257320411326,1.5843720957821206,False,14.958571676084688,13.304389826662646,False,False,155.60539945458618,True
265,12.448766231536865,left,left,124.28804456625384,55.711955433746155,132.11123902215928,47.88876097784072,9.543830584684006,90.33266024865854,-1.6843176828495388,17.69968528924798,16.81906191379528,OK,0.9350728392601013,knee,0.9999299645423889,0.9990088939666748,0.9350728392601013,0.9588849544525146,0.9487854838371277,0.9569242596626282,True,53.18989039367017,50.52527585303142,12.47012969030703,53.18989039367017,53.61810157170932,False,50.52527585303142,50.4769233110746,False,12.47012969030703,12.495909041198187,False,-1.6843176828495388,1.467673391720777,False,16.81906191379528,14.169413910112103,False,False,141.01266549573998,True
266,12.489510297775269,left,left,115.48942673663024,64.51057326336976,124.23739302967827,55.76260697032173,11.335777446228061,86.2049847201665,2.4433578456425096,16.288728459442567,15.40810508398988,OK,0.9410706758499146,knee,0.9999336004257202,0.9991053342819214,0.9410706758499146,0.9627114534378052,0.9528439044952393,0.9609525799751282,True,61.98850822329378,58.399121845512425,14.262076551851084,61.98850822329378,58.95628825632021,False,58.399121845512425,56.46298287425045,False,14.262076551851084,13.996153500561036,False,2.4433578456425096,2.326043908339335,False,15.40810508398988,14.163414974291424,False,False,122.9641102190711,True
267,12.522051095962524,left,left,114.7543187298381,65.2456812701619,121.92027971282938,58.079720287170616,12.595681794613753,82.4405176575613,6.2078249082477015,12.202160435166329,11.321537059713648,OK,0.946687638759613,knee,0.9999379515647888,0.9991914629936218,0.946687638759613,0.9662553668022156,0.9569569826126099,0.9646350741386414,True,62.72361623008591,60.716235162361315,15.521980900236777,62.72361623008591,62.97183035381986,False,60.716235162361315,60.57421885963131,False,15.521980900236777,15.20053013776624,False,6.2078249082477015,3.8743276501604584,False,11.321537059713648,13.723813981794308,False,False,110.55004399890313,True
268,12.569946527481079,left,left,109.68795368923358,70.31204631076642,116.70680246779139,63.29319753220861,13.448011371656648,82.72356236311187,5.924780202697136,13.190422513326304,12.309799137873625,OK,0.9515925049781799,knee,0.9999366402626038,0.9992596507072449,0.9515925049781799,0.9692701697349548,0.9603585600852966,0.967712938785553,True,67.78998127069043,65.92971240739931,16.37431047727967,67.78998127069043,68.16800925513309,False,65.92971240739931,65.8720491507341,False,16.37431047727967,16.5793976763696,False,5.924780202697136,5.659294136652778,False,12.309799137873625,13.216063644115774,False,False,97.74621112116185,True
269,12.617276430130005,left,left,108.31077930856496,71.68922069143504,115.33576584533864,64.66423415466136,14.447853963533612,82.16834958874452,6.479992977064484,13.641190089051797,12.760566713599104,OK,0.9560821652412415,knee,0.9999402165412903,0.9993301630020142,0.9560821652412415,0.9720761179924011,0.9637160301208496,0.9705915451049805,True,69.16715565135905,67.30074902985206,17.374153069156634,69.16715565135905,72.17684921299241,False,67.30074902985206,70.3633102408022,False,17.374153069156634,17.899192082513345,False,6.479992977064484,7.04470123113858,False,12.760566713599104,12.66802982356494,False,False,86.10041389859593,True
270,12.665308952331543,left,left,98.30715005968776,81.69284994031224,105.62208756664532,74.37791243335468,16.438168277700797,81.40782781619694,7.2405147496120605,15.160933600855296,14.280310225402616,OK,0.9599204659461975,knee,0.9999393820762634,0.9993874430656433,0.9599204659461975,0.9745094776153564,0.9666619300842285,0.9730924367904663,True,79.17078490023626,77.01442730854538,19.36446738332382,79.17078490023626,75.85253738031841,False,77.01442730854538,74.44199875371807,False,19.36446738332382,19.322397302155327,False,7.2405147496120605,7.834250113613979,False,14.280310225402616,12.898685815141665,False,False,74.66490804601395,True
271,12.727177143096924,left,left,95.44522694733362,84.55477305266638,101.78108757933775,78.21891242066225,17.934749476946784,79.27794924773748,9.370393318071521,13.548559356688383,12.6679359812357,OK,0.963268518447876,knee,0.99993896484375,0.9994434118270874,0.963268518447876,0.9766903519630432,0.9694139957427979,0.9753656983375549,True,82.03270801259039,80.85542729585295,20.861048582569808,82.03270801259039,79.29717187826388,False,80.85542729585295,78.33440352992159,False,20.861048582569808,20.7058068139091,False,9.370393318071521,8.246989087597916,False,12.6679359812357,13.421586074653453,False,False,62.51510734112312,True
272,12.773637294769287,left,left,96.37587789320807,83.62412210679193,101.52683714825008,78.47316285174992,19.71170789282366,78.49277324518431,10.155569320624693,13.35544039304997,12.474817017597275,OK,0.9664965867996216,knee,0.99993896484375,0.9994949698448181,0.9664965867996216,0.9787311553955078,0.971958339214325,0.9774753451347351,True,81.10205706671594,81.10967772694062,22.638006998446684,81.10205706671594,82.93143734140722,False,81.10967772694062,82.48154290162952,False,22.638006998446684,22.016525428615033,False,10.155569320624693,8.131213094484645,False,12.474817017597275,14.335206773908066,False,False,51.798579753724766,True
273,12.812685489654541,left,left,92.46478119950619,87.53521880049381,97.24477858677372,82.75522141322628,20.365058930425537,80.65986749319218,7.988475072616822,15.804923810885247,14.92430043543257,OK,0.9692702889442444,knee,0.9999315738677979,0.9995340704917908,0.9692702889442444,0.9804359674453735,0.9742347598075867,0.9792171120643616,True,85.01315376041782,85.39173628841698,23.29135803604856,85.01315376041782,84.68997263063451,False,85.39173628841698,84.90538224604447,False,23.29135803604856,23.095242596582032,False,7.988475072616822,4.955911619100061,False,14.92430043543257,17.923921362072,False,False,42.60833735145623,True
274,12.857548236846924,left,left,90.13945199284832,89.86054800715168,94.60006898679903,85.39993101320097,21.001447037063272,82.74722955431088,5.901113011498126,18.209293585324865,17.328670209872172,OK,0.9716604351997375,knee,0.9999265074729919,0.9995699524879456,0.9716604351997375,0.9819145798683167,0.9762484431266785,0.9807599186897278,True,87.33848296707569,88.03644588839167,23.927746142686296,87.33848296707569,85.81768305965456,False,88.03644588839167,86.58241060962123,False,23.927746142686296,23.940476180215065,False,5.901113011498126,0.4345004422829192,False,17.328670209872172,22.741248187965432,False,False,30.202576130036125,True
275,12.902269124984741,left,left,89.51447361355125,90.48552638644875,93.5028908445706,86.4971091554294,21.831754117535777,97.28433519311986,-8.635992627310856,33.104506541674986,32.22388316622229,OK,0.9733068943023682,knee,0.9999167919158936,0.9995947480201721,0.9733068943023682,0.9830257296562195,0.9775897264480591,0.981781542301178,True,87.96346134637277,89.1336240306201,24.7580532231588,87.96346134637277,87.11355590362727,False,89.1336240306201,88.32358858718113,False,24.7580532231588,24.588267326078018,False,-8.635992627310856,-2.6671756574601746,False,32.22388316622229,26.045410299984304,False,False,12.951635041064794,True
276,12.941706895828247,left,left,89.80667480223347,90.19332519776653,93.39594576145386,86.60405423854614,22.160917395111937,101.88500513182319,-13.23666256601419,37.635193486155515,36.75457011070284,OK,0.9749526381492615,knee,0.999904215335846,0.9996098279953003,0.9749526381492615,0.9840800166130066,0.9788268208503723,0.9827629327774048,True,87.67126015769054,89.24056911373684,25.08721650073496,87.67126015769054,87.69861602568277,False,89.24056911373684,89.38818079697644,False,25.08721650073496,25.21549991599198,False,-13.23666256601419,-4.393136187566969,False,36.75457011070284,27.919071332265258,False,False,-2.0523105520184743,True
277,12.993718147277832,left,left,89.89651367334447,90.10348632665553,92.8209472604506,87.1790527395494,22.950663622138435,94.00115374389978,-5.352811178090775,29.876250953144325,28.995627577691636,OK,0.9765322804450989,knee,0.9998910427093506,0.9996234178543091,0.9765322804450989,0.9850269556045532,0.9799898266792297,0.9837037324905396,True,87.58142128657954,89.8155676147401,25.87696272776146,87.58142128657954,87.4679479985592,False,89.8155676147401,89.46107361052884,False,25.87696272776146,25.64874377021884,False,-5.352811178090775,-6.786082429886096,False,28.995627577691636,30.441700588135298,False,False,-17.167919572637963,True
278,13.029341220855713,left,left,89.5394805892287,90.4605194107713,91.92181753779721,88.07818246220279,23.50122187999536,89.28967014372616,-0.6413275779171528,25.173228972290033,24.292605596837348,OK,0.9777897596359253,knee,0.9998781681060791,0.9996309876441956,0.9777897596359253,0.9857266545295715,0.9808989763259888,0.9843663573265076,True,87.93845437069531,90.71469733739349,26.427520985618383,87.93845437069531,86.01175137439331,False,90.71469733739349,87.99893030880766,False,26.427520985618383,25.67516782842017,False,-0.6413275779171528,-6.616031640459409,False,24.292605596837348,30.304020534465216,False,False,-35.152461996346204,True
279,13.075865507125854,left,left,91.29279212846612,88.70720787153388,94.23560491903707,85.76439508096293,23.167666308197585,94.71196076590651,-6.063618200097508,30.822439864675058,29.94181648922236,OK,0.979398787021637,knee,0.9998756647109985,0.999653160572052,0.979398787021637,0.9867252707481384,0.9818439483642578,0.985400378704071,True,86.1851428314579,88.40090995615363,26.09396541382061,86.1851428314579,84.28519132737057,False,88.40090995615363,86.11701916968757,False,26.09396541382061,25.558204245432684,False,-6.063618200097508,-6.385209999010248,False,29.94181648922236,30.1115864021259,False,False,-56.90368085316597,True
280,13.124082088470459,left,left,96.7954567343807,83.2045432656193,100.81360735317647,79.18639264682353,21.963874408542416,96.43408124598642,-7.785738680177417,32.41610627332459,31.5354828978719,OK,0.980833888053894,knee,0.9998723864555359,0.9996657371520996,0.980833888053894,0.9875324368476868,0.9823761582374573,0.9861757755279541,True,80.6824782255433,81.82290752201423,24.89017351416544,80.6824782255433,81.3757934799423,False,81.82290752201423,82.72798790243114,False,24.89017351416544,24.83885419677402,False,-7.785738680177417,-7.647856835650302,False,31.5354828978719,31.134516609935474,False,False,-72.62338066128397,True
281,13.165409088134766,left,left,98.43947503734724,81.56052496265276,102.80550145705428,77.19449854294572,21.576099480174502,100.7308969245774,-12.082554358768391,36.67302282445894,35.79239944900627,OK,0.98214191198349,knee,0.9998726844787598,0.9996833801269531,0.98214191198349,0.9883249402046204,0.9832026362419128,0.9869713187217712,True,79.03845992257678,79.83101341813642,24.502398585797525,79.03845992257678,78.25887981345656,False,79.83101341813642,79.21072021402361,False,24.502398585797525,23.97787799070472,False,-12.082554358768391,-8.12218071912767,False,35.79239944900627,31.148218309265314,False,False,-90.77115381201284,True
282,13.201438665390015,left,left,104.44350291048575,75.55649708951425,109.76610359673279,70.23389640326721,19.35391337884512,100.31438792710004,-11.66604536129104,34.99090199219219,34.11027861673949,OK,0.9834972023963928,knee,0.9998756647109985,0.9997047781944275,0.9834972023963928,0.9891376495361328,0.9840157628059387,0.9878033399581909,True,73.03443204943827,72.87041127845791,22.280212484468144,73.03443204943827,73.73337580018855,False,72.87041127845791,74.22921369719018,False,22.280212484468144,22.703850240346263,False,-11.66604536129104,-6.978059592453573,False,34.11027861673949,29.186071935798175,False,False,-110.20218520387054,True
283,13.252734184265137,left,left,105.1240489216575,74.8759510783425,109.5081559798349,70.4918440201651,19.196340849648845,91.661289561113,-3.0129469953039916,25.241737468939228,24.36111409348655,OK,0.9846095442771912,knee,0.9998789429664612,0.9997256398200989,0.9846095442771912,0.9898146986961365,0.9848280549049377,0.9885247945785522,True,72.35388603826651,73.1283588953558,22.122639955271868,72.35388603826651,69.89410618390313,False,73.1283588953558,70.34605450716711,False,22.122639955271868,21.581153747646624,False,-3.0129469953039916,-5.467698072424628,False,24.36111409348655,26.596903496807254,False,False,-126.08772007864249,True
284,13.28682541847229,left,left,113.92031219480614,66.07968780519386,119.14313750320416,60.85686249679584,16.797527556405303,88.99135513253603,-0.34301256672702607,21.01170799733935,20.131084621886657,OK,0.9850621223449707,heel,0.9998828172683716,0.9997405409812927,0.9854089021682739,0.9902300238609314,0.9850621223449707,0.9888765215873718,True,63.55762276511787,63.49337737198654,19.723826662028326,63.55762276511787,64.21356496167074,False,63.49337737198654,65.10160007173778,False,19.723826662028326,20.187658147891003,False,-0.34301256672702607,-3.4028946827106097,False,20.131084621886657,22.702517720534548,False,False,-135.4790536718836,True
285,13.32771635055542,left,left,115.9918048158078,64.0081951841922,120.22940330329187,59.770596696708125,16.350391945044233,88.88227364584169,-0.23393108003268992,19.470264078369997,18.589640702917308,OK,0.9854868054389954,heel,0.9998770356178284,0.9997555017471313,0.986100435256958,0.9906778931617737,0.9854868054389954,0.9892711639404297,True,61.48613014411622,62.407111571898824,19.276691050667257,61.48613014411622,59.28459538341865,False,62.407111571898824,60.713840376360096,False,19.276691050667257,19.050110573731747,False,-0.23393108003268992,-1.4933668024703706,False,18.589640702917308,19.11423238326064,False,False,-146.31425321380243,True
286,13.363086223602295,left,left,126.84218114850918,53.157818851490816,129.0277736342009,50.97222636579909,14.608621481396396,90.4068799760073,-1.7585374101983007,17.20109394309542,16.32047056764273,OK,0.9857838749885559,heel,0.9998682141304016,0.9997667670249939,0.9868112206459045,0.9910554885864258,0.9857838749885559,0.9895630478858948,True,50.63575381141483,53.60874124098979,17.534920587019418,50.63575381141483,53.217085890601176,False,53.60874124098979,54.85893360142926,False,17.534920587019418,17.584291499281512,False,-1.7585374101983007,-0.5144439588624323,False,16.32047056764273,16.45688774731583,False,False,-153.03304459672322,True
287,13.400994777679443,left,left,129.08835080174617,50.911649198253826,131.70490207362116,48.295097926378844,13.66617550804883,90.76674852589885,-2.118405960089845,17.049475305822646,16.168851930369954,OK,0.986323893070221,heel,0.9998683929443359,0.9997822046279907,0.987526535987854,0.9915287494659424,0.986323893070221,0.990009069442749,True,48.38958415817784,50.93161280156954,16.592474613671854,48.38958415817784,48.46991923680759,False,50.93161280156954,50.49844814173311,False,16.592474613671854,16.519865357345942,False,-2.118405960089845,0.42530173870542287,False,16.168851930369954,14.06603471371497,False,False,-154.28442592826673,True
288,13.440397024154663,left,left,135.46159638574488,44.53840361425512,138.7826898544891,41.21731014551091,11.867245477397688,86.7666753430733,1.8816672227357003,11.955014289215187,11.0743909137625,OK,0.9866814613342285,heel,0.9998752474784851,0.999795138835907,0.9883667826652527,0.9920073747634888,0.9866814613342285,0.9903802275657654,True,42.01633857417913,43.853825020701606,14.793544583020712,42.01633857417913,40.83476797576857,False,43.853825020701606,43.13383682253914,False,14.793544583020712,14.630184745433766,False,1.8816672227357003,0.907084230685706,False,11.0743909137625,11.424031667977454,False,False,-158.45922670302798,True
289,13.499973058700562,left,left,137.6561454637741,42.343854536225905,140.94556480168495,39.05443519831505,11.475396846727442,84.29262664469675,4.35571592111225,9.057442829335056,8.17681945388236,OK,0.9854934811592102,heel,0.9998754858970642,0.9997965097427368,0.9884107112884521,0.9913883209228516,0.9854934811592102,0.9887872338294983,True,39.82178949614992,41.690950073505746,14.401695952350465,39.82178949614992,33.80962417910506,False,41.690950073505746,35.59590014427115,False,14.401695952350465,12.293005250856206,False,4.35571592111225,1.1296935097485659,False,8.17681945388236,9.377035775941504,False,False,-157.4926312073991,True
290,13.542280197143555,left,left,154.16756112100288,25.832438878997124,157.05245989926166,22.947540100738337,6.901988885483363,86.47336118594028,2.1749813798687256,6.260248849682429,5.3796254742297265,OK,0.9836372137069702,heel,0.9998798966407776,0.999774158000946,0.9879894852638245,0.990702748298645,0.9836372137069702,0.9871889352798462,True,23.310373838921137,25.584054975929035,9.828287991106386,23.310373838921137,26.360065602435885,False,25.584054975929035,27.57511784744374,False,9.828287991106386,9.741959407754214,False,2.1749813798687256,1.132965762008729,False,5.3796254742297265,7.3939414007376,False,False,-149.49602940236872,True
291,13.587612867355347,left,left,161.96790013182675,18.032099868173248,166.71745702554085,13.282542974459147,2.922724008508586,89.293833580693,-0.6454910148840014,6.966114482915675,6.085491107462985,OK,0.9807107448577881,heel,0.9998819828033447,0.9996934533119202,0.9866715669631958,0.9892491698265076,0.9807107448577881,0.984233558177948,True,15.510034828097261,15.919057849649846,5.849023114131608,15.510034828097261,19.06520797658309,False,15.919057849649846,19.691040986398406,False,5.849023114131608,7.128875064977926,False,-0.6454910148840014,0.5804972409334311,False,6.085491107462985,5.92254481422915,False,False,-135.0978104957551,True
292,13.64514422416687,left,left,166.33614368509203,13.663856314907974,171.80881355775824,8.191186442241758,0.9109462925388776,90.75038726459803,-2.1020446987890296,7.13400342980313,6.25338005435043,OK,0.9728585481643677,heel,0.9998726844787598,0.9994721412658691,0.9818788170814514,0.9842531085014343,0.9728585481643677,0.9770328998565674,True,11.141791274831988,10.827701317432457,3.8372453981619,11.141791274831988,11.969597831475776,False,10.827701317432457,11.956239176873146,False,3.8372453981619,4.497797813279194,False,-2.1020446987890296,-0.31738823337585986,False,6.25338005435043,4.828544701257653,False,False,-117.81435206128097,True
293,13.684447050094604,left,left,171.93588451500887,8.064115484991135,178.20307415971575,1.7969258402842456,-1.1981762364837485,89.52901794844979,-0.8806753826407885,4.598031356672931,3.717407981220248,OK,0.9666666388511658,heel,0.99986732006073,0.9993828535079956,0.9749611616134644,0.9804648160934448,0.9666666388511658,0.9722514748573303,True,5.542050444915147,4.433440715474944,1.728122869139274,5.542050444915147,7.4185088611641135,False,4.433440715474944,6.808707670409239,False,1.728122869139274,2.602356251399361,False,-0.8806753826407885,-1.120015193483559,False,3.717407981220248,4.332172635637766,False,False,-94.35784700791264,True
294,13.731809139251709,left,left,173.13419618931067,6.865803810689329,179.61957384931125,0.3804261506887485,-1.6799894117662202,88.78205401624321,-0.1337114504342054,3.5874422644775485,2.7068188890248734,OK,0.960309624671936,heel,0.9998705983161926,0.9993232488632202,0.9681928753852844,0.9769081473350525,0.960309624671936,0.9677779078483582,True,4.343738770613341,3.0169410258794467,1.2463096938568023,4.343738770613341,4.46252434110934,False,3.0169410258794467,3.53519044110642,False,1.2463096938568023,1.4507619119620387,False,-0.1337114504342054,-1.4062733911813183,False,2.7068188890248734,3.7843692031462526,False,False,-70.99167604179048,True
295,13.767395734786987,left,left,176.92300597256119,3.076994027438815,177.2098825684188,-2.7901174315811943,-2.575218923915802,90.48649598647877,-1.8381534206697694,3.7783885215829733,2.897765146130297,OK,0.9562031030654907,heel,0.9998752474784851,0.9992597103118896,0.9617653489112854,0.9740278124809265,0.9562031030654907,0.9650594592094421,True,0.5549289873628274,-0.15360255639049614,0.35108018170722044,0.5549289873628274,2.048242823760673,False,-0.15360255639049614,0.8272224917261379,False,0.35108018170722044,0.5513157207121948,False,-1.8381534206697694,-1.3733889993797135,False,2.897765146130297,3.1457250521264255,False,False,-50.21776332258999,True
296,13.81217908859253,left,left,176.74782273210062,3.252177267899384,176.91495682794505,-3.0850431720549523,-2.8352476886780265,90.7251245691818,-2.0767820033727986,4.227097320458103,3.346473945005414,OK,0.953851580619812,heel,0.9998820424079895,0.9992566108703613,0.9579495787620544,0.9728349447250366,0.953851580619812,0.964693546295166,True,0.7301122278233967,-0.4485282968642541,0.09105141694499608,0.7301122278233967,0.6649531549169885,False,-0.4485282968642541,-0.7819150480728017,False,0.09105141694499608,-0.0319665012313064,False,-2.0767820033727986,-1.5218793899883678,False,3.346473945005414,2.9367810917468433,False,False,-33.463140203471184,True
297,13.859394073486328,left,left,178.40755127183536,1.5924487281646407,174.65134669534035,-5.348653304659649,-3.5862846637103414,90.58596530559001,-1.9376227397810055,3.940782674703989,3.0601592992512963,OK,0.9477872252464294,heel,0.9998846650123596,0.9991143345832825,0.9482936859130859,0.967991292476654,0.9477872252464294,0.9607865810394287,True,-0.9296163119113467,-2.712138429468951,-0.6599855580873188,-0.9296163119113467,-0.46712943395291207,False,-2.712138429468951,-2.1825857175979992,False,-0.6599855580873188,-0.5870396600290039,False,-1.9376227397810055,-1.752190371915492,False,3.0601592992512963,2.8806069955315707,False,False,-21.125844333266773,True
298,13.895111560821533,left,left,178.8523328592273,1.147667140772711,173.75123814128955,-6.248761858710452,-4.1145873462012545,90.27146990149306,-1.6231273356840603,3.553311554775016,2.6726881793223356,OK,0.941246509552002,knee,0.9998886585235596,0.9989845752716064,0.941246509552002,0.9642025232315063,0.9440320730209351,0.9573575258255005,True,-1.3743978993032764,-3.612246983519754,-1.188288240578232,-1.3743978993032764,-0.7594447874937297,False,-3.612246983519754,-3.0380059485841686,False,-1.188288240578232,-1.0657513484188172,False,-1.6231273356840603,-1.4824325520574462,False,2.6726881793223356,2.695242364729063,False,False,-10.529112473523712,True
299,13.93986439704895,left,left,178.79460913366017,1.205390866339826,173.37707280306276,-6.6229271969372405,-4.4553552057547074,89.93360892587883,-1.2852663600698264,3.3065717834012065,2.4259484079485105,OK,0.9357479214668274,knee,0.9998943209648132,0.9989553689956665,0.9357479214668274,0.960532009601593,0.9403586983680725,0.9543110728263855,True,-1.3166741737361614,-3.9864123217465424,-1.529056100131685,-1.3166741737361614,-1.0882878588656846,False,-3.9864123217465424,-3.9022173292521645,False,-1.529056100131685,-1.557300255494951,False,-1.2852663600698264,-1.1303680104856426,False,2.4259484079485105,2.386997225377172,False,False,-4.0924138934336325,True
300,13.989447832107544,left,left,178.38458274026527,1.615417259734727,172.93278141348796,-7.067218586512041,-4.968777365864868,89.13770688718854,-0.48936432137954,2.8515653675704375,1.9709419921177584,OK,0.9347963929176331,knee,0.9999004602432251,0.9989455342292786,0.9347963929176331,0.9600227475166321,0.9395464658737183,0.9542607665061951,True,-0.9066477803412605,-4.4307037113213426,-2.042478260241846,-0.9066477803412605,-1.0845536473455277,False,-4.4307037113213426,-4.2840400268523755,False,-2.042478260241846,-1.9221778656985389,False,-0.48936432137954,-0.6821399413426121,False,1.9709419921177584,1.9594484551509197,False,False,0.2562725270142538,True
301,14.026996850967407,left,left,178.3920380889604,1.6079619110396095,172.59389992460507,-7.4061000753949315,-5.292992224058697,88.96480186132278,-0.3164592955137806,2.685871623698637,1.8052482482459595,OK,0.9338353872299194,knee,0.999906063079834,0.9989306926727295,0.9338353872299194,0.9591488242149353,0.9377464652061462,0.9535486102104187,True,-0.9141031290363779,-4.769585200204233,-2.3666931184356743,-0.9141031290363779,-0.9874628884487985,False,-4.769585200204233,-4.436328739665498,False,-2.3666931184356743,-2.175932959375642,False,-0.3164592955137806,-0.22214054763486785,False,1.8052482482459595,1.4950734394759138,False,False,6.031063552149525,True
302,14.065597295761108,left,left,178.38888021423458,1.6111197857654247,172.7422332073393,-7.2577667926607035,-5.41067271472828,88.34482495987486,0.3035176059341467,1.8030388235727322,0.9224154481200344,OK,0.9294649362564087,knee,0.9999098181724548,0.9988797307014465,0.9294649362564087,0.955687940120697,0.9355494976043701,0.9505184292793274,True,-0.9109452543105627,-4.621251917470005,-2.4843736091052575,-0.9109452543105627,-0.7253271942482096,False,-4.621251917470005,-4.17072272026445,False,-2.4843736091052575,-2.2093997333374285,False,0.3035176059341467,0.27812783248897405,False,0.9224154481200344,0.9578679601898272,False,False,15.429867878396305,True
303,14.114847898483276,left,left,178.36687906474364,1.6331209352563576,172.98979457722393,-7.0102054227760675,-5.383362814586769,87.97147293295434,0.6768696328546611,1.2314364763999968,0.3508131009473061,OK,0.9254002571105957,knee,0.9999134540557861,0.998832643032074,0.9254002571105957,0.9524796605110168,0.9333903193473816,0.9476799964904785,True,-0.8889441048196298,-4.373690547585369,-2.457063708963746,-0.8889441048196298,-0.3946167572387461,False,-4.373690547585369,-3.570743699083107,False,-2.457063708963746,-2.047878000898712,False,0.6768696328546611,0.7009565542519113,False,0.3508131009473061,0.4272923866937276,False,False,31.27111458884457,True
304,14.162980318069458,left,left,177.48393066265723,2.5160693373427705,174.705102900068,-5.294897099932001,-4.622689075563639,87.43226702525962,1.216075540549383,0.6205443869707596,-0.2600789884819221,OK,0.9226561188697815,knee,0.9999180436134338,0.9987581968307495,0.9226561188697815,0.9500485062599182,0.9318059086799622,0.9455816149711609,True,-0.005995702733216923,-2.658382224741303,-1.6963899699406166,-0.005995702733216923,1.2939352668331443,False,-2.658382224741303,-1.9169804919191908,False,-1.6963899699406166,-1.652386104188367,False,1.216075540549383,1.633105114835962,False,-0.2600789884819221,-0.07457546027200693,False,False,55.11219437145699,True
305,14.206703424453735,left,left,176.73103055521796,3.2689694447820443,175.93267651939468,-4.0673234806053244,-4.161168703671289,87.02356327837386,1.624779287435146,0.1986875000899487,-0.6819358753627398,OK,0.9196129441261292,knee,0.999922513961792,0.9987097382545471,0.9196129441261292,0.9474567770957947,0.9304065704345703,0.9434059858322144,True,0.7469044047060569,-1.4308086054146263,-1.2348695980482667,0.7469044047060569,3.502525040447298,False,-1.4308086054146263,0.1185031537178471,False,-1.2348695980482667,-1.154506495414687,False,1.624779287435146,2.6827894154855954,False,-0.6819358753627398,-0.45327402417084384,False,False,82.42152976680426,True
306,14.24936318397522,left,left,169.94927796860094,10.050722031399062,179.13728403957535,0.8627159604246515,-3.3155327405069706,84.30405905840253,4.344283507406473,0.17653238886996986,-0.7040909865827132,OK,0.9182320237159729,knee,0.9999265670776367,0.9987144470214844,0.9182320237159729,0.9465593695640564,0.9304302930831909,0.9428747296333313,True,7.528656991323074,3.4992308356153496,-0.389233634883948,7.528656991323074,8.202466681582447,False,3.4992308356153496,4.532741126307229,False,-0.389233634883948,0.004074150070926219,False,4.344283507406473,4.024702135321428,False,-0.7040909865827132,-0.3509024299752923,False,False,110.12956018389407,True
307,14.296931743621826,left,left,167.3459313461638,12.654068653836191,177.0803485644755,2.919651435524486,-2.9212746708598805,83.09640345662669,5.551939109182314,-0.09045399592147138,-0.9710773713741503,OK,0.9167158603668213,knee,0.9999308586120605,0.9987178444862366,0.9167158603668213,0.945321798324585,0.9298984408378601,0.9416444301605225,True,10.132003613760205,5.556166310715184,0.005024434763142072,10.132003613760205,14.820787174211048,False,5.556166310715184,10.441902301700333,False,0.005024434763142072,1.444310003739765,False,5.551939109182314,4.374700729957479,False,-0.9710773713741503,1.448494146292984,False,False,134.17734604047538,True
308,14.344288110733032,left,left,154.8671708590679,25.132829140932103,164.93901555982916,15.060984440170841,0.409540412841298,81.26190933377518,7.3864332320338235,1.743294447377756,0.8626710719250639,OK,0.916779637336731,knee,0.9999278783798218,0.998689591884613,0.916779637336731,0.9457606077194214,0.9305191040039062,0.9420177936553955,True,22.610764100856116,17.69749931536154,3.3358395184643204,22.610764100856116,21.80384261019123,False,17.69749931536154,16.79945960375186,False,3.3358395184643204,3.10008599430597,False,7.3864332320338235,3.0729573037163673,False,0.8626710719250639,5.031511697028947,False,False,155.57711138009194,True
309,14.390910387039185,left,left,144.39232819951422,35.607671800485775,155.74909122296648,24.250908777033516,2.5784901927805532,85.68227405207936,2.9660685137296383,9.61752726831216,8.73690389285946,OK,0.9188951849937439,knee,0.9999308586120605,0.9987812638282776,0.9188951849937439,0.948250949382782,0.9351273775100708,0.9448646306991577,True,33.08560676040979,26.887423652224214,5.504789298403576,33.08560676040979,29.80219388727146,False,26.887423652224214,24.451009990975574,False,5.504789298403576,5.094421138913044,False,2.9660685137296383,0.6695364622223593,False,8.73690389285946,9.77606857298655,False,False,167.51726921881573,True
310,14.44110369682312,left,left,141.81575337531706,38.18424662468294,152.2795369703477,27.720463029652308,4.117711249159736,93.53228040957941,-4.883937843770411,18.113775253769766,17.233151878317074,OK,0.9153513312339783,knee,0.9999340176582336,0.998864471912384,0.9153513312339783,0.9463815093040466,0.9361032247543335,0.9425178170204163,True,35.662181584606955,30.356977904843006,7.044010354782759,35.662181584606955,37.56370798688954,False,30.356977904843006,32.17664575251605,False,7.044010354782759,7.233693034917056,False,-4.883937843770411,-2.2006259852335917,False,17.233151878317074,14.821381254524107,False,False,170.70663662162798,True
311,14.47668719291687,left,left,129.95752158319976,50.042478416800236,140.87953210345677,39.12046789654323,6.656142982528403,96.32116326587257,-7.672820700063568,23.899316768657997,23.018693393205297,OK,0.9201176762580872,knee,0.9999304413795471,0.9989311695098877,0.9201176762580872,0.9483292698860168,0.9381317496299744,0.9442320466041565,True,47.52041337672425,41.75698277173393,9.582442088151424,47.52041337672425,45.077441381105686,False,41.75698277173393,39.45077843949449,False,9.582442088151424,9.023200135341662,False,-7.672820700063568,-4.852254532183335,False,23.018693393205297,19.50211760913617,False,False,164.20788028685797,True
312,14.512568473815918,left,left,128.53836084807344,51.46163915192656,138.45216975677312,41.54783024322688,7.775084809160177,97.44721569390644,-8.79887312809744,25.136109411766316,24.25548603631364,OK,0.9258249998092651,knee,0.9999327659606934,0.9990163445472717,0.9258249998092651,0.9518560767173767,0.9411497116088867,0.9478607177734375,True,48.939574111850575,44.18434511841758,10.7013839147832,48.939574111850575,50.66567435301586,False,44.18434511841758,45.3395932714717,False,10.7013839147832,10.590998600910172,False,-8.79887312809744,-6.075215659414423,False,24.25548603631364,21.992295341868733,False,False,149.76351555939118,True
313,14.55095624923706,left,left,117.29850388798712,62.701496112012876,128.56835212493698,51.43164787506302,9.35707591496432,94.5200520685239,-5.871709502714893,25.14697622043807,24.26635284498539,OK,0.9323299527168274,knee,0.9999351501464844,0.9991064071655273,0.9323299527168274,0.9557873010635376,0.9444172382354736,0.951999306678772,True,60.17943107193689,54.06816275025372,12.283375020587343,60.17943107193689,56.92307078266324,False,54.06816275025372,52.12525331381015,False,12.283375020587343,12.17998501835549,False,-5.871709502714893,-5.728410658384362,False,24.26635284498539,22.706213145592915,False,False,132.32848743505076,True
314,14.605230808258057,left,left,116.45116333996339,63.54883666003661,126.30501706308044,53.69498293691956,10.417482520623107,91.7970796882348,-3.1487371224258,22.068415931974958,21.187792556522254,OK,0.9384160041809082,knee,0.9999375939369202,0.9991915822029114,0.9384160041809082,0.959797739982605,0.9487507343292236,0.9562923908233643,True,61.02677161996063,56.33149781211026,13.34378162624613,61.02677161996063,61.0671261440162,False,56.33149781211026,56.840917884421515,False,13.34378162624613,13.449011685538215,False,-3.1487371224258,-3.7803021623338537,False,21.187792556522254,21.45552210746673,False,False,111.35972097621213,True
315,14.661274909973145,left,left,110.52877122708017,69.47122877291983,118.35123675865542,61.64876324134458,12.062643336386325,91.79825540442911,-3.1499128386201107,21.683364272390676,20.80274089693799,OK,0.9438707232475281,knee,0.9999380111694336,0.999257504940033,0.9438707232475281,0.963289201259613,0.952437162399292,0.9600200057029724,True,66.94916373284384,64.28527811653528,14.988942442009346,66.94916373284384,67.03579282440975,False,64.28527811653528,63.12936369868282,False,14.988942442009346,14.900910523930644,False,-3.1499128386201107,-0.6132379016144966,False,20.80274089693799,19.420577551272032,False,False,93.42480788994835,True
316,14.713430881500244,left,left,109.23724477643496,70.76275522356504,117.30120925039998,62.69879074960002,13.001276318442034,86.58062078562003,2.0677217801889753,17.645861578027084,16.76523820257438,OK,0.9489650726318359,knee,0.9999393224716187,0.9993204474449158,0.9489650726318359,0.9665217995643616,0.9561160206794739,0.9633780121803284,True,68.24069018348905,65.33530562479072,15.927575424065058,68.24069018348905,71.98967122685805,False,65.33530562479072,68.32691415503356,False,15.927575424065058,16.204142289346937,False,2.0677217801889753,1.7528828174088715,False,16.76523820257438,18.114016543762535,False,False,83.49289493792226,True
317,14.804505348205566,left,left,98.6950274461057,81.3049725538943,107.00994068546659,72.99005931453341,15.03457900112232,81.61189439030966,7.036448175499345,14.961386630792846,14.080763255340145,OK,0.9535297155380249,knee,0.9999397993087769,0.9993767738342285,0.9535297155380249,0.969448447227478,0.9595670700073242,0.966572642326355,True,78.78290751381832,75.62657418972411,17.960878106745344,78.78290751381832,76.57326677194055,False,75.62657418972411,73.19339491215183,False,17.960878106745344,17.608447740364376,False,7.036448175499345,1.814836122208058,False,14.080763255340145,19.173483477945005,False,False,78.3080492873,True
318,14.849778890609741,left,left,92.52911187574558,87.47088812425442,102.58059984318331,77.41940015681669,15.873234742045788,82.68944847340705,5.958894092401948,18.61417118289058,17.7335478074379,OK,0.9575703740119934,knee,0.9999371767044067,0.999428391456604,0.9575703740119934,0.9721375107765198,0.9629707336425781,0.9694541692733765,True,84.94882308417843,80.05591503200739,18.799533847668812,84.94882308417843,80.15644157604179,False,80.05591503200739,77.0433129356539,False,18.799533847668812,18.978483940077357,False,5.958894092401948,1.504589655786745,False,17.7335478074379,20.58702292467847,False,False,65.61894592123522,True
319,14.895171403884888,left,left,93.53318561455094,86.46681438544906,101.9726132774891,78.0273867225109,17.439009775710282,91.48731316423887,-2.838970598429867,27.365750602887314,26.485127227434617,OK,0.9614176154136658,knee,0.9999390244483948,0.9994819760322571,0.9614176154136658,0.9746624231338501,0.9662101864814758,0.9721836447715759,True,83.94474934537307,80.6639015977016,20.365308881333306,83.94474934537307,83.59474723541499,False,80.6639015977016,80.9727388619249,False,20.365308881333306,20.3172844339092,False,-2.838970598429867,-0.20035086709608266,False,26.485127227434617,23.139643674495357,False,False,53.66597084399386,True
320,14.932416677474976,left,left,92.61289720657395,87.38710279342605,99.10164664114502,80.89835335885498,18.91282433495124,93.34948773653568,-4.701145170726676,28.751061506058,27.870438130605322,OK,0.9646718502044678,knee,0.9999374747276306,0.9995273351669312,0.9646718502044678,0.9768328070640564,0.9689507484436035,0.974510908126831,True,84.86503775335007,83.53486823404567,21.839123440574262,84.86503775335007,85.70494938043095,False,83.53486823404567,83.64652062789071,False,21.839123440574262,21.325436497795664,False,-4.701145170726676,-2.351389657337583,False,27.870438130605322,25.735254907673482,False,False,42.9098912166203,True
321,14.977152347564697,left,left,92.04571647956895,87.95428352043105,97.654079619045,82.345920380955,19.695278787601264,95.10532340003417,-6.456980834225163,30.40896532711148,29.528341951658803,OK,0.9677239656448364,knee,0.9999330043792725,0.9995677471160889,0.9677239656448364,0.9788703322410583,0.971524178981781,0.9767183661460876,True,85.43221848035506,84.98243525614569,22.621577893224288,85.43221848035506,86.31264731124745,False,84.98243525614569,85.38692422916843,False,22.621577893224288,22.37646923381713,False,-6.456980834225163,-4.6256530580852315,False,29.528341951658803,27.927845373981352,False,False,28.115430685184243,True
322,15.013434886932373,left,left,88.14401672102588,91.85598327897412,93.64103185563756,86.35896814436244,20.07533932055463,92.36708834151716,-3.7187457757081575,27.939442796683462,27.058819421230766,OK,0.9699735641479492,knee,0.9999232292175293,0.9995946288108826,0.9699735641479492,0.9802138805389404,0.9734649062156677,0.978121280670166,True,89.33391823889814,88.99548301955313,23.001638426177653,89.33391823889814,87.15854640186735,False,88.99548301955313,87.13698782870753,False,23.001638426177653,23.201804815615432,False,-3.7187457757081575,-4.957176315323264,False,27.058819421230766,28.180539704098493,False,False,11.531557244714282,True
323,15.059994459152222,left,left,89.49062222166313,90.50937777833687,93.87858183679467,86.12141816320533,21.128398422153126,94.0607654771453,-5.412422911336293,29.577123514429953,28.696500138977257,OK,0.9716365337371826,knee,0.9999052882194519,0.9996064305305481,0.9716365337371826,0.9814313054084778,0.9748151302337646,0.979327380657196,True,87.98731273826088,88.75793303839603,24.05469752777615,87.98731273826088,87.4448158496314,False,88.75793303839603,87.86504062251898,False,24.05469752777615,23.63404420187957,False,-5.412422911336293,-4.782092717559467,False,28.696500138977257,27.995912146551444,False,False,-1.9390823851847472,True
324,15.104212760925293,left,left,89.30369016145139,90.69630983854861,93.22229527979357,86.77770472020643,21.56568768470179,93.14492945042903,-4.496586884620029,28.629222253472996,27.748598878020317,OK,0.9733825325965881,knee,0.9998888969421387,0.9996143579483032,0.9733825325965881,0.9825727343559265,0.976224422454834,0.9804660677909851,True,88.17424479847263,89.41421959539713,24.491986790324813,88.17424479847263,87.48624457601882,False,89.41421959539713,88.20077157272387,False,24.491986790324813,23.906077756248486,False,-4.496586884620029,-4.268188145352738,False,27.748598878020317,27.459738904896135,False,False,-13.722393151011966,True
325,15.14096999168396,left,left,91.18154996775371,88.81845003224629,95.46138267208786,84.53861732791214,21.074021266271927,92.4740697477167,-3.825727181907695,27.82792371832277,26.94730034287008,OK,0.9751957654953003,knee,0.999880313873291,0.9996283650398254,0.9751957654953003,0.9837310314178467,0.9775670170783997,0.9816960692405701,True,86.2963849921703,87.17513220310283,24.00032037189495,86.2963849921703,86.26895812374212,False,87.17513220310283,87.21602913141676,False,24.00032037189495,24.076381525109213,False,-3.825727181907695,-4.417846528928047,False,26.94730034287008,27.547157046362592,False,False,-26.165990412896214,True
326,15.185771465301514,left,left,91.8385728476319,88.1614271523681,95.9754248680205,84.0245751319795,21.055446559445834,92.53580053900052,-3.887457973191516,27.72809911883495,26.84747574338226,OK,0.9768186807632446,knee,0.9998703598976135,0.9996403455734253,0.9768186807632446,0.9847497940063477,0.9787915349006653,0.9827600121498108,True,85.63936211229212,86.6610900071702,23.981745665068857,85.63936211229212,85.06878193914508,False,86.6610900071702,85.99134363123501,False,23.981745665068857,24.004974884910954,False,-3.887457973191516,-4.337784161960596,False,26.84747574338226,27.4201973547816,False,False,-43.45773147063528,True
327,15.227344274520874,left,left,94.23044898240937,85.76955101759063,98.56474406217312,81.43525593782688,20.92685816485827,93.1153802593937,-4.4670376935847,28.376533504015736,27.495910128563054,OK,0.9783674478530884,knee,0.9998632669448853,0.9996543526649475,0.9783674478530884,0.9857223033905029,0.9798216819763184,0.9838448166847229,True,83.24748597751464,84.07177081301758,23.853157270481294,83.24748597751464,82.89944807970748,False,84.07177081301758,83.7111603640857,False,23.853157270481294,23.758126870220558,False,-4.4670376935847,-5.001494142842802,False,27.495910128563054,27.94790872868513,False,False,-68.81750871869482,True
328,15.276400566101074,left,left,95.49150314464828,84.50849685535172,100.0020093377034,79.9979906622966,20.771365221161826,93.66045364230804,-5.012111076499039,28.942325056524986,28.061701681072293,OK,0.9797790050506592,knee,0.9998566508293152,0.9996698498725891,0.9797790050506592,0.9866222739219666,0.9807685017585754,0.9848595857620239,True,81.98643181527574,82.6345055374873,23.69766432678485,81.98643181527574,80.95557091765755,False,82.6345055374873,81.70729573196601,False,23.69766432678485,23.51569095745611,False,-5.012111076499039,-5.893747814693919,False,28.061701681072293,28.657713957841544,False,False,-96.32259212543696,True
329,15.319106817245483,left,left,100.15035945863934,79.84964054136066,104.62321161554013,75.37678838445987,20.331447611249818,96.46347935484006,-7.815136789031058,31.26777912299066,30.387155747537975,OK,0.9812111258506775,knee,0.9998607039451599,0.9996902942657471,0.9812111258506775,0.9875461459159851,0.9816917181015015,0.9858601689338684,True,77.32757550128467,78.01330325965057,23.25774671687284,77.32757550128467,75.79970458694281,False,78.01330325965057,76.46894639374372,False,23.25774671687284,22.583007124885818,False,-7.815136789031058,-6.287460574331621,False,30.387155747537975,28.201225892416495,False,False,-118.52605807875803,True
330,15.361255884170532,left,left,100.90093577800346,79.09906422199654,105.48070583268633,74.51929416731367,19.861841702449684,96.93533810697228,-8.286995541163279,31.376949864104823,30.49632648865213,OK,0.9824755787849426,knee,0.9998653531074524,0.9997121691703796,0.9824755787849426,0.98839271068573,0.9827941060066223,0.9868048429489136,True,76.57699918192056,77.15580904250437,22.788140808072708,76.57699918192056,68.72383316483767,False,77.15580904250437,69.46977801753222,False,22.788140808072708,21.156312216726516,False,-8.286995541163279,-5.858910947900251,False,30.49632648865213,26.26927831193219,False,False,-136.3310364361831,True
331,15.403790473937988,left,left,117.61790450120554,62.382095498794456,122.16717155913186,57.83282844086814,16.392027396594358,94.50436433718903,-5.856021771380028,25.44565879170971,24.565035416257018,OK,0.9831093549728394,heel,0.9998670220375061,0.9997301697731018,0.983347475528717,0.9889816045761108,0.9831093549728394,0.9872455596923828,True,59.86003045871847,60.46934331605884,19.31832650221738,59.86003045871847,61.59067241270388,False,60.46934331605884,62.1388336286657,False,19.31832650221738,19.449748128973678,False,-5.856021771380028,-4.114936704008744,False,24.565035416257018,23.016523617020585,False,False,-152.04960008477875,True
332,15.463882446289062,left,left,129.60980609293506,50.39019390706494,133.56058594323068,46.43941405676932,13.79338362406179,90.97263212723685,-2.3242895614278467,18.71679560159422,17.836172226141542,OK,0.9829736948013306,heel,0.9998650550842285,0.9997435808181763,0.9835898280143738,0.9891247749328613,0.9829736948013306,0.9871177077293396,True,47.868128866988954,49.07592893196002,16.719682729684813,47.868128866988954,53.93810168878774,False,49.07592893196002,54.59095068306309,False,16.719682729684813,17.636012357340427,False,-2.3242895614278467,-2.4702733175875067,False,17.836172226141542,19.45343668065255,False,False,-151.81576211995622,True
333,15.517520666122437,left,left,131.15730690531723,48.84269309468277,136.65673128203602,43.34326871796398,12.23854478239763,84.94058242285051,3.7077601429584917,12.678551581966932,11.797928206514257,OK,0.9834831953048706,heel,0.9998616576194763,0.9997624754905701,0.984224259853363,0.9896478652954102,0.9834831953048706,0.9877855777740479,True,46.320628054606786,45.97978359315468,15.164843888020652,46.320628054606786,46.28520957618578,False,45.97978359315468,47.04864836031386,False,15.164843888020652,15.826151574470074,False,3.7077601429584917,-0.7421919943177357,False,11.797928206514257,15.804904784659692,False,False,-139.1347408936096,True
334,15.55275297164917,left,left,138.41321307822008,41.58678692177992,142.36262634355316,37.63737365644684,11.262768753083563,88.24016242273387,0.4081801430751284,13.452344441150482,12.571721065697801,OK,0.9837418794631958,heel,0.9998694658279419,0.9997789263725281,0.985052764415741,0.9901405572891235,0.9837418794631958,0.9881476163864136,True,39.06472188170393,40.27388853163754,14.189067858706586,39.06472188170393,40.15512357211868,False,40.27388853163754,40.835900483800124,False,14.189067858706586,14.035507727449446,False,0.4081801430751284,0.34374367226115793,False,12.571721065697801,13.010987143506815,False,False,-127.97447244978795,True
335,15.590277671813965,left,left,139.1653963410133,40.83460365898671,143.19221744643247,36.807782553567534,10.812537788097915,88.29493149062343,0.35341107518557635,13.13429038414053,12.253667008687842,OK,0.9832637906074524,heel,0.9998706579208374,0.9997903108596802,0.9852334856987,0.9902234673500061,0.9832637906074524,0.9877173900604248,True,38.31253861891072,39.44429742875823,13.738836893720936,38.31253861891072,36.00530425933513,False,39.44429742875823,36.25843916782208,False,13.738836893720936,12.495151749625043,False,0.35341107518557635,0.9447593821518069,False,12.253667008687842,11.297257458986257,False,False,-124.92502411763185,True
336,15.64646577835083,left,left,148.268334521541,31.731665478459007,153.23091094170056,26.769089058299443,7.438808161491212,89.07468600429456,-0.42634343848556,11.476070585945337,10.595447210492637,OK,0.9830453991889954,heel,0.9998786449432373,0.9997917413711548,0.9858996272087097,0.990431010723114,0.9830453991889954,0.9874699115753174,True,29.20960043838302,29.40560393349014,10.365107267114235,29.20960043838302,30.662043894844395,False,29.40560393349014,30.76652734218021,False,10.365107267114235,10.700629442337354,False,-0.42634343848556,0.38373279440828584,False,10.595447210492637,10.212413200593222,False,False,-120.2321450169225,True
337,15.692705154418945,left,left,150.35890265685282,29.64109734314718,156.44789252312088,23.552107476879115,6.0916037349397785,87.9675535777836,0.6807889880253981,10.148147178991444,9.26752380353875,OK,0.9814502596855164,heel,0.9998828768730164,0.9997751116752625,0.9854407906532288,0.9898414015769958,0.9814502596855164,0.9857602715492249,True,27.119032303071194,26.188622352069814,9.017902840562801,27.119032303071194,26.258140313047694,False,26.188622352069814,25.833789758774465,False,9.017902840562801,8.87855770951606,False,0.6807889880253981,0.07199663295874074,False,9.26752380353875,9.23091163083053,False,False,-115.96752202819523,True
338,15.737373113632202,left,left,157.87360872777091,22.126391272229085,164.11629041024537,15.88370958975463,3.2659332459591854,87.74571536156812,0.9026272042408863,7.25433029000177,6.373706914549075,OK,0.9778903722763062,heel,0.9998812675476074,0.9996918439865112,0.9833937287330627,0.9876058101654053,0.9778903722763062,0.9820735454559326,True,19.6043262321531,18.52022446494533,6.1922323515822075,19.6043262321531,19.81213005424291,False,18.52022446494533,19.047758481606287,False,6.1922323515822075,6.623591197478454,False,0.9026272042408863,-0.8254609537684189,False,6.373706914549075,8.213423723883471,False,False,-113.67081460258973,True
339,15.780158042907715,left,left,160.43273098720357,19.56726901279643,167.0263142605819,12.973685739418102,2.1524100889771,89.7988432299816,-1.150500664172597,8.54483659233704,7.664213216884349,OK,0.9738243818283081,heel,0.9998805522918701,0.9996080994606018,0.9800445437431335,0.9850860238075256,0.9738243818283081,0.9786070585250854,True,17.045203972720444,15.6102006146088,5.078709194600123,17.045203972720444,14.157028191574934,False,15.6102006146088,13.236851426648338,False,5.078709194600123,4.710881657304521,False,-1.150500664172597,-1.096582715193796,False,7.664213216884349,6.727641137424899,False,False,-110.77146534853735,True
340,15.829397439956665,left,left,171.39544763503721,8.604552364962785,177.12237383227335,2.877626167726646,-0.46229477209011927,92.78221942425922,-4.133876858450222,8.046850849405233,7.166227473952546,OK,0.9667980074882507,heel,0.9998850226402283,0.9995693564414978,0.9733049273490906,0.9806092977523804,0.9667980074882507,0.9734134078025818,True,6.082487324886798,5.514141042917345,2.464004333532903,6.082487324886798,8.73007908936589,False,5.514141042917345,7.866599343602502,False,2.464004333532903,3.006574295747008,False,-4.133876858450222,-1.9556339122103084,False,7.166227473952546,5.825687953720694,False,False,-98.76144960898358,True
341,15.882655143737793,left,left,176.54384383488087,3.4561561651191255,177.7145537835097,-2.2854462164902998,-2.1247395393784587,90.43029481142145,-1.7819522456124446,4.047157653652453,3.1665342781997765,OK,0.9605243802070618,heel,0.9998866319656372,0.9994775056838989,0.9663822054862976,0.9769247770309448,0.9605243802070618,0.9693027138710022,True,0.9340911250431381,0.3510686587003984,0.8015595662445638,0.9340911250431381,4.779696335671345,False,0.3510686587003984,3.8196511363046284,False,0.8015595662445638,1.773380749467086,False,-1.7819522456124446,-2.502528819590131,False,3.1665342781997765,5.235954768423932,False,False,-75.22948753293343,True
342,15.922922134399414,left,left,177.49364816789804,2.506351832101956,176.70084706164994,-3.299152938350062,-2.4299330728477804,92.26280956286617,-3.614466997057164,5.638381260470415,4.757757885017725,OK,0.9559884071350098,heel,0.9998909831047058,0.9993971586227417,0.9600433111190796,0.9728326797485352,0.9559884071350098,0.9657160639762878,True,-0.01571320797403164,-0.6626380631593638,0.49636603277524216,-0.01571320797403164,1.3329778444703626,False,-0.6626380631593638,0.3735850552809037,False,0.49636603277524216,0.771675743844135,False,-3.614466997057164,-2.5627824641957546,False,4.757757885017725,4.293850997229351,False,False,-52.79866712000238,True
343,15.971660375595093,left,left,177.62552249624363,2.374477503756367,175.64896855326526,-4.351031446734737,-2.9000344854404245,90.48018989846723,-1.8318473326582279,4.305664363517941,3.4250409880652626,OK,0.9535470604896545,heel,0.9998984932899475,0.999387264251709,0.9536234140396118,0.9709393382072449,0.9535470604896545,0.9646183252334595,True,-0.1475875363196204,-1.714516571544039,0.02626462018259801,-0.1475875363196204,-0.09743140495703902,False,-1.714516571544039,-1.3535185400283356,False,0.02626462018259801,0.14432902522988594,False,-1.8318473326582279,-2.236513907060919,False,3.4250409880652626,3.6369300673621128,False,False,-34.79419322322793,True
344,16.012993097305298,left,left,177.66632344320848,2.3336765567915165,175.74335533429948,-4.25664466570052,-2.856114939137655,90.10011145300972,-1.4517688872007142,3.8343177363641385,2.9536943609114417,OK,0.9461783766746521,knee,0.9999041557312012,0.9993526339530945,0.9461783766746521,0.9674723744392395,0.9500784873962402,0.9623183012008667,True,-0.1883884832844709,-1.620129790509822,0.07018416648536752,-0.1883884832844709,-0.6309012128982469,False,-1.620129790509822,-2.2665178604425424,False,0.07018416648536752,-0.280702118771541,False,-1.4517688872007142,-2.02064212775833,False,2.9536943609114417,3.375556656531086,False,False,-17.97576053425438,True
345,16.060889720916748,left,left,178.54749388217422,1.4525061178257772,174.24210819118045,-5.757891808819551,-3.5990283651613644,91.15087663858505,-2.5025340727760437,4.7622462000690335,3.8816228246163575,OK,0.9426825046539307,knee,0.999906599521637,0.9992568492889404,0.9426825046539307,0.9651101231575012,0.9475809931755066,0.9602790474891663,True,-1.0695589222502102,-3.1213769336288526,-0.6727292595383418,-1.0695589222502102,-0.929028982202099,False,-3.1213769336288526,-2.8375692807581627,False,-0.6727292595383418,-0.5841663720515765,False,-2.5025340727760437,-1.383758576275622,False,3.8816228246163575,2.708132502780103,False,False,-4.42380156952336,True
346,16.109976768493652,left,left,179.2111928745869,0.7888071254130864,173.14955718143867,-6.8504428185613335,-4.249895259385593,89.3509359149085,-0.7025933490995016,2.740290599497338,1.8596672240446424,OK,0.9387471079826355,knee,0.9999107718467712,0.999164879322052,0.9387471079826355,0.9620168805122375,0.9434507489204407,0.9570983648300171,True,-1.733257914662901,-4.213927943370635,-1.323596153762571,-1.733257914662901,-0.9020858363106905,False,-4.213927943370635,-2.960863105539721,False,-1.323596153762571,-0.7580621352990096,False,-0.7025933490995016,-0.6750150732708846,False,1.8596672240446424,1.9757302072008998,False,False,2.7878345910657862,True
347,16.14585280418396,left,left,178.9842870144173,1.0157129855826952,173.84558996007183,-6.154410039928166,-3.9472543392479578,89.07839180545263,-0.4300492396436226,2.3012604917155004,1.4206371162628102,OK,0.9357274174690247,knee,0.999915361404419,0.9991294741630554,0.9357274174690247,0.9593056440353394,0.9409739375114441,0.9548048973083496,True,-1.5063520544932922,-3.517895164737468,-1.0209552336249352,-1.5063520544932922,-0.7045315998996594,False,-3.517895164737468,-2.949476099018398,False,-1.0209552336249352,-0.9043305167386302,False,-0.4300492396436226,0.16138658342159715,False,1.4206371162628102,1.1792273989584998,False,False,13.603526497606655,True
348,16.19779944419861,left,left,177.4908067667866,2.5091932332134093,175.03249942935747,-4.967500570642528,-3.76951330167759,86.93647238344354,1.711870182365459,0.6436528856219312,-0.2369704898307532,OK,0.93497234582901,knee,0.9999211430549622,0.9991279244422913,0.93497234582901,0.9588313698768616,0.941816508769989,0.9549168348312378,True,-0.012871806862578161,-2.33098569545183,-0.8432141960545674,-0.012871806862578161,-0.150964773254797,False,-2.33098569545183,-2.3988584834369195,False,-0.8432141960545674,-0.8350167198477297,False,1.711870182365459,1.2241226339748863,False,-0.2369704898307532,0.18875435635948748,False,False,25.657755377317102,True
349,16.241291284561157,left,left,176.67855226115333,3.321447738846672,175.8002903669061,-4.199709633093903,-3.5874568463357583,85.91810316954731,2.7302393962616947,-0.14819630484786445,-1.0288196803005576,OK,0.9340442419052124,knee,0.9999260306358337,0.9991142749786377,0.9340442419052124,0.9582581520080566,0.9421482682228088,0.9546658992767334,True,0.7993826987706845,-1.5631947579032048,-0.6611577407127358,0.7993826987706845,0.7080247935335441,False,-1.5631947579032048,-1.4482957614686316,False,-0.6611577407127358,-0.5879484568208129,False,2.7302393962616947,1.949999929578547,False,-1.0288196803005576,-0.38162783139719636,False,False,39.57766346970832,True
350,16.27740454673767,left,left,175.7796597489499,4.220340251050089,176.99519626908784,-3.0048037309121582,-3.2524593807068625,85.8371963858186,2.811146179990402,-0.19011901292601688,-1.0707423883787044,OK,0.9316221475601196,knee,0.9999303817749023,0.9990696907043457,0.9316221475601196,0.9560496211051941,0.9397555589675903,0.9524152278900146,True,1.698275210974102,-0.3682888557214601,-0.32616027508383993,1.698275210974102,3.0418193950651435,False,-0.3682888557214601,0.7301294563730036,False,-0.32616027508383993,-0.046702169750506915,False,2.811146179990402,3.179506007926861,False,-1.0707423883787044,-0.914518238985238,False,False,62.39814865266253,True
351,16.329189777374268,left,left,174.9162450406452,5.083754959354792,177.9023707912801,-2.0976292087198942,-3.0145539442510083,85.7215494368902,2.9267931289188027,-0.1116203392860901,-0.9922437147387768,OK,0.9299166798591614,knee,0.999934196472168,0.9990329146385193,0.9299166798591614,0.9545194506645203,0.9381988048553467,0.9509034752845764,True,2.5616899192788045,0.5388856664708039,-0.08825483862798578,2.5616899192788045,5.476795256354679,False,0.5388856664708039,3.144092494807052,False,-0.08825483862798578,0.6039894866908293,False,2.9267931289188027,4.073169775614014,False,-0.9922437147387768,-1.1364775273755754,False,False,91.59875248948718,True
352,16.381900787353516,left,left,167.3153140067593,12.684685993240691,175.26228395072,4.73771604928001,-1.2410229038964282,82.93086141371106,5.717481152097946,-0.36319154622469824,-1.243814921677398,OK,0.9274482131004333,knee,0.9999368786811829,0.9989631772041321,0.9274482131004333,0.9527997374534607,0.9385578036308289,0.9498056173324585,True,10.162620953164705,7.374230924470709,1.6852762017265943,10.162620953164705,10.719929253827818,False,7.374230924470709,7.957527401638401,False,1.6852762017265943,1.778521166386107,False,5.717481152097946,4.369925402278502,False,-1.243814921677398,0.17099761629699514,False,False,119.52217107987988,True
353,16.43473792076111,left,left,165.3159274603389,14.684072539661088,172.8976853784723,7.102314621527711,-0.5160550194709086,82.46815354500778,6.1801890208012225,-0.4661435563297389,-1.3467669317824402,OK,0.9272912740707397,knee,0.999939501285553,0.9989238381385803,0.9272912740707397,0.9528912305831909,0.939628005027771,0.950129508972168,True,12.162007499585101,9.73882949671841,2.410244086152114,12.162007499585101,18.328968154051054,False,9.73882949671841,14.742928344555992,False,2.410244086152114,3.290056452506356,False,6.1801890208012225,4.0238232992218546,False,-1.3467669317824402,2.85227296277954,False,False,147.6473786431169,True
354,16.477773189544678,left,left,150.46288227378764,29.537117726212358,160.13253509893715,19.867464901062846,2.2852015521406295,84.43432503622486,4.21401752958414,6.389179413514986,5.508556038062295,OK,0.9288577437400818,knee,0.9999387860298157,0.99895179271698,0.9288577437400818,0.9546491503715515,0.9424667358398438,0.951854407787323,True,27.01505268613637,22.503979776253544,5.2115006577636525,27.01505268613637,25.9007832858505,False,22.503979776253544,21.820168975881433,False,5.2115006577636525,5.097528070047684,False,4.21401752958414,3.101873415842223,False,5.508556038062295,6.0762689641745,False,False,173.76274048604608,True
355,16.52336835861206,left,left,137.73446524783373,42.265534752166275,149.0777990163242,30.922200983675793,4.305217049894381,87.56770690110184,1.0806356647071595,13.216257719486705,12.33563434403402,OK,0.9287481307983398,knee,0.9999324679374695,0.9989754557609558,0.9287481307983398,0.9551138877868652,0.9448554515838623,0.9526351094245911,True,39.74346971209029,33.55871585886649,7.2315161555174035,39.74346971209029,34.66856539666817,False,33.55871585886649,30.15588489280402,False,7.2315161555174035,6.946658582056162,False,1.0806356647071595,1.355003870529464,False,12.33563434403402,10.104335215390813,False,False,181.19661100256548,True
356,16.565857648849487,left,left,137.05716938164795,42.94283061835205,146.7114260520927,33.28857394790731,6.022804143455631,90.33129885378835,-1.6829562879793514,16.00835966768871,15.127736292236023,OK,0.9311326742172241,knee,0.9999321699142456,0.9990025758743286,0.9311326742172241,0.9562020301818848,0.9467365145683289,0.9533568620681763,True,40.42076557827606,35.92508882309801,8.949103249078654,40.42076557827606,43.30874855154923,False,35.92508882309801,38.37828076725887,False,8.949103249078654,8.867265875061609,False,-1.6829562879793514,-0.7381708242850209,False,15.127736292236023,14.535904483636955,False,False,176.6132152304583,True
357,16.6045880317688,left,left,123.47640345267098,56.52359654732902,133.58370436610704,46.41629563389296,8.004629656145967,91.66520914027485,-3.016866574465851,19.777139709856865,18.89651633440417,OK,0.9360951781272888,knee,0.9999295473098755,0.9990715384483337,0.9360951781272888,0.9593671560287476,0.9494603872299194,0.9565377831459045,True,54.001531507253034,49.052810509083656,10.930928761768989,54.001531507253034,51.2023163397624,False,49.052810509083656,46.127689600949864,False,10.930928761768989,10.642161445698287,False,-3.016866574465851,-1.9847674211774802,False,18.89651633440417,17.701555605688277,False,False,165.03146396483103,True
358,16.654120922088623,left,left,122.1150116859336,57.884988314066405,131.78570600619804,48.21429399380196,9.086981445556315,92.9340270190802,-4.285684453271202,21.69170278490097,20.81107940944827,OK,0.9410891532897949,knee,0.9999314546585083,0.9991481900215149,0.9410891532897949,0.9624009132385254,0.9521927237510681,0.9596236348152161,True,55.36292327399042,50.85080886899266,12.013280551179339,55.36292327399042,56.22621400423361,False,50.85080886899266,51.8046008979545,False,12.013280551179339,12.172440777762358,False,-4.285684453271202,-2.4640936033528362,False,20.81107940944827,19.05814748739427,False,False,147.531370413477,True
359,16.692561388015747,left,left,110.9950433327218,69.0049566672782,121.38549093048222,58.61450906951778,11.159679405324026,90.66730802068716,-2.018965454878156,22.21743502377159,21.3368116483189,OK,0.9462915658950806,knee,0.9999330043792725,0.9992295503616333,0.9462915658950806,0.965652585029602,0.9554643034934998,0.9631495475769043,True,66.4828916272022,61.25102394470848,14.085978510947047,66.4828916272022,62.66936289862489,False,61.25102394470848,58.58054532261366,False,14.085978510947047,13.575801546737386,False,-2.018965454878156,-1.263489139902117,False,21.3368116483189,18.9281082626507,False,False,132.46133022932355,True
360,16.740659952163696,left,left,112.61497692547768,67.38502307452232,120.693242531301,59.306757468699004,11.956613710214732,89.96433781197862,-1.3159952461696207,19.999217128016667,19.11859375256398,OK,0.9510886669158936,knee,0.9999333620071411,0.999296247959137,0.9510886669158936,0.9686035513877869,0.958380401134491,0.9662713408470154,True,64.86295803444634,61.9432723438897,14.882912815837756,64.86295803444634,66.22267641642858,False,61.9432723438897,62.76320101666114,False,14.882912815837756,14.88732710390658,False,-1.3159952461696207,0.90584726695119,False,19.11859375256398,17.440955236722793,False,False,121.92626286638203,True
361,16.781526803970337,left,left,104.84142490969155,75.15857509030845,112.83170392879688,67.16829607120312,13.03960798833079,84.32827653653476,4.320066029274244,15.358163543970871,14.477540168518175,OK,0.9556560516357422,knee,0.9999348521232605,0.9993574619293213,0.9556560516357422,0.9714745283126831,0.9617213010787964,0.9693338871002197,True,72.63651005023246,69.80481094639381,15.965907093953813,72.63651005023246,72.01146409589248,False,69.80481094639381,68.71435549407423,False,15.965907093953813,16.21271877855417,False,4.320066029274244,3.716208793699013,False,14.477540168518175,15.79361858667338,False,False,109.24477258144186,True
362,16.81710982322693,left,left,105.70983586365254,74.29016413634746,112.67042589586966,67.32957410413034,14.562257441991926,80.81852710600832,7.829815459800685,12.34137458021735,11.460751204764648,OK,0.9597365260124207,knee,0.9999381899833679,0.9994174242019653,0.9597365260124207,0.9740500450134277,0.9649338126182556,0.9720630049705505,True,71.76809909627147,69.96608897932104,17.488556547614948,71.76809909627147,76.15911327206177,False,69.96608897932104,73.30385403149708,False,17.488556547614948,17.485540852102883,False,7.829815459800685,3.4486183341354746,False,11.460751204764648,16.892181758532065,False,False,99.09485031899492,True
363,16.858221292495728,left,left,93.17107328861404,86.82892671138596,102.02993361913259,77.97006638086741,15.713939818794248,78.88221938534109,9.766123180467915,13.455019534653891,12.5743961592012,OK,0.9629871249198914,knee,0.9999321103096008,0.9994595646858215,0.9629871249198914,0.9760366082191467,0.9675305485725403,0.9741513133049011,True,84.30686167130997,80.6065812560581,18.64023892441727,84.30686167130997,80.0335397007531,False,80.6065812560581,77.58493107845254,False,18.64023892441727,18.997219522357263,False,9.766123180467915,2.955673184521655,False,12.5743961592012,18.49015496013613,False,False,89.56200573167318,True
364,16.922547340393066,left,left,90.25679745187541,89.74320254812459,98.43799824336796,81.56200175663204,17.5237897730676,92.00526031850485,-3.35691775269585,27.710250883065008,26.829627507612315,OK,0.965900719165802,knee,0.9999300837516785,0.9995039701461792,0.965900719165802,0.9778527021408081,0.969777524471283,0.9760447144508362,True,87.2211375080486,84.19851663182274,20.450088878690625,87.2211375080486,82.96830766049727,False,84.19851663182274,81.07678439244819,False,20.450088878690625,20.38860725713312,False,-3.35691775269585,1.6072488088336656,False,26.829627507612315,20.672881716348503,False,False,68.98174600649679,True
365,16.957302808761597,left,left,93.24284478202102,86.75715521797898,99.28785729652367,80.71214270347633,19.515007061486635,92.42906356004772,-3.7807209942387203,27.989083136037003,27.10845976058431,OK,0.9687858819961548,knee,0.9999258518218994,0.9995455145835876,0.9687858819961548,0.9797150492668152,0.9721288681030273,0.9780274033546448,True,84.23509017790299,83.34865757866703,22.44130616710966,84.23509017790299,86.13870609890378,False,83.34865757866703,84.71233749454618,False,22.44130616710966,21.61099515777574,False,-3.7807209942387203,-1.0856036980915946,False,27.10845976058431,24.122967460224913,False,False,52.66869333940336,True
366,16.998815298080444,left,left,90.16758511097072,89.83241488902928,95.37243735881866,84.62756264118134,19.99654666221007,91.0703984149747,-2.4220558491657016,26.27179732503272,25.391173949580036,OK,0.9712803959846497,knee,0.9999200105667114,0.9995813965797424,0.9712803959846497,0.9813234806060791,0.974125862121582,0.9797178506851196,True,87.3103498489533,87.26407751637204,22.922845767833092,87.3103498489533,87.34137282390478,False,87.26407751637204,86.7972495089477,False,22.922845767833092,22.7509309753961,False,-2.4220558491657016,-4.424334255285734,False,25.391173949580036,27.71938854563889,False,False,41.7165145030029,True
367,17.046817779541016,left,left,89.85784367161993,90.14215632838007,94.4926603853797,85.5073396146203,20.674196945205033,94.28278964063462,-5.634447074825616,29.5918032995994,28.711179924146705,OK,0.9731870889663696,knee,0.9999100565910339,0.9996095299720764,0.9731870889663696,0.9825030565261841,0.9755748510360718,0.9809072017669678,True,87.62009128830408,88.143854489811,23.600496050828056,87.62009128830408,88.3559933458603,False,88.143854489811,88.69910336673239,False,23.600496050828056,23.703842772126972,False,-5.634447074825616,-5.063475212515959,False,28.711179924146705,28.42420796377081,False,False,27.443792168829578,True
368,17.09653615951538,left,left,87.15773966360908,92.84226033639092,91.60537354712504,88.39462645287496,21.413618906896048,95.57587217131179,-6.927529605502784,31.437124961723775,30.556501586271082,OK,0.9748982787132263,knee,0.9999004006385803,0.9996291995048523,0.9748982787132263,0.9836115837097168,0.9770264029502869,0.9819914102554321,True,90.32019529631494,91.03114132806566,24.33991801251907,90.32019529631494,89.76160450330858,False,91.03114132806566,90.6394558116353,False,24.33991801251907,24.31974019529999,False,-6.927529605502784,-5.438557667920802,False,30.556501586271082,28.880446554894036,False,False,8.306948395788822,True
369,17.13861632347107,left,left,85.18369484209782,94.81630515790218,88.9287289544445,91.0712710455555,22.28834875672197,95.20096510465598,-6.552622538846975,31.23434797372462,30.353724598271924,OK,0.9764596223831177,knee,0.9998909831047058,0.9996418356895447,0.9764596223831177,0.9845749139785767,0.9783408045768738,0.9829246997833252,True,92.29424011782619,93.7077859207462,25.214647862344993,92.29424011782619,90.34933171548154,False,93.7077859207462,91.63142210628223,False,25.214647862344993,24.85438022826509,False,-6.552622538846975,-5.672762240130919,False,30.353724598271924,29.24505207759529,False,False,-11.07750430809956,True
370,17.194454669952393,left,left,86.21478899477968,93.78521100522032,89.58609507200916,90.41390492799084,22.594494177351706,94.30447583707193,-5.656133271262931,30.270276091653113,29.38965271620043,OK,0.9777553081512451,knee,0.9998695254325867,0.9996261596679688,0.9777553081512451,0.9854055643081665,0.9793575406074524,0.9836875200271606,True,91.26314596514433,93.05041980318154,25.52079328297473,91.26314596514433,89.81629287338993,False,93.05041980318154,91.31160570137284,False,25.52079328297473,25.140396413492166,False,-5.656133271262931,-5.788527097648372,False,29.38965271620043,29.43361068315761,False,False,-34.765138723629455,True
371,17.240127563476562,left,left,87.22894905010584,92.77105094989416,90.41260588558396,89.58739411441604,22.669746827035578,92.24142127602529,-3.5930787102162896,28.094824938538984,27.214201563086306,OK,0.9788203239440918,knee,0.9998473525047302,0.9996110796928406,0.9788203239440918,0.9860514998435974,0.9801521301269531,0.9842289090156555,True,90.24898590981817,92.22390898960674,25.5960459326586,90.24898590981817,87.44692279316803,False,92.22390898960674,88.86047169028029,False,25.5960459326586,24.931651917316078,False,-3.5930787102162896,-5.218721882047854,False,27.214201563086306,28.73682490225165,False,False,-58.65720656636431,True
372,17.274888277053833,left,left,92.52303788207796,87.47696211792204,96.09174240992664,83.90825759007336,22.104277871340418,94.86161392822189,-6.213271362412883,30.534596327410988,29.65397295195831,OK,0.9803153276443481,knee,0.9998470544815063,0.9996321201324463,0.9803153276443481,0.9870166182518005,0.9811652898788452,0.9852827787399292,True,84.95489707784606,86.54477246526406,25.03057697696344,84.95489707784606,84.43723354545865,False,86.54477246526406,85.60583762527821,False,25.03057697696344,24.48089476640201,False,-6.213271362412883,-3.8038452244052676,False,29.65397295195831,27.11613591098768,False,False,-80.99753752750601,True
373,17.31835651397705,left,left,99.0045900647186,80.9954099352814,103.86104360258778,76.13895639741222,20.3698964260156,92.72684609330919,-4.078503527500189,27.953196057193985,27.072572681741292,OK,0.9817172288894653,knee,0.9998487234115601,0.9996505379676819,0.9817172288894653,0.9877904057502747,0.9818269610404968,0.9860538244247437,True,78.47334489520541,78.77547127260291,23.296195531638624,78.47334489520541,79.96794861851397,False,78.77547127260291,80.89606210520051,False,23.296195531638624,23.712973129100643,False,-4.078503527500189,-2.5821105515455542,False,27.072572681741292,25.366970193959638,False,False,-95.21649374316746,True
374,17.36523175239563,left,left,100.23214108064475,79.76785891935525,105.20189927945484,74.79810072054516,20.034563002151632,88.12658181644305,0.5217607493659528,23.13090301740476,22.250279641952062,OK,0.9827617406845093,heel,0.9998544454574585,0.999671220779419,0.9831547737121582,0.9886595010757446,0.9827617406845093,0.986954927444458,True,77.24579387927926,77.43461559573586,22.960862107774656,77.24579387927926,75.52646530609313,False,77.43461559573586,76.19722320636379,False,22.960862107774656,22.78723235151117,False,0.5217607493659528,-0.2715492697087569,False,22.250279641952062,22.388023720949246,False,False,-104.03265553553322,True
375,17.40656614303589,left,left,108.56121362950309,71.43878637049691,113.13497267239775,66.86502732760225,18.754885990844873,88.19580247277337,0.4525400930356369,21.524447506512907,20.643824131060228,OK,0.9833897352218628,heel,0.9998488426208496,0.9996845722198486,0.9842392802238464,0.989302933216095,0.9833897352218628,0.9875813722610474,True,68.91672133042093,69.50154220279295,21.681185096467896,68.91672133042093,70.59194098950624,False,69.50154220279295,71.16097148193228,False,21.681185096467896,21.625970302679935,False,0.4525400930356369,2.740196058687539,False,20.643824131060228,18.316743751566328,False,False,-114.65583288305092,True
376,17.457026958465576,left,left,109.43636561221004,70.56363438778996,113.90680037976755,66.09319962023245,18.041042939088218,80.6886148668413,7.959727698967697,13.200092573487039,12.31946919803434,OK,0.9840630292892456,heel,0.9998422861099243,0.9997062683105469,0.9849071502685547,0.9897170662879944,0.9840630292892456,0.9880387187004089,True,68.04156934771397,68.72971449542315,20.96734204471124,68.04156934771397,66.2998077091323,False,68.72971449542315,67.00167144411749,False,20.96734204471124,20.56863892931072,False,7.959727698967697,5.163629949038193,False,12.31946919803434,14.703145245287306,False,False,-131.45232419039604,True
377,17.5079026222229,left,left,117.19565946501241,62.80434053498759,121.27300103208418,58.72699896791582,16.297967627184235,79.8028872862404,8.845455279568597,10.178196480496403,9.29757310504371,OK,0.9844520092010498,heel,0.999841034412384,0.9997249245643616,0.9855612516403198,0.9901522397994995,0.9844520092010498,0.9884220957756042,True,60.2822754949116,61.36351384310652,19.22426673280726,60.2822754949116,58.84535359077411,False,61.36351384310652,60.23912727735391,False,19.22426673280726,19.156792540819957,False,8.845455279568597,5.975348950068442,False,9.29757310504371,11.787669904171674,False,False,-147.54113442924012,True
378,17.563231945037842,left,left,120.46525646658831,59.534743533411685,124.65754379166175,55.34245620833825,15.08323955916954,80.60967664155592,8.038665924253081,9.885203525798884,9.004580150346186,OK,0.984763503074646,heel,0.9998357892036438,0.9997360110282898,0.9860154986381531,0.990451991558075,0.984763503074646,0.9885912537574768,True,57.0126784933357,57.97897108352895,18.00953866479256,57.0126784933357,50.69334035339428,False,57.97897108352895,52.44981808395736,False,18.00953866479256,17.143376013582632,False,8.038665924253081,6.473362879978231,False,9.004580150346186,8.913535403041276,False,False,-158.83659795217744,True
379,17.60305428504944,left,left,137.5044116724357,42.49558832756429,139.0146201132727,40.98537988672729,12.975331059697792,84.0679868112918,4.5803557545172,8.553526311826587,7.672902936373902,OK,0.98430997133255,heel,0.9998406767845154,0.999742329120636,0.9864161014556885,0.990449070930481,0.98430997133255,0.9880319237709045,True,39.973523287488305,43.621894761917986,15.901630165320814,39.973523287488305,42.389240032375376,False,43.621894761917986,44.14816079599126,False,15.901630165320814,14.919055332190998,False,4.5803557545172,4.677478376724184,False,7.672902936373902,8.482656191850896,False,False,-165.39491061867335,True
380,17.654895782470703,left,left,149.32127981640224,30.67872018359776,152.08151863938053,27.918481360619467,8.687803354658254,85.70573282322442,2.9426097425845796,7.153775000860947,6.2731516254082464,OK,0.9827699065208435,heel,0.9998488426208496,0.9997312426567078,0.9864290356636047,0.9899534583091736,0.9827699065208435,0.9864012002944946,True,28.156655143521775,30.554996235810165,11.614102460281277,28.156655143521775,33.99465714414733,False,30.554996235810165,35.51467081857125,False,11.614102460281277,12.41264269182746,False,2.9426097425845796,2.2922210344309035,False,6.2731516254082464,8.600407982972603,False,False,-160.16478198227713,True
381,17.707669496536255,left,left,150.95686721730453,29.043132782695466,155.41508681959803,24.58491318040197,6.919439532130066,89.66803738311154,-1.0196948173025362,11.045696517535113,10.165073142082434,OK,0.9813472628593445,heel,0.9998554587364197,0.9997187256813049,0.9859246015548706,0.9893612861633301,0.9813472628593445,0.9846689701080322,True,26.52106774261948,27.221428055592668,9.845738637753088,26.52106774261948,25.611498531072186,False,27.221428055592668,26.99045784955279,False,9.845738637753088,9.974134049146759,False,-1.0196948173025362,-0.29027478699428,False,10.165073142082434,8.885449517660414,False,False,-145.8149473405353,True
382,17.756561517715454,left,left,159.1685739061526,20.831426093847398,164.44045091918423,15.55954908081577,3.765904425366525,91.72917399770681,-3.0808314318978063,10.766955436104936,9.88633206065225,OK,0.9802069664001465,heel,0.9998587965965271,0.999664306640625,0.9854621887207031,0.9890607595443726,0.9802069664001465,0.9838880300521851,True,18.30936105377141,18.19606395600647,6.692203530989548,18.30936105377141,18.823978178030277,False,18.19606395600647,19.649566508411304,False,6.692203530989548,7.482517361875608,False,-3.0808314318978063,-2.4991232883667407,False,9.88633206065225,9.156052319861299,False,False,-128.6563477800716,True
383,17.80171823501587,left,left,162.38104953196404,17.618950468035962,167.27860863675403,12.72139136324597,2.890696345766051,93.52215574868184,-4.873813182872837,11.31041119923791,10.429787823785233,OK,0.9750087261199951,heel,0.9998602867126465,0.999561071395874,0.9818595051765442,0.9859582185745239,0.9750087261199951,0.9790457487106323,True,15.096885427959975,15.35790623843667,5.816995451389074,15.096885427959975,14.124193346645981,False,15.35790623843667,14.565695329720063,False,5.816995451389074,5.697775177309934,False,-4.873813182872837,-4.0810542755896195,False,10.429787823785233,9.337327469825453,False,False,-113.82903786797405,True
384,17.84522771835327,left,left,171.44201343764527,8.557986562354728,175.71907681898014,4.280923181019858,0.5172476233420354,95.1122293181541,-6.463886752345104,9.906540322831033,9.025916947378334,OK,0.9650490880012512,heel,0.9998582601547241,0.9994086027145386,0.9713831543922424,0.9787197709083557,0.9650490880012512,0.9697649478912354,True,6.03592152227874,6.917438056210557,3.443546728965058,6.03592152227874,8.989932803727365,False,6.917438056210557,9.42053602354548,False,3.443546728965058,4.027687807967746,False,-6.463886752345104,-4.954824637418807,False,9.025916947378334,8.55190922556842,False,False,-96.41263903225781,True
385,17.886746406555176,left,left,172.82020397332371,7.179796026676286,177.50087453283675,2.4991254671632532,-0.23590756817012246,93.61538775933882,-4.967045193529813,8.060150750681707,7.179527375229014,OK,0.9598804116249084,heel,0.999865710735321,0.9993770718574524,0.9654538035392761,0.9750182032585144,0.9598804116249084,0.9655752778053284,True,4.657730986600298,5.135640342353952,2.6903915374529,4.657730986600298,5.349262992513635,False,5.135640342353952,5.870044534080887,False,2.6903915374529,2.9085968323234725,False,-4.967045193529813,-5.097928845795556,False,7.179527375229014,7.485744136551761,False,False,-77.85642751356389,True
386,17.927191972732544,left,left,176.62816993189762,3.3718300681023834,178.85911664952906,-1.1408833504709435,-1.4309973145808712,94.03688919225748,-5.388546626448473,7.118605296249947,6.237981920797267,OK,0.9546018242835999,heel,0.9998716115951538,0.9993104934692383,0.9590771794319153,0.9711138010025024,0.9546018242835999,0.961529552936554,True,0.849765028026396,1.4956315247197547,1.4953017910421513,0.849765028026396,1.9161447988670226,False,1.4956315247197547,2.164212013506517,False,1.4953017910421513,1.670389931281201,False,-5.388546626448473,-4.564057821356892,False,6.237981920797267,5.986380537998576,False,False,-59.31392826098998,True
387,17.981410026550293,left,left,177.37192296222125,2.628077037778752,177.8070916334928,-2.192908366507197,-1.8295504528548443,92.44469503959056,-3.7963524737815533,5.436129991021659,4.555506615568959,OK,0.9516927003860474,heel,0.9998775720596313,0.9992795586585999,0.9538861513137817,0.9688034057617188,0.9516927003860474,0.9598677754402161,True,0.10601199770276448,0.44360650868350104,1.0967486527681782,0.10601199770276448,0.29708829468437636,False,0.44360650868350104,0.024614983202615903,False,1.0967486527681782,0.837263780991908,False,-3.7963524737815533,-3.3884786244635903,False,4.555506615568959,4.498215716937233,False,False,-40.77595858202323,True
388,18.028761863708496,left,left,179.5466405001971,0.45335949980290025,174.19222876037412,-5.807771239625879,-3.300338159445305,90.85280062648852,-2.2044580606795137,3.813593206471991,2.9329698310193066,OK,0.9484319686889648,knee,0.9998862147331238,0.9992408752441406,0.9484319686889648,0.9667540788650513,0.9486242532730103,0.9584924578666687,True,-2.068705540273087,-3.1712563644351808,-0.3740390538222824,-2.068705540273087,-0.9500633993112653,False,-3.1712563644351808,-1.7448295484869791,False,-0.3740390538222824,0.1200270703734454,False,-2.2044580606795137,-2.453101066291694,False,2.9329698310193066,3.3678942858408276,False,False,-24.237127931617117,True
389,18.071942806243896,left,left,179.5372959585585,0.4627040414414978,173.58293802950035,-6.417061970499645,-3.6483831281044297,89.2343333336876,-0.5859907678785987,2.4657162175243057,1.5850928420716173,OK,0.9430062770843506,knee,0.9998914003372192,0.9991510510444641,0.9430062770843506,0.9630304574966431,0.9438669085502625,0.9553860425949097,True,-2.0593609986344896,-3.7805470953089473,-0.7220840224814071,-2.0593609986344896,-1.436728757561148,False,-3.7805470953089473,-2.7605381469340506,False,-0.7220840224814071,-0.3661375156607527,False,-0.5859907678785987,-1.4257007293562851,False,1.5850928420716173,2.3833726030684033,False,False,-11.93115729161689,True
390,18.125182151794434,left,left,179.05596244330192,0.9440375566980777,173.65190280871528,-6.348097191284722,-3.8220911212624356,88.93849996847933,-0.2901574026703315,2.4085435951996894,1.5279202197469886,OK,0.9384913444519043,knee,0.9998975992202759,0.9991253614425659,0.9384913444519043,0.9588518738746643,0.9396999478340149,0.952495813369751,True,-1.5780274833779098,-3.7115823160940242,-0.895792015639413,-1.5780274833779098,-1.8620327421645562,False,-3.7115823160940242,-3.6180706418864084,False,-0.895792015639413,-0.7831733461236624,False,-0.2901574026703315,-0.7936996705075046,False,1.5279202197469886,1.7665642241056616,False,False,-6.4938936479026825,True
391,18.170501232147217,left,left,179.06149672314703,0.9385032768529697,173.7805736572937,-6.219426342706299,-3.8618202447518617,88.89988750758043,-0.25154494177142794,2.1959968823878273,1.3153735069351455,OK,0.9357108473777771,knee,0.9999019503593445,0.9990691542625427,0.9357108473777771,0.9569445252418518,0.9359753727912903,0.9503999948501587,True,-1.5835617632230177,-3.582911467515601,-0.9355211391288392,-1.5835617632230177,-1.8535734842206046,False,-3.582911467515601,-3.7895764177105433,False,-0.9355211391288392,-0.9272418773626026,False,-0.25154494177142794,-0.3317130799968965,False,1.3153735069351455,1.3404741361242032,False,False,-3.1568885171421095,True
392,18.217922925949097,left,left,179.4984428852383,0.5015571147617095,173.51942915873101,-6.480570841268985,-3.9147296051693927,89.28468974534665,-0.6363471795376512,2.352088096207953,1.4714647207552503,OK,0.9330310821533203,heel,0.9999048113822937,0.9989972114562988,0.9333251118659973,0.954849123954773,0.9330310821533203,0.9482871294021606,True,-2.020507925314278,-3.844055966078287,-0.9884304995463702,-2.020507925314278,-1.847771556649716,False,-3.844055966078287,-3.7889472970848552,False,-0.9884304995463702,-0.98271865930899,False,-0.6363471795376512,-0.27219011184473346,False,1.4714647207552503,1.2306471929708551,False,False,-1.3368131683386437,True
393,18.27225661277771,left,left,179.50434421047734,0.4956557895226581,173.33469988125344,-6.665300118746558,-4.020680815640006,88.54286767393548,0.1054748918735271,1.6831427665646908,0.8025193911120141,OK,0.9305462837219238,knee,0.9999089241027832,0.998957097530365,0.9305462837219238,0.9525519609451294,0.9310969114303589,0.9467910528182983,True,-2.0264092505533293,-4.028785243555859,-1.0943817100169833,-2.0264092505533293,-1.9480200237119596,False,-4.028785243555859,-3.7771028325454785,False,-1.0943817100169833,-0.9918342101416728,False,0.1054748918735271,-0.30944533506022653,False,0.8025193911120141,1.1466939337520556,False,False,-0.8637286863048423,True
394,18.32745051383972,left,left,179.50828632070406,0.4917136792959411,173.5860836326288,-6.4139163673712005,-3.925767037836367,88.93671849292679,-0.2883759271177837,1.9165815017575742,1.0359581263048767,OK,0.9276817440986633,knee,0.9999117255210876,0.998914897441864,0.9276817440986633,0.949745774269104,0.9277784824371338,0.9441290497779846,True,-2.0303513607800463,-3.7774014921805024,-0.9994679322133444,-2.0303513607800463,-2.041734920665929,False,-3.7774014921805024,-3.830929986217536,False,-0.9994679322133444,-1.0370504063577604,False,-0.2883759271177837,-0.37333172539621273,False,1.0359581263048767,1.1254763845900413,False,False,-1.3904037910023568,True
395,18.37088918685913,left,left,179.55720477861314,0.44279522138685934,173.71112513141216,-6.28887486858784,-3.8676688754258493,89.1247760845568,-0.4764335187477968,1.9887772991056858,1.108153923652992,OK,0.924319863319397,heel,0.9999139308929443,0.9988759160041809,0.9247583150863647,0.9471392035484314,0.924319863319397,0.9417082071304321,True,-2.079269818689128,-3.6523599933971416,-0.9413697698028267,-2.079269818689128,-2.038045560935243,False,-3.6523599933971416,-3.846392524099201,False,-0.9413697698028267,-1.094660645853677,False,-0.4764335187477968,-0.4027756927239977,False,1.108153923652992,1.116462010034263,False,False,-1.6810254706670136,True
396,18.406700611114502,left,left,179.53007120791688,0.4699287920831239,173.51143788893341,-6.488562111066585,-4.0879012258323,89.21931945926036,-0.570976893451359,2.0899091365777736,1.2092857611250736,OK,0.9247147440910339,heel,0.9999184608459473,0.9988492131233215,0.9248194694519043,0.9471872448921204,0.9247147440910339,0.9417128562927246,True,-2.0521362479928635,-3.852047235875887,-1.1616021202092774,-2.0521362479928635,-2.119414035060667,False,-3.852047235875887,-3.8781172986781485,False,-1.1616021202092774,-1.1449493161419426,False,-0.570976893451359,-0.7011106467101712,False,1.2092857611250736,1.3148645941856956,False,False,-1.7293949872971581,True
397,18.44907522201538,left,left,179.47999608658486,0.5200039134151382,173.44211646932268,-6.557883530677316,-4.2027808026489755,89.43190958198558,-0.7835670161765762,2.307016223429047,1.4263928479763592,OK,0.9245246052742004,knee,0.9999223351478577,0.998823344707489,0.9245246052742004,0.9469995498657227,0.9248193502426147,0.9415225982666016,True,-2.0020611266608492,-3.9213686554866176,-1.276481697025953,-2.0020611266608492,-2.2347536105564396,False,-3.9213686554866176,-3.9800715760427523,False,-1.276481697025953,-1.2188120051680618,False,-0.7835670161765762,-1.03608292934166,False,1.4263928479763592,1.5625888896598952,False,False,-1.985591240721697,True
398,18.50390911102295,left,left,179.91118658110446,0.08881341889554051,173.1760760083587,-6.823923991641294,-4.272124167081334,90.03454244386634,-1.3861998780573401,2.6751556873218743,1.794532311869176,OK,0.9216267466545105,knee,0.9999212622642517,0.9987713098526001,0.9216267466545105,0.9447831511497498,0.9230499267578125,0.9398634433746338,True,-2.433251621180447,-4.1874091164505955,-1.3458250614583118,-2.433251621180447,-2.3243484330098494,False,-4.1874091164505955,-4.115380413821015,False,-1.3458250614583118,-1.3017031469831193,False,-1.3861998780573401,-1.3621485112941514,False,1.794532311869176,1.8514773451221742,False,False,-1.7372138263643877,True
399,18.54184365272522,left,left,179.91501580181708,-0.08498419818292291,173.07631224580578,-6.923687754194219,-4.295080482966963,90.61157990608423,-1.963237340275228,3.1552029791285747,2.2745796036758748,OK,0.9185559749603271,knee,0.999920129776001,0.9987207651138306,0.9185559749603271,0.9427388906478882,0.9218147397041321,0.9385994672775269,True,-2.6070492382589103,-4.287172879003521,-1.3687813773439403,-2.6070492382589103,-2.410717244586406,False,-4.287172879003521,-4.220053563564676,False,-1.3687813773439403,-1.3445900428016935,False,-1.963237340275228,-1.67587812523266,False,2.2745796036758748,2.140624401409218,False,False,-0.9326817014647979,True
400,18.589828968048096,left,left,179.9948211091198,-0.005178890880188192,173.03458094252085,-6.965419057479153,-4.282124584501136,90.75510399431926,-2.1067614285102536,3.433219576417083,2.5525962009643877,OK,0.9162117838859558,knee,0.9999189376831055,0.9986261129379272,0.9162117838859558,0.9416186809539795,0.922589123249054,0.9382911324501038,True,-2.5272439309561756,-4.328904182288454,-1.3558254788781134,-2.5272439309561756,-2.487847642882211,False,-4.328904182288454,-4.330260721734686,False,-1.3558254788781134,-1.391698854437974,False,-2.1067614285102536,-2.063326089544637,False,2.5525962009643877,2.5140403139591285,False,False,-0.20731167174127663,True
401,18.647070169448853,left,left,179.96191526579966,0.0380847342003392,172.9880721402151,-7.01192785978489,-4.302335704925172,90.7879675289529,-2.139624963143902,3.535644418012983,2.6550210425602927,OK,0.9138239622116089,knee,0.999918520450592,0.9985346794128418,0.9138239622116089,0.9402293562889099,0.9231870770454407,0.9377383589744568,True,-2.483980305875648,-4.375412984594192,-1.3760365993021493,-2.483980305875648,-2.3737164696267463,False,-4.375412984594192,-4.324448892465687,False,-1.3760365993021493,-1.4259840715210543,False,-2.139624963143902,-2.5606603842768747,False,2.6550210425602927,3.0854087355947515,False,False,0.512378539456399,True
402,18.698044300079346,left,left,179.86564807806388,0.13435192193611556,172.89108067847263,-7.108919321527367,-4.438324860830377,91.36914940354546,-2.720806837736461,4.174095786178589,3.2934724107259115,OK,0.9095879197120667,knee,0.9999086260795593,0.998369038105011,0.9095879197120667,0.9369209408760071,0.9229323863983154,0.9342830181121826,True,-2.387713118139872,-4.472404446336668,-1.5120257552073548,-2.387713118139872,-2.3153832774687055,False,-4.472404446336668,-4.33376789583123,False,-1.5120257552073548,-1.4402847450653329,False,-2.720806837736461,-2.7100161452772866,False,3.2934724107259115,3.2881160185744704,False,False,1.1357815580628137,True
403,18.742612600326538,left,left,179.34053071482714,0.659469285172861,173.2051351547037,-6.794864845296303,-4.4435502524967365,92.52121391752753,-3.87287135171853,5.531997795499982,4.65137442004729,OK,0.9047762155532837,knee,0.9999085664749146,0.9983609318733215,0.9047762155532837,0.9336686730384827,0.9219184517860413,0.9310619831085205,True,-1.8625957549031265,-4.158349970105604,-1.517251146873714,-1.8625957549031265,-2.2447630596395487,False,-4.158349970105604,-4.335389133678821,False,-1.517251146873714,-1.468437833794406,False,-3.87287135171853,-2.911101050866298,False,4.65137442004729,3.533289291111165,False,False,1.5027556646034734,True
