frame,time_s,side,facing_direction,knee_internal_angle_deg,knee_flexion_deg,hip_internal_angle_deg,hip_flexion_deg,trunk_flexion_deg,ankle_internal_angle_deg,ankle_dorsiflexion_deg,foot_inclination_deg,foot_inclination_relative_deg,visibility,visibility_min
0,0.0,left,left,178.0113881556181,-1.988611844381893,171.58884608020148,-8.411153919798522,-5.759637761157612,92.4917769103002,0.8825102625175845,3.154681224559198,-1.1610587049166838,OK,0.8336204290390015
1,0.06503105163574219,left,left,177.9575698089584,-2.0424301910416034,171.62430942205987,-8.375690577940134,-5.729468247258839,92.71838689002337,0.6559002827944198,3.322179029663065,-0.9935608998128203,OK,0.8330662846565247
2,0.1264944076538086,left,left,178.08763940922893,-1.9123605907710726,171.64163805033283,-8.35836194966717,-5.736265930137635,92.94974486383269,0.42454230898509593,3.6594802925911623,-0.6562596368847267,OK,0.8341440558433533
3,0.18826794624328613,left,left,178.16089332572372,-1.8391066742762803,171.46954407187718,-8.53045592812282,-5.886043952110427,92.80631751445408,0.5679696583637082,3.611622816190207,-0.7041171132856618,OK,0.8326134085655212
4,0.24988055229187012,left,left,178.21630937247676,-1.7836906275232423,171.37402832021056,-8.625971679789444,-5.972141087339337,92.6499209303815,0.7243662424362896,3.5200608953083554,-0.7956790341675344,OK,0.8310348391532898
5,0.30101799964904785,left,left,178.22960726664928,-1.7703927333507181,171.3380864981555,-8.66191350184451,-5.962490372945036,92.57037088391931,0.8039162888984777,3.4994012794680716,-0.8163386500078218,OK,0.8303107023239136
6,0.35412096977233887,left,left,178.26396374617,-1.736036253830008,171.3280062699505,-8.671993730049508,-5.952726097786683,92.52344005759998,0.8508471152178032,3.5066714360327764,-0.8090684934431067,OK,0.8301244974136353
7,0.40697574615478516,left,left,178.29061308229484,-1.7093869177051602,171.50568017309556,-8.494319826904444,-5.842833543265399,93.10946788139904,0.26481929141874616,4.05156724733294,-0.26417268214294154,OK,0.8309645652770996
8,0.46092748641967773,left,left,178.3674265621401,-1.6325734378598895,171.71352419645729,-8.286475803542714,-5.718663814295243,93.24703635084634,0.12725082197144388,4.182274902233943,-0.13346502724192533,OK,0.8328381776809692
9,0.5188541412353516,left,left,178.43444248105052,-1.5655575189494755,171.85037350978945,-8.14962649021055,-5.639784699638722,93.42571608971616,-0.0514289168983737,4.37000036133852,0.05426043186264451,OK,0.8346090912818909
10,0.5766322612762451,left,left,178.47962498718357,-1.5203750128164302,171.87986178951135,-8.120138210488648,-5.631030808424282,92.85243696808901,0.5218502047287785,3.8211693573369248,-0.4945705721389686,OK,0.8342382907867432
11,0.6325705051422119,left,left,178.49959784897885,-1.5004021510211487,171.89536901104282,-8.104630988957183,-5.626201948859146,92.55598462088088,0.8183025519369096,3.5340115099577547,-0.7817284195181173,OK,0.8342151045799255
12,0.6981277465820312,left,left,178.4285177177321,-1.5714822822679082,171.84682657890625,-8.153173421093754,-5.626910490832924,92.97751974110088,0.39676743171690987,3.9323003890938106,-0.3834395403820565,OK,0.8357186913490295
13,0.7518458366394043,left,left,178.49498807154708,-1.505011928452916,171.98324196556143,-8.016758034438567,-5.598064701467663,93.55697800757406,-0.18269083475627212,4.470659412092077,0.15491948261620792,OK,0.8366256356239319
14,0.8144571781158447,left,left,178.5419946548818,-1.4580053451182096,172.0793058128335,-7.920694187166504,-5.576388058831674,93.9011385798086,-0.526851406990815,4.787439363025214,0.4716994335493325,OK,0.8373076319694519
15,0.870872974395752,left,left,178.5324813510482,-1.4675186489517955,171.99082831957585,-8.009171680424146,-5.6775436628854985,93.8863561760024,-0.5120690031846067,4.750465544589242,0.43472561511336494,OK,0.8347991704940796
16,0.9306824207305908,left,left,178.59962074962198,-1.4003792503780232,171.98315880424946,-8.016841195750544,-5.67720176202337,94.06373485737112,-0.689447684553329,5.002995040720232,0.6872551112443546,OK,0.837147057056427
17,0.988574743270874,left,left,178.6406423952363,-1.3593576047636873,171.9689092393694,-8.031090760630605,-5.679812076846461,94.13352657532737,-0.7592394025095786,5.125447654347813,0.8097077248719415,OK,0.83891761302948
18,1.0473921298980713,left,left,178.60447933792224,-1.3955206620777574,171.94464029728107,-8.055359702718931,-5.680994213841417,93.89106593882455,-0.516778766006766,4.869910765624307,0.5541708361484154,OK,0.8393280506134033
19,1.1127727031707764,left,left,178.5768058503471,-1.4231941496528862,171.92004406388247,-8.079955936117528,-5.691528779879625,93.77152573454406,-0.3972385617262688,4.736758741129087,0.4210188116531981,OK,0.8397279381752014
20,1.1794228553771973,left,left,178.52675717572714,-1.4732428242728588,171.87210271844287,-8.127897281557125,-5.724816991020619,93.82366061528819,-0.449373442470403,4.753498081551822,0.4377581520759293,OK,0.8414720892906189
21,1.234065055847168,left,left,178.34369503492314,-1.6563049650768562,171.68547549197552,-8.314524508024476,-5.788397690530624,93.47309834066805,-0.09881116785025768,4.342920193085048,0.0271802636091536,OK,0.8425456285476685
22,1.2802879810333252,left,left,178.1999981767277,-1.8000018232723107,171.5362780570017,-8.46372194299829,-5.836332743075799,93.20015102050176,0.17413615231602364,4.0275383971519725,-0.2882015323239102,OK,0.8434916138648987
23,1.323603868484497,left,left,178.00471861108747,-1.995281388912531,171.4395751622372,-8.56042483776281,-5.862463542915517,92.95865568908224,0.41563148373555237,3.6613355950170132,-0.6544043344588601,OK,0.8446988463401794
24,1.378406047821045,left,left,177.87588457812512,-2.124115421874876,171.42587317945427,-8.574126820545729,-5.861183272557759,93.15660017988067,0.2176869929371179,3.745428305993757,-0.5703116234821266,OK,0.8459028005599976
25,1.4338569641113281,left,left,177.78756484386852,-2.212435156131477,171.42285418743114,-8.577145812568858,-5.857933858576689,93.3169359500661,0.057351222751691466,3.8237127479267934,-0.49202718154907643,OK,0.8469725847244263
26,1.4975543022155762,left,left,177.79177837466008,-2.2082216253399167,171.50020290238018,-8.499797097619819,-5.799324439726998,93.87196653817674,-0.4976793653589482,4.364217570729659,0.04847764125378262,OK,0.8470442295074463
27,1.552945852279663,left,left,177.85756624646962,-2.1424337535303835,171.5883256153396,-8.411674384660387,-5.772879453449337,94.24812046515322,-0.8738332923354335,4.744481642833889,0.428741713358022,OK,0.8469343781471252
28,1.6145408153533936,left,left,177.83088464361563,-2.169115356384367,171.61522239895837,-8.384777601041634,-5.753515871906404,93.75946867114509,-0.38518149832729875,4.2216150438959605,-0.09412488557993015,OK,0.8481385707855225
29,1.6688082218170166,left,left,178.25752012465776,-1.7424798753422408,171.9167923140491,-8.083207685950896,-5.662604650121893,93.49602250013194,-0.12173532731415548,4.174145660618718,-0.14159426885717608,OK,0.8494734168052673
30,1.7177729606628418,left,left,178.52825198816655,-1.471748011833455,172.11805863299477,-7.881941367005226,-5.597497461322302,93.32459848484605,0.04968868797173798,4.137294378695515,-0.17844555078036706,OK,0.8506651520729065
31,1.770310401916504,left,left,178.49997825216886,-1.5000217478311413,172.06385685391604,-7.936143146083964,-5.610857020928509,92.71232273986978,0.661964432948011,3.5375871171940956,-0.7781528122817747,OK,0.8523666858673096
32,1.8145115375518799,left,left,178.47904925702412,-1.5209507429758844,172.0200435167257,-7.979956483274293,-5.62176910604335,92.27291684221257,1.1013703306052207,3.110153476467614,-1.2055864530082658,OK,0.8539572358131409
33,1.8630402088165283,left,left,178.74819788281945,-1.2518021171805458,172.05340078266994,-7.946599217330061,-5.650813721436085,92.06917319099928,1.3051139818185078,3.1131565697126953,-1.2025833597631959,OK,0.8554523587226868
34,1.913313865661621,left,left,178.72339458172817,-1.2766054182718278,172.215094718955,-7.784905281045013,-5.471852897372665,92.45096463847871,0.9233225343390785,3.487411603879215,-0.828328325596658,OK,0.8548922538757324
35,1.9618566036224365,left,left,178.7084786501231,-1.2915213498768878,172.31555838995544,-7.6844416100445585,-5.361887224390505,92.67174971793678,0.7025374548810106,3.702782753713933,-0.6129571757619487,OK,0.8543521761894226
36,2.005532741546631,left,left,178.68215602545231,-1.317843974547685,172.26689433821664,-7.733105661783355,-5.387396969191291,92.9916096748737,0.382677497944087,4.019474392918053,-0.2962655365578257,OK,0.8548634052276611
37,2.0471034049987793,left,left,178.6564298201606,-1.3435701798393893,172.22444074461697,-7.77555925538303,-5.4075549931620595,93.20416536403454,0.17012180878325012,4.22859944641611,-0.08714048305978395,OK,0.8554117679595947
38,2.0936999320983887,left,left,178.5772528514631,-1.4227471485368994,172.21311227307353,-7.786887726926466,-5.387489182880792,93.71434927372671,-0.3400621009089235,4.691000669235485,0.3752607397595966,OK,0.8559024930000305
39,2.1344547271728516,left,left,178.5143507965528,-1.4856492034471955,172.20017349949765,-7.799826500502348,-5.374820872147375,94.05338136012725,-0.6790941873094596,4.9927377850350085,0.6769978555591365,OK,0.8563129901885986
40,2.178317070007324,left,left,178.56991824426817,-1.430081755731834,172.27991591414755,-7.720084085852449,-5.339156422173404,94.20518311776428,-0.8308959449464908,5.1560290257114865,0.8402890962356082,OK,0.8570199012756348
41,2.223168134689331,left,left,178.6163283681499,-1.383671631850092,172.35092434053382,-7.6490756594661775,-5.307644737348667,94.24959980215421,-0.8753126293364204,5.207359092421621,0.8916191629457444,OK,0.8576269149780273
42,2.2708656787872314,left,left,178.48746163770312,-1.5125383622968798,172.40889142118274,-7.591108578817256,-5.1892640833257255,94.31181049499921,-0.9375233221814199,5.201116628193838,0.8853766987179483,OK,0.8575364947319031
43,2.3127641677856445,left,left,178.58504154697982,-1.4149584530201764,172.52912905791746,-7.470870942082541,-5.147468117395365,94.23685588489289,-0.8625687120751024,5.145300256559888,0.8295603270840104,OK,0.8563992381095886
44,2.368907928466797,left,left,178.66617397195878,-1.3338260280412157,172.6078763811052,-7.3921236188948,-5.125816311213986,94.1887716106555,-0.8144844378377059,5.121252890295062,0.8055129608191862,OK,0.8550043702125549
45,2.4111239910125732,left,left,178.69213499334055,-1.3078650066594548,172.66681953000224,-7.333180469997757,-5.098745766940249,93.94597814688021,-0.5716909740624203,4.872547843278256,0.5568079138023734,OK,0.852962851524353
46,2.4614217281341553,left,left,178.68052600568294,-1.3194739943170646,172.69624806907166,-7.3037519309283425,-5.077961583318595,93.80634288799368,-0.4320557151758919,4.712659241286358,0.39691931181047835,OK,0.8512117266654968
47,2.508732318878174,left,left,179.04033686170058,-0.959663138299419,172.74869614112148,-7.251303858878515,-5.082071866463857,93.50907768705918,-0.13479051424138788,4.718646541174428,0.4029066116985405,OK,0.8496543169021606
48,2.5528388023376465,left,left,179.22565171615014,-0.7743482838498608,172.77124418393808,-7.22875581606192,-5.086896503429014,93.38750089898488,-0.01321372616709482,4.755011927767906,0.43927199829201413,OK,0.8482036590576172
49,2.6077778339385986,left,left,179.12613284030124,-0.8738671596987615,172.7083282893415,-7.291671710658505,-5.170391397839313,93.35075421826865,0.023532954549139617,4.598167371389062,0.28242744191317115,OK,0.8475300073623657
50,2.657522439956665,left,left,179.0512016688279,-0.9487983311720996,172.51257283442794,-7.487427165572058,-5.30365743781788,93.54147837403234,-0.16719120121454978,4.7764497706144455,0.4607098411385664,OK,0.8484122157096863
51,2.7020914554595947,left,left,178.99589789760373,-1.0041021023962742,172.3948734184176,-7.605126581582397,-5.375524467694851,93.66886993357835,-0.2945827607605622,4.894369945069602,0.578630015593717,OK,0.8491591215133667
52,2.759244203567505,left,left,178.72507245788248,-1.2749275421175241,172.42375202074317,-7.576247979256834,-5.332219870928366,93.98459500568018,-0.6103078328623894,4.953695571891117,0.6379556424152497,OK,0.8481890559196472
53,2.8053319454193115,left,left,178.56570979114315,-1.4342902088568508,172.44042514891194,-7.559574851088058,-5.306691750388619,94.12670151876078,-0.752414345942995,4.945294410603354,0.6295544811274851,OK,0.8470619320869446
54,2.859945058822632,left,left,178.52249366173018,-1.4775063382698193,172.47951264460852,-7.520487355391481,-5.320329415158327,94.57756160459606,-1.2032744317782686,5.30021320655939,0.9844732770835094,OK,0.8477990627288818
55,2.9115231037139893,left,left,178.5289190874591,-1.4710809125409128,172.51946805361493,-7.480531946385071,-5.335518326734914,94.91145257388129,-1.537165401063504,5.585385280990529,1.2696453515146402,OK,0.8483024835586548
56,2.962186813354492,left,left,178.38435174228124,-1.6156482577187603,172.46333654458905,-7.536663455410945,-5.35623370639869,94.60023247971898,-1.2259453069011954,5.165013971012489,0.8492740415366029,OK,0.8455638289451599
57,3.0250585079193115,left,left,178.37272856113867,-1.627271438861328,172.52819704414458,-7.4718029558554235,-5.286770315349723,94.53185911216451,-1.1575719393467239,5.089620313808889,0.7738803843330118,OK,0.8457186818122864
58,3.082106351852417,left,left,178.36447736121812,-1.6355226387818789,172.57753107898347,-7.422468921016531,-5.233536573699812,94.48717503058622,-1.1128878577684276,5.040584739121082,0.7248448096451909,OK,0.8460515141487122
59,3.145947217941284,left,left,178.3093425807464,-1.690657419253597,172.57280428679337,-7.427195713206629,-5.254215862373039,94.41118047778437,-1.0368933049665827,4.893502909364377,0.5777629798884902,OK,0.8448617458343506
60,3.20725154876709,left,left,178.47644450851914,-1.5235554914808631,172.68547092809874,-7.314529071901262,-5.2278755451269525,94.31668072745576,-0.9423935546379738,4.879778762749234,0.5640388332733437,OK,0.8434510231018066
61,3.261789083480835,left,left,178.60958877910375,-1.3904112208962545,172.76241468928012,-7.237585310719879,-5.214727688273762,94.2646446844409,-0.8903575116231082,4.897091085990757,0.5813511565148701,OK,0.8415907025337219
62,3.3189563751220703,left,left,179.04667311934347,-0.9533268806565331,173.0695310870926,-6.930468912907401,-5.13659615856556,93.66574556130327,-0.29145838848548067,4.506291434988588,0.19055150551270117,OK,0.8418877124786377
63,3.3790395259857178,left,left,179.35953075042613,-0.6404692495738686,173.2921953431452,-6.70780465685479,-5.086159270787283,93.11626125071169,0.25802592210609987,4.097437387205333,-0.2183025422705498,OK,0.8421029448509216
64,3.434523344039917,left,left,179.3518057639853,0.6481942360146888,174.32699504395305,-5.673004956046952,-4.754215673857546,91.96799761547058,1.4062895573472076,3.5349811336746932,-0.7807587958011766,OK,0.8436101675033569
65,3.4963412284851074,left,left,177.94966363342533,2.050336366574669,175.35777071213133,-4.642229287868673,-4.477656476321426,91.03826004466626,2.336027128151528,3.253169222788188,-1.0625707066876942,OK,0.8468424677848816
66,3.5511271953582764,left,left,177.0957856234358,2.904214376564198,176.00674398849338,-3.9932560115066167,-4.294554871593216,90.51495216863296,2.859335004184828,3.1178676851105918,-1.1978722443652998,OK,0.8484756946563721
67,3.612769842147827,left,left,174.31199533419672,5.688004665803277,177.94681076089282,-2.0531892391071835,-3.969681749337158,89.1939433813216,4.180343791496185,2.965455536894902,-1.3502843925809884,OK,0.851488471031189
68,3.6660120487213135,left,left,172.55404419654303,7.445955803456968,179.95428773645736,-0.04571226354264013,-3.360772174431269,89.8268417189003,3.54744545391749,3.957737611468671,-0.35800231800720894,OK,0.8569840788841248
69,3.725674629211426,left,left,172.62402413732278,7.3759758626772225,179.46523514128398,0.5347648587160165,-2.9795937249325597,90.30282578476019,3.0714613880575996,4.164443063788826,-0.15129686568704415,OK,0.8614845871925354
70,3.7801740169525146,left,left,170.61696979394063,9.383030206059374,177.50618508335825,2.493814916641753,-2.30504477426742,89.21673432211877,4.15755285069902,3.800904837268972,-0.5148350922069085,OK,0.8638781309127808
71,3.8360722064971924,left,left,169.92768570255626,10.07231429744374,176.62058838966124,3.3794116103387637,-1.925147854550282,88.2783701276323,5.095917045185487,3.0461249601870026,-1.269614969288881,OK,0.8653709292411804
72,3.8903279304504395,left,left,164.76599881102854,15.234001188971462,171.62035668744596,8.379643312554037,-0.43191345506147294,86.82407589777357,6.550211275044219,3.246520319129542,-1.0692196103463516,OK,0.8686178922653198
73,3.9533119201660156,left,left,161.93687376878046,18.06312623121954,167.28255159588593,12.717448404114066,1.2456825910332494,86.99443061825113,6.379856554566658,3.585791036389865,-0.7299488930860036,OK,0.870796263217926
74,4.0100226402282715,left,left,161.08761470211013,18.91238529788987,165.5645779113664,14.4354220886336,2.088427976972953,87.30193269297929,6.072354479838495,3.867323879208509,-0.44841605026738307,OK,0.8746089935302734
75,4.056827545166016,left,left,153.49862487726827,26.50137512273173,159.5971070289695,20.402892971030496,3.253219781567541,85.83978531080487,7.534501862012917,5.191487244073609,0.8757473145977315,OK,0.876789927482605
76,4.125019550323486,left,left,147.31656783657138,32.68343216342862,154.52822121417142,25.471778785828576,4.291762493088403,85.54575671602186,7.8285304567959315,7.049172586710289,2.7334326572344025,OK,0.8799931406974792
77,4.181966543197632,left,left,145.98445492525215,34.01554507474785,152.30333237583466,27.696667624165343,5.190817132504238,85.73097758763163,7.643309585186159,7.240672170718381,2.9249322412424874,OK,0.8850982785224915
78,4.241877794265747,left,left,142.48224003061284,37.51775996938716,148.18511510904068,31.81488489095932,6.601913583228274,84.76191863345404,8.612368539363743,7.066707295110167,2.7509673656342954,OK,0.8889395594596863
79,4.295744895935059,left,left,142.25592041281436,37.74407958718564,147.3287083417513,32.67129165824869,7.228712148766141,87.03747005037732,6.336817122440465,9.33897012808039,5.023230198604523,OK,0.8956838846206665
80,4.354669809341431,left,left,133.25219023600712,46.747809763992876,139.606040963523,40.393959036477014,8.29568350878433,85.98796904927521,7.38631812354258,10.637503285575411,6.321763356099524,OK,0.9024832844734192
81,4.420085668563843,left,left,130.06493815345698,49.93506184654302,135.41786296986598,44.58213703013402,9.87118934495889,82.50498199566785,10.86930517714994,7.729096157035716,3.413356227559831,OK,0.9093084931373596
82,4.472779035568237,left,left,129.20783189139257,50.79216810860743,134.5002147983436,45.49978520165641,10.739861963168245,80.03699122458406,13.33729594823373,6.069236094703322,1.753496165227432,OK,0.916030764579773
83,4.5280561447143555,left,left,126.1769738380625,53.823026161937506,131.53353975295863,48.46646024704137,11.866002099357782,78.54046664268076,14.833820530137032,5.763034656934652,1.4472947274587682,OK,0.9226198196411133
84,4.58311915397644,left,left,125.47511301176195,54.52488698823805,130.04370424822315,49.95629575177685,12.529022289684287,78.96902056711944,14.405266605698344,6.066634093264932,1.7508941637890416,OK,0.9283788204193115
85,4.649835824966431,left,left,120.98953645539157,59.01046354460843,124.22852916767448,55.77147083232552,14.458802462575623,78.46534356278822,14.908943610029567,6.16313873764675,1.8473988081708796,OK,0.934211254119873
86,4.707367658615112,left,left,117.85685170327783,62.143148296722174,121.17759471073425,58.822405289265745,15.49127111456788,79.58736130299134,13.786925869826447,8.399375425015652,4.083635495539767,OK,0.9391145706176758
87,4.762594938278198,left,left,118.50122262235874,61.49877737764126,120.4307907009983,59.5692092990017,16.68043944225229,75.76483540157508,17.609451771242703,4.374842922466935,0.05910299299105759,OK,0.9431726932525635
88,4.824660778045654,left,left,112.95338791919737,67.04661208080263,115.95372880028229,64.04627119971771,16.972809315996624,74.69236234902779,18.68192482379,4.665512546109323,0.3497726166334303,OK,0.9478915929794312
89,4.872446060180664,left,left,108.46195062118328,71.53804937881672,111.33642993299881,68.66357006700119,18.17407118577783,73.75369343511137,19.620593737706415,4.802243932704736,0.4865040032288448,OK,0.9517024755477905
90,4.928737640380859,left,left,108.09463775698082,71.90536224301918,110.96640320280238,69.03359679719762,18.978384681302423,74.23082183038989,19.143465342427902,6.0809719575138885,1.7652320280380138,OK,0.9554928541183472
91,4.986514568328857,left,left,105.4566056789985,74.5433943210015,108.73105468312475,71.26894531687525,19.222483343293465,74.03659102811764,19.337696144700146,6.53352337553735,2.2177834460614747,OK,0.9566143155097961
92,5.041132688522339,left,left,104.23405206098833,75.76594793901167,107.25442793883126,72.74557206116874,19.863175976645252,76.06051448600944,17.31377268680835,8.944066340497619,4.628326411021732,OK,0.9569693207740784
93,5.090979814529419,left,left,99.5824076136287,80.4175923863713,103.08485757310716,76.91514242689284,20.2484793096454,75.92663183174979,17.447655341068,9.677561100873632,5.361821171397764,OK,0.9558137655258179
94,5.136025428771973,left,left,93.7251156700595,86.2748843299405,97.64384884260386,82.35615115739614,20.820095527201428,76.21118522154252,17.163101951275266,10.950013921288312,6.634273991812421,OK,0.9563658237457275
95,5.191847801208496,left,left,93.86657995863561,86.13342004136439,97.9017713488369,82.0982286511631,21.221769517241242,75.49628126472595,17.878005908091836,10.753242172168461,6.437502242692574,OK,0.9564222693443298
96,5.243664503097534,left,left,88.22289697278451,91.77710302721549,92.72100919071431,87.27899080928569,21.524370356750175,74.48177023333162,18.89251693948617,10.504252808011575,6.188512878535704,OK,0.9561960697174072
97,5.317784070968628,left,left,86.71670024727047,93.28329975272953,90.9844402128182,89.0155597871818,21.489391591043923,73.71378370343999,19.6605034693778,9.470915260031653,5.155175330555778,OK,0.9558679461479187
98,5.373056173324585,left,left,86.71824769500893,93.28175230499107,90.64277135686584,89.35722864313416,21.77774676904174,73.63173786892932,19.742549303888467,9.334008299827946,5.018268370352075,OK,0.9563227891921997
99,5.426905632019043,left,left,87.6923539299372,92.3076460700628,90.50010288671886,89.49989711328114,22.871637583640197,73.4394077098354,19.934879462982394,9.11879425025726,4.803054320781371,OK,0.9570637345314026
100,5.504281759262085,left,left,87.40071796625658,92.59928203374342,90.30947018369011,89.69052981630989,22.833901230425873,73.18867688772372,20.18561028509407,8.931330335583107,4.615590406107231,OK,0.9568668007850647
101,5.551481008529663,left,left,87.12959626779286,92.87040373220714,89.83206346337697,90.16793653662303,23.01803443074876,73.70799155157637,19.666295621241417,9.428493177909232,5.112753248433364,OK,0.9552198052406311
102,5.60575008392334,left,left,88.54575778049019,91.45424221950981,91.19561338847181,88.80438661152819,22.82601921283516,73.79570201199486,19.578585160822925,9.271576832811627,4.955836903335751,OK,0.9556356072425842
103,5.645684719085693,left,left,89.09768093604067,90.90231906395933,91.71011035040698,88.28988964959302,22.697756250443604,73.66796738449145,19.70631978832634,8.978153049301351,4.662413119825459,OK,0.9556409120559692
104,5.691608667373657,left,left,89.86996116480597,90.13003883519403,92.77200762855564,87.22799237144436,22.522310131512373,73.25530008664633,20.118987086171458,8.679656681908373,4.3639167524324876,OK,0.9568914771080017
105,5.732638120651245,left,left,90.35244865889663,89.64755134110337,93.40210435933932,86.59789564066068,22.40447317583897,72.9513965085736,20.422890664244193,8.40552538485525,4.089785455379371,OK,0.957857608795166
106,5.771175146102905,left,left,96.02621314083905,83.97378685916095,100.24723009883684,79.75276990116316,21.494379989923672,71.90123515464235,21.473052018175437,7.616632102563803,3.300892173087931,OK,0.9590569734573364
107,5.810026168823242,left,left,98.63369162466692,81.36630837533308,103.09323251626783,76.90676748373217,21.03890717605058,71.29691460853948,22.077372564278306,6.795362676190958,2.47962274671508,OK,0.9600836634635925
108,5.84310245513916,left,left,111.9914952317259,68.0085047682741,115.80613290659983,64.19386709340017,19.343281629822325,72.6391797396449,20.735107433172885,5.797099044341141,1.4813591148652563,OK,0.9627091288566589
109,5.901651382446289,left,left,122.70286631360896,57.297133686391035,123.50861227226638,56.491387727733624,18.302112027620602,77.35868782263545,16.01559935018234,6.466545808913487,2.1508058794375984,OK,0.9648411273956299
110,5.952784776687622,left,left,123.74246131754965,56.257538682450345,124.22661955795112,55.773380442048875,17.98169025288009,78.59643204373342,14.777855129084372,7.062280537014958,2.746540607539089,OK,0.9665969014167786
111,5.989813327789307,left,left,129.92840906945403,50.071590930545966,130.86036469051126,49.13963530948874,15.359458085697762,81.08095074452308,12.293336428294708,7.372364451278075,3.056624521802206,OK,0.9672800898551941
112,6.027704954147339,left,left,132.22842408453994,47.77157591546006,134.4665990687736,45.533400931226396,13.803870210592818,81.84118373253825,11.533103440279532,7.883228927364756,3.567488997888887,OK,0.9676212668418884
113,6.061203956604004,left,left,139.5456242598831,40.45437574011689,142.13620706349127,37.86379293650873,11.137231305093813,83.48435523742715,9.889931935390635,7.2121693461291265,2.896429416653234,OK,0.9685027003288269
114,6.1094067096710205,left,left,141.38608905096166,38.61391094903834,143.95765300277486,36.04234699722514,10.206252283450123,85.93193325969825,7.442353913119533,8.709749494961564,4.394009565485675,OK,0.9686172604560852
115,6.155534505844116,left,left,153.11304757619564,26.88695242380436,154.05626900516998,25.94373099483002,7.682542888809738,92.2493410051601,1.1249461676576828,10.875105322944218,6.55936539346834,OK,0.9688301682472229
116,6.195972442626953,left,left,155.83825366876414,24.16174633123586,156.4394725329495,23.56052746705049,6.966274552140719,92.43223680498151,0.9420503678362735,9.99973022130761,5.683990291831719,OK,0.9670088291168213
117,6.237743139266968,left,left,166.49680332682786,13.503196673172141,167.63826253997823,12.361737460021772,3.6942216032346096,95.29332392935787,-1.9190367565400805,10.129004745742876,5.813264816267008,OK,0.9656437635421753
118,6.280833005905151,left,left,168.6601865095247,11.339813490475308,170.20384036616778,9.796159633832218,2.5221781120963054,98.37896425874851,-5.004677085930723,12.444796227487888,8.129056298012017,OK,0.9636088013648987
119,6.319226503372192,left,left,175.8163461552407,4.183653844759306,178.75104008337203,1.2489599166279675,-0.7284823906242055,99.7338787736017,-6.359591600783915,11.940090311108822,7.624350381632951,OK,0.9587176442146301
120,6.3676581382751465,left,left,178.9952388787996,1.0047611212004028,176.25360964276902,-3.746390357230979,-3.0466978454055402,98.3387563542145,-4.964469181396709,10.043209987240308,5.727470057764435,OK,0.9533920884132385
121,6.413820266723633,left,left,178.78043893617425,1.2195610638257506,175.0505412355852,-4.9494587644148,-4.014749769135645,96.07535316870683,-2.7010659958890386,8.229623227811755,3.913883298335861,OK,0.9461172819137573
122,6.46648097038269,left,left,179.65196935287932,0.3480306471206802,173.58381014908304,-6.416189850916965,-4.6040007559504765,94.82802554891431,-1.4537383760965241,6.988245291001484,2.6725053615255945,OK,0.939630925655365
123,6.508972406387329,left,left,179.56004271327947,0.4399572867205279,173.85339128306848,-6.146608716931524,-4.34725599861971,93.85478938638143,-0.4805022135636392,6.094099391413775,1.778359461937896,OK,0.9319446086883545
124,6.545130014419556,left,left,179.40029836857963,-0.5997016314203734,173.1677189801894,-6.832281019810608,-4.434192493999045,91.15421294380663,2.2200742290111606,2.9525998381978042,-1.3631400912780691,OK,0.9240111708641052
125,6.599562644958496,left,left,179.32206378133785,-0.677936218662154,173.1013740463925,-6.898625953607507,-4.406797832905382,90.12806587330587,3.246221299511916,1.9419577753458428,-2.3737821541300264,OK,0.9182380437850952
126,6.638077974319458,left,left,179.90407173313173,0.09592826686827038,173.6795257318711,-6.320474268128891,-4.271831188629882,89.2700743963554,4.10421277646239,1.4146457427226904,-2.9010941867531983,OK,0.910635232925415
127,6.681285619735718,left,left,179.37214105230396,0.6278589476960406,173.8777567098488,-6.122243290151204,-4.297252042303694,88.53178290865927,4.842504264158521,0.9846331042028309,-3.3311068252730536,OK,0.905500054359436
128,6.72264289855957,left,left,178.8811728595409,1.1188271404591035,174.7043532334999,-5.295646766500113,-3.90484215886012,87.14500763761686,6.229279535200931,-0.34536061428405845,-4.661100543759943,OK,0.8990439176559448
129,6.764882326126099,left,left,175.07080684135445,4.929193158645546,177.40925179398417,-2.5907482060158316,-3.387201864238603,85.68134129898988,7.6929458738279095,-0.18591920058735406,-4.501659130063246,OK,0.8950070738792419
130,6.809885501861572,left,left,173.01810305837196,6.981896941628037,179.029102151537,-0.9708978484630109,-3.0228748874839733,85.51451589825544,7.859771274562348,0.4444358008625195,-3.8713041286133603,OK,0.8913598656654358
131,6.859696388244629,left,left,168.68579347475324,11.31420652524676,176.187187509886,3.8128124901139984,-1.4480008532257833,84.50256010708962,8.871727065728166,0.555953288996596,-3.759786640479291,OK,0.8890387415885925
132,6.896206617355347,left,left,166.37354418499874,13.626455815001265,173.69162398733653,6.308376012663473,-0.6340723039059286,84.08104498605942,9.293242186758363,0.7650524844912708,-3.550687444984618,OK,0.8866479396820068
133,6.9351887702941895,left,left,165.03246692165615,14.967533078343848,172.46891001599118,7.5310899840088155,-0.24010793167272232,84.70497189060184,8.669315282215948,1.9013070532641678,-2.4144328762117198,OK,0.8867128491401672
134,6.978524208068848,left,left,164.82493479159925,15.175065208400753,171.9381822083552,8.061817791644813,0.032990078734216305,85.4940539277617,7.88023324505609,2.6402914232518606,-1.6754485062240292,OK,0.8870986700057983
135,7.027777671813965,left,left,163.4108076126056,16.589192387394405,170.5350860366299,9.464913963370094,0.4943212974343131,85.28478369935834,8.089503473459445,2.903383420816973,-1.4123565086589167,OK,0.8891598582267761
136,7.061907529830933,left,left,162.82222875223167,17.177771247768334,169.56237659200983,10.437623407990174,0.9681310232876921,85.55952022444335,7.814766948374441,3.2677990875091796,-1.0479408419666925,OK,0.8918420076370239
137,7.101312875747681,left,left,160.7546837388574,19.24531626114259,167.56945930543174,12.430540694568265,1.5077039442931002,84.96295415233249,8.411333020485301,3.2854336631999166,-1.0303062662759714,OK,0.8944995999336243
138,7.136109113693237,left,left,160.3259072953095,19.67409270469051,167.14645910888177,12.853540891118229,1.6538968244387038,85.37812322529096,7.996163947526824,3.85257186330195,-0.46316806617392103,OK,0.8958382606506348
139,7.1796839237213135,left,left,154.130085609219,25.86991439078099,161.61078397753906,18.389216022460943,3.0419067839134764,83.69599483537426,9.678292337443523,4.218599987607762,-0.09713994186810737,OK,0.8951389193534851
140,7.230583667755127,left,left,150.5373892817662,29.462610718233805,158.35936138625573,21.640638613744272,3.9924973447781316,86.66199002820059,6.712297144617196,8.476459477468271,4.160719547992386,OK,0.897424578666687
141,7.271501064300537,left,left,148.9113137827125,31.08868621728749,156.13899178955742,23.861008210442577,4.850160110198068,86.71475523783079,6.659531934987001,8.792593354873757,4.476853425397877,OK,0.9010046124458313
142,7.325439214706421,left,left,145.928334581065,34.071665418935,153.34955517630564,26.650444823694357,5.7796652728937135,86.16301587901428,7.211271293803506,9.363901747148624,5.048161817672735,OK,0.9045108556747437
143,7.371181488037109,left,left,145.21181059552296,34.78818940447704,152.39400747411585,27.605992525884147,6.131319554935558,84.4535826919332,8.92070448088458,7.7670991254616615,3.4513591959857877,OK,0.9095105528831482
144,7.422718524932861,left,left,144.1777752778029,35.82222472219709,150.87303411115428,29.126965888845717,6.825924936323177,82.87805323932356,10.496233933494224,6.399237008998101,2.083497079522232,OK,0.9142376184463501
145,7.484863996505737,left,left,143.29549419630456,36.70450580369544,149.68557867605733,30.314421323942668,7.267963437275628,82.45263973061529,10.921647442202499,6.110687647643685,1.7949477181678049,OK,0.9190009832382202
146,7.535624742507935,left,left,136.92119659271063,43.07880340728937,143.86136970833883,36.13863029166117,8.506014674715832,82.99081550329909,10.383471669518698,8.437003293643103,4.12126336416722,OK,0.9225229620933533
147,7.585411787033081,left,left,132.10701867039637,47.89298132960363,139.07515918981449,40.924840810185515,9.47754656007401,82.53256487768816,10.841722295129628,8.978251957180268,4.662512027704395,OK,0.9270102381706238
148,7.634122848510742,left,left,131.0107344168166,48.989265583183396,137.4222091035747,42.57779089642531,10.403717664456234,82.75965770918339,10.614629463634401,9.5748500603977,5.259110130921812,OK,0.9321111440658569
149,7.677901268005371,left,left,128.96466085632395,51.035339143676055,135.42984684976628,44.57015315023372,11.055633551676937,79.9612094928139,13.413077680003894,7.482029037933166,3.1662891084572777,OK,0.936435341835022
150,7.726606369018555,left,left,128.54992468361849,51.450075316381515,134.6172052888278,45.38279471117221,11.796891052100017,79.39110239964452,13.983184773173264,7.255274056953867,2.939534127477998,OK,0.9409817457199097
151,7.780275344848633,left,left,126.20870120853112,53.791298791468876,133.24057333108672,46.75942666891328,11.700703150989327,78.19430346778469,15.179983705033095,6.926878741329611,2.6111388118537207,OK,0.9454431533813477
152,7.827980995178223,left,left,126.3824146165304,53.6175853834696,133.29396945731241,46.706030542687586,11.864590189515432,78.17333321974203,15.200953953075754,6.949478250039472,2.6337383205635945,OK,0.9493504166603088
153,7.87731146812439,left,left,124.17225895978831,55.82774104021169,130.67329330805424,49.32670669194576,12.749276232727045,77.46814319166437,15.90614398115342,6.718453772657316,2.4027138431814308,OK,0.9528634548187256
154,7.930740594863892,left,left,121.11141529742955,58.888584702570455,127.30931420880889,52.690685791191115,13.593028924866294,76.630234427841,16.744052744976784,6.421162264086647,2.105422334610779,OK,0.9566458463668823
155,7.973247528076172,left,left,120.85236965184826,59.147630348151736,125.95998484418288,54.040015155817116,14.65864796148747,76.93954106593854,16.434746106879246,6.705804219760637,2.390064290284755,OK,0.9600895047187805
156,8.019171476364136,left,left,118.47512172958818,61.52487827041182,123.26996921617301,56.73003078382699,15.281581447528247,77.52995250219229,15.8443346706255,7.606381436305354,3.2906415068294734,OK,0.9630492329597473
157,8.075775623321533,left,left,118.05056503827643,61.94943496172357,122.59981812523407,57.400181874765934,15.699104189941078,77.35834814166414,16.01593903115365,7.6067054185628455,3.2909654890869717,OK,0.9649930000305176
158,8.131402492523193,left,left,113.61585038458583,66.38414961541417,118.74263663357294,61.25736336642706,16.05775291317301,73.72009025129806,19.654196921519727,4.90462941345818,0.5888894839822854,OK,0.9658840298652649
159,8.186499834060669,left,left,111.82729011110794,68.17270988889206,116.93837707626405,63.06162292373595,16.762479543761803,72.64993196393272,20.724355208885072,4.523498472850638,0.20775854337475153,OK,0.9660652279853821
160,8.238277912139893,left,left,111.31619021522322,68.68380978477678,116.5495280253704,63.45047197462959,17.26557923458684,71.77152365499808,21.60276351781971,4.270440699732126,-0.04529922974376177,OK,0.9660016298294067
161,8.28466010093689,left,left,109.21207839310652,70.78792160689348,113.83701995714499,66.16298004285501,18.30562822007403,71.45790221691365,21.916384955904135,4.388472001026157,0.07273207155026284,OK,0.9661299586296082
162,8.339746475219727,left,left,108.60648241542869,71.39351758457131,113.36675311813039,66.63324688186961,18.469969066411334,71.5922445318224,21.782042640995385,4.822484300935423,0.506744371459547,OK,0.965890109539032
163,8.381958723068237,left,left,101.04265514512106,78.95734485487894,108.09299566421542,71.90700433578458,18.248734906523964,69.7988522531519,23.57543491966588,5.097927678770251,0.7821877492943656,OK,0.9662438631057739
164,8.43678879737854,left,left,97.90661841048134,82.09338158951866,104.82268995800888,75.17731004199112,18.93481111469138,70.26184802655389,23.112439146263895,6.11273068877282,1.796990759296932,OK,0.9651477336883545
165,8.486770153045654,left,left,98.41160792349818,81.58839207650182,104.63331207674482,75.36668792325518,19.736031007889117,71.31147694570312,22.062810227114667,7.2692121068388555,2.9534721773629826,OK,0.9649702310562134
166,8.527525186538696,left,left,95.31897208193274,84.68102791806726,101.3963165771637,78.6036834228363,20.571957453293745,70.98089906073778,22.393388112080004,7.6302010092625,3.3144610797866108,OK,0.9658979773521423
167,8.577113151550293,left,left,94.83390476906646,85.16609523093354,101.22118951109468,78.77881048890532,20.30959424641757,71.2202618149672,22.154025357850585,7.917140803412982,3.6014008739371093,OK,0.9662619829177856
168,8.634004831314087,left,left,92.15094907764596,87.84905092235404,98.37034909957818,81.62965090042182,20.67559140884582,71.47144291238908,21.902844260428708,8.36643434316712,4.050694413691247,OK,0.9655548930168152
169,8.69031834602356,left,left,92.10402177993872,87.89597822006128,98.2659911884168,81.7340088115832,20.92436939134477,71.53807708541706,21.83621008740073,8.624415885239904,4.308675955764016,OK,0.9655393362045288
170,8.732006072998047,left,left,87.72931914768131,92.27068085231869,94.11277974523995,85.88722025476005,20.996811484728966,71.32130895444841,22.052978218369375,8.701581036736014,4.38584110726012,OK,0.9643822312355042
171,8.785609006881714,left,left,86.37314392326793,93.62685607673207,93.28854291985955,86.71145708014045,20.91077755924049,71.3596264945802,22.01466067823759,9.1858030504123,4.870063120936408,OK,0.96399986743927
172,8.84755825996399,left,left,85.86406357455867,94.13593642544133,93.04263391793312,86.95736608206688,20.95470540863961,78.84639855134134,14.52788862147645,16.9796743033554,12.663934373879528,OK,0.9647790193557739
173,8.89200234413147,left,left,84.2360787332162,95.7639212667838,91.23054256961626,88.76945743038374,21.03103008579994,79.77135641182761,13.602930760990176,17.796850334027614,13.481110404551742,OK,0.9654574394226074
174,8.954072713851929,left,left,85.04258228189846,94.95741771810154,90.9441575042957,89.0558424957043,21.554352888806775,80.58448031555095,12.78980685726684,18.040408426754965,13.724668497279083,OK,0.9663302302360535
175,9.00763988494873,left,left,86.7479552886019,93.2520447113981,92.6320607361576,87.3679392638424,21.512019258568547,78.12546797542973,15.248819197388059,15.52159268155396,11.205852752078073,OK,0.9657055735588074
176,9.059655666351318,left,left,88.69447022394529,91.30552977605471,95.58071173805051,84.41928826194949,20.25377304052393,76.97073489666822,16.40355227614957,14.110749451297362,9.79500952182147,OK,0.967465877532959
177,9.106881380081177,left,left,89.02085770352338,90.97914229647662,96.17053021788843,83.82946978211157,19.94753765199093,76.69965452016422,16.67463265265357,13.796864686520188,9.481124757044313,OK,0.968806803226471
178,9.15676999092102,left,left,102.15179959206644,77.84820040793356,109.24817212985755,70.75182787014245,19.232864305379497,77.07626104728382,16.298026125533966,13.405497890454434,9.089757960978545,OK,0.9698050618171692
179,9.19620943069458,left,left,103.34169739871226,76.65830260128774,110.83681666107273,69.16318333892727,18.29275792261981,77.06912337431683,16.305163798500956,12.85700055929711,8.541260629821238,OK,0.9707131385803223
180,9.250837564468384,left,left,122.48022901741034,57.51977098258966,127.9120287079808,52.087971292019205,15.64898506624891,80.82570358697718,12.548583585840603,11.906488343796553,7.590748414320672,OK,0.9711794853210449
181,9.301567792892456,left,left,133.34352692141925,46.656473078580746,137.3538792390644,42.64612076093559,12.885496021766892,85.12739610065029,8.2468910721675,12.023244440062332,7.70750451058646,OK,0.9714715480804443
182,9.351545810699463,left,left,134.55634665490822,45.443653345091775,138.93057762103166,41.06942237896834,11.611365420683626,85.49336590884587,7.8809212639719135,11.478962295652916,7.163222366177024,OK,0.9717437028884888
183,9.395332098007202,left,left,153.34766691977268,26.652333080227322,155.63198356777175,24.368016432228245,7.3963917667459596,90.66696015660904,2.707327016208751,10.347668571354035,6.031928641878153,OK,0.9713208675384521
184,9.44843864440918,left,left,156.79680156064478,23.20319843935522,160.35282817153393,19.64717182846607,5.404677868967996,91.35745974790969,2.016827424908101,10.318164227766838,6.002424298290947,OK,0.969567060470581
185,9.492521047592163,left,left,168.08300188777932,11.916998112220682,170.69924941432942,9.300750585670585,2.7710820483148795,94.89846049156277,-1.5241733187449853,10.285790066427742,5.970050136951869,OK,0.9690161943435669
186,9.545434951782227,left,left,170.1942146031216,9.805785396878406,174.12006497199482,5.879935028005178,0.9650905501705155,96.0550458308566,-2.680758658038812,10.945986749900346,6.630246820424475,OK,0.9657739400863647
187,9.591228485107422,left,left,175.47327860143358,4.526721398566423,178.8007892409899,1.1992107590101,-0.5043730848893975,96.7703784356735,-3.3960912628557196,9.593515990340464,5.277776060864596,OK,0.9610652327537537
188,9.636998176574707,left,left,177.51466756859494,2.4853324314050553,177.5423315565812,-2.457668443418811,-2.14317616247868,96.35006372771458,-2.9757765548967967,9.149888440059762,4.834148510583873,OK,0.9555308222770691
189,9.681636810302734,left,left,177.8743567012012,2.125643298798792,177.07771456874568,-2.9222854312543234,-2.3101262898016572,96.66645551622096,-3.2921683434031763,9.404257956472446,5.088518026996553,OK,0.950583279132843
190,9.740713357925415,left,left,176.67653889255084,3.3234611074491625,176.61145996034531,-3.3885400396546856,-3.016824199476627,94.44379831589026,-1.069511143072475,8.138975263517503,3.8232353340416125,OK,0.9461792707443237
191,9.778994083404541,left,left,176.88541318528593,3.114586814714073,176.19874513599848,-3.801254864001521,-3.079398054906789,93.46077214863877,-0.08648497582098003,7.297215772447576,2.9814758429716903,OK,0.9399151802062988
192,9.825079917907715,left,left,177.14436386226873,2.855636137731267,176.4178017255977,-3.5821982744022876,-2.815262376969567,92.88849429760062,0.4857928752171716,6.511066332764587,2.1953264032887034,OK,0.9314388632774353
193,9.88906717300415,left,left,176.79944024391355,3.2005597560864487,176.7818230172735,-3.2181769827265043,-2.656892535072505,91.44674504860673,1.9275421242110582,5.208589252347196,0.8928493228713137,OK,0.9222083687782288
194,9.9208664894104,left,left,177.37441623217578,2.6255837678242244,176.35853798799957,-3.6414620120004315,-2.7114098306390755,90.50755558046981,2.866731592347975,4.0631915296554,-0.2525483998204834,OK,0.9168412685394287
195,9.975187063217163,left,left,177.19337241462853,2.806627585371473,176.37079179714223,-3.629208202857768,-2.806687832639254,89.76369266314208,3.610594509675707,3.3928406187320763,-0.9228993107438157,OK,0.9106200933456421
196,10.02025318145752,left,left,177.2170318606065,2.782968139393489,176.39865335969716,-3.601346640302836,-2.8141287465940277,89.54413574965189,3.8301514231659013,3.1143217827541996,-1.201418146721693,OK,0.9055443406105042
197,10.058170557022095,left,left,176.81851736422345,3.181482635776547,176.75976304153997,-3.240236958460031,-2.7632188763987067,89.1111358721021,4.263151300715691,2.769636589939982,-1.5461033395359038,OK,0.9023094177246094
198,10.099761962890625,left,left,176.71479933597024,3.285200664029759,176.88233117695256,-3.1176688230474383,-2.7678175113543246,88.22665802825864,5.147629144559147,1.8617100039815009,-2.454029925494382,OK,0.8992388248443604
199,10.152899265289307,left,left,175.52328605254576,4.476713947454243,178.21626477638645,-1.7837352236135473,-2.3237131467433607,87.61301522718816,5.76127194562963,1.5497512515126324,-2.765988677963236,OK,0.8934095501899719
200,10.20021939277649,left,left,174.54750177513645,5.452498224863547,179.4006339223,-0.5993660777000116,-1.9138642452013297,87.53662604357206,5.837661129245731,1.6746261009342858,-2.6411138285415916,OK,0.8884457945823669
201,10.241740465164185,left,left,170.96088816039784,9.039111839602157,177.6677819299117,2.332218070088288,-1.250672797395753,86.53427942918212,6.840007743635667,1.9905004013002396,-2.3252395281756435,OK,0.8866510987281799
202,10.292088985443115,left,left,169.3153196014225,10.684680398577513,176.17896902150105,3.8210309784989533,-0.8879158775531709,86.10270930350067,7.271577869317113,2.078442846026069,-2.2372970834498176,OK,0.8849769830703735
203,10.327934503555298,left,left,162.9020556733769,17.097944326623093,168.02093266092623,11.979067339073765,1.9726466580996833,85.17703962634667,8.197247546471118,2.268563271995662,-2.0471766574802075,OK,0.8850411772727966
204,10.377182006835938,left,left,158.44753211037977,21.55246788962023,163.88872534831913,16.111274651680873,2.8138406948637886,84.87597160753721,8.498315565280578,3.13100554034033,-1.1847343891355422,OK,0.8849681615829468
205,10.422580003738403,left,left,156.48647073380604,23.513529266193956,162.36474297245766,17.635257027542337,3.0974987732068904,86.12752503587764,7.2467621369401485,5.10329604773616,0.7875561182602837,OK,0.8863887190818787
206,10.45799994468689,left,left,152.2646238349773,27.7353761650227,158.7979743689606,21.20202563103939,3.773060773289313,86.72324964529594,6.651037527521851,7.029660952568543,2.7139210230926665,OK,0.8903597593307495
207,10.501388788223267,left,left,150.9341122769148,29.06588772308521,157.72827463275095,22.271725367249047,4.03137697095551,86.74727808276795,6.627009090049839,7.572817409559646,3.257077480083751,OK,0.8955318331718445
208,10.543046474456787,left,left,148.18097575658598,31.81902424341402,155.13159540069165,24.86840459930835,4.8074432557524664,86.1638198131937,7.21046735962409,7.921882713051831,3.6061427835759616,OK,0.9015452861785889
209,10.59015679359436,left,left,148.43430436721195,31.56569563278805,154.8993769758192,25.100623024180805,5.084689026135726,85.54425980805563,7.830027364762159,7.094021442798609,2.7782815133227245,OK,0.9067069292068481
210,10.640758275985718,left,left,146.9458058607812,33.054194139218794,152.9852472264249,27.01475277357511,5.79874282045318,84.47647184052447,8.89781533229332,6.314656026621347,1.998916097145468,OK,0.9109203219413757
211,10.68452787399292,left,left,145.6343594279448,34.36564057205521,151.78520263480542,28.214797365194585,6.140401439831386,86.171868183996,7.20241898882179,8.46311283068802,4.147372901212151,OK,0.9154521226882935
212,10.726629734039307,left,left,139.35573287356468,40.644267126435324,145.6071181842411,34.3928818157589,7.267285514164774,87.58784914705507,5.78643802576272,11.106519971896274,6.79078004242038,OK,0.919940710067749
213,10.772348880767822,left,left,134.81866340936847,45.18133659063153,142.5112620804153,37.48873791958471,7.456592997848658,85.64807625591581,7.726210916901977,10.797267924811289,6.481527995335398,OK,0.9246450066566467
214,10.813549518585205,left,left,134.0125409428596,45.9874590571404,141.7427354726948,38.25726452730521,7.995432172965583,85.49239066302268,7.881896509795112,11.218017365823417,6.902277436347532,OK,0.9297162890434265
215,10.857204675674438,left,left,130.9188513198936,49.081148680106395,139.2500203055241,40.74997969447591,8.50168441060583,82.89011828740044,10.484168885417347,9.72297168363676,5.407231754160875,OK,0.9342124462127686
216,10.89911937713623,left,left,130.62052852684477,49.379471473155235,138.7194588372093,41.28054116279071,9.016227957525837,80.54030018028082,12.833986992536964,7.655458448171185,3.3397185186952925,OK,0.9383347034454346
217,10.950366735458374,left,left,128.3312848937781,51.668715106221896,135.90658070083347,44.09341929916653,9.753061338326418,77.87917226306683,15.495114909750953,5.207529408448628,0.8917894789727541,OK,0.9420942068099976
218,11.000967741012573,left,left,128.19624691218533,51.80375308781467,135.6554362911054,44.34456370889461,10.010928005179077,77.4072836755045,15.967003497313286,4.877401059603641,0.5616611301277601,OK,0.94565349817276
219,11.03941035270691,left,left,126.4747065123355,53.5252934876645,134.171650242975,45.828349757024995,10.290789702130487,76.53491424066434,16.839372932153452,4.522647673434305,0.20690774395842482,OK,0.9492811560630798
220,11.086852073669434,left,left,126.30549292709894,53.69450707290106,133.78033401422311,46.219665985776885,10.497227657241844,75.74099148729525,17.63329568552254,3.71306023166126,-0.6026796978146081,OK,0.9525969624519348
221,11.124516010284424,left,left,123.67465627398039,56.32534372601961,131.0545714537419,48.945428546258114,11.089857248020904,75.05116521629097,18.32312195652682,3.520937644073352,-0.7948022854025396,OK,0.9558086395263672
222,11.173119306564331,left,left,120.57184368610973,59.42815631389027,127.33056312291913,52.66943687708087,12.08131671640997,76.01714509814933,17.35714207466846,4.857181251368684,0.5414413218927905,OK,0.9588127136230469
223,11.217817544937134,left,left,120.26400751005036,59.73599248994964,126.17321713310834,53.82678286689166,12.991501560220165,77.47120079191767,15.90308638090012,6.371911975195814,2.056172045719933,OK,0.9618987441062927
224,11.257068157196045,left,left,118.27800909005019,61.72199090994981,123.56245220954685,56.43754779045315,14.081532327789768,76.99271573942397,16.381571433393816,6.35869118671039,2.042951257234506,OK,0.9646109938621521
225,11.298903942108154,left,left,118.18061335698275,61.81938664301725,123.04518460493468,56.954815395065324,14.724626132542005,76.73272022401409,16.6415669488037,6.321917604508007,2.00617767503212,OK,0.966680645942688
226,11.352521657943726,left,left,116.85141163138726,63.148588368612735,121.04573273485019,58.95426726514981,15.463093327763143,77.26761175293866,16.106675419879124,6.925026184164712,2.60928625468884,OK,0.9683159589767456
227,11.412449836730957,left,left,116.70896354908253,63.291036450917474,120.96597042354352,59.034029576456476,15.577632207803338,75.52165691760923,17.852630255208553,5.356295999873578,1.0405560703976846,OK,0.9686070084571838
228,11.471764087677002,left,left,115.05959352055723,64.94040647944277,119.63361179107862,60.36638820892138,15.88726916421095,74.80387275103237,18.570414421785415,5.26516018576473,0.9494202562888461,OK,0.9685879349708557
229,11.519661664962769,left,left,108.86514952425587,71.13485047574413,114.4554658344741,65.5445341655259,16.39505102601007,73.48733843136218,19.886948741455612,5.472705767590478,1.156965838114587,OK,0.9680607318878174
230,11.564772129058838,left,left,107.3160323972456,72.6839676027544,113.01639169457972,66.98360830542028,16.983829750513188,72.41723693932953,20.95705023348826,5.101425987176817,0.7856860577009286,OK,0.9685242772102356
231,11.619494438171387,left,left,105.80621908526456,74.19378091473544,110.54450799500626,69.45549200499374,18.080786599611415,72.32269709729192,21.051590075525866,5.141772606645046,0.8260326771691666,OK,0.9683863520622253
232,11.670047283172607,left,left,105.58725258653516,74.41274741346484,109.47103734936826,70.52896265063174,19.01830939409045,72.14099117686665,21.23329599595114,5.043085333790212,0.7273454043143204,OK,0.9688831567764282
233,11.706884860992432,left,left,100.05070037724647,79.94929962275353,104.14344623448754,75.85655376551246,19.440092361183318,73.2587807156817,20.115506457136092,6.791618934106062,2.4758790046301726,OK,0.9681627750396729
234,11.761725187301636,left,left,94.3320870629755,85.6679129370245,98.61764348034875,81.38235651965125,20.203445523865327,72.53905154255467,20.835235630263114,7.028053483793246,2.712313554317376,OK,0.9687068462371826
235,11.801751375198364,left,left,94.19430166120686,85.80569833879314,98.6556113618472,81.3443886381528,20.50978644528891,72.74469035489395,20.62959681792384,7.715786500823197,3.4000465713473034,OK,0.9678926467895508
236,11.847862958908081,left,left,91.0056396557644,88.9943603442356,95.43804337794386,84.56195662205614,20.644268977792247,72.52591100237821,20.84837617043958,7.602583702349914,3.286843772874022,OK,0.9688291549682617
237,11.910584211349487,left,left,88.7931938100292,91.2068061899708,93.86983361941785,86.13016638058215,20.60590372464905,72.57820635777466,20.796080815043126,8.260749891812372,3.945009962336485,OK,0.9672427177429199
238,11.951857328414917,left,left,87.86299857096303,92.13700142903697,93.02203818500888,86.97796181499112,20.839752037300173,72.11747956379327,21.25680760902452,8.116271215139282,3.8005312856633964,OK,0.9654868245124817
239,11.991373062133789,left,left,88.18283860591505,91.81716139408495,93.04514348595607,86.95485651404393,21.101954953186194,72.23873822309248,21.135548949725305,8.202998056319702,3.887258126843818,OK,0.9644719362258911
240,12.032069444656372,left,left,85.38821992302495,94.61178007697505,90.11003275467868,89.88996724532132,21.4086828516009,72.25910892932734,21.115178243490448,8.389604612581971,4.0738646831060805,OK,0.964688777923584
241,12.088042259216309,left,left,85.88368960727072,94.11631039272928,90.07600710473314,89.92399289526686,21.733457597288464,72.40568104908414,20.96860612373365,8.33145614383501,4.0157162143591165,OK,0.9653328061103821
242,12.131161451339722,left,left,84.64686885512339,95.35313114487661,88.15058727500563,91.84941272499437,22.295639298634587,72.8480454511297,20.52624172168808,8.647403169646518,4.331663240170627,OK,0.9655818343162537
243,12.176191091537476,left,left,86.28901307765676,93.71098692234324,89.57231489228484,90.42768510771516,22.321187141256836,72.8033540004093,20.570933172408488,8.407842956294218,4.092103026818336,OK,0.9640493392944336
244,12.230084896087646,left,left,86.75506746315016,93.24493253684984,90.06928764451727,89.93071235548273,22.184956180783242,72.57503850313653,20.799248669681262,8.074214865286871,3.7584749358109946,OK,0.9623069167137146
245,12.27077054977417,left,left,90.88080911893094,89.11919088106906,94.55640257282819,85.44359742717181,21.712463598612626,72.32136303320455,21.05292413961324,7.709420085714432,3.3936801562385597,OK,0.9632478952407837
246,12.322447299957275,left,left,104.10394396610724,75.89605603389276,108.39875267660611,71.60124732339389,19.9610960523791,73.72080780304651,19.653479369771276,7.976712565924462,3.6609726364485766,OK,0.9648632407188416
247,12.366575241088867,left,left,104.51094442629685,75.48905557370315,108.8678216605432,71.1321783394568,19.744770394056165,74.55231405192103,18.821973120896757,8.653961680223528,4.3382217507476355,OK,0.9662126302719116
248,12.415067911148071,left,left,104.05803118983255,75.94196881016745,108.69142324492387,71.30857675507613,19.42461049553322,74.77453586087408,18.599751311943706,8.832538411498607,4.516798482022722,OK,0.9673097729682922
249,12.468019247055054,left,left,126.51726854139231,53.48273145860769,127.21707593181668,52.78292406818332,17.09635390132593,80.93601393187824,12.438273240939552,8.732175223628527,4.416435294152649,OK,0.9685419201850891
250,12.512058973312378,left,left,140.75092152431057,39.24907847568943,139.84378197689514,40.156218023104856,13.008359781638966,88.482403372492,4.891883800325786,10.58362360671554,6.267883677239666,OK,0.9690276980400085
251,12.553781509399414,left,left,141.98788858651068,38.01211141348932,141.7404971903136,38.25950280968641,11.556506574527608,89.1295203430578,4.244766829759982,10.438635521388331,6.122895591912453,OK,0.9700740575790405
252,12.608310222625732,left,left,160.26376241549994,19.73623758450006,159.43137444718147,20.56862555281853,7.07912844835594,94.18319839476902,-0.8089112219512344,10.429938874806487,6.1141989453306,OK,0.9704453349113464
253,12.648619651794434,left,left,164.5042447384218,15.49575526157821,164.99221832954169,15.007781670458314,4.781948222647855,96.72647367379757,-3.3521865009797835,11.996395487565303,7.680655558089427,OK,0.9701490998268127
254,12.691622018814087,left,left,172.30996935913652,7.690030640863483,173.47723031417982,6.52276968582018,1.8434243636079266,97.82106010644624,-4.446772933628452,10.831745425097484,6.516005495621613,OK,0.967832088470459
255,12.75131344795227,left,left,175.71116450786906,4.288835492130943,178.15658377954995,1.8434162204500524,-0.21273190896412686,99.10267422016504,-5.728387047347255,11.335361582881806,7.01962165340592,OK,0.9634387493133545
256,12.788784503936768,left,left,176.84064748917942,3.1593525108205824,179.36044163751959,-0.6395583624804146,-1.5743267693556502,97.33897377620379,-3.9646866033859993,9.563557880149146,5.247817950673266,OK,0.9558923244476318
257,12.835637092590332,left,left,177.1842761293477,2.815723870652306,178.39694505153577,-1.6030549484642336,-2.1699100298967373,97.27854185967513,-3.9042546868573424,9.527410648894941,5.211670719419061,OK,0.9472192525863647
258,12.882721424102783,left,left,179.02260806191103,0.9773919380889708,176.63229973902693,-3.3677002609730664,-2.6094066754824157,97.66305650268322,-4.288769329865431,9.398742026262848,5.08300209678697,OK,0.939859926700592
259,12.933764219284058,left,left,179.19916478969154,0.8008352103084633,176.60579031501925,-3.3942096849807513,-2.5691568218771232,96.89704625097109,-3.5227590781532996,8.522934324383192,4.2071943949073045,OK,0.9290709495544434
260,12.972287654876709,left,left,178.77971185795778,1.2202881420422216,176.47917302645814,-3.5208269735418583,-2.789654469314546,96.0524833927926,-2.678196219974808,8.003944039062116,3.6882041095862235,OK,0.918026328086853
261,13.020143508911133,left,left,178.00671113679707,1.9932888632029346,176.95929642164305,-3.040703578356954,-2.7021959270784555,94.35064188215495,-0.9763547093371585,6.682438396636377,2.3666984671604894,OK,0.907309353351593
262,13.07613229751587,left,left,178.07364890623305,1.9263510937669537,177.05228927892227,-2.9477107210777262,-2.6293625970080226,94.06527893412917,-0.6909917613113805,6.309978151965824,1.9942382224899404,OK,0.8987922668457031
263,13.117374420166016,left,left,178.45595247210105,1.5440475278989538,175.7764883502951,-4.2235116497049034,-3.2858013550004634,94.02584811992303,-0.6515609471052386,6.50760594252644,2.1918660130505714,OK,0.8946582674980164
264,13.173604965209961,left,left,178.6575830742976,1.3424169257023948,175.399161562483,-4.600838437517012,-3.4621242160973305,92.73695351953411,0.637333653283676,5.218084666656231,0.902344737180357,OK,0.8870977163314819
265,13.217542886734009,left,left,178.44530116676103,1.554698833238973,175.69113562310835,-4.308864376891648,-3.409145937957437,92.45628621560722,0.9180009572105661,4.910703487780444,0.5949635583045563,OK,0.879379391670227
266,13.254453659057617,left,left,178.53021594743652,1.469784052563483,175.50879208911678,-4.491207910883219,-3.6003393976237037,92.22754540696434,1.1467417658534487,4.588197972787373,0.27245804331150225,OK,0.8734945058822632
267,13.292961835861206,left,left,178.48433537486616,1.5156646251338373,175.4952930619176,-4.504706938082393,-3.676938750947402,92.17917410753473,1.1951130652830528,4.522606919803574,0.20686699032768274,OK,0.8696552515029907
268,13.337703704833984,left,left,178.64174439362492,1.3582556063750815,175.10799887360477,-4.892001126395229,-3.8435298592288256,91.68214233767576,1.692144835142031,4.0888692112172365,-0.22687071825865246,OK,0.866790235042572
269,13.388425350189209,left,left,178.7010171494059,1.2989828505940864,174.98153213472477,-5.018467865275227,-3.8980902691335992,91.49491974905122,1.879367423766567,3.914280195786933,-0.40145973368893806,OK,0.8643766045570374
270,13.446133136749268,left,left,178.75601231375975,1.2439876862402457,174.93919341550512,-5.060806584494884,-3.9160702382715096,92.35140783357272,1.0228793392450655,4.740131866036354,0.42439193656048246,OK,0.8606486916542053
271,13.487250089645386,left,left,178.79673594410968,1.2032640558903154,174.9121386598775,-5.087861340122487,-3.937059040315384,92.48128272347455,0.8930044493432376,4.835349079171985,0.5196091496960946,OK,0.8565530776977539
272,13.526774406433105,left,left,178.80210035948443,1.1978996405155726,174.8416611066792,-5.158338893320803,-3.9889929550413985,92.50985519424194,0.8644319785758512,4.877100773036919,0.5613608435610331,OK,0.8548563122749329
273,13.572860956192017,left,left,178.74586554397442,1.2541344560255823,174.8493961327305,-5.150603867269496,-3.999157307849826,92.49407298839604,0.8802141844217459,4.899654003841316,0.5839140743654241,OK,0.8524513244628906
274,13.618577003479004,left,left,178.71443900642964,1.285560993570357,174.85242030664756,-5.147579693352441,-4.012339972435764,92.48603973849178,0.8882474343260043,4.906840452978822,0.591100523502945,OK,0.8502604365348816
275,13.653006076812744,left,left,178.6860090731042,1.3139909268957979,175.0184991625413,-4.981500837458697,-3.878703622385165,92.1038371271918,1.2704500456259922,4.5206252691611235,0.2048853396852337,OK,0.8483805060386658
276,13.696917295455933,left,left,178.64712464891593,1.3528753510840659,175.15590110662103,-4.84409889337897,-3.7856127143889164,91.83023123913878,1.5440559336790045,4.241592769212893,-0.07414716026298152,OK,0.8466363549232483
277,13.744397401809692,left,left,178.34288778372687,1.6571122162731342,175.65887737250034,-4.341122627499658,-3.5808085798008245,92.10402458385485,1.270262588962936,4.521450847826849,0.20571091835097377,OK,0.8460960388183594
278,13.787521362304688,left,left,178.19427119765624,1.805728802343765,175.8900640073529,-4.1099359926471095,-3.492401964346994,92.26676017538243,1.1075269974353574,4.6900230060263315,0.374283076550455,OK,0.8459028601646423
279,13.830542802810669,left,left,177.95905380749517,2.0409461925048333,176.14221902286914,-3.857780977130858,-3.3860419015948,91.64530077338881,1.728986399428976,4.1579860414297105,-0.15775388804615886,OK,0.8446367383003235
280,13.878364324569702,left,left,177.8064264380639,2.193573561936091,176.3221722349332,-3.6778277650668088,-3.2997510710810163,91.2271289218304,2.1471582509873883,3.798779177752318,-0.516960751723559,OK,0.8435483574867249
281,13.913445711135864,left,left,175.4208060995134,4.579193900486587,178.69728812866148,-1.3027118713385164,-2.637142778682363,91.086416749997,2.287870422820788,4.3311797431397565,0.015439813663874702,OK,0.8430259227752686
282,13.95768928527832,left,left,172.12153104796252,7.87846895203748,178.07766587360226,1.9223341263977431,-1.7358540390213408,90.46576173622475,2.908525436593038,4.686042522843165,0.37030259336728477,OK,0.8452821969985962
283,14.00608229637146,left,left,166.9304468666795,13.069553133320511,172.90856494300988,7.091435056990122,-0.20356783044322757,88.90834357698415,4.465943595833636,4.6828938228713195,0.36715389339542526,OK,0.8479682207107544
284,14.044795036315918,left,left,162.14617204065394,17.853827959346063,167.96550726691618,12.034492733083823,1.2320478687009262,88.15481945072166,5.219467722096127,5.206202545684795,0.8904626162089073,OK,0.849122166633606
285,14.10746145248413,left,left,160.5214520092364,19.478547990763587,166.2635735565248,13.73642644347521,1.7849314507134038,88.33248631514232,5.041800857675469,5.859539313144084,1.5437993836682153,OK,0.8533217906951904
286,14.159896612167358,left,left,154.35921621930692,25.640783780693084,160.8690791981896,19.13092080181039,3.053806822072918,87.09760404649117,6.276683126326617,6.661273847446764,2.345533917970897,OK,0.8566122651100159
287,14.203795433044434,left,left,152.06556210912473,27.934437890875273,158.403473611621,21.596526388379004,4.103111735755497,87.62298926141749,5.7512979114003,8.06401249966929,3.7482725701934214,OK,0.8616816401481628
288,14.245315074920654,left,left,145.7761325307852,34.22386746921481,153.16197534920448,26.838024650795518,5.414876022430224,85.22465215667516,8.149635016142625,8.025370997524652,3.7096310680487647,OK,0.8674473762512207
289,14.292409896850586,left,left,135.7561157508568,44.24388424914321,144.11267558046765,35.88732441953235,7.557686791549029,81.85679017601932,11.51749699679847,7.771036797179211,3.455296867703339,OK,0.8744096159934998
290,14.371473789215088,left,left,127.47734039684165,52.522659603158345,137.10561762312977,42.894382376870226,8.781345963597717,80.85980839388343,12.514478778934361,9.269431583769274,4.9536916542933795,OK,0.8834632039070129
291,14.417508840560913,left,left,127.19461221749076,52.80538778250924,136.115721889413,43.88427811058699,9.83310139878617,80.4069372866219,12.96734988619589,9.161148357330326,4.845408427854437,OK,0.8924731016159058
292,14.471789836883545,left,left,128.02102416248934,51.97897583751066,136.13326323899355,43.86673676100645,10.846631844573482,79.46121816924614,13.91306900357165,8.420089090323831,4.10434916084796,OK,0.9004045128822327
293,14.512076616287231,left,left,123.10325419646884,56.89674580353116,130.76820455150042,49.23179544849958,12.276861800114963,77.79500606079174,15.579281112026052,7.736818215938293,3.4210782864624036,OK,0.9079338312149048
294,14.565513610839844,left,left,118.90625487228091,61.09374512771909,126.3977873058144,53.602212694185596,13.82588483621788,75.23046614838854,18.143821024429243,6.547883418139917,2.232143488664036,OK,0.9156046509742737
295,14.619452238082886,left,left,120.25384627662815,59.74615372337185,126.32718247718084,53.67281752281916,14.772466855100202,76.67157333716254,16.702713835655246,7.517376392815412,3.2016364633395256,OK,0.9226061105728149
296,14.670450448989868,left,left,117.33163067846993,62.668369321530065,122.64194336485807,57.358056635141935,16.10633436129837,77.11758370305147,16.25670346976632,8.534230750737992,4.218490821262122,OK,0.9285457134246826
297,14.709091424942017,left,left,113.69391195271281,66.30608804728719,119.15259528741385,60.847404712586155,16.592668777190216,76.00723172909812,17.367055443719664,8.058583840989376,3.7428439115134893,OK,0.9331377148628235
298,14.75309681892395,left,left,112.96549211399099,67.03450788600901,118.62726296726466,61.372737032735344,16.910186976641185,73.95071384663316,19.423573326184624,6.522671676548006,2.206931747072133,OK,0.9365847706794739
299,14.796304702758789,left,left,107.44780923768327,72.55219076231673,113.8888989487724,66.1111010512276,17.429421335364502,72.28520691116056,21.08908026165723,6.15571795761417,1.8399780281382903,OK,0.9409664869308472
300,14.836016416549683,left,left,102.04758444685633,77.95241555314367,109.49977663579537,70.50022336420463,17.77714693237281,71.61931606837969,21.7549711044381,6.848655189691548,2.532915260215674,OK,0.9444215893745422
301,14.898311853408813,left,left,96.08663836379392,83.91336163620608,103.92755777050971,76.07244222949029,18.707031768225367,71.0266554745393,22.34763169827849,7.574606649480449,3.258866720004562,OK,0.9475228190422058
302,14.944727897644043,left,left,94.66661360866303,85.33338639133697,102.7131702035136,77.2868297964864,19.298712172223432,71.03313951380886,22.341147659008925,8.378408280882876,4.062668351406984,OK,0.9514291882514954
303,14.993420124053955,left,left,88.39265713266391,91.60734286733609,95.69337345404573,84.30662654595427,20.186045157857826,71.60346276983773,21.770824402980054,9.090224249077387,4.774484319601498,OK,0.9535008072853088
304,15.039969682693481,left,left,86.93642412517879,93.06357587482121,95.20281494216844,84.79718505783156,20.10362507019504,72.05087213795767,21.32341503486012,10.420888025142348,6.105148095666465,OK,0.9551939368247986
305,15.086164474487305,left,left,83.74328677919327,96.25671322080673,92.02990118718091,87.97009881281909,20.468447310023336,72.1871128402575,21.18717433256029,10.94217455826847,6.626434628792595,OK,0.9551448225975037
306,15.131360054016113,left,left,78.63433747048656,101.36566252951344,87.81688755214711,92.18311244785289,20.339482676196226,73.98337277815104,19.39091439466675,13.505405536007807,9.189665606531918,OK,0.9551801681518555
307,15.178319931030273,left,left,73.49941712870981,106.50058287129019,80.52304069198057,99.47695930801943,22.748033499476332,73.01370556707052,20.36058160574727,12.785362629817607,8.469622700341716,OK,0.9570444226264954
308,15.236682653427124,left,left,68.83524279610309,111.16475720389691,76.50481150519957,103.49518849480043,22.167633585496418,71.50886855782278,21.865418614995008,11.34607085241569,7.030330922939811,OK,0.9540329575538635
309,15.291684627532959,left,left,69.57763009825787,110.42236990174213,77.33598636534924,102.66401363465076,22.199203362217144,72.46506960670253,20.90921756611526,12.42262923601103,8.106889306535152,OK,0.9537884593009949
310,15.3443021774292,left,left,64.13684189259173,115.86315810740827,72.42063350502521,107.57936649497479,22.320609390962407,77.66432547159599,15.7099617012218,18.26872647499187,13.952986545515984,OK,0.9521842002868652
311,15.383208513259888,left,left,62.873175999097,117.126824000903,72.0190023984906,107.9809976015094,21.96745577853153,80.17643329454141,13.197853878276376,21.289715472466547,16.973975542990672,OK,0.9529615044593811
312,15.42488145828247,left,left,57.812018010003385,122.18798198999662,66.48254903695982,113.51745096304018,22.361441243184533,80.14037685788028,13.233910314937503,21.17234912802126,16.856609198545385,OK,0.9510448575019836
313,15.482101440429688,left,left,55.858358153316914,124.14164184668309,64.37832565421778,115.62167434578222,22.359371611006313,79.92167474407475,13.452612428743038,20.801013855981914,16.48527392650604,OK,0.951021671295166
314,15.521044969558716,left,left,49.52479986182355,130.47520013817643,56.89944031630754,123.10055968369247,23.47667926219712,78.605964464333,14.768322708484789,19.457284181014106,15.141544251538221,OK,0.9506784081459045
315,15.566440343856812,left,left,46.22638661754994,133.77361338245007,53.082414423970455,126.91758557602955,23.832299399893312,76.20570148030698,17.168585692510803,16.894028686620814,12.578288757144946,OK,0.9479754567146301
316,15.61557674407959,left,left,45.760515219395664,134.23948478060433,52.85812276751822,127.14187723248179,23.36125793397203,75.91508868598544,17.45919848683235,16.373954168080015,12.058214238604137,OK,0.9430215954780579
317,15.651527404785156,left,left,41.66940955132975,138.33059044867025,48.48089360715318,131.51910639284682,23.275063366965558,76.37600210227009,16.998285070547695,16.46254952505907,12.146809595583193,OK,0.9394646286964417
318,15.694396018981934,left,left,40.776922874468866,139.22307712553112,47.49805391757922,132.50194608242077,22.93951590805059,74.29092981744606,19.08335735537173,13.951576768607003,9.635836839131116,OK,0.9357496500015259
319,15.741026639938354,left,left,43.27809496335318,136.72190503664683,49.286073879471154,130.71392612052884,23.46476777828305,73.78062170149933,19.59366547131846,13.253368395900358,8.937628466424485,OK,0.9315462112426758
320,15.786045789718628,left,left,43.783331626931215,136.21666837306879,49.38021862673286,130.61978137326713,23.934105777802433,72.89489411737027,20.479393055447517,12.425886894974349,8.110146965498473,OK,0.9292017221450806
321,15.827587842941284,left,left,45.477605326746875,134.52239467325313,50.68938006737066,129.31061993262935,23.94221925657473,72.02513119478022,21.349155978037572,11.179125191978718,6.863385262502845,OK,0.923107922077179
322,15.882816314697266,left,left,46.457746403252116,133.54225359674788,51.482304662554434,128.51769533744556,24.045654938549895,71.71653839858534,21.657748774232445,10.78675159643756,6.471011666961687,OK,0.9179986715316772
323,15.927054643630981,left,left,56.5585682063209,123.4414317936791,61.57610857419558,118.42389142580441,24.233860144086954,72.49805876818698,20.876228404630808,11.749459280148605,7.433719350672732,OK,0.9175576567649841
324,15.958856105804443,left,left,80.42302645688808,99.57697354311192,85.19002773332244,94.80997226667756,23.78563393902286,73.69872918148154,19.675557991336248,12.251364396938758,7.935624467462873,OK,0.9138239622116089
325,16.03144145011902,left,left,97.02067538141478,82.97932461858522,101.43394531837725,78.56605468162275,21.799043917771534,74.4968054163434,18.87748175647438,10.709119271077425,6.3933793416015305,OK,0.9194215536117554
326,16.077324390411377,left,left,97.27588572072158,82.72411427927842,101.36023796649312,78.63976203350688,21.579519810426792,73.79396287252864,19.58032430028915,9.457834928726971,5.1420949992511,OK,0.925486147403717
327,16.11777639389038,left,left,97.242945902226,82.757054097774,102.38368933252323,77.61631066747677,20.416316114892773,73.31931565418229,20.054971518635497,8.876375199372296,4.560635269896409,OK,0.9312034249305725
328,16.15775775909424,left,left,105.71106253377442,74.28893746622558,110.94798064679026,69.05201935320974,19.159795959497785,74.28617064959754,19.08811652322025,8.682884722111154,4.367144792635287,OK,0.9372613430023193
329,16.19320511817932,left,left,106.67511356257512,73.32488643742488,111.23982857984389,68.76017142015611,19.00621301706666,74.48582085127552,18.888466321542268,8.056748885610956,3.7410089561350617,OK,0.9425175786018372
330,16.234994173049927,left,left,117.17898204214515,62.82101795785485,119.12443173478819,60.87556826521181,18.102157827314517,77.04234458494784,16.331942587869946,7.089952104905391,2.7742121754295113,OK,0.9473535418510437
331,16.286664247512817,left,left,118.06071281024191,61.93928718975809,119.32472389986913,60.67527610013087,18.10977032809486,77.66720456970346,15.70708260311433,7.040985987425552,2.7252460579496756,OK,0.9518189430236816
332,16.34143567085266,left,left,127.43843146135615,52.561568538643854,128.1056621769612,51.894337823038796,15.95517986825554,80.70466042827893,12.66962674453886,7.327071012139525,3.011331082663645,OK,0.9553768038749695
333,16.374377012252808,left,left,146.62599166402848,33.374008335971524,144.75630113211892,35.24369886788108,11.370234742234965,88.59628338695082,4.7780037858669715,8.096827597276224,3.7810876678003353,OK,0.9576098918914795
334,16.439460039138794,left,left,159.21233686667196,20.78766313332804,156.8371409514975,23.162859048502497,7.433081282256333,94.73029620130858,-1.3560090284907886,9.788181568390447,5.4724416389145745,OK,0.9602140784263611
335,16.4833562374115,left,left,162.49862675669476,17.50137324330524,161.46213972010338,18.53786027989662,5.442125165995319,95.50881300662692,-2.1345258338091355,9.91445113603084,5.5987112065549525,OK,0.9611746072769165
336,16.528194904327393,left,left,165.31179143447608,14.688208565523922,164.3151080289749,15.68489197102511,4.589736549297552,96.17484232129542,-2.8005551484776277,9.767895465091767,5.452155535615873,OK,0.9622083902359009
337,16.567371368408203,left,left,174.61461337305778,5.385386626942221,176.3194388720232,3.6805611279768016,-0.2271338342139429,98.16727916396731,-4.7929919911495205,9.644970828718789,5.329230899242901,OK,0.9559500217437744
338,16.626540660858154,left,left,179.17829747368458,-0.8217025263154198,175.98986011519474,-4.010139884805255,-2.875032711369619,98.15971516183309,-4.785427989015304,8.473119808953282,4.157379879477389,OK,0.949917733669281
339,16.69090175628662,left,left,178.53052645609472,-1.4694735439052806,173.62619284132754,-6.373807158672463,-4.134962640431395,96.40799066869769,-3.033703495879905,7.177361643033481,2.8616217135576107,OK,0.941172182559967
340,16.730788469314575,left,left,178.93707663946603,-1.062923360533972,173.66790031414348,-6.3320996858565195,-4.26841845447422,96.59142286325826,-3.2171356904404718,7.59218073410654,3.276440804630653,OK,0.9308174252510071
341,16.783170700073242,left,left,179.07107688003381,-0.9289231199661856,173.06964977001803,-6.930350229981968,-4.722958517065303,95.34630759930322,-1.9720204264854289,6.624776192253694,2.3090362627778234,OK,0.9193523526191711
342,16.827558279037476,left,left,179.29365749762994,-0.7063425023700631,173.32282730205893,-6.677172697941074,-4.7542546467693905,93.81048368754378,-0.4361965147259923,5.027059236345388,0.7113193068695125,OK,0.9070964455604553
343,16.873448848724365,left,left,179.65248203855614,0.34751796144385594,173.89014348852797,-6.109856511472032,-4.711830537525935,92.06905807377424,1.3052290990435438,3.8146020091642057,-0.5011379203116633,OK,0.8970970511436462
344,16.917323112487793,left,left,179.34064820769086,0.6593517923091383,174.02618149842394,-5.973818501576062,-4.622950779179835,91.84905368323214,1.525233489585645,3.8592731979375356,-0.4564667315383417,OK,0.8928263187408447
345,16.966887712478638,left,left,178.54579638653348,1.4542036134665182,175.2563013253636,-4.743698674636391,-4.10049223214175,91.50613412579176,1.868153047026027,3.603544181752944,-0.7121957477229444,OK,0.8906373977661133
346,17.0189368724823,left,left,177.61666950787577,2.38333049212423,176.3396339268829,-3.6603660731171033,-3.7108995781759333,91.23272171819296,2.141565454624825,3.5655187052583672,-0.7502212242175119,OK,0.8880430459976196
347,17.068350553512573,left,left,172.9734752041778,7.026524795822212,179.53712050503637,0.4628794949636301,-2.614639971917431,89.0245608005493,4.349726372268492,2.9735661294904343,-1.34217379998546,OK,0.8897372484207153
348,17.113695859909058,left,left,165.830573177374,14.169426822626008,171.16163916525235,8.838360834747647,0.23245437622195345,87.61176553384891,5.762521638968877,3.175285897949215,-1.140454031526673,OK,0.8872308135032654
349,17.153576850891113,left,left,163.4953263298842,16.504673670115807,168.5175250111679,11.48247498883211,1.1264455350666136,87.25704171622303,6.117245456594759,3.4056859325733275,-0.9100539969025476,OK,0.8868157863616943
350,17.194109678268433,left,left,157.55919293256514,22.44080706743486,162.30178532980776,17.698214670192243,2.9563490791989997,87.63626197254331,5.738025200274478,5.335203448984923,1.0194635195090314,OK,0.8879390358924866
351,17.235819816589355,left,left,154.11548648966226,25.88451351033774,159.69244117434548,20.307558825654525,3.4004191620942463,88.39189418135358,4.982392991464209,7.369268028131043,3.053528098655164,OK,0.8895538449287415
352,17.288387775421143,left,left,146.26523996645406,33.73476003354594,153.23456966156118,26.76543033843882,4.698859803917704,87.64691185895025,5.72737531386754,9.315101357975053,4.999361428499185,OK,0.8906805515289307
353,17.329928874969482,left,left,141.69085475996206,38.309145240037935,148.5429354778618,31.45706452213821,6.033780978868993,86.74572700017137,6.6285601726464165,9.631588696940069,5.315848767464189,OK,0.8925764560699463
354,17.372880697250366,left,left,136.45530393078064,43.544696069219356,143.11245667083605,36.88754332916395,7.4193164733969725,85.1169159405749,8.257371232242889,9.193385154027304,4.877645224551429,OK,0.8971156477928162
355,17.42478036880493,left,left,133.51566445357588,46.48433554642412,140.0094535910524,39.99054640894761,8.113615220443293,83.93576573287788,9.438521439939905,8.543170090797702,4.22743016132182,OK,0.9037197828292847
356,17.46936273574829,left,left,129.38580246976022,50.61419753023978,135.5808844226813,44.419115577318706,9.435005909387254,80.23373816203784,13.14054901077995,5.863826024346163,1.5480860948702855,OK,0.9107092022895813
357,17.5196316242218,left,left,124.61433465420102,55.385665345798984,130.0782022958579,49.92179770414211,11.51970342538847,78.25743705345835,15.116850119359441,5.24100812050368,0.9252681910278113,OK,0.917493999004364
358,17.563272714614868,left,left,124.75304064635063,55.24695935364937,129.23914653377417,50.760853466225825,12.573309986452513,78.2688764036012,15.10541076921659,5.328292277477255,1.0125523480013783,OK,0.9240888357162476
359,17.606486320495605,left,left,120.44843549891151,59.55156450108849,124.22534778497617,55.774652215023835,14.051837656044599,78.04287706045794,15.331410112359848,5.87162700256719,1.5558870730912986,OK,0.9307039976119995
360,17.645078420639038,left,left,116.85954066128981,63.14045933871019,120.00446337838973,59.99553662161027,15.35590211791778,79.12919970931905,14.245087463498734,7.630024544336753,3.314284614860867,OK,0.9362432360649109
361,17.700185298919678,left,left,113.52426920692795,66.47573079307205,115.98869519159156,64.01130480840844,16.295872242177925,74.68013771089454,18.694149461923246,3.440435937736078,-0.8753039917397984,OK,0.9416455030441284
362,17.753072023391724,left,left,111.52029443711415,68.47970556288585,115.25210865628277,64.74789134371723,16.472368008213557,73.70630774158165,19.667979431236134,3.9104899689638404,-0.40524996051203743,OK,0.9463675618171692
363,17.79739212989807,left,left,106.29521829945361,73.70478170054639,110.59032080238936,69.40967919761064,17.263969613001816,70.18828700248166,23.18600017033613,1.7473591184192014,-2.56838081105667,OK,0.9489251375198364
364,17.836225271224976,left,left,106.45402916070415,73.54597083929585,110.67068611223608,69.32931388776392,17.54623265341568,70.64558242598896,22.728704746828825,2.408472030936573,-1.9072678985393168,OK,0.9512248039245605
365,17.881540536880493,left,left,103.09557879859514,76.90442120140486,107.8788470591041,72.1211529408959,17.652009661224856,70.20492813681741,23.169359036000372,2.640206058551232,-1.675533870924653,OK,0.9535928964614868
366,17.92247247695923,left,left,98.3576885015505,81.6423114984495,102.86669192105855,77.13330807894145,18.508520525023087,70.97319544626677,22.401091726551016,3.990719390797881,-0.32502053867798963,OK,0.9542425274848938
367,17.96891736984253,left,left,98.45407777814786,81.54592222185214,103.9907028088925,76.0092971911075,18.247470928558197,71.57285720178909,21.801429971028696,5.356953161091913,1.041213231616041,OK,0.9560882449150085
368,18.012516260147095,left,left,92.3792519980116,87.6207480019884,98.22788012751961,81.77211987248039,18.69366322990523,71.04277111899147,22.33151605382632,5.585062478404722,1.2693225489288409,OK,0.9572530388832092
369,18.063750982284546,left,left,90.54019733143008,89.45980266856992,97.721423836547,82.278576163453,18.563556884597578,70.79585543351577,22.57843173930202,6.540638823230268,2.2248988937543857,OK,0.9587656259536743
370,18.11401128768921,left,left,80.11706845156388,99.88293154843612,87.43891645054137,92.56108354945863,19.206483549988953,70.50801231797519,22.8662748548426,7.036343866941609,2.7206039374657394,OK,0.9589003920555115
371,18.153570413589478,left,left,79.42792940547379,100.57207059452621,87.31419235990543,92.68580764009457,18.967951063238466,70.44418802192402,22.930099150893767,7.298402039594123,2.982662110118241,OK,0.9592521786689758
372,18.198883771896362,left,left,76.06401088511251,103.93598911488749,82.26591380987081,97.73408619012919,20.672719147709845,71.4615679457889,21.912719227028887,8.336190018257039,4.0204500887811605,OK,0.9613801836967468
373,18.23340082168579,left,left,76.70052795154068,103.29947204845932,82.07357326155974,97.92642673844026,20.86221006058233,71.1118433973767,22.262443775441085,7.347098767978106,3.0313588385022285,OK,0.9631330370903015
374,18.27761459350586,left,left,71.24396908106556,108.75603091893444,76.939504758769,103.060495241231,20.959689932291344,70.6652504706656,22.70903670215219,7.320476080660392,3.0047361511845168,OK,0.9643993973731995
375,18.31574845314026,left,left,64.68431818916254,115.31568181083746,70.76838831529757,109.23161168470243,21.06486147926473,70.78575173752874,22.588535435289046,7.934683342928496,3.6189434134526266,OK,0.9624456167221069
376,18.363518476486206,left,left,65.34064445498942,114.65935554501058,71.6179631337391,108.3820368662609,21.30293710115271,72.55198623480157,20.822300938016213,10.132242014703957,5.81650208522808,OK,0.9628729820251465
377,18.40829634666443,left,left,57.39114207770724,122.60885792229277,64.40915636721863,115.59084363278137,20.53400984760047,75.26711585033613,18.107171322481662,12.81913998744798,8.503400057972101,OK,0.9612041711807251
378,18.456796169281006,left,left,56.378520946057996,123.62147905394201,62.79971357086875,117.20028642913125,20.90743165575428,76.28695530818439,17.0873318646334,13.615579588749423,9.299839659273545,OK,0.9577112793922424
379,18.497750759124756,left,left,49.84589407660071,130.1541059233993,55.75556733917998,124.24443266082002,21.303983479892057,76.50095302580914,16.87333414700865,13.714609768280463,9.398869838804586,OK,0.9556421637535095
380,18.546549081802368,left,left,46.74999488488183,133.25000511511817,51.813248040252766,128.18675195974723,22.146651161893452,76.06173500668257,17.31255216613522,13.27163932394695,8.95589939447106,OK,0.9497520327568054
381,18.59613537788391,left,left,42.76239580126534,137.23760419873466,47.6555316366521,132.34446836334791,22.429382347540557,76.16842006570536,17.205867107112425,13.490938248632684,9.175198319156806,OK,0.9412667751312256
382,18.655941009521484,left,left,41.84705810548871,138.1529418945113,47.264036027053386,132.73596397294662,22.320528800977208,74.11937607092332,19.254911101894464,11.856882793465203,7.541142863989336,OK,0.9329807758331299
383,18.70775842666626,left,left,42.423610944930104,137.5763890550699,48.10078232948479,131.8992176705152,22.486268064284502,73.57059219996655,19.803694972851233,11.734031648805724,7.4182917193298294,OK,0.9260141849517822
384,18.757233142852783,left,left,46.41439981428139,133.58560018571862,52.18226244852449,127.81773755147552,22.430102148899095,72.62148873817627,20.75279843464152,10.819453521318453,6.503713591842569,OK,0.9190059900283813
385,18.806854963302612,left,left,47.8614229820624,132.1385770179376,53.608339974570946,126.39166002542905,22.48892552822075,72.31669727103453,21.05758990178326,10.552539791763818,6.236799862287938,OK,0.9133360981941223
386,18.84804677963257,left,left,67.79183842063965,112.20816157936035,71.05988542276506,108.94011457723494,24.781625598744064,75.32886854538599,18.0454186274318,13.37854114625545,9.062801216779576,OK,0.9098202586174011
387,18.899344205856323,left,left,82.98687072811087,97.01312927188913,86.65835068779825,93.34164931220175,23.113262987811677,78.59771962558156,14.776567547236226,15.382462573080614,11.066722643604749,OK,0.914151668548584
388,18.9447283744812,left,left,81.94768483289734,98.05231516710266,86.30698143121126,93.69301856878874,22.068513220574726,78.62861065082608,14.745676521991712,15.056420469714729,10.740680540238856,OK,0.9188103675842285
389,18.97775363922119,left,left,81.19210332471164,98.80789667528836,84.25088800796706,95.74911199203294,23.18606269569161,78.8759377918073,14.498349381010485,15.120785170754335,10.805045241278464,OK,0.9209880828857422
390,19.017220497131348,left,left,95.10334559801568,84.89665440198432,99.44699863266338,80.55300136733662,21.237090782794613,79.02906446652737,14.345222706290414,14.609808283969668,10.294068354493788,OK,0.926357090473175
391,19.07162046432495,left,left,94.12096170502807,85.87903829497193,99.79649236976785,80.20350763023215,20.28885003020776,75.00354935609559,18.370737816722198,10.96793005104312,6.65219012156723,OK,0.9326806664466858
392,19.129998922348022,left,left,104.58580145901244,75.41419854098756,108.3400057315558,71.6599942684442,20.386590167718758,75.79287571033676,17.58141146248103,9.93367015059888,5.617930221123004,OK,0.9379241466522217
393,19.16606092453003,left,left,127.01455100068755,52.98544899931245,126.19428632871451,53.80571367128549,17.9945774664043,81.08571563678433,12.288571536033459,8.260028431215593,3.9442885017397202,OK,0.9426344037055969
394,19.220401763916016,left,left,134.44282808549335,45.557171914506654,134.8657600657798,45.134239934220204,14.244562675767304,82.94710589443028,10.427181278387508,7.614600550484023,3.2988606210081457,OK,0.9469465017318726
395,19.258650064468384,left,left,136.0373035619045,43.96269643809549,136.2888645906384,43.71113540936159,14.007761367743234,82.18109582858249,11.193191344235302,6.4404182250596245,2.124678295583749,OK,0.9502101540565491
396,19.30026149749756,left,left,143.53115001998108,36.468849980018916,143.5703349164079,36.42966508359211,11.40099536148262,84.63790125454419,8.736385918273598,6.078081512453636,1.7623415829777684,OK,0.9526523947715759
397,19.34585165977478,left,left,147.35281583925467,32.647184160745326,147.52130058774227,32.478699412257725,10.191280575163162,85.75561072625246,7.618676446565331,6.115376049903203,1.7996361204273228,OK,0.9537445902824402
398,19.384595155715942,left,left,147.35115473848225,32.64884526151775,148.02126633946673,31.978733660533265,9.740255209049362,86.98501278326424,6.389274389553549,7.395379593298089,3.0796396638222063,OK,0.9546408653259277
399,19.427234411239624,left,left,156.24320148673135,23.75679851326865,155.9147866233276,24.085213376672414,7.82635041616886,89.54825436541492,3.8260328074028678,7.046189918180021,2.7304499887041516,OK,0.9559177160263062
400,19.475398063659668,left,left,160.148265516,19.85173448399999,159.37441123342103,20.62558876657897,6.6613778824775185,92.5725872775044,0.8016998953133907,8.460110877402952,4.144370947927058,OK,0.9569311738014221
401,19.511502265930176,left,left,168.82540922553696,11.174590774463041,169.3492281079577,10.650771892042286,3.0668088275463985,95.77194257985381,-2.3976554070360265,9.362570289820962,5.046830360345069,OK,0.9586039185523987
402,19.55689549446106,left,left,175.210222697153,4.789777302847,176.19309470729928,3.806905292700719,0.7404865846148132,98.06649410482888,-4.692206932011089,9.789852699589998,5.474112770114118,OK,0.9557356834411621
403,19.611941814422607,left,left,176.9265834059222,3.0734165940777984,179.71619349635824,0.2838065036417561,-0.8493749205022476,97.08591871369113,-3.7116315408733414,9.02615388362493,4.710413954149061,OK,0.9532082080841064
404,19.65180778503418,left,left,179.17488245669892,-0.8251175433010758,174.37816488671942,-5.621835113280582,-3.243645701065326,96.92460174756516,-3.550314574747375,8.47767361647935,4.161933687003483,OK,0.9479184150695801
405,19.698641061782837,left,left,178.87623706510314,-1.1237629348968596,173.9345188555498,-6.065481144450189,-3.624694776431031,96.70975209721374,-3.33546492439595,8.026775530336,3.7110356008601286,OK,0.9403954744338989
406,19.757465839385986,left,left,178.6855678644356,-1.3144321355644024,172.9097535614497,-7.0902464385503094,-4.26923008200301,95.24985073948348,-1.87556356666569,6.756434960466389,2.440695030990497,OK,0.9291395545005798
407,19.811975479125977,left,left,179.4538439815696,-0.5461560184303949,173.4762712190586,-6.523728780941411,-4.229134598107904,92.56896706124597,0.8053201115718167,4.317405225649108,0.0016652961732290805,OK,0.9181516170501709
408,19.855656623840332,left,left,178.45993036997712,-1.5400696300228844,172.53385088137466,-7.466149118625339,-4.483901365552983,91.07078574861178,2.3035014242060043,2.5129638716612503,-1.80277605781464,OK,0.909282386302948
409,19.90306544303894,left,left,179.40403504014384,-0.5959649598561612,173.40439126097627,-6.5956087390237315,-4.126142362380647,88.2755381971905,5.098748975627288,0.1490396139774079,-4.166700315498474,OK,0.9010370373725891
410,19.95329713821411,left,left,179.90056399340517,0.09943600659482854,174.10899312429441,-5.891006875705585,-3.84949212703072,88.04342824646673,5.3308589263510555,0.18437900173642338,-4.1313609277394505,OK,0.8969042897224426
411,20.000304222106934,left,left,179.41929205790902,0.5807079420909815,174.85613797829416,-5.143862021705843,-3.5580487440273534,87.97461490178401,5.399672271033779,0.1411361215535088,-4.174603807922381,OK,0.8929218053817749
412,20.037399291992188,left,left,178.5088337925572,1.4911662074428023,175.81127386706112,-4.188726132938882,-3.4305424629117414,88.82588305454078,4.548404118277006,1.0752329320107217,-3.240506997465161,OK,0.8908035755157471
413,20.081501007080078,left,left,177.8949319738459,2.1050680261541004,176.42310368685608,-3.5768963131439193,-3.328807000847373,88.99892111817555,4.375366054642242,1.3520784566262103,-2.9636614728496795,OK,0.8890495300292969
414,20.121244430541992,left,left,173.61873160658973,6.3812683934102665,179.34248700101048,0.6575129989895174,-2.0668916339630763,87.75092998034816,5.623357192469626,1.4077937408058605,-2.9079461886700244,OK,0.8879182934761047
415,20.156775951385498,left,left,166.9614299299413,13.03857007005871,171.77722745557136,8.222772544428636,0.4791072712200348,86.4553611263778,6.918926046439992,1.7502659232278948,-2.565474006247996,OK,0.8876502513885498
416,20.219791412353516,left,left,161.05854252395747,18.94145747604253,165.76936488889285,14.230635111107148,2.171033024327782,85.34397296777291,8.030314205044874,2.2258283570360633,-2.0899115724398314,OK,0.8884980082511902
417,20.292680025100708,left,left,151.1318989088731,28.868101091126903,157.78148954093032,22.218510459069677,3.9824775540564636,85.77608945127018,7.598197721547606,6.408157637383864,2.0924177079079698,OK,0.8884862065315247
418,20.33635449409485,left,left,147.77465721443025,32.22534278556975,154.3139528341278,25.686047165872196,5.077050115390167,86.94984356133848,6.424443611479305,8.56618929642618,4.250449366950306,OK,0.8915622234344482
419,20.372228145599365,left,left,145.39046611339077,34.60953388660923,151.28810782355725,28.711892176442745,6.304611226394505,83.70760223203271,9.666684940785075,5.909855168593698,1.5941152391178264,OK,0.8933351635932922
420,20.41320538520813,left,left,144.6888869807504,35.3111130192496,149.47048670518066,30.52951329481934,7.03486536675955,83.47305016285452,9.901237009963268,5.289515254044322,0.973775324568436,OK,0.8987120389938354
421,20.45398497581482,left,left,136.43102640496016,43.568973595039836,142.51241565235412,37.48758434764588,8.063050657908207,83.79418983257145,9.58009734024634,7.938629737873634,3.6228898083977583,OK,0.905184268951416
422,20.49683451652527,left,left,135.36895570050604,44.631044299493965,141.19942960813913,38.80057039186087,8.965164217685071,83.92104852444763,9.45323864837016,8.716686649765789,4.400946720289909,OK,0.911719560623169
423,20.541768789291382,left,left,131.05888731022816,48.94111268977184,137.1291277211748,42.8708722788252,10.081651595913838,79.8381833658483,13.536103806969493,5.990075372708758,1.6743354432328772,OK,0.9178096055984497
424,20.59028697013855,left,left,124.80845543906126,55.19154456093874,131.48903085424328,48.51096914575672,11.270687746623583,78.18596328682514,15.188323885992645,6.1372264486307415,1.8214865191548597,OK,0.9237877726554871
425,20.633628845214844,left,left,122.19718475209642,57.80281524790358,128.1824647507698,51.81753524923019,12.716394400496966,77.52448864660306,15.849798526214727,6.226163045773446,1.9104231162975793,OK,0.9293420314788818
426,20.68960690498352,left,left,119.06232051670356,60.937679483296435,122.85101591654572,57.14898408345428,14.884276410001144,77.3523926039333,16.02189456888449,6.025364413776596,1.7096244843007184,OK,0.9350091814994812
427,20.740283489227295,left,left,119.14975486685958,60.85024513314042,121.98887084454104,58.01112915545896,15.66967643690718,77.43369631624633,15.940590856571461,5.942488730834933,1.6267488013590423,OK,0.9391118288040161
428,20.77881169319153,left,left,115.44980034281237,64.55019965718763,118.07788081437705,61.92211918562295,16.34168768616024,75.44520318216665,17.929083990651137,4.4149713398915695,0.09923141041568329,OK,0.9424371719360352
429,20.818491458892822,left,left,113.9429978316508,66.0570021683492,117.63457305871951,62.36542694128049,16.25724698237872,72.75638855470945,20.61789861810834,2.7052107641568726,-1.610529165319008,OK,0.9456018209457397
430,20.864615201950073,left,left,108.40955298639457,71.59044701360543,112.01124737517938,67.98875262482062,17.005217673931362,71.46186830828603,21.91241886453176,2.068780371002187,-2.2469595584736908,OK,0.9485476016998291
431,20.91300654411316,left,left,107.36310496742185,72.63689503257815,111.26675171358538,68.73324828641462,17.448036754982386,72.4243823510694,20.94990482174839,3.7760658522153054,-0.539674077260571,OK,0.9511641263961792
432,20.964833974838257,left,left,99.21602492189453,80.78397507810547,103.88947348401297,76.11052651598703,18.20801709897565,71.94734695511774,21.42694021770005,4.828812616211821,0.5130726867359385,OK,0.9525362253189087
433,21.011432647705078,left,left,97.5203729505935,82.4796270494065,103.26798854833096,76.73201145166904,18.142748634118043,71.36579931987744,22.00848785294035,5.256163551732944,0.9404236222570717,OK,0.9543618559837341
434,21.047229528427124,left,left,89.61969166488073,90.38030833511927,96.28005469696727,83.71994530303273,19.00546476394033,71.95447054081232,21.419816632005464,7.620298336839208,3.3045584073633165,OK,0.9571070075035095
435,21.094083309173584,left,left,83.69422761772852,96.30577238227148,91.58109310288536,88.41890689711464,18.996588020730474,70.3088373509938,23.06544982182399,7.192290856881106,2.8765509274052192,OK,0.9587375521659851
436,21.138659715652466,left,left,83.02917155679748,96.97082844320252,92.13939295595112,87.86060704404888,18.35808323739675,69.96247108870061,23.411816084117177,7.43077572525101,3.1150357957751282,OK,0.9597216844558716
437,21.176910400390625,left,left,79.9694995435716,100.0305004564284,86.91249583931786,93.08750416068214,20.314785955168237,73.0108541501522,20.36343302266559,10.26863640106669,5.952896471590805,OK,0.9609401822090149
438,21.217692613601685,left,left,80.19022230628178,99.80977769371822,86.69772513312594,93.30227486687406,20.530881905756992,73.20179396820663,20.172493204611158,10.240178700807803,5.924438771331921,OK,0.9623852968215942
439,21.26523447036743,left,left,75.36246425622605,104.63753574377395,82.22578287529724,97.77421712470276,20.354703390257985,72.69804310170944,20.676244071108343,9.916065111038627,5.600325181562738,OK,0.9617891311645508
440,21.313929319381714,left,left,76.80156018901751,103.19843981098249,83.25534974162208,96.74465025837792,20.254108236395066,69.6126859239098,23.761601248907994,6.320583712909438,2.0048437834335573,OK,0.9630479216575623
441,21.358498573303223,left,left,71.83633277411279,108.16366722588721,79.03481133952573,100.96518866047427,20.47438563856333,68.53406823539676,24.840218937421028,6.206932439373039,1.8911925098971665,OK,0.9638010859489441
442,21.407499313354492,left,left,66.08608117375299,113.91391882624701,73.60763311165891,106.39236688834109,20.662991339221303,69.25785368004615,24.116433492771634,7.4423969571733855,3.1266570276974903,OK,0.9633816480636597
443,21.446327209472656,left,left,60.77703345334018,119.22296654665982,69.55791551480175,110.44208448519825,20.411660851657516,73.22575582923194,20.148531343585844,12.418298742351038,8.102558812875145,OK,0.9614275097846985
444,21.49232053756714,left,left,54.16058223647674,125.83941776352326,64.68089790733544,115.31910209266456,19.349676137991114,76.80645758459457,16.56782958822322,16.676449393444365,12.360709463968476,OK,0.96101975440979
445,21.541584968566895,left,left,51.54157035051076,128.45842964948923,61.48396827581649,118.5160317241835,19.848411311741593,74.88198784443614,18.492299328381648,14.672797081483465,10.357057152007599,OK,0.9581946730613708
446,21.59683847427368,left,left,47.38025841255795,132.61974158744204,56.08297740815772,123.91702259184228,20.90825054436805,74.68716480909755,18.687122363720235,14.298134349065366,9.982394419589497,OK,0.9518362879753113
447,21.63848114013672,left,left,48.25080089772754,131.74919910227246,56.99122030893281,123.00877969106719,20.68630227242123,74.40281048764378,18.97147668517401,13.829532171270282,9.513792241794391,OK,0.9468833208084106
448,21.68162989616394,left,left,44.01155429370461,135.98844570629538,52.346484871518165,127.65351512848184,21.28589766501426,74.46308246847128,18.911204704346503,14.083910711299094,9.768170781823216,OK,0.9381788969039917
449,21.721484422683716,left,left,42.95523193813759,137.0447680618624,51.704541835547836,128.29545816445216,21.11273061648177,73.10695447276478,20.267332700053004,12.968994986656792,8.6532550571809,OK,0.9304547309875488
450,21.762239694595337,left,left,39.89844733469608,140.10155266530393,48.87101477746532,131.12898522253468,20.824727906215177,72.54148435656592,20.83280281625187,12.338779705550339,8.023039776074455,OK,0.9269614815711975
451,21.810443878173828,left,left,39.72356618230433,140.27643381769568,48.79287307490715,131.20712692509284,20.985292642818408,72.17683981841195,21.19744735440584,12.231439353833174,7.915699424357285,OK,0.920642077922821
452,21.848430633544922,left,left,43.07228867878356,136.92771132121644,51.99819941478572,128.00180058521428,21.253237517942118,73.26098793657275,20.11329923624504,13.440136190517016,9.124396261041142,OK,0.9153046607971191
453,21.88940119743347,left,left,47.15375901881978,132.84624098118022,55.26530122862817,124.73469877137182,21.586758150966936,72.67129405851139,20.702993114306395,12.36959441928672,8.053854489810846,OK,0.9123863577842712
454,21.93712019920349,left,left,49.749506132094986,130.25049386790502,57.04506030592447,122.95493969407553,22.080345958942573,72.5943500972973,20.779937075520493,11.970250230069349,7.654510300593472,OK,0.9110370874404907
455,21.977304220199585,left,left,63.645464648269545,116.35453535173045,70.99982569606792,109.00017430393208,21.805276821812235,72.62713341581723,20.74715375700056,11.786771285427838,7.471031355951965,OK,0.9127579927444458
456,22.036516904830933,left,left,67.26018512148299,112.73981487851701,74.81734518530658,105.18265481469342,21.70751547167919,73.6259632519162,19.748323920901584,12.89063878741899,8.574898857943111,OK,0.9152132272720337
457,22.079546451568604,left,left,78.66296506497595,101.33703493502405,86.27806108086598,93.72193891913402,20.742938646239498,75.53116783390709,17.843119338910697,13.88920249603662,9.57346256656075,OK,0.9201946258544922
458,22.11579656600952,left,left,78.1331925328813,101.8668074671187,84.9302489303108,95.0697510696892,20.84628279282357,79.95098236591697,13.423304806900816,17.594321556170023,13.278581626694148,OK,0.9230095744132996
459,22.1621150970459,left,left,88.59800961354992,91.40199038645008,94.7283306018451,85.2716693981549,20.401845145511857,82.81906017074593,10.55522700207186,19.351226304552966,15.035486375077085,OK,0.9274565577507019
460,22.20585060119629,left,left,99.82670942226949,80.17329057773051,105.89631736263678,74.10368263736322,19.429050660182874,79.57683026619577,13.797456906622017,15.07548886674593,10.759748937270047,OK,0.9327678680419922
461,22.249736070632935,left,left,108.71145892355878,71.28854107644122,113.38587189616054,66.61412810383946,18.333486868742664,79.95839349767456,13.415893675143224,12.96629333901899,8.650553409543107,OK,0.9382431507110596
462,22.2926127910614,left,left,119.82592552801871,60.174074471981285,121.71901995820713,58.28098004179287,17.366275730491648,81.73201933380088,11.64226783901691,10.991389494480956,6.675649565005074,OK,0.9430356621742249
463,22.338457107543945,left,left,119.69121700270026,60.308782997299744,122.2349475815606,57.765052418439396,17.099538882500692,81.31707646097304,12.057210711844746,10.960345922334069,6.644605992858175,OK,0.9474707245826721
464,22.391181230545044,left,left,128.17659806788703,51.82340193211297,129.07214192644352,50.92785807355648,15.467425118230254,83.75154979373494,9.62273737908285,10.114518770521693,5.7987788410458165,OK,0.9513872861862183
465,22.429555654525757,left,left,130.7992142752916,49.200785724708396,132.56859089725486,47.431409102745135,14.317814592182408,84.35701840085676,9.017268771961028,10.444209615002451,6.128469685526568,OK,0.955154538154602
466,22.476300716400146,left,left,137.73519032409274,42.26480967590726,139.09766107867227,40.902338921327726,12.342917136293742,84.49315388429352,8.881133288524268,8.1985417751668,3.8828018456909206,OK,0.9572153091430664
467,22.51571035385132,left,left,140.65756789972698,39.342432100273015,141.74737374415201,38.252626255847986,11.449980199525223,83.10396774579655,10.270319427021235,5.643753789746799,1.3280138602709144,OK,0.9584019780158997
468,22.560163497924805,left,left,148.23335645128353,31.766643548716473,148.28463242143079,31.715367578569214,9.614490788475127,85.64439246191235,7.729894710905441,5.310159220534721,0.994419291058847,OK,0.9583349823951721
469,22.61369037628174,left,left,158.3522351392075,21.647764860792506,158.34395199013883,21.656048009861166,6.744070799347102,89.61345737553295,3.760829797284842,6.349245025811385,2.0335050963355172,OK,0.9581592679023743
470,22.654984712600708,left,left,170.3838340246191,9.616165975380909,169.02614997789544,10.973850022104557,3.774378948700847,94.98327220993329,-1.6089850371155023,7.399967111910477,3.084227182434603,OK,0.9575207829475403
471,22.696503400802612,left,left,175.39896553627284,4.60103446372716,176.00249050889792,3.997509491102079,0.8998819102700989,97.35085404742769,-3.976566874609901,8.854260930322853,4.53852100084697,OK,0.9566596746444702
472,22.742571353912354,left,left,177.33990506981132,2.660094930188677,178.43222290035467,1.5677770996453262,-0.09207599971802374,98.45701166370468,-5.082724490886889,9.457253494530006,5.141513565054112,OK,0.9500285387039185
473,22.784931898117065,left,left,178.48699183739234,-1.5130081626076617,176.02072995605621,-3.979270043943785,-2.151468308880246,98.26714068658717,-4.892853513769381,8.581934259043045,4.266194329567156,OK,0.939487874507904
474,22.829394340515137,left,left,178.75731418956653,-1.2426858104334713,175.2810090354444,-4.718990964555587,-2.778615177709265,96.95480017931918,-3.5805130065013913,7.6524901557320195,3.336750226256129,OK,0.9293425679206848
475,22.881256341934204,left,left,178.908412143898,-1.0915878561019952,174.84079475177478,-5.15920524822522,-3.294543729694771,97.63401147871737,-4.2597243058995815,8.407085141145817,4.091345211669932,OK,0.9208125472068787
476,22.931929349899292,left,left,179.05915595192462,-0.9408440480753768,174.3874929686331,-5.612507031366903,-3.5932543807317603,96.9340536389296,-3.5597664661118102,8.012462241489358,3.6967223120134634,OK,0.9126554131507874
477,22.97255277633667,left,left,179.34486850829313,0.655131491706868,174.83382024895238,-5.166179751047622,-3.7733427147883627,95.0079497126315,-1.633662539813713,7.055918240597628,2.7401783111217526,OK,0.906614363193512
478,23.028396129608154,left,left,178.66943438213028,1.3305656178697234,175.44201300697455,-4.557986993025452,-3.604780913061896,93.51634780602625,-0.14206063320845885,5.800119503859541,1.4843795743836665,OK,0.8956351280212402
479,23.07369303703308,left,left,179.62725115935157,0.37274884064842695,175.3582916077855,-4.641708392214497,-3.3542746276447395,93.0219336604485,0.3523535123692909,4.682116265666674,0.3663763361907968,OK,0.8847443461418152
480,23.114228010177612,left,left,179.61258593655748,0.3874140634425203,175.37947485727173,-4.620525142728269,-3.3257533139540603,92.34409776129942,1.0301894115183643,4.026283653516142,-0.28945627595973633,OK,0.877475917339325
481,23.158325910568237,left,left,179.8295179921304,0.17048200786959455,175.11096071152912,-4.889039288470883,-3.4004051485285527,92.06269175305476,1.311595419763023,3.721807900866699,-0.5939320286091743,OK,0.8723081946372986
482,23.208056211471558,left,left,179.88157357713715,0.11842642286285354,174.84472117723195,-5.155278822768054,-3.546380388613799,90.97695884881668,2.3973283240011085,2.7042837058338436,-1.611456223642051,OK,0.8691955804824829
483,23.26631498336792,left,left,179.89250587550904,-0.1074941244909553,174.62987193179555,-5.370128068204451,-3.64952540430316,90.53952627742406,2.834760895393728,2.152634816834389,-2.163105112641489,OK,0.8670639991760254
484,23.308093547821045,left,left,179.85951636044547,-0.1404836395545317,174.84004566841176,-5.159954331588239,-3.5688117024287704,90.75170044927543,2.622586723542355,2.2023594388803427,-2.113380490595546,OK,0.866804301738739
485,23.35371422767639,left,left,179.59396458806057,-0.4060354119394276,175.40446007960307,-4.595539920396931,-3.0709101180711786,91.29187116961842,2.08241600319937,2.410465560004717,-1.905274369471158,OK,0.8677708506584167
486,23.397699117660522,left,left,179.53727477948368,-0.4627252205163188,175.79949798770258,-4.20050201229742,-2.8066361783558973,91.7122352109985,1.6620519618192873,2.643375824423712,-1.6723641050521678,OK,0.8689202666282654
487,23.450159311294556,left,left,178.73904526326663,1.2609547367333676,177.32413292242572,-2.6758670775742814,-2.278554740482222,90.98353840439306,2.3907487684247286,2.6418054782184535,-1.6739344512574235,OK,0.8701623678207397
488,23.493046522140503,left,left,177.68156327342106,2.3184367265789376,178.14388745055982,-1.8561125494401836,-2.0501488616907877,90.49297842489854,2.881308747919249,2.6173788392268857,-1.6983610902489943,OK,0.8683083057403564
489,23.541130542755127,left,left,171.57116546390736,8.428834536092637,176.2803423516471,3.719657648352893,-0.5226630605726639,88.38884393522633,4.985443237591454,2.5753577623934327,-1.7403821670824584,OK,0.8681168556213379
490,23.584959030151367,left,left,169.37387107261387,10.626128927386134,174.37724998168852,5.6227500183114785,-0.053876811810003464,88.20422681535615,5.170060357461637,3.1537289126208017,-1.1620110168550752,OK,0.8679596781730652
491,23.63356041908264,left,left,161.6423612453006,18.357638754699394,165.2587351881357,14.741264811864312,3.0917140387175883,87.19340244768456,6.180884725133225,3.901490429237263,-0.4142495002386113,OK,0.8675879240036011
492,23.681913137435913,left,left,157.21583000848798,22.784169991512016,159.90715071152687,20.092849288473133,5.101840581356621,87.76563992298385,5.608647249833936,5.5588012073793545,1.2430612779034789,OK,0.867138683795929
493,23.73386788368225,left,left,153.27705051680257,26.722949483197425,155.45773579504075,24.542264204959253,6.746497507773467,87.41649182891825,5.957795343899534,6.343674614929873,2.0279346854539995,OK,0.8727547526359558
494,23.774767875671387,left,left,149.47920989850635,30.520790101493645,150.544898021409,29.45510197859099,8.860947962761959,85.16877112247158,8.205516050346205,5.095407208136167,0.7796672786602983,OK,0.8783379197120667
495,23.8320209980011,left,left,149.06096160571406,30.939038394285944,147.8664914216472,32.1335085783528,10.42347814638126,86.48256644499995,6.891720727817841,5.711574407314354,1.3958344778384628,OK,0.885015070438385
496,23.889511823654175,left,left,143.6713443512222,36.32865564877781,142.03371711588176,37.96628288411824,12.28791085895854,86.21512927091376,7.159157901904024,6.865412894531891,2.549672965056004,OK,0.8897235989570618
497,23.940000534057617,left,left,142.34272883447184,37.65727116552816,140.4985396159755,39.50146038402451,12.975037056452956,85.66553344350497,7.708753729312818,6.796381281461543,2.4806413519856676,OK,0.8954624533653259
498,23.989352226257324,left,left,136.45919546167377,43.54080453832623,132.87620768450924,47.12379231549076,16.22544830807182,83.71494835951837,9.659338813299414,6.357408890425639,2.0416689609497496,OK,0.9033536314964294
499,24.032807111740112,left,left,133.0347623346745,46.9652376653255,127.89943500622533,52.10056499377467,18.6122877020328,82.20787692383531,11.166410248982473,5.684837297418934,1.3690973679430556,OK,0.9109554886817932
500,24.07889747619629,left,left,131.438516831867,48.56148316813301,125.27901962482952,54.720980375170484,19.92529986442823,82.47648202372191,10.897805149095873,6.242284681112645,1.9265447516367544,OK,0.9181500673294067
501,24.137354135513306,left,left,129.98534529122009,50.014654708779915,122.14078832742243,57.85921167257757,21.48656677437094,83.79905217605112,9.575234996766667,7.4410619866243835,3.1253220571485087,OK,0.9247073531150818
502,24.175519943237305,left,left,130.69297428081143,49.30702571918857,121.43583701211192,58.56416298788808,22.693651356509534,81.02053572600941,12.353751446808374,4.457049813819453,0.1413098843435705,OK,0.9302639961242676
503,24.22328519821167,left,left,127.82339076804841,52.17660923195159,117.71903136006583,62.28096863993417,24.004852599185728,82.00274516673264,11.37154200608515,5.903238357935777,1.5874984284598952,OK,0.9352865815162659
504,24.26494860649109,left,left,126.63193917792297,53.36806082207703,116.3695062610184,63.6304937389816,24.662083731534384,82.66699741683506,10.707289755982728,7.066648231464871,2.750908301989,OK,0.9397520422935486
505,24.30398440361023,left,left,121.95496357460209,58.04503642539791,110.86108437340951,69.13891562659049,26.510630005122756,79.61965186971227,13.754635303105516,5.036402673642446,0.7206627441665603,OK,0.9405705332756042
506,24.357996463775635,left,left,118.45586741227864,61.544132587721364,107.33598788838029,72.66401211161971,27.547863680129385,80.01482685669845,13.359460316119339,6.4428110129294724,2.127071083453586,OK,0.9396941661834717
507,24.422207593917847,left,left,118.34792670741885,61.65207329258115,105.64416564821632,74.35583435178368,29.145652793725468,79.28373871079941,14.090548462018376,5.725630445322337,1.409890515846456,OK,0.9392536282539368
508,24.464903354644775,left,left,117.72282630886576,62.27717369113424,105.7034483797935,74.2965516202065,29.147704647555333,77.18599801503385,16.18828915778394,4.314324733516917,-0.0014151959589696617,OK,0.9394150376319885
509,24.50431227684021,left,left,118.30363344079703,61.69636655920297,106.80497326315432,73.19502673684568,28.64739010115357,76.33265696661005,17.041630206207742,3.481386890120915,-0.8343530393549656,OK,0.9375029802322388
510,24.5411057472229,left,left,119.61343229864814,60.386567701351865,108.79782016103015,71.20217983896985,27.732762071048604,78.52585307902666,14.848434093791127,5.443003012457281,1.1272630829813863,OK,0.9372961521148682
511,24.58149528503418,left,left,120.11397135732703,59.88602864267297,109.38265866949652,70.61734133050348,27.54843492235301,80.74898433223724,12.625302840580545,7.5661065667597365,3.250366637283861,OK,0.9369650483131409
512,24.636916160583496,left,left,126.31800961468214,53.68199038531786,115.45389399795874,64.54610600204126,26.430756903884603,79.72397636487199,13.6503108079458,5.290617652033197,0.9748777225573235,OK,0.941214919090271
513,24.692961931228638,left,left,132.49520554217062,47.50479445782938,121.80602817453877,58.19397182546123,24.224301804646146,82.4285287019955,10.945758470822284,5.963653139009777,1.6479132095338969,OK,0.9453795552253723
514,24.748440265655518,left,left,134.21443765685467,45.78556234314533,124.20453144823404,55.795468551765964,23.181840542417632,82.83882564586173,10.535461526956055,6.010759979658714,1.6950200501828476,OK,0.9494228959083557
515,24.801428079605103,left,left,139.7191654687595,40.28083453124049,131.24456312824177,48.755436871758235,20.181770251162902,85.15544289359039,8.218844279227397,6.862610804235531,2.5468708747596622,OK,0.9530795812606812
516,24.85840106010437,left,left,140.76083476660943,39.239165233390565,132.55923018890482,47.44076981109518,19.52937836047452,87.6749428949119,5.699344277905894,9.002716677681791,4.686976748205922,OK,0.9553576111793518
517,24.906148672103882,left,left,165.03021213182768,14.969787868172318,156.70972573143592,23.290274268564076,11.461223413513626,96.41079332347829,-3.0365061506605002,9.551530336600177,5.235790407124284,OK,0.9550904631614685
518,24.959621906280518,left,left,165.9603510829739,14.039648917026113,160.53656926263562,19.463430737364376,8.85565997983319,96.94349868517551,-3.5692115123577253,10.375376844670397,6.059636915194517,OK,0.9551509022712708
519,25.013211965560913,left,left,170.37848036774875,9.62151963225125,165.75356788665886,14.246432113341143,6.732759785302673,98.23799952009108,-4.863712347273292,10.345846824303852,6.030106894827981,OK,0.9533098340034485
520,25.079144716262817,left,left,174.4081714909216,5.591828509078397,172.43781599327642,7.562184006723584,3.392139042030236,99.83308864995962,-6.458801477141833,11.254872194344669,6.939132264868789,OK,0.9505922198295593
521,25.13462257385254,left,left,175.5107270775237,4.489272922476289,175.08328837603545,4.916711623964545,1.8337144342927054,99.6781600540116,-6.303872881193811,11.08443578681606,6.768695857340191,OK,0.945544421672821
522,25.190502643585205,left,left,179.2378594734629,-0.7621405265371095,177.74231175561985,-2.257688244380148,-1.245345725567738,99.65851344764374,-6.284226274825954,9.908715439919057,5.592975510443182,OK,0.9424290657043457
523,25.24114727973938,left,left,179.80767716444285,0.19232283555714957,174.94534013168595,-5.054659868314047,-3.347854385074287,95.98609221279972,-2.611805039981931,7.885220531596628,3.569480602120734,OK,0.9372877478599548
524,25.294726133346558,left,left,179.71665867990487,-0.2833413200951327,173.762027460664,-6.237972539335999,-4.1216832074516585,95.74614112688384,-2.3718539540660544,7.579089138673053,3.263349209197173,OK,0.9294703006744385
525,25.346903324127197,left,left,179.80772602593922,-0.1922739740607824,172.64182921594121,-7.358170784058785,-4.789004942607349,94.43125930764619,-1.0569721348283991,6.808151175036835,2.492411245560959,OK,0.9219541549682617
526,25.40105152130127,left,left,179.9383362004148,0.061663799585204515,172.84989121763496,-7.150108782365038,-4.746869674256401,92.76705256184665,0.6072346109711333,5.231955469540485,0.9162155400645986,OK,0.91582852602005
527,25.450068473815918,left,left,179.3752966635326,0.6247033364674053,173.5948080201256,-6.405191979874388,-4.406732014852834,89.4861916774025,3.8880954954152855,2.1093549788914765,-2.2063849505844075,OK,0.9116162061691284
528,25.49682903289795,left,left,178.95114220848458,1.0488577915154167,174.8772903296048,-5.12270967039521,-3.6667332059200923,89.79003237076134,3.5842548020564493,2.294866626751874,-2.0208733027239987,OK,0.9052916169166565
529,25.5508713722229,left,left,178.2841155986764,1.715884401323592,175.80456640105498,-4.195433598945016,-3.228598574054358,89.66429552560032,3.709991647217464,2.3470149518145846,-1.96872497766131,OK,0.8998681306838989
530,25.605313777923584,left,left,174.9108337345104,5.0891662654896095,178.7125999610988,-1.287400038901211,-2.562080793468168,88.65278784316959,4.721499329648196,2.4672733540922573,-1.8484665753836111,OK,0.8949729204177856
531,25.66039490699768,left,left,173.47239238174166,6.527607618258344,179.72389385593758,0.2761061440624246,-2.070533473531538,88.39568106965275,4.978606103165035,2.5766490703171363,-1.7390908591587504,OK,0.890468955039978
532,25.70735788345337,left,left,163.73801566376912,16.26198433623088,168.22188067858855,11.778119321411452,2.140419298902768,86.41330505870887,6.960982114108916,3.0375893724310448,-1.2781505570448246,OK,0.8912570476531982
533,25.75872826576233,left,left,158.34064938984727,21.659350610152728,161.56912228059406,18.43087771940594,4.943134825829658,85.43198428102157,7.942302891796217,3.6035919975980333,-0.712147931877837,OK,0.89022296667099
534,25.81780481338501,left,left,156.67461761922132,23.325382380778677,158.03895545408542,21.961044545914575,6.748113608450692,89.92578966992438,3.448497502893403,8.038241113239193,3.7225011837633133,OK,0.8872989416122437
535,25.861637115478516,left,left,152.6223141343574,27.377685865642604,153.21247342576842,26.787526574231578,9.124944485923779,88.13700567342948,5.237281499388303,7.852109450764285,3.5363695212884068,OK,0.8922165036201477
536,25.897995710372925,left,left,150.98148703905557,29.018512960944435,149.96801865320896,30.031981346791042,10.760806042244102,87.69615481846496,5.678132354352826,7.443492474862461,3.127752545386585,OK,0.8972600698471069
537,25.938270330429077,left,left,148.6645725583519,31.335427441648108,145.4343881088528,34.5656118911472,12.863805486637176,90.00471718536116,3.3695699874566287,9.638338222499236,5.322598293023361,OK,0.9027841687202454
538,25.995248794555664,left,left,146.40504197489432,33.59495802510568,141.88766852752295,38.11233147247705,14.479370490030997,88.77379786048708,4.6004893123307085,8.73579490314671,4.42005497367083,OK,0.9078954458236694
539,26.043824911117554,left,left,142.76870822025813,37.231291779741866,135.80416157828793,44.19583842171207,17.60205896654864,86.50683991291167,6.867447259906115,7.144352237490108,2.8286123080142147,OK,0.913313627243042
540,26.09634041786194,left,left,137.79224495606096,42.207755043939045,129.42531532451255,50.57468467548745,20.123029358203993,85.287692920298,8.086594252519788,7.043792646953543,2.7280527174776523,OK,0.9193931221961975
541,26.149711847305298,left,left,138.00707636931844,41.99292363068156,127.15702236647293,52.84297763352707,22.039720007844615,85.95160007306346,7.422687099754327,7.141266078062552,2.8255261485866754,OK,0.925574541091919
542,26.203595399856567,left,left,136.7322259206907,43.267774079309305,124.1023201041608,55.897679895839204,23.769769972078663,86.70814772024555,6.666139452572239,7.848011875794318,3.5322719463184455,OK,0.931377112865448
543,26.25576138496399,left,left,136.5732980482443,43.42670195175569,122.73062532814264,57.26937467185736,25.00009076098244,87.91770610158567,5.456581071232122,9.075124142466434,4.75938421299054,OK,0.9367126822471619
544,26.308939218521118,left,left,133.38376619639456,46.61623380360544,117.84389157812682,62.156108421873185,27.140799970307548,85.97481158670631,7.399475586111478,7.575736938746105,3.259997009270222,OK,0.941286027431488
545,26.366729021072388,left,left,132.97023742869555,47.029762571304445,115.50268285996584,64.49731714003416,29.116597608492302,84.41157988319539,8.9627072896224,6.060622922957966,1.7448829934820935,OK,0.9447736144065857
546,26.42123007774353,left,left,132.9798122547595,47.02018774524049,114.68092817116954,65.31907182883046,29.8524326643827,83.26564263399428,10.108644538823512,4.8191912147870015,0.5034512853111153,OK,0.9478734135627747
547,26.468973398208618,left,left,131.69831160695676,48.301688393043236,111.55629980002344,68.44370019997656,31.75288344121809,82.13167283156564,11.24261434125215,3.7425444658503912,-0.5731954636254954,OK,0.9508481621742249
548,26.52294373512268,left,left,131.03234063112941,48.967659368870585,109.4985185083931,70.5014814916069,33.065295567450356,82.64481164038577,10.72947553243202,4.176285085099807,-0.13945484437607547,OK,0.9530104398727417
549,26.576939582824707,left,left,129.56013555390092,50.43986444609908,106.01153500151786,73.98846499848214,34.9572000920285,82.78700171307682,10.587285459740968,4.195601252722274,-0.12013867675361212,OK,0.9548105597496033
550,26.637760877609253,left,left,129.62671874593815,50.37328125406185,105.24153995271531,74.75846004728469,35.15706424884085,83.21488354587619,10.159403626941597,3.986769001494211,-0.3289709279816577,OK,0.9548729062080383
551,26.692346811294556,left,left,129.61864937653277,50.38135062346723,104.84401556897933,75.15598443102067,35.44095879074297,82.19310592100956,11.181181251808226,2.85943090419908,-1.456309025276795,OK,0.9530630111694336
552,26.75583243370056,left,left,130.41762796203037,49.582372037969634,106.36512810578787,73.63487189421213,34.783888000289075,81.49318791095472,11.88109926186307,2.224576055001282,-2.091163874474603,OK,0.951993465423584
553,26.820926189422607,left,left,130.77065606479997,49.229343935200035,106.79005073829649,73.20994926170351,34.740862609042956,80.7903566966598,12.583930476157988,1.5506139791992855,-2.765125950276598,OK,0.9515819549560547
554,26.86919140815735,left,left,133.30183683824274,46.698163161757265,112.08447254005156,67.91552745994844,31.878735893982732,80.76369442112814,12.610592751689651,1.4250660169196998,-2.890673912556167,OK,0.9523099660873413
555,26.913238286972046,left,left,138.70525327125674,41.29474672874326,120.36779977251359,59.63220022748641,27.70752005669068,82.80949199173507,10.564795181082715,2.1795585496826106,-2.136181379793271,OK,0.9541666507720947
556,26.9553861618042,left,left,140.15568128073647,39.844318719263526,123.5847974520035,56.4152025479965,25.829533019660644,82.37838828025025,10.995898892567538,1.6370374711779307,-2.6787024582979484,OK,0.9551992416381836
557,27.00305438041687,left,left,143.49504687229486,36.504953127705136,129.61359920223504,50.38640079776496,22.472314312655083,84.04924289230131,9.32504428051648,2.6401095348965686,-1.675630394579315,OK,0.9558590054512024
558,27.060105323791504,left,left,145.07495879959535,34.92504120040465,132.0704168142153,47.92958318578471,21.192198404625103,86.4728593014529,6.901427871364888,4.660515720697918,0.34477579122204816,OK,0.9575223922729492
559,27.111339807510376,left,left,160.20671927605136,19.79328072394864,148.37230640029233,31.62769359970767,15.125736309253181,93.19990381769037,0.17438335512741787,6.491227251184516,2.17548732170863,OK,0.9570795297622681
560,27.15927243232727,left,left,169.59045300104515,10.409546998954852,159.6720408474274,20.32795915257259,10.643465749724074,96.69406599354784,-3.3197788207300505,7.419119589654161,3.103379660178291,OK,0.9570596814155579
561,27.229008197784424,left,left,171.23531553501368,8.764684464986317,164.97303132381688,15.026968676183117,7.412443238087906,98.01721127175065,-4.642924098932866,9.16737029864175,4.851630369165861,OK,0.9570250511169434
562,27.29534387588501,left,left,176.15390392974564,3.8460960702543616,172.18735423283658,7.812645767163417,3.9837555618824427,99.05534222619919,-5.6810550533813995,9.07254809117255,4.756808161696682,OK,0.9553910493850708
563,27.34985661506653,left,left,177.88396190769583,2.1160380923041657,175.65305656584536,4.346943434154639,2.2207979498190777,98.93149778395417,-5.557210611136384,8.921390391922769,4.605650462446874,OK,0.9498990774154663
564,27.40863585472107,left,left,179.0221635483286,-0.9778364516714078,177.44614937812406,-2.553850621875938,-1.428435335488684,99.14335441279846,-5.7690672399806715,9.29093324751434,4.975193318038464,OK,0.9426341652870178
565,27.46553897857666,left,left,179.13642377857516,-0.8635762214248359,174.84937821569903,-5.1506217843009665,-3.1538114887842994,96.54313383612364,-3.1688466633058567,7.676367910215478,3.3606279807395936,OK,0.9346713423728943
566,27.530559539794922,left,left,179.5995533062993,-0.40044669370070096,174.36579681504975,-5.634203184950252,-3.7516151725333637,95.20992018444457,-1.8356330116267827,6.692061503160768,2.3763215736848906,OK,0.9271774888038635
567,27.582626342773438,left,left,179.04429781667773,-0.9557021833222734,173.48799703898575,-6.512002961014247,-3.911583240369263,94.95768237768766,-1.5833952048698734,6.602399915010368,2.2866599855344987,OK,0.9237432479858398
568,27.64653706550598,left,left,179.46324572958576,-0.5367542704142352,174.033001904552,-5.966998095447991,-3.5094219250411394,94.22224924968766,-0.8479620768698766,6.143071149680281,1.8273312202043996,OK,0.9173850417137146
569,27.704165935516357,left,left,179.986013637467,-0.01398636253298946,174.7478738066924,-5.252126193307589,-3.2479449276530987,92.80989291410339,0.5643942587144011,4.800087817224885,0.48434788774900994,OK,0.9103488922119141
570,27.75992465019226,left,left,178.4899014258815,1.5100985741185013,176.1522262771958,-3.8477737228041917,-2.7484458676258767,89.98574408587062,3.388543086947166,2.595170515167453,-1.7205694143084145,OK,0.904583215713501
571,27.82250189781189,left,left,177.71842846128487,2.281571538715127,176.80478875060865,-3.195211249391349,-2.5691328853454674,89.5857743833661,3.788512789451687,2.4934242861271323,-1.8223156433487588,OK,0.8997438549995422
572,27.87593150138855,left,left,170.419544178711,9.580455821289007,174.50356856230948,5.496431437690518,0.667104486897453,88.00047562710914,5.373811545708648,2.7516044976050558,-1.5641354318708238,OK,0.8978349566459656
573,27.944223880767822,left,left,164.03996286634248,15.960037133657522,166.36863944954618,13.63136055045382,3.9103074677773284,86.7740986288074,6.600188544010393,3.0130826797884205,-1.3026572496874564,OK,0.8958430290222168
574,28.00693368911743,left,left,162.98856973349984,17.011430266500156,163.75961678185647,16.240383218143535,5.540102900199356,86.93341747211534,6.44086970070245,3.2445674206713226,-1.0711725088045512,OK,0.8962352871894836
575,28.061479568481445,left,left,155.38419663472817,24.61580336527183,154.83927577270032,25.16072422729968,9.387610740875132,86.1444940970273,7.229793075790482,4.9871839758745855,0.6714440463987046,OK,0.8979435563087463
576,28.12806725502014,left,left,150.7552445744825,29.244755425517496,148.15868365906013,31.84131634093987,12.49444037778959,84.8897267618917,8.484560410926093,4.7876062242589,0.47186629478301256,OK,0.9004126191139221
577,28.18695092201233,left,left,148.53101316536956,31.468986834630442,144.44817102093978,35.55182897906022,13.916884153039463,87.20302805208676,6.171259120731023,7.037070060696458,2.721330131220583,OK,0.9038289785385132
578,28.246384382247925,left,left,142.97431459428446,37.025685405715535,136.4119820453385,43.588017954661495,16.968705041546233,86.22583780900388,7.14844936381391,6.632210301604165,2.3164703721282933,OK,0.9089006185531616
579,28.3000705242157,left,left,138.73556576487834,41.264434235121655,130.11683684772458,49.883163152275415,19.191794029614094,85.9262279416644,7.448059231153394,6.499293054124717,2.1835531246488245,OK,0.9148430824279785
580,28.355520486831665,left,left,136.7672555227003,43.23274447729969,126.58928131413178,53.41071868586822,21.244172911804185,85.5791465107294,7.795140662088386,6.645345213965047,2.329605284489162,OK,0.9219216108322144
581,28.40958023071289,left,left,135.85594760751127,44.14405239248873,124.35793263221177,55.64206736778823,23.002156855084706,87.53550806807085,5.8387791047469335,9.039649947856065,4.723910018380195,OK,0.9280049800872803
582,28.477248430252075,left,left,135.97471218687318,44.02528781312682,122.96144931097781,57.03855068902219,24.40417611739668,88.60216550919877,4.772121663619018,9.993078750700102,5.677338821224225,OK,0.9332787394523621
583,28.545650959014893,left,left,133.17755268927525,46.822447310724755,116.54223326272097,63.45776673727903,27.970613746588114,84.34732929280696,9.026957880010826,5.682623612840786,1.3668836833649038,OK,0.9380863904953003
584,28.600950956344604,left,left,131.77437139039844,48.22562860960156,113.2956150421511,66.7043849578489,29.873109701330847,82.33581146996339,11.038475702854399,3.730164823046876,-0.5855751064290189,OK,0.9420892596244812
585,28.663378953933716,left,left,131.83411868746376,48.16588131253624,112.75261362959824,67.24738637040176,30.363089380826306,82.36050873770255,11.013778435115242,3.6420930606633535,-0.6736468688125399,OK,0.9454275965690613
586,28.727765798568726,left,left,129.99069014875653,50.00930985124347,108.43338431877719,71.56661568122281,32.88948223200543,82.68347363918734,10.690813533630447,4.015650041213414,-0.30008988826247673,OK,0.9478890895843506
587,28.778162717819214,left,left,128.58831722726245,51.41168277273755,104.49120681083016,75.50879318916984,35.118734151684336,84.84886992145293,8.525417251364857,5.870493656705005,1.5547537272291265,OK,0.9505773186683655
588,28.834999322891235,left,left,128.90444065677522,51.09555934322478,104.05221360221779,75.94778639778221,35.67015286381639,83.93715638262279,9.437130790194999,4.755082191881727,0.4393422624058587,OK,0.951723575592041
589,28.886619329452515,left,left,128.12888021843997,51.871119781560026,101.47421207633872,78.52578792366128,37.14583884097499,81.31562230126643,12.058664871551358,1.8067930001401538,-2.5089469293357354,OK,0.9506217837333679
590,28.952216148376465,left,left,128.52728401950813,51.47271598049187,100.13706344211305,79.86293655788695,38.38408435842929,83.20079034677387,10.173496826043916,3.1946541278080938,-1.121085801667789,OK,0.9501101970672607
591,28.995494604110718,left,left,129.00502725612463,50.994972743875365,99.99573085258396,80.00426914741604,38.90220000551215,83.95898400585132,9.415303166966467,3.851887607822777,-0.46385232165309276,OK,0.9510469436645508
592,29.049496173858643,left,left,129.6327334169053,50.367266583094704,101.64060667917198,78.35939332082802,37.953444554469556,83.58276933370048,9.791517839117304,3.5440871504367184,-0.7716527790391581,OK,0.9511885643005371
593,29.096014261245728,left,left,129.82992703778393,50.17007296221607,101.85696146519886,78.14303853480114,37.95857665411223,82.03114188290702,11.343145289910765,2.0167529644342026,-2.298986965041678,OK,0.9515441656112671
594,29.157712697982788,left,left,130.28370126068899,49.716298739311014,103.03830191956823,76.96169808043177,37.25754758563581,83.39254913911812,9.98173803369967,3.40469738363317,-0.9110425458427187,OK,0.9519014358520508
595,29.20491671562195,left,left,130.55848633778254,49.44151366221746,103.71864678995586,76.28135321004414,36.9084572779199,83.84954980189286,9.524737370924925,3.9181675319860823,-0.397572397489796,OK,0.9523500204086304
596,29.253621101379395,left,left,133.07632188231977,46.923678117680225,111.33001347918263,68.66998652081737,31.67727109794365,84.43990878861617,8.934378384201622,4.370871483422656,0.05513155394677938,OK,0.9552031755447388
597,29.294259548187256,left,left,137.98480061473563,42.01519938526437,119.0553170332838,60.9446829667162,27.8232253714179,88.44854961361352,4.925737559204265,7.34229140357959,3.0265514741037123,OK,0.9574888348579407
598,29.343480348587036,left,left,140.02380015910816,39.97619984089184,122.96918211907628,57.03081788092372,25.773441653968238,87.73774980514443,5.6365373676733554,6.4565734190807795,2.140833489604887,OK,0.9567102789878845
599,29.391002416610718,left,left,142.963461241084,37.03653875891601,129.3047183824537,50.6952816175463,21.894218019892666,88.09419559890527,5.2800915739125145,6.329670760167622,2.0139308306917485,OK,0.9540787935256958
600,29.439499139785767,left,left,144.70343143089627,35.29656856910373,133.08854512877508,46.91145487122492,19.73836670457286,88.52823234834509,4.846054824472702,6.651712750796756,2.3359728213208655,OK,0.9543852210044861
601,29.508319854736328,left,left,156.9955416897931,23.0044583102069,147.76230616340737,32.237693836592626,13.552600451783222,91.32744652644864,2.046840646369148,5.646811451846132,1.3310715223702516,OK,0.9539051651954651
602,29.560294151306152,left,left,167.59014508843663,12.409854911563372,160.25395901346408,19.746040986535917,8.901142598043922,94.73223791935702,-1.357950746539231,6.297194442428431,1.9814545129525527,OK,0.9537361860275269
603,29.61402940750122,left,left,170.33230741416975,9.667692585830252,165.39572841275418,14.604271587245819,6.26881111009834,95.11216528216885,-1.7378781093510582,6.444397390851609,2.128657461375724,OK,0.952165961265564
604,29.659535884857178,left,left,176.02323730473418,3.976762695265819,173.1843245993075,6.815675400692498,2.5715958547294044,98.38081936855689,-5.006532195739098,8.113502517859596,3.797762588383705,OK,0.9511730670928955
605,29.702958345413208,left,left,177.5744906159951,2.425509384004897,177.27458529051108,2.7254147094889163,0.35919311593249204,98.20158992773514,-4.827302754917355,8.260877718183632,3.94513778870774,OK,0.9462679028511047
606,29.748945713043213,left,left,179.47298220979846,-0.5270177902015405,176.7716568457404,-3.2283431542595906,-2.5176642477362248,98.48160516841904,-5.1073179956012495,8.66526628474087,4.349526355264999,OK,0.9407141804695129
607,29.814592599868774,left,left,179.54651855571458,-0.4534814442854156,174.8225239478572,-5.177476052142794,-3.7574119150805614,96.20302884034425,-2.828741667526458,7.1696115331210475,2.8538716036451603,OK,0.9288050532341003
608,29.871943950653076,left,left,179.83568251061752,-0.16431748938248347,173.80747734448846,-6.192522655511539,-4.661250449509726,95.76976354828571,-2.395476375467922,7.136718264904998,2.8209783354291176,OK,0.9249167442321777
609,29.923288822174072,left,left,179.75264783263643,0.24735216736357302,174.12772285851543,-5.872277141484574,-4.478123229254846,94.90033093211231,-1.5260437592945237,6.541837011705613,2.226097082229728,OK,0.921586811542511
610,29.96573781967163,left,left,179.4538638824799,0.5461361175200921,174.75082225494018,-5.249177745059825,-4.0723644314931615,92.42436590403422,0.9499212687835694,4.1473153351210135,-0.16842459435486035,OK,0.9167670011520386
611,30.01809048652649,left,left,179.21778539448232,0.7822146055176802,175.15584728220685,-4.8441527177931505,-4.006518990887557,91.38347174165158,1.9908154311662116,3.0033200740748414,-1.312419855401032,OK,0.9119200110435486
612,30.06623363494873,left,left,179.52548309078497,0.4745169092150263,174.7166526996178,-5.283347300382189,-4.221020121265515,90.98480125483475,2.3894859179830377,2.521645343166456,-1.794094586309427,OK,0.9065880179405212
613,30.10673189163208,left,left,179.48931834928854,-0.5106816507114615,174.47201690355922,-5.527983096440778,-4.150371407834848,91.75084515465248,1.6234420181653064,2.6177751925469437,-1.697964736928924,OK,0.9021876454353333
614,30.150408267974854,left,left,179.4548787244723,-0.5451212755276913,174.46291654118065,-5.537083458819353,-4.046304591317026,91.68846876021586,1.6858184126019324,2.634126352190479,-1.6816135772853897,OK,0.8978973627090454
615,30.1971116065979,left,left,179.32701287981425,-0.672987120185752,174.20124077037926,-5.798759229620742,-4.10577537102352,91.76565849544609,1.6086286773716978,2.785655233857599,-1.5300846956182852,OK,0.8944625854492188
616,30.239880800247192,left,left,178.84917443283402,-1.150825567165981,174.11895767851203,-5.881042321487968,-4.002906337681635,91.95276541265491,1.4215217601628751,2.6800758292952285,-1.6356641001806622,OK,0.8891509175300598
617,30.289116621017456,left,left,178.67825171073568,-1.3217482892643204,174.11324108225188,-5.886758917748125,-3.967125962053504,92.08281593382888,1.2914712389889047,2.6807006002591782,-1.6350393292167098,OK,0.8838167190551758
618,30.338394165039062,left,left,178.5513767392054,-1.4486232607945908,173.79670727754984,-6.203292722450158,-4.112563390488297,92.06576641984157,1.3085207529762215,2.707872491008831,-1.6078674384670535,OK,0.8796879649162292
619,30.391265869140625,left,left,178.48275755459412,-1.5172424454058842,173.5816616275427,-6.418338372457299,-4.230863021051215,92.08143969115838,1.2928474816594075,2.751672597158564,-1.5640673323173075,OK,0.87541663646698
620,30.436971426010132,left,left,178.2497659321371,-1.7502340678628912,173.96288397287302,-6.037116027126984,-3.7499294544569066,92.20856840521334,1.1657187676044458,2.745520910020536,-1.570219019455351,OK,0.8748407363891602
621,30.49237298965454,left,left,178.27574091447488,-1.7242590855251194,173.82361233136274,-6.176387668637261,-3.8984765814194677,91.68304142282166,1.6912457499961278,2.236693424514344,-2.079046504961525,OK,0.8731328248977661
622,30.546883583068848,left,left,178.15951581883797,-1.8404841811620258,173.61649647757207,-6.3835035224279295,-4.005337257557335,91.71817550246598,1.6561116703518053,2.255857586174555,-2.059882343301325,OK,0.8702104687690735
623,30.595738649368286,left,left,178.38938541966849,-1.6106145803315144,173.84033729040448,-6.159662709595523,-3.8698983364876525,91.70124481252542,1.6730423602923707,2.38039460530177,-1.9353453241741079,OK,0.8711870908737183
624,30.638885259628296,left,left,178.73220528962443,-1.2677947103755685,174.09410677411202,-5.905893225887979,-3.7098462015483986,91.46470875641111,1.9095784164066743,2.3929610703751654,-1.9227788591007027,OK,0.8705310225486755
