frame,time_s,side,facing_direction,knee_internal_angle_deg,knee_flexion_deg,hip_internal_angle_deg,hip_flexion_deg,trunk_flexion_deg,ankle_internal_angle_deg,ankle_dorsiflexion_deg,foot_inclination_deg,foot_inclination_relative_deg,visibility,visibility_min,quality_valid,knee_flexion_relative_deg,hip_flexion_relative_deg,trunk_flexion_relative_deg,knee_flexion_interpolated_deg,knee_flexion_filtered_deg,knee_flexion_was_interpolated,hip_flexion_interpolated_deg,hip_flexion_filtered_deg,hip_flexion_was_interpolated,trunk_flexion_interpolated_deg,trunk_flexion_filtered_deg,trunk_flexion_was_interpolated,ankle_dorsiflexion_interpolated_deg,ankle_dorsiflexion_filtered_deg,ankle_dorsiflexion_was_interpolated,foot_inclination_interpolated_deg,foot_inclination_filtered_deg,foot_inclination_was_interpolated,any_signal_was_interpolated,knee_angular_velocity_deg_s,signal_processing_valid
0,0.0,left,left,178.0113881556181,-1.988611844381893,171.58884608020148,-8.411153919798522,-5.759637761157612,92.4917769103002,0.8825102625175845,3.154681224559198,-1.1610587049166838,OK,0.8336204290390015,True,-0.06130012125416884,0.05097475225949211,-0.1662735688854129,-0.06130012125416884,-0.05382248560379884,False,0.05097475225949211,0.08039318958940574,False,-0.1662735688854129,-0.14842645391249606,False,0.8825102625175845,0.6543176180990334,False,-1.1610587049166838,-0.9369597472047436,False,False,0.566232519972353,True
1,0.06503105163574219,left,left,177.9575698089584,-2.0424301910416034,171.62430942205987,-8.375690577940134,-5.729468247258839,92.71838689002337,0.6559002827944198,3.322179029663065,-0.9935608998128203,OK,0.8330662846565247,True,-0.11511846791387925,0.08643809411788084,-0.1361040549866397,-0.11511846791387925,-0.01831560198998816,False,0.08643809411788084,0.04321307817585307,False,-0.1361040549866397,-0.18448978039392894,False,0.6559002827944198,0.6327306281652021,False,-0.9935608998128203,-0.8787490887249731,False,False,0.6373582565345939,True
2,0.1264944076538086,left,left,178.08763940922893,-1.9123605907710726,171.64163805033283,-8.35836194966717,-5.736265930137635,92.94974486383269,0.42454230898509593,3.6594802925911623,-0.6562596368847267,OK,0.8341440558433533,True,0.014951132356651575,0.10376672239084428,-0.14290173786543559,0.014951132356651575,0.014071737528905847,False,0.10376672239084428,0.0018018609943965202,False,-0.14290173786543559,-0.22334720332857075,False,0.42454230898509593,0.6510577510194195,False,-0.6562596368847267,-0.8621350778134854,False,False,0.6868633260779811,True
3,0.18826794624328613,left,left,178.16089332572372,-1.8391066742762803,171.46954407187718,-8.53045592812282,-5.886043952110427,92.80631751445408,0.5679696583637082,3.611622816190207,-0.7041171132856618,OK,0.8326134085655212,True,0.08820504885144387,-0.06832725606480494,-0.2926797598382276,0.08820504885144387,0.05771555973514082,False,-0.06832725606480494,-0.04835005541480086,False,-0.2926797598382276,-0.2639177256860554,False,0.5679696583637082,0.6353389562955982,False,-0.7041171132856618,-0.793191066831713,False,False,0.7348631892689933,True
4,0.24988055229187012,left,left,178.21630937247676,-1.7836906275232423,171.37402832021056,-8.625971679789444,-5.972141087339337,92.6499209303815,0.7243662424362896,3.5200608953083554,-0.7956790341675344,OK,0.8310348391532898,True,0.14362109560448189,-0.16384300773142968,-0.37877689506713796,0.14362109560448189,0.1189943471774599,False,-0.16384300773142968,-0.10761068583667566,False,-0.37877689506713796,-0.30856929579162423,False,0.7243662424362896,0.6743283227802749,False,-0.7956790341675344,-0.7562925855577702,False,False,0.787960951827425,True
5,0.30101799964904785,left,left,178.22960726664928,-1.7703927333507181,171.3380864981555,-8.66191350184451,-5.962490372945036,92.57037088391931,0.8039162888984777,3.4994012794680716,-0.8163386500078218,OK,0.8303107023239136,True,0.15691898977700602,-0.1997848297864948,-0.3691261806728363,0.15691898977700602,0.15958908179064238,False,-0.1997848297864948,-0.1348022612841305,False,-0.3691261806728363,-0.329882818417177,False,0.8039162888984777,0.642383719267005,False,-0.8163386500078218,-0.6778751946094133,False,False,0.8397794644376264,True
6,0.35412096977233887,left,left,178.26396374617,-1.736036253830008,171.3280062699505,-8.671993730049508,-5.952726097786683,92.52344005759998,0.8508471152178032,3.5066714360327764,-0.8090684934431067,OK,0.8301244974136353,True,0.1912754692977161,-0.20986505799149313,-0.35936190551448366,0.1912754692977161,0.20089572907392053,False,-0.20986505799149313,-0.08600623636810951,False,-0.35936190551448366,-0.29640679085414023,False,0.8508471152178032,0.5542399519885521,False,-0.8090684934431067,-0.563744777400666,False,False,0.8440727751193775,True
7,0.40697574615478516,left,left,178.29061308229484,-1.7093869177051602,171.50568017309556,-8.494319826904444,-5.842833543265399,93.10946788139904,0.26481929141874616,4.05156724733294,-0.26417268214294154,OK,0.8309645652770996,True,0.21792480542256398,-0.03219115484642998,-0.24946935099319933,0.21792480542256398,0.24452235078867388,False,-0.03219115484642998,0.009262801547669142,False,-0.24946935099319933,-0.22993551331401713,False,0.26481929141874616,0.39908092012161944,False,-0.26417268214294154,-0.3937568841946302,False,False,0.7961448514829892,True
8,0.46092748641967773,left,left,178.3674265621401,-1.6325734378598895,171.71352419645729,-8.286475803542714,-5.718663814295243,93.24703635084634,0.12725082197144388,4.182274902233943,-0.13346502724192533,OK,0.8328381776809692,True,0.29473828526783463,0.17565286851530004,-0.1252996220230438,0.29473828526783463,0.2945258948955315,False,0.17565286851530004,0.11761785981884146,False,-0.1252996220230438,-0.16364360040986642,False,0.12725082197144388,0.3426677032876796,False,-0.13346502724192533,-0.32940326862085956,False,False,0.7322546910435558,True
9,0.5188541412353516,left,left,178.43444248105052,-1.5655575189494755,171.85037350978945,-8.14962649021055,-5.639784699638722,93.42571608971616,-0.0514289168983737,4.37000036133852,0.05426043186264451,OK,0.8346090912818909,True,0.36175420417824866,0.3125021818474636,-0.04642050736652248,0.36175420417824866,0.34165271545730336,False,0.3125021818474636,0.23109040803730635,False,-0.04642050736652248,-0.09833877062435903,False,-0.0514289168983737,0.3361587906315009,False,0.05426043186264451,-0.32393525383586164,False,False,0.6513498266584017,True
10,0.5766322612762451,left,left,178.47962498718357,-1.5203750128164302,171.87986178951135,-8.120138210488648,-5.631030808424282,92.85243696808901,0.5218502047287785,3.8211693573369248,-0.4945705721389686,OK,0.8342382907867432,True,0.40693671031129397,0.34199046156936674,-0.03766661615208289,0.40693671031129397,0.3692336425447537,False,0.34199046156936674,0.2993196891994444,False,-0.03766661615208289,-0.05515416013786414,False,0.5218502047287785,0.36254841869113363,False,-0.4945705721389686,-0.34778862548368467,False,False,0.527418782577854,True
11,0.6325705051422119,left,left,178.49959784897885,-1.5004021510211487,171.89536901104282,-8.104630988957183,-5.626201948859146,92.55598462088088,0.8183025519369096,3.5340115099577547,-0.7817284195181173,OK,0.8342151045799255,True,0.42690957210657543,0.3574976831008314,-0.032837756586946654,0.42690957210657543,0.3947459444261484,False,0.3574976831008314,0.3532632430202739,False,-0.032837756586946654,-0.031034337572348213,False,0.8183025519369096,0.3005600873455904,False,-0.7817284195181173,-0.290111723512058,False,False,0.40366983319804844,True
12,0.6981277465820312,left,left,178.4285177177321,-1.5714822822679082,171.84682657890625,-8.153173421093754,-5.626910490832924,92.97751974110088,0.39676743171690987,3.9323003890938106,-0.3834395403820565,OK,0.8357186913490295,True,0.35582944085981594,0.30895525096426013,-0.033546298560724885,0.35582944085981594,0.41625637919240166,False,0.30895525096426013,0.3990497036290833,False,-0.033546298560724885,-0.018355009410938726,False,0.39676743171690987,0.20547558932710216,False,-0.3834395403820565,-0.2066239231747204,False,False,0.3840231319443463,True
13,0.7518458366394043,left,left,178.49498807154708,-1.505011928452916,171.98324196556143,-8.016758034438567,-5.598064701467663,93.55697800757406,-0.18269083475627212,4.470659412092077,0.15491948261620792,OK,0.8366256356239319,True,0.42229979467480816,0.4453706376194475,-0.004700509195464164,0.42229979467480816,0.42682765196532857,False,0.4453706376194475,0.4212430096419837,False,-0.004700509195464164,-0.027657580303181994,False,-0.18269083475627212,-0.001308252255574871,False,0.15491948261620792,-0.020764685724253697,False,False,0.4036541709914512,True
14,0.8144571781158447,left,left,178.5419946548818,-1.4580053451182096,172.0793058128335,-7.920694187166504,-5.576388058831674,93.9011385798086,-0.526851406990815,4.787439363025214,0.4716994335493325,OK,0.8373076319694519,True,0.4693063780095146,0.5414344848915107,0.016976133440524954,0.4693063780095146,0.4468322320939537,False,0.5414344848915107,0.4388009682833115,False,0.016976133440524954,-0.03785754293602679,False,-0.526851406990815,-0.3028582995536226,False,0.4716994335493325,0.2730320204282407,False,False,0.3724604863959695,True
15,0.870872974395752,left,left,178.5324813510482,-1.4675186489517955,171.99082831957585,-8.009171680424146,-5.6775436628854985,93.8863561760024,-0.5120690031846067,4.750465544589242,0.43472561511336494,OK,0.8347991704940796,True,0.45979307417592863,0.4529569916338687,-0.08417947061329922,0.45979307417592863,0.48925716759479787,False,0.4529569916338687,0.46321750037594145,False,-0.08417947061329922,-0.04843786013873412,False,-0.5120690031846067,-0.5340596663989203,False,0.43472561511336494,0.5116614734790403,False,False,0.331463669976089,True
16,0.9306824207305908,left,left,178.59962074962198,-1.4003792503780232,171.98315880424946,-8.016841195750544,-5.67720176202337,94.06373485737112,-0.689447684553329,5.002995040720232,0.6872551112443546,OK,0.837147057056427,True,0.5269324727497009,0.44528747630747034,-0.08383756975117063,0.5269324727497009,0.5111554208698295,False,0.44528747630747034,0.45549716671986856,False,-0.08383756975117063,-0.06502376261348478,False,-0.689447684553329,-0.600877252649019,False,0.6872551112443546,0.5915117441854818,False,False,0.20457203005907712,True
17,0.988574743270874,left,left,178.6406423952363,-1.3593576047636873,171.9689092393694,-8.031090760630605,-5.679812076846461,94.13352657532737,-0.7592394025095786,5.125447654347813,0.8097077248719415,OK,0.83891761302948,True,0.5679541183640369,0.4310379114274099,-0.08644788457426156,0.5679541183640369,0.5181176599628943,False,0.4310379114274099,0.42364481692966366,False,-0.08644788457426156,-0.08805190682307487,False,-0.7592394025095786,-0.5749546835961098,False,0.8097077248719415,0.581375619806255,False,False,-0.1148254293166098,True
18,1.0473921298980713,left,left,178.60447933792224,-1.3955206620777574,171.94464029728107,-8.055359702718931,-5.680994213841417,93.89106593882455,-0.516778766006766,4.869910765624307,0.5541708361484154,OK,0.8393280506134033,True,0.5317910610499668,0.40676896933908324,-0.0876300215692174,0.5317910610499668,0.5169728248986816,False,0.40676896933908324,0.3998996967030678,False,-0.0876300215692174,-0.09750657245009897,False,-0.516778766006766,-0.562415571453269,False,0.5541708361484154,0.5819821271987677,False,False,-0.5881572762452121,True
19,1.1127727031707764,left,left,178.5768058503471,-1.4231941496528862,171.92004406388247,-8.079955936117528,-5.691528779879625,93.77152573454406,-0.3972385617262688,4.736758741129087,0.4210188116531981,OK,0.8397279381752014,True,0.504117573474838,0.38217273594048606,-0.09816458760742552,0.504117573474838,0.465787681958915,False,0.38217273594048606,0.34036303424828135,False,-0.09816458760742552,-0.11974575815154971,False,-0.3972385617262688,-0.4442882681126548,False,0.4210188116531981,0.44996715767172757,False,False,-1.1661890345431432,True
20,1.1794228553771973,left,left,178.52675717572714,-1.4732428242728588,171.87210271844287,-8.127897281557125,-5.724816991020619,93.82366061528819,-0.449373442470403,4.753498081551822,0.4377581520759293,OK,0.8414720892906189,True,0.45406889885486534,0.33423139050088935,-0.13145279874841975,0.45406889885486534,0.37765883825719027,False,0.33423139050088935,0.2538367977747441,False,-0.13145279874841975,-0.15104989139741729,False,-0.449373442470403,-0.25761315714753436,False,0.4377581520759293,0.23038530623255724,False,False,-1.822195810698494,True
21,1.234065055847168,left,left,178.34369503492314,-1.6563049650768562,171.68547549197552,-8.314524508024476,-5.788397690530624,93.47309834066805,-0.09881116785025768,4.342920193085048,0.0271802636091536,OK,0.8425456285476685,True,0.27100675805086794,0.14760416403353815,-0.1950334982584243,0.27100675805086794,0.25770669289023557,False,0.14760416403353815,0.15282377076596845,False,-0.1950334982584243,-0.18734375721223734,False,-0.09881116785025768,-0.0711311071990707,False,0.0271802636091536,-0.011329727888897878,False,False,-2.3050955434096396,True
22,1.2802879810333252,left,left,178.1999981767277,-1.8000018232723107,171.5362780570017,-8.46372194299829,-5.836332743075799,93.20015102050176,0.17413615231602364,4.0275383971519725,-0.2882015323239102,OK,0.8434916138648987,True,0.1273098998554134,-0.0015932709402761702,-0.24296855080359947,0.1273098998554134,0.11752243844583758,False,-0.0015932709402761702,0.053989593880328354,False,-0.24296855080359947,-0.2212746557478642,False,0.17413615231602364,0.05185400373360664,False,-0.2882015323239102,-0.20959581491596282,False,False,-2.420488178367044,True
23,1.323603868484497,left,left,178.00471861108747,-1.995281388912531,171.4395751622372,-8.56042483776281,-5.862463542915517,92.95865568908224,0.41563148373555237,3.6613355950170132,-0.6544043344588601,OK,0.8446988463401794,True,-0.06796966578480679,-0.09829616570479516,-0.2690993506433177,-0.06796966578480679,-0.030316027925886013,False,-0.09829616570479516,-0.035860112322018266,False,-0.2690993506433177,-0.24789802925907817,False,0.41563148373555237,0.15319893677802554,False,-0.6544043344588601,-0.39555288164096397,False,False,-2.242956742942281,True
24,1.378406047821045,left,left,177.87588457812512,-2.124115421874876,171.42587317945427,-8.574126820545729,-5.861183272557759,93.15660017988067,0.2176869929371179,3.745428305993757,-0.5703116234821266,OK,0.8459028005599976,True,-0.19680369874715198,-0.11199814848771439,-0.2678190802855598,-0.19680369874715198,-0.1406993599784981,False,-0.11199814848771439,-0.0729146302410868,False,-0.2678190802855598,-0.2500833790983531,False,0.2176869929371179,0.07342529727628744,False,-0.5703116234821266,-0.39129340611203817,False,False,-1.6165325032001838,True
25,1.4338569641113281,left,left,177.78756484386852,-2.212435156131477,171.42285418743114,-8.577145812568858,-5.857933858576689,93.3169359500661,0.057351222751691466,3.8237127479267934,-0.49202718154907643,OK,0.8469725847244263,True,-0.28512343300375265,-0.11501714051084377,-0.26456966630448964,-0.28512343300375265,-0.20918574603011267,False,-0.11501714051084377,-0.06250511857350602,False,-0.26456966630448964,-0.23739272117306082,False,0.057351222751691466,-0.136168591654004,False,-0.49202718154907643,-0.2479047569756517,False,False,-0.5978643664496218,True
26,1.4975543022155762,left,left,177.79177837466008,-2.2082216253399167,171.50020290238018,-8.499797097619819,-5.799324439726998,93.87196653817674,-0.4976793653589482,4.364217570729659,0.04847764125378262,OK,0.8470442295074463,True,-0.2809099022121926,-0.0376684255618045,-0.20596024745479902,-0.2809099022121926,-0.24395253952447987,False,-0.0376684255618045,-0.02737567122927089,False,-0.20596024745479902,-0.21560318697123826,False,-0.4976793653589482,-0.2963311880665742,False,0.04847764125378262,-0.13584886719986572,False,False,0.4640383981276832,True
27,1.552945852279663,left,left,177.85756624646962,-2.1424337535303835,171.5883256153396,-8.411674384660387,-5.772879453449337,94.24812046515322,-0.8738332923354335,4.744481642833889,0.428741713358022,OK,0.8469343781471252,True,-0.21512203040265931,0.050454287397627695,-0.179515261177138,-0.21512203040265931,-0.16762543021795281,False,0.050454287397627695,0.0708081556896957,False,-0.179515261177138,-0.1758874624840651,False,-0.8738332923354335,-0.3642156521168289,False,0.428741713358022,-0.050105396274875605,False,False,1.3039118687038438,True
28,1.6145408153533936,left,left,177.83088464361563,-2.169115356384367,171.61522239895837,-8.384777601041634,-5.753515871906404,93.75946867114509,-0.38518149832729875,4.2216150438959605,-0.09412488557993015,OK,0.8481385707855225,True,-0.2418036332566429,0.0773510710163805,-0.16015167963420485,-0.2418036332566429,-0.01948800135834845,False,0.0773510710163805,0.20984904480242222,False,-0.16015167963420485,-0.12380018303318767,False,-0.38518149832729875,-0.3657481590728196,False,-0.09412488557993015,0.012610929878866273,False,False,2.0864682747566463,True
29,1.6688082218170166,left,left,178.25752012465776,-1.7424798753422408,171.9167923140491,-8.083207685950896,-5.662604650121893,93.49602250013194,-0.12173532731415548,4.174145660618718,-0.14159426885717608,OK,0.8494734168052673,True,0.18483184778548334,0.37892098610711855,-0.0692404578496939,0.18483184778548334,0.12215197414340664,False,0.37892098610711855,0.3225798351095932,False,-0.0692404578496939,-0.0861066992734898,False,-0.12173532731415548,-0.13381939941142776,False,-0.14159426885717608,-0.15271516082824518,False,False,2.5379108954324763,True
30,1.7177729606628418,left,left,178.52825198816655,-1.471748011833455,172.11805863299477,-7.881941367005226,-5.597497461322302,93.32459848484605,0.04968868797173798,4.137294378695515,-0.17844555078036706,OK,0.8506651520729065,True,0.4555637112942692,0.5801873050527888,-0.004133269050102584,0.4555637112942692,0.24644857625430644,False,0.5801873050527888,0.40892341538681193,False,-0.004133269050102584,-0.05588462979229227,False,0.04968868797173798,0.2612213251767031,False,-0.17844555078036706,-0.4795807941015028,False,False,2.4565040898650907,True
31,1.770310401916504,left,left,178.49997825216886,-1.5000217478311413,172.06385685391604,-7.936143146083964,-5.610857020928509,92.71232273986978,0.661964432948011,3.5375871171940956,-0.7781528122817747,OK,0.8523666858673096,True,0.42728997529658286,0.5259855259740505,-0.017492828656309634,0.42728997529658286,0.42991122409507077,False,0.5259855259740505,0.49655909212912663,False,-0.017492828656309634,-0.03534419969822853,False,0.661964432948011,0.5992804212058644,False,-0.7781528122817747,-0.7012724889381559,False,False,2.100483878206785,True
32,1.8145115375518799,left,left,178.47904925702412,-1.5209507429758844,172.0200435167257,-7.979956483274293,-5.62176910604335,92.27291684221257,1.1013703306052207,3.110153476467614,-1.2055864530082658,OK,0.8539572358131409,True,0.40636098015183975,0.48217218878372137,-0.028404913771150397,0.40636098015183975,0.5230861155091533,False,0.48217218878372137,0.5562195731103031,False,-0.028404913771150397,0.002806150851617062,False,1.1013703306052207,0.8082919935365112,False,-1.2055864530082658,-0.8386193002860522,False,False,1.7315657231705832,True
33,1.8630402088165283,left,left,178.74819788281945,-1.2518021171805458,172.05340078266994,-7.946599217330061,-5.650813721436085,92.06917319099928,1.3051139818185078,3.1131565697126953,-1.2025833597631959,OK,0.8554523587226868,True,0.6755096059471783,0.5155294547279539,-0.057449529163886126,0.6755096059471783,0.5591314479004666,False,0.5155294547279539,0.5957195245024366,False,-0.057449529163886126,0.04992819823797649,False,1.3051139818185078,0.9388617469183658,False,-1.2025833597631959,-0.9255216252823686,False,False,1.1186853247893407,True
34,1.913313865661621,left,left,178.72339458172817,-1.2766054182718278,172.215094718955,-7.784905281045013,-5.471852897372665,92.45096463847871,0.9233225343390785,3.487411603879215,-0.828328325596658,OK,0.8548922538757324,True,0.6507063048558963,0.6772233910130012,0.12151129489953405,0.6507063048558963,0.595567002557158,False,0.6772233910130012,0.6363270213625583,False,0.12151129489953405,0.09462020858542015,False,0.9233225343390785,0.883004359917581,False,-0.828328325596658,-0.8291441701375788,False,False,0.3912093048559685,True
35,1.9618566036224365,left,left,178.7084786501231,-1.2915213498768878,172.31555838995544,-7.6844416100445585,-5.361887224390505,92.67174971793678,0.7025374548810106,3.702782753713933,-0.6129571757619487,OK,0.8543521761894226,True,0.6357903732508363,0.7776870620134559,0.23147696788169458,0.6357903732508363,0.6310431151844569,False,0.7776870620134559,0.677206466940811,False,0.23147696788169458,0.13746303116167818,False,0.7025374548810106,0.6967546555531868,False,-0.6129571757619487,-0.6054549761478825,False,False,-0.06262380021085026,True
36,2.005532741546631,left,left,178.68215602545231,-1.317843974547685,172.26689433821664,-7.733105661783355,-5.387396969191291,92.9916096748737,0.382677497944087,4.019474392918053,-0.2962655365578257,OK,0.8548634052276611,True,0.609467748580039,0.7290230102746591,0.20596722308090865,0.609467748580039,0.5968541089131862,False,0.7290230102746591,0.7091487650215299,False,0.20596722308090865,0.1901279388727369,False,0.382677497944087,0.36771943900770054,False,-0.2962655365578257,-0.289886156243324,False,False,-0.29936619796831393,True
37,2.0471034049987793,left,left,178.6564298201606,-1.3435701798393893,172.22444074461697,-7.77555925538303,-5.4075549931620595,93.20416536403454,0.17012180878325012,4.22859944641611,-0.08714048305978395,OK,0.8554117679595947,True,0.5837415432883348,0.6865694166749847,0.18580919911013982,0.5837415432883348,0.5550453518781127,False,0.6865694166749847,0.7061645211300629,False,0.18580919911013982,0.20953434391779488,False,0.17012180878325012,0.047236094677992925,False,-0.08714048305978395,0.011179079987834939,False,False,-0.5526394395496549,True
38,2.0936999320983887,left,left,178.5772528514631,-1.4227471485368994,172.21311227307353,-7.786887726926466,-5.387489182880792,93.71434927372671,-0.3400621009089235,4.691000669235485,0.3752607397595966,OK,0.8559024930000305,True,0.5045645745908247,0.6752409451315486,0.20587500939140746,0.5045645745908247,0.5273332707071235,False,0.6752409451315486,0.6990360259684849,False,0.20587500939140746,0.21408050436121506,False,-0.3400621009089235,-0.25945058528750736,False,0.3752607397595966,0.30182833438734635,False,False,-0.6139245642920355,True
39,2.1344547271728516,left,left,178.5143507965528,-1.4856492034471955,172.20017349949765,-7.799826500502348,-5.374820872147375,94.05338136012725,-0.6790941873094596,4.9927377850350085,0.6769978555591365,OK,0.8563129901885986,True,0.4416625196805286,0.6623021715556661,0.21854332012482391,0.4416625196805286,0.514167739246642,False,0.6623021715556661,0.7158420264319204,False,0.21854332012482391,0.23003095072973972,False,-0.6790941873094596,-0.5110486107436089,False,0.6769978555591365,0.5394052742880604,False,False,-0.36923996318237434,True
40,2.178317070007324,left,left,178.56991824426817,-1.430081755731834,172.27991591414755,-7.720084085852449,-5.339156422173404,94.20518311776428,-0.8308959449464908,5.1560290257114865,0.8402890962356082,OK,0.8570199012756348,True,0.4972299673958902,0.7420445862055658,0.25420777009879547,0.4972299673958902,0.4803741027551441,False,0.7420445862055658,0.7527321617450753,False,0.25420777009879547,0.2736891326970065,False,-0.8308959449464908,-0.7325776369365429,False,0.8402890962356082,0.7339087106436069,False,False,-0.08519610017820316,True
41,2.223168134689331,left,left,178.6163283681499,-1.383671631850092,172.35092434053382,-7.6490756594661775,-5.307644737348667,94.24959980215421,-0.8753126293364204,5.207359092421621,0.8916191629457444,OK,0.8576269149780273,True,0.5436400912776322,0.8130530125918369,0.285719454923532,0.5436400912776322,0.4819318418584887,False,0.8130530125918369,0.8159355187138602,False,0.285719454923532,0.3216933457940918,False,-0.8753126293364204,-0.8370789591697786,False,0.8916191629457444,0.8247686281084896,False,False,0.0911258938674547,True
42,2.2708656787872314,left,left,178.48746163770312,-1.5125383622968798,172.40889142118274,-7.591108578817256,-5.1892640833257255,94.31181049499921,-0.9375233221814199,5.201116628193838,0.8853766987179483,OK,0.8575364947319031,True,0.4147733608308444,0.8710200932407588,0.40410010894647375,0.4147733608308444,0.5122964769396846,False,0.8710200932407588,0.8974760950353697,False,0.40410010894647375,0.37149425798076974,False,-0.9375233221814199,-0.8641570092754278,False,0.8853766987179483,0.8504716491604996,False,False,0.5174777207453365,True
43,2.3127641677856445,left,left,178.58504154697982,-1.4149584530201764,172.52912905791746,-7.470870942082541,-5.147468117395365,94.23685588489289,-0.8625687120751024,5.145300256559888,0.8295603270840104,OK,0.8563992381095886,True,0.5123532701075477,0.991257729975473,0.4458960748768339,0.5123532701075477,0.5367398267541603,False,0.991257729975473,0.9748568182063082,False,0.4458960748768339,0.4195763890274007,False,-0.8625687120751024,-0.8123160150986137,False,0.8295603270840104,0.7937754126738525,False,False,1.1092293329986067,True
44,2.368907928466797,left,left,178.66617397195878,-1.3338260280412157,172.6078763811052,-7.3921236188948,-5.125816311213986,94.1887716106555,-0.8144844378377059,5.121252890295062,0.8055129608191862,OK,0.8550043702125549,True,0.5934856950865084,1.0700050531632144,0.46754788105821365,0.5934856950865084,0.5495793542607659,False,1.0700050531632144,1.0439215639138753,False,0.46754788105821365,0.4655130198334151,False,-0.8144844378377059,-0.7236646322665081,False,0.8055129608191862,0.6948354424467993,False,False,1.491271118797274,True
45,2.4111239910125732,left,left,178.69213499334055,-1.3078650066594548,172.66681953000224,-7.333180469997757,-5.098745766940249,93.94597814688021,-0.5716909740624203,4.872547843278256,0.5568079138023734,OK,0.852962851524353,True,0.6194467164682693,1.1289482020602577,0.4946184253319501,0.6194467164682693,0.660154399060258,False,1.1289482020602577,1.1118825079016232,False,0.4946184253319501,0.48695146320578875,False,-0.5716909740624203,-0.5631180706785017,False,0.5568079138023734,0.5983414250429178,False,False,1.7257672218484483,True
46,2.4614217281341553,left,left,178.68052600568294,-1.3194739943170646,172.69624806907166,-7.3037519309283425,-5.077961583318595,93.80634288799368,-0.4320557151758919,4.712659241286358,0.39691931181047835,OK,0.8512117266654968,True,0.6078377288106596,1.158376741129672,0.5154026089536039,0.6078377288106596,0.7882764328943213,False,1.158376741129672,1.1603055331057477,False,0.5154026089536039,0.49906578599905893,False,-0.4320557151758919,-0.39324707349690013,False,0.39691931181047835,0.5202837592845185,False,False,1.922281877629736,True
47,2.508732318878174,left,left,179.04033686170058,-0.959663138299419,172.74869614112148,-7.251303858878515,-5.082071866463857,93.50907768705918,-0.13479051424138788,4.718646541174428,0.4029066116985405,OK,0.8496543169021606,True,0.9676485848283052,1.2108248131794994,0.5112923258083422,0.9676485848283052,0.8802682065628119,False,1.2108248131794994,1.1803959147530065,False,0.5112923258083422,0.4901507686739935,False,-0.13479051424138788,-0.22564359501953107,False,0.4029066116985405,0.4156666555033155,False,False,1.5797044092506773,True
48,2.5528388023376465,left,left,179.22565171615014,-0.7743482838498608,172.77124418393808,-7.22875581606192,-5.086896503429014,93.38750089898488,-0.01321372616709482,4.755011927767906,0.43927199829201413,OK,0.8482036590576172,True,1.1529634392778634,1.2333728559960946,0.5064676888431849,1.1529634392778634,0.9520815416602831,False,1.2333728559960946,1.1495465756381464,False,0.5064676888431849,0.44916843449846733,False,-0.01321372616709482,-0.14474364044995697,False,0.43927199829201413,0.3964470409705541,False,False,0.6302292346918592,True
49,2.6077778339385986,left,left,179.12613284030124,-0.8738671596987615,172.7083282893415,-7.291671710658505,-5.170391397839313,93.35075421826865,0.023532954549139617,4.598167371389062,0.28242744191317115,OK,0.8475300073623657,True,1.0534445634289626,1.170456961399509,0.42297279443288627,1.0534445634289626,1.015155920044441,False,1.170456961399509,1.0892716455073355,False,0.42297279443288627,0.38965585762321614,False,0.023532954549139617,-0.11724904956689101,False,0.28242744191317115,0.4327891817272018,False,False,-0.33497986567355637,True
50,2.657522439956665,left,left,179.0512016688279,-0.9487983311720996,172.51257283442794,-7.487427165572058,-5.30365743781788,93.54147837403234,-0.16719120121454978,4.7764497706144455,0.4607098411385664,OK,0.8484122157096863,True,0.9785133919556246,0.9747015064859568,0.28970675445431926,0.9785133919556246,0.95210303928082,False,0.9747015064859568,1.0242828214316717,False,0.28970675445431926,0.3396262567303143,False,-0.16719120121454978,-0.21235251329109134,False,0.4607098411385664,0.47979898787054365,False,False,-1.1306676032589702,True
51,2.7020914554595947,left,left,178.99589789760373,-1.0041021023962742,172.3948734184176,-7.605126581582397,-5.375524467694851,93.66886993357835,-0.2945827607605622,4.894369945069602,0.578630015593717,OK,0.8491591215133667,True,0.92320962073145,0.8570020904756177,0.21783972457734802,0.92320962073145,0.8201146542794222,False,0.8570020904756177,0.958119014426444,False,0.21783972457734802,0.29566720733839347,False,-0.2945827607605622,-0.3601926372462714,False,0.578630015593717,0.5178554844376378,False,False,-1.864375196816748,True
52,2.759244203567505,left,left,178.72507245788248,-1.2749275421175241,172.42375202074317,-7.576247979256834,-5.332219870928366,93.98459500568018,-0.6103078328623894,4.953695571891117,0.6379556424152497,OK,0.8481890559196472,True,0.6523841810102,0.8858806928011802,0.26114432134383314,0.6523841810102,0.6993868185652106,False,0.8858806928011802,0.9123558854798489,False,0.26114432134383314,0.2656796038745906,False,-0.6103078328623894,-0.605554114511753,False,0.6379556424152497,0.6582646514717055,False,False,-2.198528956058717,True
53,2.8053319454193115,left,left,178.56570979114315,-1.4342902088568508,172.44042514891194,-7.559574851088058,-5.306691750388619,94.12670151876078,-0.752414345942995,4.945294410603354,0.6295544811274851,OK,0.8470619320869446,True,0.4930215142708734,0.9025538209699562,0.28667244188358065,0.4930215142708734,0.5949303022914478,False,0.9025538209699562,0.9137349293172463,False,0.28667244188358065,0.25930742609118373,False,-0.752414345942995,-0.8795489544815439,False,0.6295544811274851,0.8200517535469203,False,False,-1.9818889976243228,True
54,2.859945058822632,left,left,178.52249366173018,-1.4775063382698193,172.47951264460852,-7.520487355391481,-5.320329415158327,94.57756160459606,-1.2032744317782686,5.30021320655939,0.9844732770835094,OK,0.8477990627288818,True,0.4498053848579049,0.9416413166665336,0.2730347771138719,0.4498053848579049,0.47262107122695074,False,0.9416413166665336,0.9274275545515366,False,0.2730347771138719,0.263165578350416,False,-1.2032744317782686,-1.0658214637096706,False,0.9844732770835094,0.8741805587354975,False,False,-1.6124989279503616,True
55,2.9115231037139893,left,left,178.5289190874591,-1.4710809125409128,172.51946805361493,-7.480531946385071,-5.335518326734914,94.91145257388129,-1.537165401063504,5.585385280990529,1.2696453515146402,OK,0.8483024835586548,True,0.45623081058681136,0.9815967256729436,0.25784586553728506,0.45623081058681136,0.40215229187818996,False,0.9815967256729436,0.9483165592318187,False,0.25784586553728506,0.2722554894661446,False,-1.537165401063504,-1.1752742850065374,False,1.2696453515146402,0.9013655071190498,False,False,-1.2567654108519886,True
56,2.962186813354492,left,left,178.38435174228124,-1.6156482577187603,172.46333654458905,-7.536663455410945,-5.35623370639869,94.60023247971898,-1.2259453069011954,5.165013971012489,0.8492740415366029,OK,0.8455638289451599,True,0.31166346540896384,0.9254652166470692,0.23713048587350904,0.31166346540896384,0.3619058058931843,False,0.9254652166470692,0.9757377452461242,False,0.23713048587350904,0.2868865248039059,False,-1.2259453069011954,-1.2473689873716238,False,0.8492740415366029,0.920423572822591,False,False,-0.7587681717528861,True
57,3.0250585079193115,left,left,178.37272856113867,-1.627271438861328,172.52819704414458,-7.4718029558554235,-5.286770315349723,94.53185911216451,-1.1575719393467239,5.089620313808889,0.7738803843330118,OK,0.8457186818122864,True,0.30004028426639606,0.9903257162025909,0.3065938769224763,0.30004028426639606,0.3192755896964287,False,0.9903257162025909,0.9943960736830946,False,0.3065938769224763,0.30010923536096357,False,-1.1575719393467239,-1.2140927620092867,False,0.7738803843330118,0.8390815133835872,False,False,-0.10722607014506602,True
58,3.082106351852417,left,left,178.36447736121812,-1.6355226387818789,172.57753107898347,-7.422468921016531,-5.233536573699812,94.48717503058622,-1.1128878577684276,5.040584739121082,0.7248448096451909,OK,0.8460515141487122,True,0.2917890843458453,1.0396597510414836,0.3598276185723872,0.2917890843458453,0.30878067390843866,False,1.0396597510414836,1.0275966485798562,False,0.3598276185723872,0.3216377916825559,False,-1.1128878577684276,-1.0951383927241807,False,0.7248448096451909,0.6979602097353279,False,False,0.7015731546376747,True
59,3.145947217941284,left,left,178.3093425807464,-1.690657419253597,172.57280428679337,-7.427195713206629,-5.254215862373039,94.41118047778437,-1.0368933049665827,4.893502909364377,0.5777629798884902,OK,0.8448617458343506,True,0.23665430387412711,1.0349329588513854,0.3391483298991602,0.23665430387412711,0.35382808127293985,False,1.0349329588513854,1.0874122775180695,False,0.3391483298991602,0.34993899530754147,False,-1.0368933049665827,-1.0280208336685632,False,0.5777629798884902,0.6443756327309813,False,False,2.022549129280155,True
60,3.20725154876709,left,left,178.47644450851914,-1.5235554914808631,172.68547092809874,-7.314529071901262,-5.2278755451269525,94.31668072745576,-0.9423935546379738,4.879778762749234,0.5640388332733437,OK,0.8434510231018066,True,0.40375623164686103,1.1475996001567523,0.36548864714524676,0.40375623164686103,0.4886169929138989,False,1.1475996001567523,1.195679086107674,False,0.36548864714524676,0.3799738266643741,False,-0.9423935546379738,-0.8547981234963146,False,0.5640388332733437,0.5277098569669192,False,False,4.105012003386106,True
61,3.261789083480835,left,left,178.60958877910375,-1.3904112208962545,172.76241468928012,-7.237585310719879,-5.214727688273762,94.2646446844409,-0.8903575116231082,4.897091085990757,0.5813511565148701,OK,0.8415907025337219,True,0.5369005022314697,1.2245433613381351,0.37863650399843696,0.5369005022314697,0.6876276707555008,False,1.2245433613381351,1.3386119389400222,False,0.37863650399843696,0.40944928724688,False,-0.8903575116231082,-0.5806153675214091,False,0.5813511565148701,0.3390803865837711,False,False,6.809822495592739,True
62,3.3189563751220703,left,left,179.04667311934347,-0.9533268806565331,173.0695310870926,-6.930468912907401,-5.13659615856556,93.66574556130327,-0.29145838848548067,4.506291434988588,0.19055150551270117,OK,0.8418877124786377,True,0.973984842471191,1.5316597591506138,0.45676803370663954,0.973984842471191,1.155398001809158,False,1.5316597591506138,1.6894500903719574,False,0.45676803370663954,0.5094493249499786,False,-0.29145838848548067,-0.09197879505865103,False,0.19055150551270117,0.06737603144583773,False,False,10.180674429765672,True
63,3.3790395259857178,left,left,179.35953075042613,-0.6404692495738686,173.2921953431452,-6.70780465685479,-5.086159270787283,93.11626125071169,0.25802592210609987,4.097437387205333,-0.2183025422705498,OK,0.8421029448509216,True,1.2868424735538555,1.754324015203224,0.5072049214849166,1.2868424735538555,1.8701763734202643,False,1.754324015203224,2.2239100471784754,False,0.5072049214849166,0.6594931387110838,False,0.25802592210609987,0.5637053414992493,False,-0.2183025422705498,-0.25794587654636986,False,False,14.736555833994345,True
64,3.434523344039917,left,left,179.3518057639853,0.6481942360146888,174.32699504395305,-5.673004956046952,-4.754215673857546,91.96799761547058,1.4062895573472076,3.5349811336746932,-0.7807587958011766,OK,0.8436101675033569,True,2.575505959142413,2.789123716011062,0.8391485184146532,2.575505959142413,2.729101492912355,False,2.789123716011062,2.872775907021128,False,0.8391485184146532,0.8435277020471931,False,1.4062895573472076,1.3136438446608367,False,-0.7807587958011766,-0.6137905567224038,False,False,18.744211657305314,True
65,3.4963412284851074,left,left,177.94966363342533,2.050336366574669,175.35777071213133,-4.642229287868673,-4.477656476321426,91.03826004466626,2.336027128151528,3.253169222788188,-1.0625707066876942,OK,0.8468424677848816,True,3.9776480897023934,3.819899384189341,1.115707715950773,3.9776480897023934,4.0573678022043165,False,3.819899384189341,3.848231841781171,False,1.115707715950773,1.0769105838928734,False,2.336027128151528,2.20800428065717,False,-1.0625707066876942,-0.9219577363411418,False,False,21.72464919549568,True
66,3.5511271953582764,left,left,177.0957856234358,2.904214376564198,176.00674398849338,-3.9932560115066167,-4.294554871593216,90.51495216863296,2.859335004184828,3.1178676851105918,-1.1978722443652998,OK,0.8484756946563721,True,4.8315260996919225,4.468872660551398,1.2988093206789832,4.8315260996919225,5.674652812810485,False,4.468872660551398,5.180650320443601,False,1.2988093206789832,1.4219880031640764,False,2.859335004184828,2.865888187019448,False,-1.1978722443652998,-0.9498976914884736,False,False,24.15001145584013,True
67,3.612769842147827,left,left,174.31199533419672,5.688004665803277,177.94681076089282,-2.0531892391071835,-3.969681749337158,89.1939433813216,4.180343791496185,2.965455536894902,-1.3502843925809884,OK,0.851488471031189,True,7.615316388931001,6.408939432950831,1.6236824429350412,7.615316388931001,7.020209138142991,False,6.408939432950831,6.422204283396195,False,1.6236824429350412,1.7769123929490735,False,4.180343791496185,3.198922553161526,False,-1.3502843925809884,-0.8240053054656471,False,False,26.4415018637409,True
68,3.6660120487213135,left,left,172.55404419654303,7.445955803456968,179.95428773645736,-0.04571226354264013,-3.360772174431269,89.8268417189003,3.54744545391749,3.957737611468671,-0.35800231800720894,OK,0.8569840788841248,True,9.373267526584693,8.416416408515374,2.2325920178409304,9.373267526584693,8.486747906039932,False,8.416416408515374,7.84941312429828,False,2.2325920178409304,2.2114347333598747,False,3.54744545391749,3.5632276976710244,False,-0.35800231800720894,-0.71445818256949,False,False,28.590538699943203,True
69,3.725674629211426,left,left,172.62402413732278,7.3759758626772225,179.46523514128398,0.5347648587160165,-2.9795937249325597,90.30282578476019,3.0714613880575996,4.164443063788826,-0.15129686568704415,OK,0.8614845871925354,True,9.303287585804947,8.996893530774031,2.6137704673396396,9.303287585804947,9.920367890215841,False,8.996893530774031,9.323946648667356,False,2.6137704673396396,2.6853161367684617,False,3.0714613880575996,4.010544105871157,False,-0.15129686568704415,-0.7288067275542062,False,False,31.468526971587607,True
70,3.7801740169525146,left,left,170.61696979394063,9.383030206059374,177.50618508335825,2.493814916641753,-2.30504477426742,89.21673432211877,4.15755285069902,3.800904837268972,-0.5148350922069085,OK,0.8638781309127808,True,11.310341929187098,10.955943588699768,3.2883194180047792,11.310341929187098,11.829567194849478,False,10.955943588699768,11.410513158999601,False,3.2883194180047792,3.3928697956235987,False,4.15755285069902,4.484517602580763,False,-0.5148350922069085,-0.6725937711072788,False,False,36.08972617702605,True
71,3.8360722064971924,left,left,169.92768570255626,10.07231429744374,176.62058838966124,3.3794116103387637,-1.925147854550282,88.2783701276323,5.095917045185487,3.0461249601870026,-1.269614969288881,OK,0.8653709292411804,True,11.999626020571464,11.841540282396778,3.6682163377219172,11.999626020571464,13.953001280401992,False,11.841540282396778,13.963145292530942,False,3.6682163377219172,4.3141607487165015,False,5.095917045185487,5.0509998227105966,False,-1.269614969288881,-0.7469830861230378,False,False,44.455398810650195,True
72,3.8903279304504395,left,left,164.76599881102854,15.234001188971462,171.62035668744596,8.379643312554037,-0.43191345506147294,86.82407589777357,6.550211275044219,3.246520319129542,-1.0692196103463516,OK,0.8686178922653198,True,17.161312912099184,16.841771984612052,5.161450737210727,17.161312912099184,16.26028316744452,False,16.841771984612052,16.74327673851446,False,5.161450737210727,5.327765089097605,False,6.550211275044219,5.651178441066776,False,-1.0692196103463516,-0.8064069230391055,False,False,54.50416036753005,True
73,3.9533119201660156,left,left,161.93687376878046,18.06312623121954,167.28255159588593,12.717448404114066,1.2456825910332494,86.99443061825113,6.379856554566658,3.585791036389865,-0.7299488930860036,OK,0.870796263217926,True,19.990437954347264,21.17957707617208,6.839046783305449,19.990437954347264,19.683952150778993,False,21.17957707617208,20.325092349392207,False,6.839046783305449,6.439418000264597,False,6.379856554566658,6.326568243329556,False,-0.7299488930860036,-0.5282904416781775,False,False,61.368697607722694,True
74,4.0100226402282715,left,left,161.08761470211013,18.91238529788987,165.5645779113664,14.4354220886336,2.088427976972953,87.30193269297929,6.072354479838495,3.867323879208509,-0.44841605026738307,OK,0.8746089935302734,True,20.839697021017592,22.897550760691615,7.681792169245153,20.839697021017592,24.206175723975967,False,22.897550760691615,24.74356578449017,False,7.681792169245153,7.682800069792334,False,6.072354479838495,6.873090925651644,False,-0.44841605026738307,0.27231908362647916,False,False,65.71176064469725,True
75,4.056827545166016,left,left,153.49862487726827,26.50137512273173,159.5971070289695,20.402892971030496,3.253219781567541,85.83978531080487,7.534501862012917,5.191487244073609,0.8757473145977315,OK,0.876789927482605,True,28.428686845859453,28.86502164308851,8.84658397383974,28.428686845859453,27.962484501131247,False,28.86502164308851,28.60697064681243,False,8.84658397383974,8.807346187305475,False,7.534501862012917,7.091710587680032,False,0.8757473145977315,1.071149453944247,False,False,69.48035536087988,True
76,4.125019550323486,left,left,147.31656783657138,32.68343216342862,154.52822121417142,25.471778785828576,4.291762493088403,85.54575671602186,7.8285304567959315,7.049172586710289,2.7334326572344025,OK,0.8799931406974792,True,34.61074388655634,33.93390745788659,9.885126685360603,34.61074388655634,31.85341124876477,False,33.93390745788659,32.42645794418148,False,9.885126685360603,9.878592385744481,False,7.8285304567959315,7.538212984639449,False,2.7334326572344025,1.7673327056883068,False,False,69.08262713329592,True
77,4.181966543197632,left,left,145.98445492525215,34.01554507474785,152.30333237583466,27.696667624165343,5.190817132504238,85.73097758763163,7.643309585186159,7.240672170718381,2.9249322412424874,OK,0.8850982785224915,True,35.94285679787557,36.15879629622336,10.784181324776437,35.94285679787557,35.619750106623925,False,36.15879629622336,36.0736318581045,False,10.784181324776437,10.90664922010312,False,7.643309585186159,7.591105513159843,False,2.9249322412424874,2.861661955462688,False,False,65.20944388666658,True
78,4.241877794265747,left,left,142.48224003061284,37.51775996938716,148.18511510904068,31.81488489095932,6.601913583228274,84.76191863345404,8.612368539363743,7.066707295110167,2.7509673656342954,OK,0.8889395594596863,True,39.44507169251488,40.277013563017334,12.195277775500474,39.44507169251488,39.669037034876155,False,40.277013563017334,40.071845071193806,False,12.195277775500474,11.915141965546477,False,8.612368539363743,7.561468765465776,False,2.7509673656342954,3.9508651637630465,False,False,61.763108957796774,True
79,4.295744895935059,left,left,142.25592041281436,37.74407958718564,147.3287083417513,32.67129165824869,7.228712148766141,87.03747005037732,6.336817122440465,9.33897012808039,5.023230198604523,OK,0.8956838846206665,True,39.67139131031336,41.133420330306706,12.82207634103834,39.67139131031336,43.11936297149903,False,41.133420330306706,43.89391672005489,False,12.82207634103834,13.031027335920573,False,6.336817122440465,8.169623709536577,False,5.023230198604523,4.086849877828132,False,False,60.86535540921941,True
80,4.354669809341431,left,left,133.25219023600712,46.747809763992876,139.606040963523,40.393959036477014,8.29568350878433,85.98796904927521,7.38631812354258,10.637503285575411,6.321763356099524,OK,0.9024832844734192,True,48.6751214871206,48.85608770853503,13.88904770105653,48.6751214871206,46.474687578270945,False,48.85608770853503,47.454540235553104,False,13.88904770105653,14.140836302053373,False,7.38631812354258,9.308420982146092,False,6.321763356099524,3.852562662625121,False,False,58.34872896428739,True
81,4.420085668563843,left,left,130.06493815345698,49.93506184654302,135.41786296986598,44.58213703013402,9.87118934495889,82.50498199566785,10.86930517714994,7.729096157035716,3.413356227559831,OK,0.9093084931373596,True,51.862373569670744,53.044265702192035,15.464553537231088,51.862373569670744,49.73574081678102,False,53.044265702192035,50.784855306769515,False,15.464553537231088,15.193654005279276,False,10.86930517714994,10.55271138030075,False,3.413356227559831,3.5918281349900156,False,False,54.07445722717709,True
82,4.472779035568237,left,left,129.20783189139257,50.79216810860743,134.5002147983436,45.49978520165641,10.739861963168245,80.03699122458406,13.33729594823373,6.069236094703322,1.753496165227432,OK,0.916030764579773,True,52.71947983173515,53.96191387371442,16.333226155440443,52.71947983173515,53.0919022969915,False,53.96191387371442,54.241856125475145,False,16.333226155440443,16.253716033462904,False,13.33729594823373,12.166401276952325,False,1.753496165227432,2.9373609280269193,False,False,49.70407172304086,True
83,4.5280561447143555,left,left,126.1769738380625,53.823026161937506,131.53353975295863,48.46646024704137,11.866002099357782,78.54046664268076,14.833820530137032,5.763034656934652,1.4472947274587682,OK,0.9226198196411133,True,55.75033788506523,56.92858891909938,17.459366291629983,55.75033788506523,55.54443305311461,False,56.92858891909938,57.31735848464484,False,17.459366291629983,17.486339824221165,False,14.833820530137032,13.670926374249722,False,1.4472947274587682,2.0424880184411904,False,False,46.89680311351658,True
84,4.58311915397644,left,left,125.47511301176195,54.52488698823805,130.04370424822315,49.95629575177685,12.529022289684287,78.96902056711944,14.405266605698344,6.066634093264932,1.7508941637890416,OK,0.9283788204193115,True,56.452198711365774,58.418424423834864,18.122386481956486,56.452198711365774,57.98605034315044,False,58.418424423834864,60.1654121364712,False,18.122386481956486,18.61035617814296,False,14.405266605698344,14.254450512785024,False,1.7508941637890416,2.1765438720371777,False,False,46.18344413071888,True
85,4.649835824966431,left,left,120.98953645539157,59.01046354460843,124.22852916767448,55.77147083232552,14.458802462575623,78.46534356278822,14.908943610029567,6.16313873764675,1.8473988081708796,OK,0.934211254119873,True,60.93777526773615,64.23359950438353,20.052166654847824,60.93777526773615,60.12737219695721,False,64.23359950438353,62.97929695594026,False,20.052166654847824,19.798471673959774,False,14.908943610029567,15.108881677386819,False,1.8473988081708796,1.8376652375899027,False,False,45.76450618994628,True
86,4.707367658615112,left,left,117.85685170327783,62.143148296722174,121.17759471073425,58.822405289265745,15.49127111456788,79.58736130299134,13.786925869826447,8.399375425015652,4.083635495539767,OK,0.9391145706176758,True,64.0704600198499,67.28453396132376,21.084635306840077,64.0704600198499,62.772089380730236,False,67.28453396132376,66.09525914647551,False,21.084635306840077,20.81983311728754,False,13.786925869826447,15.878502536117413,False,4.083635495539767,1.6181608154248353,False,False,46.37322898520087,True
87,4.762594938278198,left,left,118.50122262235874,61.49877737764126,120.4307907009983,59.5692092990017,16.68043944225229,75.76483540157508,17.609451771242703,4.374842922466935,0.05910299299105759,OK,0.9431726932525635,True,63.42608910076898,68.03133797105971,22.27380363452449,63.42608910076898,66.17472185884597,False,68.03133797105971,69.83671400952039,False,22.27380363452449,21.94884289650625,False,17.609451771242703,16.921567962519028,False,0.05910299299105759,1.3652827833127958,False,False,48.881133490774026,True
88,4.824660778045654,left,left,112.95338791919737,67.04661208080263,115.95372880028229,64.04627119971771,16.972809315996624,74.69236234902779,18.68192482379,4.665512546109323,0.3497726166334303,OK,0.9478915929794312,True,68.97392380393036,72.50839987177572,22.566173508268825,68.97392380393036,68.75370159852812,False,72.50839987177572,72.48913920249481,False,22.566173508268825,22.85275934025161,False,18.68192482379,17.768472308998692,False,0.3497726166334303,1.3488494272862226,False,False,50.67528049816303,True
89,4.872446060180664,left,left,108.46195062118328,71.53804937881672,111.33642993299881,68.66357006700119,18.17407118577783,73.75369343511137,19.620593737706415,4.802243932704736,0.4865040032288448,OK,0.9517024755477905,True,73.46536110194445,77.1256987390592,23.76743537805003,73.46536110194445,71.23375080338398,False,77.1256987390592,74.9784472080167,False,23.76743537805003,23.599001785996727,False,19.620593737706415,18.87862636397343,False,0.4865040032288448,0.9756790173905643,False,False,49.931585462933114,True
90,4.928737640380859,left,left,108.09463775698082,71.90536224301918,110.96640320280238,69.03359679719762,18.978384681302423,74.23082183038989,19.143465342427902,6.0809719575138885,1.7652320280380138,OK,0.9554928541183472,True,73.83267396614691,77.49572546925563,24.57174887357462,73.83267396614691,74.08718491565807,False,77.49572546925563,77.61371976045011,False,24.57174887357462,24.23554909287532,False,19.143465342427902,18.819490547086563,False,1.7652320280380138,1.889523700996699,False,False,50.61751793185674,True
91,4.986514568328857,left,left,105.4566056789985,74.5433943210015,108.73105468312475,71.26894531687525,19.222483343293465,74.03659102811764,19.337696144700146,6.53352337553735,2.2177834460614747,OK,0.9566143155097961,True,76.47070604412923,79.73107398893326,24.815847535565666,76.47070604412923,76.7613809767718,False,79.73107398893326,80.18749400588514,False,24.815847535565666,24.890683091605073,False,19.337696144700146,18.57263665054216,False,2.2177834460614747,2.891933411949566,False,False,54.59644462890592,True
92,5.041132688522339,left,left,104.23405206098833,75.76594793901167,107.25442793883126,72.74557206116874,19.863175976645252,76.06051448600944,17.31377268680835,8.944066340497619,4.628326411021732,OK,0.9569693207740784,True,77.6932596621394,81.20770073322676,25.45654016891745,77.6932596621394,79.70874796699657,False,81.20770073322676,82.92601022396414,False,25.45654016891745,25.419887959889795,False,17.31377268680835,18.081138293255933,False,4.628326411021732,4.1214874096662815,False,False,58.40228829356706,True
93,5.090979814529419,left,left,99.5824076136287,80.4175923863713,103.08485757310716,76.91514242689284,20.2484793096454,75.92663183174979,17.447655341068,9.677561100873632,5.361821171397764,OK,0.9558137655258179,True,82.34490410949903,85.37727109895086,25.8418435019176,82.34490410949903,82.5543595266656,False,85.37727109895086,85.53893659475723,False,25.8418435019176,25.868564927077557,False,17.447655341068,17.82804640638872,False,5.361821171397764,5.055941452597193,False,False,59.891621487237856,True
94,5.136025428771973,left,left,93.7251156700595,86.2748843299405,97.64384884260386,82.35615115739614,20.820095527201428,76.21118522154252,17.163101951275266,10.950013921288312,6.634273991812421,OK,0.9563658237457275,True,88.20219605306823,90.81827982945416,26.41345971947363,88.20219605306823,86.0011012679084,False,90.81827982945416,88.74094569323931,False,26.41345971947363,26.3289423297689,False,17.163101951275266,17.739010565345925,False,6.634273991812421,5.850087339092039,False,False,57.02938599329614,True
95,5.191847801208496,left,left,93.86657995863561,86.13342004136439,97.9017713488369,82.0982286511631,21.221769517241242,75.49628126472595,17.878005908091836,10.753242172168461,6.437502242692574,OK,0.9564222693443298,True,88.06073176449212,90.56035732322111,26.81513370951344,88.06073176449212,89.50457163065198,False,90.56035732322111,91.99494323844193,False,26.81513370951344,26.65418545264863,False,17.878005908091836,18.208356721859815,False,6.437502242692574,5.955457122998848,False,False,49.98130187884756,True
96,5.243664503097534,left,left,88.22289697278451,91.77710302721549,92.72100919071431,87.27899080928569,21.524370356750175,74.48177023333162,18.89251693948617,10.504252808011575,6.188512878535704,OK,0.9561960697174072,True,93.70441475034322,95.7411194813437,27.117734549022373,93.70441475034322,92.07740361437592,False,95.7411194813437,94.4833604816902,False,27.117734549022373,26.960038944527902,False,18.89251693948617,18.667335514423907,False,6.188512878535704,5.88674656278971,False,False,39.24313753430611,True
97,5.317784070968628,left,left,86.71670024727047,93.28329975272953,90.9844402128182,89.0155597871818,21.489391591043923,73.71378370343999,19.6605034693778,9.470915260031653,5.155175330555778,OK,0.9558679461479187,True,95.21061147585726,97.47768845923981,27.082755783316124,95.21061147585726,93.28395596240038,False,97.47768845923981,95.9121096728672,False,27.082755783316124,27.370347355815653,False,19.6605034693778,19.221691016765334,False,5.155175330555778,5.5205026285835,False,False,25.259245195169093,True
98,5.373056173324585,left,left,86.71824769500893,93.28175230499107,90.64277135686584,89.35722864313416,21.77774676904174,73.63173786892932,19.742549303888467,9.334008299827946,5.018268370352075,OK,0.9563227891921997,True,95.2090640281188,97.81935731519218,27.37111096131394,95.2090640281188,94.57712836087619,False,97.81935731519218,97.43056990589655,False,27.37111096131394,27.692773698452584,False,19.742549303888467,19.68321189216578,False,5.018268370352075,5.156120261266432,False,False,12.455931928326914,True
99,5.426905632019043,left,left,87.6923539299372,92.3076460700628,90.50010288671886,89.49989711328114,22.871637583640197,73.4394077098354,19.934879462982394,9.11879425025726,4.803054320781371,OK,0.9570637345314026,True,94.23495779319053,97.96202578533915,28.4650017759124,94.23495779319053,94.79578850187453,False,97.96202578533915,98.00835905136401,False,28.4650017759124,27.9915065132523,False,19.934879462982394,19.83796762851683,False,4.803054320781371,4.940968335245964,False,False,3.4466794254430853,True
100,5.504281759262085,left,left,87.40071796625658,92.59928203374342,90.30947018369011,89.69052981630989,22.833901230425873,73.18867688772372,20.18561028509407,8.931330335583107,4.615590406107231,OK,0.9568668007850647,True,94.52659375687115,98.1526584883679,28.42726542269807,94.52659375687115,94.42997699523058,False,98.1526584883679,97.96612441623328,False,28.42726542269807,28.258832037610546,False,20.18561028509407,19.821583966805854,False,4.615590406107231,4.9011006498019585,False,False,-3.008126291158169,True
101,5.551481008529663,left,left,87.12959626779286,92.87040373220714,89.83206346337697,90.16793653662303,23.01803443074876,73.70799155157637,19.666295621241417,9.428493177909232,5.112753248433364,OK,0.9552198052406311,True,94.79771545533487,98.63006520868105,28.61139862302096,94.79771545533487,93.95409034702423,False,98.63006520868105,97.75265661752506,False,28.61139862302096,28.44283393389092,False,19.666295621241417,19.81433806369343,False,5.112753248433364,4.829929599696635,False,False,-10.914249260415726,True
102,5.60575008392334,left,left,88.54575778049019,91.45424221950981,91.19561338847181,88.80438661152819,22.82601921283516,73.79570201199486,19.578585160822925,9.271576832811627,4.955836903335751,OK,0.9556356072425842,True,93.38155394263754,97.2665152835862,28.41938340510736,93.38155394263754,93.51856890005047,False,97.2665152835862,97.29827566915772,False,28.41938340510736,28.372968443465357,False,19.578585160822925,19.851159588331242,False,4.955836903335751,4.742102086026859,False,False,-19.855711924103936,True
103,5.645684719085693,left,left,89.09768093604067,90.90231906395933,91.71011035040698,88.28988964959302,22.697756250443604,73.66796738449145,19.70631978832634,8.978153049301351,4.662413119825459,OK,0.9556409120559692,True,92.82963078708705,96.75201832165104,28.2911204427158,92.82963078708705,92.92822276152246,False,96.75201832165104,96.67974883402788,False,28.2911204427158,28.287082832547974,False,19.70631978832634,19.898615664161266,False,4.662413119825459,4.636941095881286,False,False,-35.262002021920445,True
104,5.691608667373657,left,left,89.86996116480597,90.13003883519403,92.77200762855564,87.22799237144436,22.522310131512373,73.25530008664633,20.118987086171458,8.679656681908373,4.3639167524324876,OK,0.9568914771080017,True,92.05735055832176,95.69012104350237,28.115674323784575,92.05735055832176,91.14889938691323,False,95.69012104350237,94.5967155069359,False,28.115674323784575,27.98235194438296,False,20.118987086171458,20.259966943548072,False,4.3639167524324876,4.2745688808121995,False,False,-62.19994043423387,True
105,5.732638120651245,left,left,90.35244865889663,89.64755134110337,93.40210435933932,86.59789564066068,22.40447317583897,72.9513965085736,20.422890664244193,8.40552538485525,4.089785455379371,OK,0.957857608795166,True,91.5748630642311,95.0600243127187,27.99783736811117,91.5748630642311,89.13131261807789,False,95.0600243127187,92.21719168137669,False,27.99783736811117,27.624929537026038,False,20.422890664244193,20.759724424239145,False,4.089785455379371,3.7793260494880654,False,False,-97.17192008382847,True
106,5.771175146102905,left,left,96.02621314083905,83.97378685916095,100.24723009883684,79.75276990116316,21.494379989923672,71.90123515464235,21.473052018175437,7.616632102563803,3.300892173087931,OK,0.9590569734573364,True,85.90109858228868,88.21489857322118,27.08774418219587,85.90109858228868,84.55254975894084,False,88.21489857322118,87.39798717013812,False,27.08774418219587,26.954034612901786,False,21.473052018175437,20.965481953208457,False,3.300892173087931,3.143115248496025,False,False,-126.1501510070268,True
107,5.810026168823242,left,left,98.63369162466692,81.36630837533308,103.09323251626783,76.90676748373217,21.03890717605058,71.29691460853948,22.077372564278306,6.795362676190958,2.47962274671508,OK,0.9600836634635925,True,83.2936200984608,85.36889615579018,26.632271368322776,83.2936200984608,77.98596872918024,False,85.36889615579018,81.25066624139598,False,26.632271368322776,26.109994992123426,False,22.077372564278306,20.144804406010632,False,2.47962274671508,2.7004930738970474,False,False,-142.1257989343601,True
108,5.84310245513916,left,left,111.9914952317259,68.0085047682741,115.80613290659983,64.19386709340017,19.343281629822325,72.6391797396449,20.735107433172885,5.797099044341141,1.4813591148652563,OK,0.9627091288566589,True,69.93581649140182,72.65599576545819,24.936645822094526,69.93581649140182,71.30796619744963,False,72.65599576545819,75.08576320167361,False,24.936645822094526,25.22543840753165,False,20.735107433172885,19.01579729897867,False,1.4813591148652563,2.4318441043289907,False,False,-153.41024551391519,True
109,5.901651382446289,left,left,122.70286631360896,57.297133686391035,123.50861227226638,56.491387727733624,18.302112027620602,77.35868782263545,16.01559935018234,6.466545808913487,2.1508058794375984,OK,0.9648411273956299,True,59.22444540951876,64.95351639979164,23.8954762198928,59.22444540951876,64.52752701172662,False,64.95351639979164,68.96313628333874,False,23.8954762198928,23.99845402668647,False,16.01559935018234,17.179854181002522,False,2.1508058794375984,2.382990574071846,False,False,-149.44908331813858,True
110,5.952784776687622,left,left,123.74246131754965,56.257538682450345,124.22661955795112,55.773380442048875,17.98169025288009,78.59643204373342,14.777855129084372,7.062280537014958,2.746540607539089,OK,0.9665969014167786,True,58.18485040557807,64.23550911410689,23.57505444515229,58.18485040557807,57.80858051975203,False,64.23550911410689,62.68846297283758,False,23.57505444515229,22.551446633594917,False,14.777855129084372,15.071000356202768,False,2.746540607539089,2.600563824306607,False,False,-139.96223823782307,True
111,5.989813327789307,left,left,129.92840906945403,50.071590930545966,130.86036469051126,49.13963530948874,15.359458085697762,81.08095074452308,12.293336428294708,7.372364451278075,3.056624521802206,OK,0.9672800898551941,True,51.99890265367369,57.60176398154675,20.95282227796996,51.99890265367369,52.297754714120586,False,57.60176398154675,57.42244814145929,False,20.95282227796996,20.910236568649214,False,12.293336428294708,12.901965256646317,False,3.056624521802206,2.883577884664203,False,False,-135.30499925576171,True
112,6.027704954147339,left,left,132.22842408453994,47.77157591546006,134.4665990687736,45.533400931226396,13.803870210592818,81.84118373253825,11.533103440279532,7.883228927364756,3.567488997888887,OK,0.9676212668418884,True,49.698887638587784,53.99552960328441,19.397234402865017,49.698887638587784,48.56111016665004,False,53.99552960328441,53.33263999535759,False,19.397234402865017,19.29106461981512,False,11.533103440279532,11.187316169233757,False,3.567488997888887,3.3322186218738183,False,False,-136.17746711732912,True
113,6.061203956604004,left,left,139.5456242598831,40.45437574011689,142.13620706349127,37.86379293650873,11.137231305093813,83.48435523742715,9.889931935390635,7.2121693461291265,2.896429416653234,OK,0.9685027003288269,True,42.38168746324461,46.325921608566745,16.73059549736601,42.38168746324461,42.68699291492085,False,46.325921608566745,47.36671010591382,False,16.73059549736601,17.23123514700105,False,9.889931935390635,8.456734376948418,False,2.896429416653234,4.094783579059668,False,False,-137.10351164444847,True
114,6.1094067096710205,left,left,141.38608905096166,38.61391094903834,143.95765300277486,36.04234699722514,10.206252283450123,85.93193325969825,7.442353913119533,8.709749494961564,4.394009565485675,OK,0.9686172604560852,True,40.541222672166064,44.50447566928315,15.799616475722322,40.541222672166064,37.50502399505883,False,44.50447566928315,42.25088853742617,False,15.799616475722322,15.55259844028964,False,7.442353913119533,6.186477164856731,False,4.394009565485675,4.620256733065571,False,False,-143.15280673990392,True
115,6.155534505844116,left,left,153.11304757619564,26.88695242380436,154.05626900516998,25.94373099483002,7.682542888809738,92.2493410051601,1.1249461676576828,10.875105322944218,6.55936539346834,OK,0.9688301682472229,True,28.814264146932082,34.405859666888034,13.275907081081936,28.814264146932082,30.651348146601244,False,34.405859666888034,35.616555843185246,False,13.275907081081936,13.530668718817997,False,1.1249461676576828,3.4960491254928088,False,6.55936539346834,5.069411896741196,False,False,-143.85205023936692,True
116,6.195972442626953,left,left,155.83825366876414,24.16174633123586,156.4394725329495,23.56052746705049,6.966274552140719,92.43223680498151,0.9420503678362735,9.99973022130761,5.683990291831719,OK,0.9670088291168213,True,26.089058054363583,32.022656139108506,12.559638744412918,26.089058054363583,24.828435696672923,False,32.022656139108506,30.003029182649936,False,12.559638744412918,11.807658080218498,False,0.9420503678362735,0.5171273212285371,False,5.683990291831719,6.1159372730129515,False,False,-138.3060571104998,True
117,6.237743139266968,left,left,166.49680332682786,13.503196673172141,167.63826253997823,12.361737460021772,3.6942216032346096,95.29332392935787,-1.9190367565400805,10.129004745742876,5.813264816267008,OK,0.9656437635421753,True,15.430508396299865,20.823866132079786,9.287585795506809,15.430508396299865,17.94238427581712,False,20.823866132079786,23.044351766530507,False,9.287585795506809,9.620711145403632,False,-1.9190367565400805,-2.2432617815521523,False,5.813264816267008,6.762005436242407,False,False,-130.7445111311843,True
118,6.280833005905151,left,left,168.6601865095247,11.339813490475308,170.20384036616778,9.796159633832218,2.5221781120963054,98.37896425874851,-5.004677085930723,12.444796227487888,8.129056298012017,OK,0.9636088013648987,True,13.267125213603032,18.258288305890233,8.115542304368505,13.267125213603032,12.765946015296327,False,18.258288305890233,17.106327496118308,False,8.115542304368505,7.474862998560577,False,-5.004677085930723,-3.4611448513630307,False,8.129056298012017,6.595626369101626,False,False,-111.65485179847481,True
119,6.319226503372192,left,left,175.8163461552407,4.183653844759306,178.75104008337203,1.2489599166279675,-0.7284823906242055,99.7338787736017,-6.359591600783915,11.940090311108822,7.624350381632951,OK,0.9587176442146301,True,6.11096556788703,9.711088588685982,4.864881801647994,6.11096556788703,8.177508961814306,False,9.711088588685982,11.40433024982525,False,4.864881801647994,5.278658134305304,False,-6.359591600783915,-4.1897681241080935,False,7.624350381632951,6.241604970402454,False,False,-87.53384887510028,True
120,6.3676581382751465,left,left,178.9952388787996,1.0047611212004028,176.25360964276902,-3.746390357230979,-3.0466978454055402,98.3387563542145,-4.964469181396709,10.043209987240308,5.727470057764435,OK,0.9533920884132385,True,2.932072844328127,4.7157383148270355,2.546666346866659,2.932072844328127,5.546475756604014,False,4.7157383148270355,7.6487447876375025,False,2.546666346866659,3.619013662468287,False,-4.964469181396709,-4.096708448019382,False,5.727470057764435,5.613453079454172,False,False,-61.46501957467573,True
121,6.413820266723633,left,left,178.78043893617425,1.2195610638257506,175.0505412355852,-4.9494587644148,-4.014749769135645,96.07535316870683,-2.7010659958890386,8.229623227811755,3.913883298335861,OK,0.9461172819137573,True,3.146872786953475,3.5126699076432146,1.5786144231365542,3.146872786953475,3.3665045158530575,False,3.5126699076432146,4.460191117484754,False,1.5786144231365542,2.2451268403250837,False,-2.7010659958890386,-3.1918734735459653,False,3.913883298335861,4.343313712239348,False,False,-38.90420083198362,True
122,6.46648097038269,left,left,179.65196935287932,0.3480306471206802,173.58381014908304,-6.416189850916965,-4.6040007559504765,94.82802554891431,-1.4537383760965241,6.988245291001484,2.6725053615255945,OK,0.939630925655365,True,2.2753423702484046,2.04593882114105,0.9893634363217227,2.2753423702484046,2.409833420617122,False,2.04593882114105,2.843942930197039,False,0.9893634363217227,1.503984819650116,False,-1.4537383760965241,-1.47594030758695,False,2.6725053615255945,2.5458156176571434,False,False,-21.43184145612443,True
123,6.508972406387329,left,left,179.56004271327947,0.4399572867205279,173.85339128306848,-6.146608716931524,-4.34725599861971,93.85478938638143,-0.4805022135636392,6.094099391413775,1.778359461937896,OK,0.9319446086883545,True,2.3672690098482523,2.31551995512649,1.2461081936524891,2.3672690098482523,2.073293952644611,False,2.31551995512649,2.2134958109217338,False,1.2461081936524891,1.2319648221501476,False,-0.4805022135636392,0.1661977885947749,False,1.778359461937896,0.9255651752782512,False,False,-10.795887868381715,True
124,6.545130014419556,left,left,179.40029836857963,-0.5997016314203734,173.1677189801894,-6.832281019810608,-4.434192493999045,91.15421294380663,2.2200742290111606,2.9525998381978042,-1.3631400912780691,OK,0.9240111708641052,True,1.3276100917073508,1.6298476522474061,1.1591716982731546,1.3276100917073508,1.8485673932531146,False,1.6298476522474061,1.9392927101789155,False,1.1591716982731546,1.1805485382513001,False,2.2200742290111606,1.5272535430650607,False,-1.3631400912780691,-0.43743032173956065,False,False,-1.280675572719727,True
125,6.599562644958496,left,left,179.32206378133785,-0.677936218662154,173.1013740463925,-6.898625953607507,-4.406797832905382,90.12806587330587,3.246221299511916,1.9419577753458428,-2.3737821541300264,OK,0.9182380437850952,True,1.24937550446557,1.5635027184505077,1.1865663593668172,1.24937550446557,1.9045330533681866,False,1.5635027184505077,1.9980820223320677,False,1.1865663593668172,1.2418982809806567,False,3.246221299511916,2.7865020711160695,False,-2.3737821541300264,-1.6381527590992904,False,False,7.507002278954954,True
126,6.638077974319458,left,left,179.90407173313173,0.09592826686827038,173.6795257318711,-6.320474268128891,-4.271831188629882,89.2700743963554,4.10421277646239,1.4146457427226904,-2.9010941867531983,OK,0.910635232925415,True,2.0232399899959947,2.141654403929124,1.3215330036423172,2.0232399899959947,2.0403070241159016,False,2.141654403929124,2.16827441241835,False,1.3215330036423172,1.3303810489325747,False,4.10421277646239,4.128458420868983,False,-2.9010941867531983,-2.926044760238858,False,False,17.90582653693724,True
127,6.681285619735718,left,left,179.37214105230396,0.6278589476960406,173.8777567098488,-6.122243290151204,-4.297252042303694,88.53178290865927,4.842504264158521,0.9846331042028309,-3.3311068252730536,OK,0.905500054359436,True,2.555170670823765,2.339885381906811,1.296112149968505,2.555170670823765,3.146085982129086,False,2.339885381906811,3.0165809751773054,False,1.296112149968505,1.539779174884663,False,4.842504264158521,5.223032749832333,False,-3.3311068252730536,-3.5537485679958936,False,False,29.644424777177996,True
128,6.72264289855957,left,left,178.8811728595409,1.1188271404591035,174.7043532334999,-5.295646766500113,-3.90484215886012,87.14500763761686,6.229279535200931,-0.34536061428405845,-4.661100543759943,OK,0.8990439176559448,True,3.046138863586828,3.1664819055579017,1.6885220334120792,3.046138863586828,4.6780526141871235,False,3.1664819055579017,4.202126596206204,False,1.6885220334120792,1.8165637639689447,False,6.229279535200931,6.14574274484242,False,-4.661100543759943,-3.8532529628925603,False,False,40.49455226146756,True
129,6.764882326126099,left,left,175.07080684135445,4.929193158645546,177.40925179398417,-2.5907482060158316,-3.387201864238603,85.68134129898988,7.6929458738279095,-0.18591920058735406,-4.501659130063246,OK,0.8950070738792419,True,6.8565048817732706,5.871380466042183,2.2061623280335962,6.8565048817732706,6.921708265862821,False,5.871380466042183,6.228783947854782,False,2.2061623280335962,2.381329831049764,False,7.6929458738279095,7.099245602695575,False,-4.501659130063246,-4.024991453637779,False,False,48.890658755029456,True
130,6.809885501861572,left,left,173.01810305837196,6.981896941628037,179.029102151537,-0.9708978484630109,-3.0228748874839733,85.51451589825544,7.859771274562348,0.4444358008625195,-3.8713041286133603,OK,0.8913598656654358,True,8.909208664755761,7.491230823595004,2.570489304788226,8.909208664755761,9.521427639323868,False,7.491230823595004,8.714907808417717,False,2.570489304788226,3.1139657787293173,False,7.859771274562348,7.989393187215543,False,-3.8713041286133603,-4.068907577580092,False,False,53.16621822578153,True
131,6.859696388244629,left,left,168.68579347475324,11.31420652524676,176.187187509886,3.8128124901139984,-1.4480008532257833,84.50256010708962,8.871727065728166,0.555953288996596,-3.759786640479291,OK,0.8890387415885925,True,13.241518248374485,12.274941162172013,4.1453633390464155,13.241518248374485,12.291168826900815,False,12.274941162172013,11.280255158519504,False,4.1453633390464155,3.8469126241667966,False,8.871727065728166,8.477400336618548,False,-3.759786640479291,-3.619574044070447,False,False,51.91996116897494,True
132,6.896206617355347,left,left,166.37354418499874,13.626455815001265,173.69162398733653,6.308376012663473,-0.6340723039059286,84.08104498605942,9.293242186758363,0.7650524844912708,-3.550687444984618,OK,0.8866479396820068,True,15.553767538128989,14.770504684721487,4.959291888366271,15.553767538128989,14.340343236851856,False,14.770504684721487,13.410768358051632,False,4.959291888366271,4.530951012761361,False,9.293242186758363,8.514857810864182,False,-3.550687444984618,-3.0543319193026037,False,False,45.86106183975303,True
133,6.9351887702941895,left,left,165.03246692165615,14.967533078343848,172.46891001599118,7.5310899840088155,-0.24010793167272232,84.70497189060184,8.669315282215948,1.9013070532641678,-2.4144328762117198,OK,0.8867128491401672,True,16.89484480147157,15.99321865606683,5.353256260599477,16.89484480147157,16.26180232600513,False,15.99321865606683,15.497930720418253,False,5.353256260599477,5.234390249745018,False,8.669315282215948,8.560804250643603,False,-2.4144328762117198,-2.562542395311715,False,False,39.63888849503036,True
134,6.978524208068848,left,left,164.82493479159925,15.175065208400753,171.9381822083552,8.061817791644813,0.032990078734216305,85.4940539277617,7.88023324505609,2.6402914232518606,-1.6754485062240292,OK,0.8870986700057983,True,17.102376931528475,16.523946463702828,5.626354271006416,17.102376931528475,17.434515270509443,False,16.523946463702828,16.822892903993488,False,5.626354271006416,5.717616625047714,False,7.88023324505609,8.349412227172857,False,-1.6754485062240292,-2.020173235609195,False,False,36.45234166305081,True
135,7.027777671813965,left,left,163.4108076126056,16.589192387394405,170.5350860366299,9.464913963370094,0.4943212974343131,85.28478369935834,8.089503473459445,2.903383420816973,-1.4123565086589167,OK,0.8891598582267761,True,18.516504110522128,17.92704263542811,6.087685489706512,18.516504110522128,18.55828735973771,False,17.92704263542811,18.047325840374448,False,6.087685489706512,6.14597187468752,False,8.089503473459445,8.173030393918244,False,-1.4123565086589167,-1.5160969998674658,False,False,38.83816277370899,True
136,7.061907529830933,left,left,162.82222875223167,17.177771247768334,169.56237659200983,10.437623407990174,0.9681310232876921,85.55952022444335,7.814766948374441,3.2677990875091796,-1.0479408419666925,OK,0.8918420076370239,True,19.105082970896056,18.899752080048188,6.561495215559892,19.105082970896056,19.499599285007044,False,18.899752080048188,19.11181602179633,False,6.561495215559892,6.524772825909804,False,7.814766948374441,8.03840012698042,False,-1.0479408419666925,-1.1258440378599062,False,False,44.9831943906142,True
137,7.101312875747681,left,left,160.7546837388574,19.24531626114259,167.56945930543174,12.430540694568265,1.5077039442931002,84.96295415233249,8.411333020485301,3.2854336631999166,-1.0303062662759714,OK,0.8944995999336243,True,21.172627984270314,20.89266936662628,7.101068136565299,21.172627984270314,21.638569121483087,False,20.89266936662628,21.177295667959555,False,7.101068136565299,7.126556166945656,False,8.411333020485301,8.398011945457906,False,-1.0303062662759714,-0.8101823249887218,False,False,52.22222179427354,True
138,7.136109113693237,left,left,160.3259072953095,19.67409270469051,167.14645910888177,12.853540891118229,1.6538968244387038,85.37812322529096,7.996163947526824,3.85257186330195,-0.46316806617392103,OK,0.8958382606506348,True,21.60140442781823,21.315669563176243,7.247261016710903,21.60140442781823,24.21325278765097,False,21.315669563176243,23.61244059803439,False,7.247261016710903,7.826191376414419,False,7.996163947526824,8.122570679689456,False,-0.46316806617392103,0.30443288634153876,False,False,60.47930162603757,True
139,7.1796839237213135,left,left,154.130085609219,25.86991439078099,161.61078397753906,18.389216022460943,3.0419067839134764,83.69599483537426,9.678292337443523,4.218599987607762,-0.09713994186810737,OK,0.8951389193534851,True,27.797226113908714,26.851344694518957,8.635270976185677,27.797226113908714,26.995435781554797,False,26.851344694518957,26.29711755852487,False,8.635270976185677,8.602597193796495,False,9.678292337443523,7.891523677011969,False,-0.09713994186810737,1.4093917398144526,False,False,64.0701187533255,True
140,7.230583667755127,left,left,150.5373892817662,29.462610718233805,158.35936138625573,21.640638613744272,3.9924973447781316,86.66199002820059,6.712297144617196,8.476459477468271,4.160719547992386,OK,0.897424578666687,True,31.389922441361527,30.102767285802287,9.58586153705033,31.389922441361527,29.960705613113284,False,30.102767285802287,29.14109838435009,False,9.58586153705033,9.456989459516619,False,6.712297144617196,7.65151133167561,False,4.160719547992386,2.625085356604194,False,False,57.933822924844684,True
141,7.271501064300537,left,left,148.9113137827125,31.08868621728749,156.13899178955742,23.861008210442577,4.850160110198068,86.71475523783079,6.659531934987001,8.792593354873757,4.476853425397877,OK,0.9010046124458313,True,33.01599794041521,32.32313688250059,10.443524302470268,33.01599794041521,32.983524953070585,False,32.32313688250059,32.091588711303274,False,10.443524302470268,10.35247400561599,False,6.659531934987001,7.8364194383471615,False,4.476853425397877,3.4079908090361357,False,False,51.766875109510885,True
142,7.325439214706421,left,left,145.928334581065,34.071665418935,153.34955517630564,26.650444823694357,5.7796652728937135,86.16301587901428,7.211271293803506,9.363901747148624,5.048161817672735,OK,0.9045108556747437,True,35.99897714206272,35.11257349575237,11.373029465165914,35.99897714206272,34.9739870193538,False,35.11257349575237,34.239138684580226,False,11.373029465165914,11.109277636097929,False,7.211271293803506,8.000007757557302,False,5.048161817672735,3.8441182133142036,False,False,48.633162399611514,True
143,7.371181488037109,left,left,145.21181059552296,34.78818940447704,152.39400747411585,27.605992525884147,6.131319554935558,84.4535826919332,8.92070448088458,7.7670991254616615,3.4513591959857877,OK,0.9095105528831482,True,36.71550112760476,36.06812119794216,11.724683747207758,36.71550112760476,36.422366036446135,False,36.06812119794216,35.97389522661991,False,11.724683747207758,11.764370854597427,False,8.92070448088458,8.841877817074362,False,3.4513591959857877,3.3709638473492873,False,False,45.4090629320841,True
144,7.422718524932861,left,left,144.1777752778029,35.82222472219709,150.87303411115428,29.126965888845717,6.825924936323177,82.87805323932356,10.496233933494224,6.399237008998101,2.083497079522232,OK,0.9142376184463501,True,37.749536445324814,37.58909456090373,12.419289128595377,37.749536445324814,38.820389474446515,False,37.58909456090373,38.42941964286363,False,12.419289128595377,12.495541767500981,False,10.496233933494224,9.586665763980701,False,2.083497079522232,3.299845835103156,False,False,45.53521867559615,True
145,7.484863996505737,left,left,143.29549419630456,36.70450580369544,149.68557867605733,30.314421323942668,7.267963437275628,82.45263973061529,10.921647442202499,6.110687647643685,1.7949477181678049,OK,0.9190009832382202,True,38.63181752682316,38.77654999600068,12.861327629547826,38.63181752682316,41.58465265658024,False,38.77654999600068,41.28429884016186,False,12.861327629547826,13.23511802493704,False,10.921647442202499,10.312755964245927,False,1.7949477181678049,3.2227158771094877,False,False,50.88658674009899,True
146,7.535624742507935,left,left,136.92119659271063,43.07880340728937,143.86136970833883,36.13863029166117,8.506014674715832,82.99081550329909,10.383471669518698,8.437003293643103,4.12126336416722,OK,0.9225229620933533,True,45.00611513041709,44.60075896371919,14.099378866988031,45.00611513041709,44.42486789232151,False,44.60075896371919,44.27865851427009,False,14.099378866988031,14.089597646841176,False,10.383471669518698,10.65154096079589,False,4.12126336416722,3.584266064096693,False,False,54.04212049454419,True
147,7.585411787033081,left,left,132.10701867039637,47.89298132960363,139.07515918981449,40.924840810185515,9.47754656007401,82.53256487768816,10.841722295129628,8.978251957180268,4.662512027704395,OK,0.9270102381706238,True,49.82029305273135,49.38696948224353,15.07091075234621,49.82029305273135,47.4674907766173,False,49.38696948224353,47.367295966547694,False,15.07091075234621,14.935539369911927,False,10.841722295129628,11.234909710097824,False,4.662512027704395,3.8008244698837017,False,False,52.30209522841166,True
148,7.634122848510742,left,left,131.0107344168166,48.989265583183396,137.4222091035747,42.57779089642531,10.403717664456234,82.75965770918339,10.614629463634401,9.5748500603977,5.259110130921812,OK,0.9321111440658569,True,50.91657730631112,51.03991956848333,15.997081856728434,50.91657730631112,50.41660467915452,False,51.03991956848333,50.3809706439936,False,15.997081856728434,15.841324892876807,False,10.614629463634401,11.847217176291977,False,5.259110130921812,4.029741751745741,False,False,47.03259002181759,True
149,7.677901268005371,left,left,128.96466085632395,51.035339143676055,135.42984684976628,44.57015315023372,11.055633551676937,79.9612094928139,13.413077680003894,7.482029037933166,3.1662891084572777,OK,0.936435341835022,True,52.96265086680378,53.032281822291736,16.64899774394914,52.96265086680378,52.55910375599042,False,53.032281822291736,52.505129919444016,False,16.64899774394914,16.480262588131502,False,13.413077680003894,12.806519583394856,False,3.1662891084572777,3.7277168412830406,False,False,41.20555111386754,True
150,7.726606369018555,left,left,128.54992468361849,51.450075316381515,134.6172052888278,45.38279471117221,11.796891052100017,79.39110239964452,13.983184773173264,7.255274056953867,2.939534127477998,OK,0.9409817457199097,True,53.37738703950924,53.844923383230224,17.390255244372216,53.37738703950924,53.70402456676361,False,53.844923383230224,53.66136786594443,False,17.390255244372216,16.957671314019787,False,13.983184773173264,13.67836591498408,False,2.939534127477998,3.3219620998548804,False,False,35.45665847306238,True
151,7.780275344848633,left,left,126.20870120853112,53.791298791468876,133.24057333108672,46.75942666891328,11.700703150989327,78.19430346778469,15.179983705033095,6.926878741329611,2.6111388118537207,OK,0.9454431533813477,True,55.7186105145966,55.22155534097129,17.294067343261524,55.7186105145966,55.07171965816927,False,55.22155534097129,55.01115102504853,False,17.294067343261524,17.426783027673952,False,15.179983705033095,14.736668818487885,False,2.6111388118537207,2.750682842306804,False,False,30.594994687120924,True
152,7.827980995178223,left,left,126.3824146165304,53.6175853834696,133.29396945731241,46.706030542687586,11.864590189515432,78.17333321974203,15.200953953075754,6.949478250039472,2.6337383205635945,OK,0.9493504166603088,True,55.544897106597325,55.1681592147456,17.45795438178763,55.544897106597325,56.642368769948156,False,55.1681592147456,56.63525755324,False,17.45795438178763,17.934262102311823,False,15.200953953075754,15.402863831482463,False,2.6337383205635945,2.5385094875375045,False,False,30.146688659413336,True
153,7.87731146812439,left,left,124.17225895978831,55.82774104021169,130.67329330805424,49.32670669194576,12.749276232727045,77.46814319166437,15.90614398115342,6.718453772657316,2.4027138431814308,OK,0.9528634548187256,True,57.755052763339414,57.78883536400377,18.342640424999246,57.755052763339414,58.181879776302196,False,57.78883536400377,58.366701642168984,False,18.342640424999246,18.506613484189312,False,15.90614398115342,15.893176098223659,False,2.4027138431814308,2.428615520098856,False,False,33.74857266783424,True
154,7.930740594863892,left,left,121.11141529742955,58.888584702570455,127.30931420880889,52.690685791191115,13.593028924866294,76.630234427841,16.744052744976784,6.421162264086647,2.105422334610779,OK,0.9566458463668823,True,60.81589642569818,61.15281446324913,19.186393117138493,60.81589642569818,59.72859567209078,False,61.15281446324913,60.36082246515173,False,19.186393117138493,19.222789143497096,False,16.744052744976784,16.02604629134214,False,2.105422334610779,2.5645160590940064,False,False,35.878942228776225,True
155,7.973247528076172,left,left,120.85236965184826,59.147630348151736,125.95998484418288,54.040015155817116,14.65864796148747,76.93954106593854,16.434746106879246,6.705804219760637,2.390064290284755,OK,0.9600895047187805,True,61.07494207127946,62.50214382787513,20.25201215375967,61.07494207127946,61.39496558774158,False,62.50214382787513,62.4996527315674,False,20.25201215375967,19.989691943582226,False,16.434746106879246,16.18904330695772,False,2.390064290284755,2.695961492798682,False,False,36.17316635190017,True
156,8.019171476364136,left,left,118.47512172958818,61.52487827041182,123.26996921617301,56.73003078382699,15.281581447528247,77.52995250219229,15.8443346706255,7.606381436305354,3.2906415068294734,OK,0.9630492329597473,True,63.45218999353954,65.192159455885,20.874945639800444,63.45218999353954,63.50624730278207,False,65.192159455885,64.88578406646366,False,20.874945639800444,20.651387279671418,False,15.8443346706255,16.93865389503098,False,3.2906415068294734,2.333196620958853,False,False,36.93918662030179,True
157,8.075775623321533,left,left,118.05056503827643,61.94943496172357,122.59981812523407,57.400181874765934,15.699104189941078,77.35834814166414,16.01593903115365,7.6067054185628455,3.2909654890869717,OK,0.9649930000305176,True,63.87674668485129,65.86231054682395,21.29246838221328,63.87674668485129,65.36307234004639,False,65.86231054682395,66.95997149297263,False,21.29246838221328,21.28527740345052,False,16.01593903115365,17.734714387812637,False,3.2909654890869717,1.9536638627116474,False,False,37.026532039563165,True
158,8.131402492523193,left,left,113.61585038458583,66.38414961541417,118.74263663357294,61.25736336642706,16.05775291317301,73.72009025129806,19.654196921519727,4.90462941345818,0.5888894839822854,OK,0.9658840298652649,True,68.3114613385419,69.71949203848507,21.65111710544521,68.3114613385419,67.2703082273714,False,69.71949203848507,68.84206285673511,False,21.65111710544521,21.8066636580704,False,19.654196921519727,18.768317870000732,False,0.5888894839822854,1.4665911587059441,False,False,37.70208923220686,True
159,8.186499834060669,left,left,111.82729011110794,68.17270988889206,116.93837707626405,63.06162292373595,16.762479543761803,72.64993196393272,20.724355208885072,4.523498472850638,0.20775854337475153,OK,0.9660652279853821,True,70.10002161201979,71.52375159579397,22.355843736034004,70.10002161201979,69.12291689466774,False,71.52375159579397,70.72865270854072,False,22.355843736034004,22.411473012579556,False,20.724355208885072,19.98272792705646,False,0.20775854337475153,0.823009271650102,False,False,40.19439562568323,True
160,8.238277912139893,left,left,111.31619021522322,68.68380978477678,116.5495280253704,63.45047197462959,17.26557923458684,71.77152365499808,21.60276351781971,4.270440699732126,-0.04529922974376177,OK,0.9660016298294067,True,70.61112150790451,71.91260064668761,22.858943426859042,70.61112150790451,71.01173341923729,False,71.91260064668761,72.57526570996147,False,22.858943426859042,22.965645987873604,False,21.60276351781971,21.135948649024805,False,-0.04529922974376177,0.266165048124617,False,False,44.79263509108837,True
161,8.28466010093689,left,left,109.21207839310652,70.78792160689348,113.83701995714499,66.16298004285501,18.30562822007403,71.45790221691365,21.916384955904135,4.388472001026157,0.07273207155026284,OK,0.9661299586296082,True,72.7152333300212,74.62510871491303,23.89899241234623,72.7152333300212,73.52637246713024,False,74.62510871491303,74.70519390383296,False,23.89899241234623,23.403842386543793,False,21.916384955904135,21.920196248654037,False,0.07273207155026284,0.30482470118703303,False,False,49.31979963849856,True
162,8.339746475219727,left,left,108.60648241542869,71.39351758457131,113.36675311813039,66.63324688186961,18.469969066411334,71.5922445318224,21.782042640995385,4.822484300935423,0.506744371459547,OK,0.965890109539032,True,73.32082930769904,75.09537555392762,24.063333258683535,73.32082930769904,76.31050680725556,False,75.09537555392762,77.128331327484,False,24.063333258683535,23.83830870072971,False,21.782042640995385,22.3978130361298,False,0.506744371459547,0.6226711443714692,False,False,52.89989076048666,True
163,8.381958723068237,left,left,101.04265514512106,78.95734485487894,108.09299566421542,71.90700433578458,18.248734906523964,69.7988522531519,23.57543491966588,5.097927678770251,0.7821877492943656,OK,0.9662438631057739,True,80.88465657800667,80.36913300784259,23.84209909879616,80.88465657800667,78.89142326560058,False,80.36913300784259,79.51157451720911,False,23.84209909879616,24.332399055390162,False,23.57543491966588,22.489822377988794,False,0.7821877492943656,1.222425425792818,False,False,53.49080682549591,True
164,8.43678879737854,left,left,97.90661841048134,82.09338158951866,104.82268995800888,75.17731004199112,18.93481111469138,70.26184802655389,23.112439146263895,6.11273068877282,1.796990759296932,OK,0.9651477336883545,True,84.02069331264639,83.63943871404913,24.528175306963583,84.02069331264639,81.67004452783532,False,83.63943871404913,81.99971519320538,False,24.528175306963583,24.785664902034107,False,23.112439146263895,22.585223009223967,False,1.796990759296932,1.8707712274400876,False,False,49.88522027921736,True
165,8.486770153045654,left,left,98.41160792349818,81.58839207650182,104.63331207674482,75.36668792325518,19.736031007889117,71.31147694570312,22.062810227114667,7.2692121068388555,2.9534721773629826,OK,0.9649702310562134,True,83.51570379962955,83.8288165953132,25.329395200161315,83.51570379962955,84.42456005710777,False,83.8288165953132,84.42882791461251,False,25.329395200161315,25.153589938035356,False,22.062810227114667,22.659619552595007,False,2.9534721773629826,2.4897025279356,False,False,44.575272243079056,True
166,8.527525186538696,left,left,95.31897208193274,84.68102791806726,101.3963165771637,78.6036834228363,20.571957453293745,70.98089906073778,22.393388112080004,7.6302010092625,3.3144610797866108,OK,0.9658979773521423,True,86.60833964119499,87.06581209489431,26.165321645565946,86.60833964119499,86.2029012706028,False,87.06581209489431,86.37335722753997,False,26.165321645565946,25.638961238499725,False,22.393388112080004,22.325101420747572,False,3.3144610797866108,3.1434038608149764,False,False,40.18687895212592,True
167,8.577113151550293,left,left,94.83390476906646,85.16609523093354,101.22118951109468,78.77881048890532,20.30959424641757,71.2202618149672,22.154025357850585,7.917140803412982,3.6014008739371093,OK,0.9662619829177856,True,87.09340695406127,87.24093916096334,25.902958438689772,87.09340695406127,87.36342059671132,False,87.24093916096334,87.68469698145837,False,25.902958438689772,26.0368728938304,False,22.154025357850585,22.06985560897494,False,3.6014008739371093,3.645740900108393,False,False,37.236160140737525,True
168,8.634004831314087,left,left,92.15094907764596,87.84905092235404,98.37034909957818,81.62965090042182,20.67559140884582,71.47144291238908,21.902844260428708,8.36643434316712,4.050694413691247,OK,0.9655548930168152,True,89.77636264548177,90.09177957247984,26.268955601118016,89.77636264548177,89.49987835187468,False,90.09177957247984,89.78880344775936,False,26.268955601118016,26.289028989198368,False,21.902844260428708,22.067889207225882,False,4.050694413691247,3.9322146860878204,False,False,34.9036031647524,True
169,8.69031834602356,left,left,92.10402177993872,87.89597822006128,98.2659911884168,81.7340088115832,20.92436939134477,71.53807708541706,21.83621008740073,8.624415885239904,4.308675955764016,OK,0.9655393362045288,True,89.82328994318901,90.19613748364121,26.517733583616966,89.82328994318901,91.28904398360766,False,90.19613748364121,91.41035817922018,False,26.517733583616966,26.35679301038772,False,21.83621008740073,21.9921437204574,False,4.308675955764016,4.24333509431778,False,False,33.28352051354841,True
170,8.732006072998047,left,left,87.72931914768131,92.27068085231869,94.11277974523995,85.88722025476005,20.996811484728966,71.32130895444841,22.052978218369375,8.701581036736014,4.38584110726012,OK,0.9643822312355042,True,94.19799257544642,94.34934892681807,26.590175677001163,94.19799257544642,93.08301222250921,False,94.34934892681807,93.0460692978525,False,26.590175677001163,26.485815242832125,False,22.052978218369375,20.46691637318257,False,4.38584110726012,6.0558417943062635,False,False,29.70387976624024,True
171,8.785609006881714,left,left,86.37314392326793,93.62685607673207,93.28854291985955,86.71145708014045,20.91077755924049,71.3596264945802,22.01466067823759,9.1858030504123,4.870063120936408,OK,0.96399986743927,True,95.5541677998598,95.17358575219846,26.50414175151269,95.5541677998598,94.66598629139516,False,95.17358575219846,94.47403060384488,False,26.50414175151269,26.556902978222958,False,22.01466067823759,18.806933673294864,False,4.870063120936408,7.941924992478363,False,False,22.664879829885784,True
172,8.84755825996399,left,left,85.86406357455867,94.13593642544133,93.04263391793312,86.95736608206688,20.95470540863961,78.84639855134134,14.52788862147645,16.9796743033554,12.663934373879528,OK,0.9647790193557739,True,96.06324814856906,95.4194947541249,26.54806960091181,96.06324814856906,96.07827419100322,False,95.4194947541249,95.9383973406691,False,26.54806960091181,26.68289967771535,False,14.52788862147645,16.997653027268086,False,12.663934373879528,9.825123500781377,False,False,13.058040875604457,True
173,8.89200234413147,left,left,84.2360787332162,95.7639212667838,91.23054256961626,88.76945743038374,21.03103008579994,79.77135641182761,13.602930760990176,17.796850334027614,13.481110404551742,OK,0.9654574394226074,True,97.69123298991153,97.23158610244175,26.62439427807214,97.69123298991153,96.27454696281909,False,97.23158610244175,96.23454114248557,False,26.62439427807214,26.78594123248327,False,13.602930760990176,15.636821223071824,False,13.481110404551742,11.189125829744967,False,False,-2.5183867074684256,True
174,8.954072713851929,left,left,85.04258228189846,94.95741771810154,90.9441575042957,89.0558424957043,21.554352888806775,80.58448031555095,12.78980685726684,18.040408426754965,13.724668497279083,OK,0.9663302302360535,True,96.88472944122927,97.51797116776231,27.147717081078973,96.88472944122927,95.81028170268362,False,97.51797116776231,95.77610737884739,False,27.147717081078973,26.654540328739962,False,12.78980685726684,14.514599542654219,False,13.724668497279083,12.17411510992198,False,False,-22.479696834569587,True
175,9.00763988494873,left,left,86.7479552886019,93.2520447113981,92.6320607361576,87.3679392638424,21.512019258568547,78.12546797542973,15.248819197388059,15.52159268155396,11.205852752078073,OK,0.9657055735588074,True,95.17935643452583,95.83006793590042,27.105383450840748,95.17935643452583,95.17892287689068,False,95.83006793590042,95.15052811885631,False,27.105383450840748,26.45310677741022,False,15.248819197388059,14.943948348889643,False,11.205852752078073,11.537553186554936,False,False,-46.792800762721,True
176,9.059655666351318,left,left,88.69447022394529,91.30552977605471,95.58071173805051,84.41928826194949,20.25377304052393,76.97073489666822,16.40355227614957,14.110749451297362,9.79500952182147,OK,0.967465877532959,True,93.23284149918244,92.8814169340075,25.84713723279613,93.23284149918244,91.59577870512064,False,92.8814169340075,91.54700220680806,False,25.84713723279613,26.093473621326137,False,16.40355227614957,15.482967421798401,False,9.79500952182147,10.659282697840297,False,False,-84.62284478209963,True
177,9.106881380081177,left,left,89.02085770352338,90.97914229647662,96.17053021788843,83.82946978211157,19.94753765199093,76.69965452016422,16.67463265265357,13.796864686520188,9.481124757044313,OK,0.968806803226471,True,92.90645401960435,92.29159845416959,25.540901844263132,92.90645401960435,87.93595568175787,False,92.29159845416959,87.56847037545265,False,25.540901844263132,25.441154628088743,False,16.67463265265357,16.186038810045225,False,9.481124757044313,9.622601124348728,False,False,-122.9415603857424,True
178,9.15676999092102,left,left,102.15179959206644,77.84820040793356,109.24817212985755,70.75182787014245,19.232864305379497,77.07626104728382,16.298026125533966,13.405497890454434,9.089757960978545,OK,0.9698050618171692,True,79.77551213106129,79.21395654220046,24.826228497651698,79.77551213106129,80.78950093599619,False,79.21395654220046,80.512476781088,False,24.826228497651698,24.26854778962481,False,16.298026125533966,15.645991687735734,False,9.089757960978545,8.899580256797247,False,False,-151.77506093747823,True
179,9.19620943069458,left,left,103.34169739871226,76.65830260128774,110.83681666107273,69.16318333892727,18.29275792261981,77.06912337431683,16.305163798500956,12.85700055929711,8.541260629821238,OK,0.9707131385803223,True,78.58561432441547,77.62531201098528,23.88612211489201,78.58561432441547,71.8596895965014,False,77.62531201098528,72.15784328088523,False,23.88612211489201,22.79489238587341,False,16.305163798500956,14.01465944693932,False,8.541260629821238,8.482079254550246,False,False,-178.6793308211142,True
180,9.250837564468384,left,left,122.48022901741034,57.51977098258966,127.9120287079808,52.087971292019205,15.64898506624891,80.82570358697718,12.548583585840603,11.906488343796553,7.590748414320672,OK,0.9711794853210449,True,59.447082705717385,60.55009996407722,21.24234925852111,59.447082705717385,62.75259180622443,False,60.55009996407722,63.60583380025658,False,21.24234925852111,21.127657939611947,False,12.548583585840603,12.255917169202988,False,7.590748414320672,8.018498776376788,False,False,-198.9692181603785,True
181,9.301567792892456,left,left,133.34352692141925,46.656473078580746,137.3538792390644,42.64612076093559,12.885496021766892,85.12739610065029,8.2468910721675,12.023244440062332,7.70750451058646,OK,0.9714715480804443,True,48.58378480170847,51.1082494329936,18.47886021403909,48.58378480170847,52.51341834068317,False,51.1082494329936,54.32907151267375,False,18.47886021403909,18.760363431885242,False,8.2468910721675,9.537777347337945,False,7.70750451058646,7.40693291255671,False,False,-196.40609913686197,True
182,9.351545810699463,left,left,134.55634665490822,45.443653345091775,138.93057762103166,41.06942237896834,11.611365420683626,85.49336590884587,7.8809212639719135,11.478962295652916,7.163222366177024,OK,0.9717437028884888,True,47.3709650682195,49.531551051026355,17.204729612955823,47.3709650682195,41.82239750829667,False,49.531551051026355,44.4258692105815,False,17.204729612955823,16.182747421154875,False,7.8809212639719135,6.680110072619374,False,7.163222366177024,6.899165646250651,False,False,-189.00606454748547,True
183,9.395332098007202,left,left,153.34766691977268,26.652333080227322,155.63198356777175,24.368016432228245,7.3963917667459596,90.66696015660904,2.707327016208751,10.347668571354035,6.031928641878153,OK,0.9713208675384521,True,28.579644803355045,32.83014510428626,12.989755959018158,28.579644803355045,32.701842934222874,False,32.83014510428626,35.86842506931178,False,12.989755959018158,13.607166817568068,False,2.707327016208751,3.865558691702256,False,6.031928641878153,6.575025990776891,False,False,-180.57830724372576,True
184,9.44843864440918,left,left,156.79680156064478,23.20319843935522,160.35282817153393,19.64717182846607,5.404677868967996,91.35745974790969,2.016827424908101,10.318164227766838,6.002424298290947,OK,0.969567060470581,True,25.130510162482942,28.109300500524085,10.998042061240195,25.130510162482942,25.331705397882406,False,28.109300500524085,28.515187922725698,False,10.998042061240195,11.223085723248795,False,2.016827424908101,1.6800287456609937,False,6.002424298290947,6.359574452744494,False,False,-157.3393206986579,True
185,9.492521047592163,left,left,168.08300188777932,11.916998112220682,170.69924941432942,9.300750585670585,2.7710820483148795,94.89846049156277,-1.5241733187449853,10.285790066427742,5.970050136951869,OK,0.9690161943435669,True,13.844309835348406,17.7628792577286,8.364446240587078,13.844309835348406,17.14831900857733,False,17.7628792577286,20.54114559873405,False,8.364446240587078,8.799938022134189,False,-1.5241733187449853,-0.575373759704533,False,5.970050136951869,5.982485191682008,False,False,-128.1144381275895,True
186,9.545434951782227,left,left,170.1942146031216,9.805785396878406,174.12006497199482,5.879935028005178,0.9650905501705155,96.0550458308566,-2.680758658038812,10.945986749900346,6.630246820424475,OK,0.9657739400863647,True,11.73309712000613,14.342063700063193,6.558454742442715,11.73309712000613,12.31491887881288,False,14.342063700063193,15.17600862360464,False,6.558454742442715,6.892024436289262,False,-2.680758658038812,-1.7119944739256425,False,6.630246820424475,5.742929165423152,False,False,-99.48160882205876,True
187,9.591228485107422,left,left,175.47327860143358,4.526721398566423,178.8007892409899,1.1992107590101,-0.5043730848893975,96.7703784356735,-3.3960912628557196,9.593515990340464,5.277776060864596,OK,0.9610652327537537,True,6.454033121694147,9.661339431068114,5.088991107382801,6.454033121694147,8.099407850701596,False,9.661339431068114,10.66211717166056,False,5.088991107382801,5.349063604535331,False,-3.3960912628557196,-2.773793627587898,False,5.277776060864596,5.5601479111642735,False,False,-70.50692049456644,True
188,9.636998176574707,left,left,177.51466756859494,2.4853324314050553,177.5423315565812,-2.457668443418811,-2.14317616247868,96.35006372771458,-2.9757765548967967,9.149888440059762,4.834148510583873,OK,0.9555308222770691,True,4.41264415453278,6.0044602286392035,3.4501880297935195,4.41264415453278,6.380700449747293,False,6.0044602286392035,8.124259046595506,False,3.4501880297935195,4.19148235497703,False,-2.9757765548967967,-2.682861192453396,False,4.834148510583873,5.130784950582222,False,False,-41.94147608049741,True
189,9.681636810302734,left,left,177.8743567012012,2.125643298798792,177.07771456874568,-2.9222854312543234,-2.3101262898016572,96.66645551622096,-3.2921683434031763,9.404257956472446,5.088518026996553,OK,0.950583279132843,True,4.0529550219265165,5.539843240803691,3.283237902470542,4.0529550219265165,5.042460733314425,False,5.539843240803691,6.188021068194166,False,3.283237902470542,3.3825846339615695,False,-3.2921683434031763,-2.1640064560098295,False,5.088518026996553,4.401030755091665,False,False,-22.99128617128128,True
190,9.740713357925415,left,left,176.67653889255084,3.3234611074491625,176.61145996034531,-3.3885400396546856,-3.016824199476627,94.44379831589026,-1.069511143072475,8.138975263517503,3.8232353340416125,OK,0.9461792707443237,True,5.250772830576887,5.073588632403329,2.5765399927955723,5.250772830576887,4.708243681147395,False,5.073588632403329,5.231739261511689,False,2.5765399927955723,2.920406775545535,False,-1.069511143072475,-1.3876296283952514,False,3.8232353340416125,3.7845408235764864,False,False,-9.915137116551701,True
191,9.778994083404541,left,left,176.88541318528593,3.114586814714073,176.19874513599848,-3.801254864001521,-3.079398054906789,93.46077214863877,-0.08648497582098003,7.297215772447576,2.9814758429716903,OK,0.9399151802062988,True,5.0418985378417975,4.660873808056493,2.51396613736541,5.0418985378417975,4.851289146083673,False,4.660873808056493,5.07963755365015,False,2.51396613736541,2.8176635010267703,False,-0.08648497582098003,-0.4069658925736803,False,2.9814758429716903,2.9962809860339745,False,False,-3.5574632608774097,True
192,9.825079917907715,left,left,177.14436386226873,2.855636137731267,176.4178017255977,-3.5821982744022876,-2.815262376969567,92.88849429760062,0.4857928752171716,6.511066332764587,2.1953264032887034,OK,0.9314388632774353,True,4.782947860858991,4.879930397655727,2.7781018153026324,4.782947860858991,4.95127723988876,False,4.879930397655727,4.935802237500928,False,2.7781018153026324,2.7374067928592867,False,0.4857928752171716,0.8248140945765499,False,2.1953264032887034,1.9280677006705673,False,False,0.1702786410787212,True
193,9.88906717300415,left,left,176.79944024391355,3.2005597560864487,176.7818230172735,-3.2181769827265043,-2.656892535072505,91.44674504860673,1.9275421242110582,5.208589252347196,0.8928493228713137,OK,0.9222083687782288,True,5.127871479214173,5.24395168933151,2.9364716571996943,5.127871479214173,4.847910535473221,False,5.24395168933151,4.887668604860312,False,2.9364716571996943,2.779434066226761,False,1.9275421242110582,1.7608352251261863,False,0.8928493228713137,0.9788407717134817,False,False,0.31153938453664837,True
194,9.9208664894104,left,left,177.37441623217578,2.6255837678242244,176.35853798799957,-3.6414620120004315,-2.7114098306390755,90.50755558046981,2.866731592347975,4.0631915296554,-0.2525483998204834,OK,0.9168412685394287,True,4.552895490951949,4.820666660057583,2.881954361633124,4.552895490951949,4.781586800409105,False,4.820666660057583,4.927650249600049,False,2.881954361633124,2.8324879278893134,False,2.866731592347975,2.5441625049235626,False,-0.2525483998204834,0.14226197377480504,False,False,0.8012483979199047,True
195,9.975187063217163,left,left,177.19337241462853,2.806627585371473,176.37079179714223,-3.629208202857768,-2.806687832639254,89.76369266314208,3.610594509675707,3.3928406187320763,-0.9228993107438157,OK,0.9106200933456421,True,4.733939308499197,4.832920469200246,2.786676359632945,4.733939308499197,4.84675610001816,False,4.832920469200246,4.996042512788501,False,2.786676359632945,2.8428966280034857,False,3.610594509675707,3.2996341900232666,False,-0.9228993107438157,-0.6060239747901164,False,False,2.9193178551384746,True
196,10.02025318145752,left,left,177.2170318606065,2.782968139393489,176.39865335969716,-3.601346640302836,-2.8141287465940277,89.54413574965189,3.8301514231659013,3.1143217827541996,-1.201418146721693,OK,0.9055443406105042,True,4.7102798625212134,4.860782031755178,2.7792354456781716,4.7102798625212134,4.863684281606823,False,4.860782031755178,5.016144144724313,False,2.7792354456781716,2.8207116327471216,False,3.8301514231659013,3.9436515940928842,False,-1.201418146721693,-1.2753998244632556,False,False,6.800331752868315,True
197,10.058170557022095,left,left,176.81851736422345,3.181482635776547,176.75976304153997,-3.240236958460031,-2.7632188763987067,89.1111358721021,4.263151300715691,2.769636589939982,-1.5461033395359038,OK,0.9023094177246094,True,5.108794358904271,5.221891713597984,2.8301453158734926,5.108794358904271,5.2339103175328265,False,5.221891713597984,5.38768950240169,False,2.8301453158734926,2.8982509695262646,False,4.263151300715691,4.522559664749215,False,-1.5461033395359038,-1.778087880091806,False,False,12.548088963812909,True
198,10.099761962890625,left,left,176.71479933597024,3.285200664029759,176.88233117695256,-3.1176688230474383,-2.7678175113543246,88.22665802825864,5.147629144559147,1.8617100039815009,-2.454029925494382,OK,0.8992388248443604,True,5.212512387157483,5.344459849010576,2.8255466809178746,5.212512387157483,5.763084445431241,False,5.344459849010576,5.993657927433242,False,2.8255466809178746,3.076815687013849,False,5.147629144559147,4.96797298866322,False,-2.454029925494382,-2.121730783651361,False,False,22.450136392980653,True
199,10.152899265289307,left,left,175.52328605254576,4.476713947454243,178.21626477638645,-1.7837352236135473,-2.3237131467433607,87.61301522718816,5.76127194562963,1.5497512515126324,-2.765988677963236,OK,0.8934095501899719,True,6.404025670581968,6.678393448444467,3.2696510455288386,6.404025670581968,7.014313185472974,False,6.678393448444467,7.180370869511466,False,3.2696510455288386,3.389506876853504,False,5.76127194562963,5.569944252757173,False,-2.765988677963236,-2.3464950599421512,False,False,34.779222137046574,True
200,10.20021939277649,left,left,174.54750177513645,5.452498224863547,179.4006339223,-0.5993660777000116,-1.9138642452013297,87.53662604357206,5.837661129245731,1.6746261009342858,-2.6411138285415916,OK,0.8884457945823669,True,7.379809947991271,7.862762594358003,3.6794999470708696,7.379809947991271,8.514952738033168,False,7.862762594358003,8.592624456903263,False,3.6794999470708696,3.7645674766226116,False,5.837661129245731,6.171629566477458,False,-2.6411138285415916,-2.484733808724934,False,False,49.95861761952945,True
201,10.241740465164185,left,left,170.96088816039784,9.039111839602157,177.6677819299117,2.332218070088288,-1.250672797395753,86.53427942918212,6.840007743635667,1.9905004013002396,-2.3252395281756435,OK,0.8866510987281799,True,10.966423562729881,10.794346742146303,4.3426913948764465,10.966423562729881,11.277501470551835,False,10.794346742146303,11.611971689327504,False,4.3426913948764465,4.712660310513413,False,6.840007743635667,6.781553246859852,False,-2.3252395281756435,-2.4033631551220993,False,False,64.52472808115684,True
202,10.292088985443115,left,left,169.3153196014225,10.684680398577513,176.17896902150105,3.8210309784989533,-0.8879158775531709,86.10270930350067,7.271577869317113,2.078442846026069,-2.2372970834498176,OK,0.8849769830703735,True,12.611992121705237,12.283159650556968,4.705448314719028,12.611992121705237,14.692652258985031,False,12.283159650556968,15.190973664386387,False,4.705448314719028,5.740171078834843,False,7.271577869317113,7.328961970790042,False,-2.2372970834498176,-2.0871122973565606,False,False,74.6626088612435,True
203,10.327934503555298,left,left,162.9020556733769,17.097944326623093,168.02093266092623,11.979067339073765,1.9726466580996833,85.17703962634667,8.197247546471118,2.268563271995662,-2.0471766574802075,OK,0.8850411772727966,True,19.025256049750816,20.44119601113178,7.566010850371883,19.025256049750816,18.304858467251112,False,20.44119601113178,18.837898285434857,False,7.566010850371883,6.7424436825164875,False,8.197247546471118,7.610782172328925,False,-2.0471766574802075,-1.4013783079961855,False,False,81.04730139958808,True
204,10.377182006835938,left,left,158.44753211037977,21.55246788962023,163.88872534831913,16.111274651680873,2.8138406948637886,84.87597160753721,8.498315565280578,3.13100554034033,-1.1847343891355422,OK,0.8849681615829468,True,23.479779612747954,24.573403323738887,8.407204887135988,23.479779612747954,22.044111332335223,False,24.573403323738887,22.61185979762508,False,8.407204887135988,7.747190396653499,False,8.498315565280578,7.572988129106162,False,-1.1847343891355422,-0.3935461977425234,False,False,80.92506443238247,True
205,10.422580003738403,left,left,156.48647073380604,23.513529266193956,162.36474297245766,17.635257027542337,3.0974987732068904,86.12752503587764,7.2467621369401485,5.10329604773616,0.7875561182602837,OK,0.8863887190818787,True,25.44084098932168,26.097385699600352,8.69086296547909,25.44084098932168,25.720352797236764,False,26.097385699600352,26.301998675375096,False,8.69086296547909,8.731048966355235,False,7.2467621369401485,7.444074373252707,False,0.7875561182602837,0.7053287149641904,False,False,72.70599442255444,True
206,10.45799994468689,left,left,152.2646238349773,27.7353761650227,158.7979743689606,21.20202563103939,3.773060773289313,86.72324964529594,6.651037527521851,7.029660952568543,2.7139210230926665,OK,0.8903597593307495,True,29.662687888150423,29.664154303097405,9.366424965561512,29.662687888150423,28.664568780594948,False,29.664154303097405,28.879866127422012,False,9.366424965561512,9.298008285885793,False,6.651037527521851,7.246718335883301,False,2.7139210230926665,1.8359926031754241,False,False,62.14853462529859,True
207,10.501388788223267,left,left,150.9341122769148,29.06588772308521,157.72827463275095,22.271725367249047,4.03137697095551,86.74727808276795,6.627009090049839,7.572817409559646,3.257077480083751,OK,0.8955318331718445,True,30.993199446212934,30.73385403930706,9.624741163227709,30.993199446212934,30.66721432922851,False,30.73385403930706,30.677735801922,False,9.624741163227709,9.75217795214018,False,6.627009090049839,7.113060695779618,False,3.257077480083751,2.6285957836670777,False,False,53.76555674476962,True
208,10.543046474456787,left,left,148.18097575658598,31.81902424341402,155.13159540069165,24.86840459930835,4.8074432557524664,86.1638198131937,7.21046735962409,7.921882713051831,3.6061427835759616,OK,0.9015452861785889,True,33.74633596654174,33.33053327136636,10.400807448024665,33.74633596654174,32.57534730383348,False,33.33053327136636,32.55363495112856,False,10.400807448024665,10.292426761589438,False,7.21046735962409,7.443271334850252,False,3.6061427835759616,2.870867779444114,False,False,48.1217294337858,True
209,10.59015679359436,left,left,148.43430436721195,31.56569563278805,154.8993769758192,25.100623024180805,5.084689026135726,85.54425980805563,7.830027364762159,7.094021442798609,2.7782815133227245,OK,0.9067069292068481,True,33.49300735591577,33.56275169623882,10.678053218407925,33.49300735591577,33.90140018523998,False,33.56275169623882,33.9561892979596,False,10.678053218407925,10.765894894897851,False,7.830027364762159,7.553547627110239,False,2.7782815133227245,3.157558155068011,False,False,47.79115136354083,True
210,10.640758275985718,left,left,146.9458058607812,33.054194139218794,152.9852472264249,27.01475277357511,5.79874282045318,84.47647184052447,8.89781533229332,6.314656026621347,1.998916097145468,OK,0.9109203219413757,True,34.981505862346516,35.476881445633126,11.39210701272538,34.981505862346516,36.21707606591,False,35.476881445633126,36.38042058766156,False,11.39210701272538,11.413076603539706,False,8.89781533229332,7.385433414252816,False,1.998916097145468,3.864298667535337,False,False,52.451123446130715,True
211,10.68452787399292,left,left,145.6343594279448,34.36564057205521,151.78520263480542,28.214797365194585,6.140401439831386,86.171868183996,7.20241898882179,8.46311283068802,4.147372901212151,OK,0.9154521226882935,True,36.292952295182936,36.6769260372526,11.733765632103585,36.292952295182936,38.88953853535351,False,36.6769260372526,38.90448725171684,False,11.733765632103585,11.942906551958945,False,7.20241898882179,7.488582125708393,False,4.147372901212151,4.439375709887225,False,False,59.26098117237366,True
212,10.726629734039307,left,left,139.35573287356468,40.644267126435324,145.6071181842411,34.3928818157589,7.267285514164774,87.58784914705507,5.78643802576272,11.106519971896274,6.79078004242038,OK,0.919940710067749,True,42.571578849563046,42.85501048781691,12.860649706436973,42.571578849563046,41.77389122022397,False,42.85501048781691,41.53581555234172,False,12.860649706436973,12.525055181324916,False,5.78643802576272,7.498955954714984,False,6.79078004242038,5.264174894492186,False,False,64.33640763479104,True
213,10.772348880767822,left,left,134.81866340936847,45.18133659063153,142.5112620804153,37.48873791958471,7.456592997848658,85.64807625591581,7.726210916901977,10.797267924811289,6.481527995335398,OK,0.9246450066566467,True,47.108648313759254,45.95086659164272,13.049957190120857,47.108648313759254,44.97928212840149,False,45.95086659164272,44.28286093652188,False,13.049957190120857,13.065643499355446,False,7.726210916901977,7.816226665339789,False,6.481527995335398,5.945838025895267,False,False,61.71582283302995,True
214,10.813549518585205,left,left,134.0125409428596,45.9874590571404,141.7427354726948,38.25726452730521,7.995432172965583,85.49239066302268,7.881896509795112,11.218017365823417,6.902277436347532,OK,0.9297162890434265,True,47.91477078026812,46.719393199363225,13.588796365237783,47.91477078026812,47.98204830862149,False,46.719393199363225,46.896009696041105,False,13.588796365237783,13.640808802894336,False,7.881896509795112,8.942540266082824,False,6.902277436347532,5.784307149391895,False,False,54.868263038538224,True
215,10.857204675674438,left,left,130.9188513198936,49.081148680106395,139.2500203055241,40.74997969447591,8.50168441060583,82.89011828740044,10.484168885417347,9.72297168363676,5.407231754160875,OK,0.9342124462127686,True,51.00846040323412,49.212108366533926,14.095048602878029,51.00846040323412,50.18693790457881,False,49.212108366533926,48.836117192722625,False,14.095048602878029,14.137963967726666,False,10.484168885417347,10.884275642880471,False,5.407231754160875,4.60450903670237,False,False,45.77099533062125,True
216,10.89911937713623,left,left,130.62052852684477,49.379471473155235,138.7194588372093,41.28054116279071,9.016227957525837,80.54030018028082,12.833986992536964,7.655458448171185,3.3397185186952925,OK,0.9383347034454346,True,51.30678319628296,49.742669834848726,14.609592149798036,51.30678319628296,51.511421204015434,False,49.742669834848726,50.207282350584606,False,14.609592149798036,14.64883096919275,False,12.833986992536964,12.532434158962733,False,3.3397185186952925,3.420535663660843,False,False,37.13888802619228,True
217,10.950366735458374,left,left,128.3312848937781,51.668715106221896,135.90658070083347,44.09341929916653,9.753061338326418,77.87917226306683,15.495114909750953,5.207529408448628,0.8917894789727541,OK,0.9420942068099976,True,53.59602682934962,52.55554797122454,15.346425530598617,53.59602682934962,53.01898809012026,False,52.55554797122454,51.721499396528564,False,15.346425530598617,15.10790247502573,False,15.495114909750953,14.3239294434344,False,0.8917894789727541,2.081461725183021,False,False,31.655981112597818,True
218,11.000967741012573,left,left,128.19624691218533,51.80375308781467,135.6554362911054,44.34456370889461,10.010928005179077,77.4072836755045,15.967003497313286,4.877401059603641,0.5616611301277601,OK,0.94565349817276,True,53.73106481094239,52.806692380952626,15.604292197451276,53.73106481094239,53.94165976867919,False,52.806692380952626,52.815436654788755,False,15.604292197451276,15.507011124352932,False,15.967003497313286,15.75375480345544,False,0.5616611301277601,0.8794794347879247,False,False,31.075160229007235,True
219,11.03941035270691,left,left,126.4747065123355,53.5252934876645,134.171650242975,45.828349757024995,10.290789702130487,76.53491424066434,16.839372932153452,4.522647673434305,0.20690774395842482,OK,0.9492811560630798,True,55.45260521079222,54.29047842908301,15.884153894402687,55.45260521079222,55.330834219252075,False,54.29047842908301,54.348414131482244,False,15.884153894402687,15.921736982451943,False,16.839372932153452,16.85158179625341,False,0.20690774395842482,0.05257527396835826,False,False,32.64303723825226,True
220,11.086852073669434,left,left,126.30549292709894,53.69450707290106,133.78033401422311,46.219665985776885,10.497227657241844,75.74099148729525,17.63329568552254,3.71306023166126,-0.6026796978146081,OK,0.9525969624519348,True,55.62181879602878,54.6817946578349,16.09059184951404,55.62181879602878,56.88272246078575,False,54.6817946578349,56.06361764706511,False,16.09059184951404,16.387388058068655,False,17.63329568552254,17.22398722923691,False,-0.6026796978146081,-0.017494357447634456,False,False,34.904285430939396,True
221,11.124516010284424,left,left,123.67465627398039,56.32534372601961,131.0545714537419,48.945428546258114,11.089857248020904,75.05116521629097,18.32312195652682,3.520937644073352,-0.7948022854025396,OK,0.9558086395263672,True,58.25265544914733,57.40755721831613,16.683221440293103,58.25265544914733,58.46917034121274,False,57.40755721831613,57.96006147866452,False,16.683221440293103,16.98350276907687,False,18.32312195652682,17.211203805954277,False,-0.7948022854025396,0.2814078256708001,False,False,36.32468317317309,True
222,11.173119306564331,left,left,120.57184368610973,59.42815631389027,127.33056312291913,52.66943687708087,12.08131671640997,76.01714509814933,17.35714207466846,4.857181251368684,0.5414413218927905,OK,0.9588127136230469,True,61.35546803701799,61.131565549138884,17.67468090868217,61.35546803701799,60.1085098256698,False,61.131565549138884,60.08190108535015,False,17.67468090868217,17.74165129420873,False,17.35714207466846,17.11964350620235,False,0.5414413218927905,0.6486165283260164,False,False,34.77943339137007,True
223,11.217817544937134,left,left,120.26400751005036,59.73599248994964,126.17321713310834,53.82678286689166,12.991501560220165,77.47120079191767,15.90308638090012,6.371911975195814,2.056172045719933,OK,0.9618987441062927,True,61.66330421307736,62.28891153894968,18.584865752492362,61.66330421307736,61.73348573969304,False,62.28891153894968,62.22893096720784,False,18.584865752492362,18.58713098926876,False,15.90308638090012,16.921297758858582,False,2.056172045719933,1.170388002895362,False,False,30.964377581108533,True
224,11.257068157196045,left,left,118.27800909005019,61.72199090994981,123.56245220954685,56.43754779045315,14.081532327789768,76.99271573942397,16.381571433393816,6.35869118671039,2.042951257234506,OK,0.9646109938621521,True,63.64930263307753,64.89967646251117,19.674896520061967,63.64930263307753,63.098134668211664,False,64.89967646251117,64.23069871098618,False,19.674896520061967,19.461778205217207,False,16.381571433393816,16.478008451529043,False,2.042951257234506,1.851205710913638,False,False,28.288935060338737,True
225,11.298903942108154,left,left,118.18061335698275,61.81938664301725,123.04518460493468,56.954815395065324,14.724626132542005,76.73272022401409,16.6415669488037,6.321917604508007,2.00617767503212,OK,0.966680645942688,True,63.746698366144976,65.41694406712334,20.317990324814204,63.746698366144976,63.870710695617106,False,65.41694406712334,65.5036172508613,False,20.317990324814204,20.161041303495885,False,16.6415669488037,16.577106087637063,False,2.00617767503212,1.9510286606146168,False,False,28.077077129823078,True
226,11.352521657943726,left,left,116.85141163138726,63.148588368612735,121.04573273485019,58.95426726514981,15.463093327763143,77.26761175293866,16.106675419879124,6.925026184164712,2.60928625468884,OK,0.9683159589767456,True,65.07590009174046,67.41639593720782,21.056457520035345,65.07590009174046,64.91159349351572,False,67.41639593720782,66.81153831926724,False,21.056457520035345,20.740194824294043,False,16.106675419879124,17.110571695814123,False,2.60928625468884,1.7296783027283993,False,False,29.351595308742596,True
227,11.412449836730957,left,left,116.70896354908253,63.291036450917474,120.96597042354352,59.034029576456476,15.577632207803338,75.52165691760923,17.852630255208553,5.356295999873578,1.0405560703976846,OK,0.9686070084571838,True,65.2183481740452,67.49615824851449,21.170996400075538,65.2183481740452,66.7941654066746,False,67.49615824851449,68.63293559428179,False,21.170996400075538,21.2028985639381,False,17.852630255208553,17.81164715742648,False,1.0405560703976846,1.5524812189044155,False,False,33.52861918704152,True
228,11.471764087677002,left,left,115.05959352055723,64.94040647944277,119.63361179107862,60.36638820892138,15.88726916421095,74.80387275103237,18.570414421785415,5.26516018576473,0.9494202562888461,OK,0.9685879349708557,True,66.8677182025705,68.8285168809794,21.48063335648315,66.8677182025705,68.96708159862203,False,68.8285168809794,70.63869417635279,False,21.48063335648315,21.65473928753234,False,18.570414421785415,18.674743814363392,False,0.9494202562888461,1.3083828954381773,False,False,40.11526426645703,True
229,11.519661664962769,left,left,108.86514952425587,71.13485047574413,114.4554658344741,65.5445341655259,16.39505102601007,73.48733843136218,19.886948741455612,5.472705767590478,1.156965838114587,OK,0.9680607318878174,True,73.06216219887186,74.00666283758392,21.98841521828227,73.06216219887186,71.17612010784657,False,74.00666283758392,72.73893912432156,False,21.98841521828227,22.17827794190199,False,19.886948741455612,19.663726745492742,False,1.156965838114587,0.9517321799342426,False,False,46.34486561552713,True
230,11.564772129058838,left,left,107.3160323972456,72.6839676027544,113.01639169457972,66.98360830542028,16.983829750513188,72.41723693932953,20.95705023348826,5.101425987176817,0.7856860577009286,OK,0.9685242772102356,True,74.61127932588212,75.44573697747829,22.577193942785385,74.61127932588212,73.40046230035605,False,75.44573697747829,75.03792573915663,False,22.577193942785385,22.86641337915941,False,20.95705023348826,20.339859893641258,False,0.7856860577009286,0.8890900467175697,False,False,52.626863116859866,True
231,11.619494438171387,left,left,105.80621908526456,74.19378091473544,110.54450799500626,69.45549200499374,18.080786599611415,72.32269709729192,21.051590075525866,5.141772606645046,0.8260326771691666,OK,0.9683863520622253,True,76.12109263786317,77.91762067705176,23.674150791883612,76.12109263786317,76.40224092901819,False,77.91762067705176,78.13595885047485,False,23.674150791883612,23.576978018553888,False,21.051590075525866,20.648878300711395,False,0.8260326771691666,1.194381796385835,False,False,57.11126007572136,True
232,11.670047283172607,left,left,105.58725258653516,74.41274741346484,109.47103734936826,70.52896265063174,19.01830939409045,72.14099117686665,21.23329599595114,5.043085333790212,0.7273454043143204,OK,0.9688831567764282,True,76.34005913659257,78.99109132268975,24.61167358636265,76.34005913659257,79.30885342127428,False,78.99109132268975,81.30352332129992,False,24.61167358636265,24.338656918124933,False,21.23329599595114,20.838535678472894,False,0.7273454043143204,1.5054513396263929,False,False,61.81556672137738,True
233,11.706884860992432,left,left,100.05070037724647,79.94929962275353,104.14344623448754,75.85655376551246,19.440092361183318,73.2587807156817,20.115506457136092,6.791618934106062,2.4758790046301726,OK,0.9681627750396729,True,81.87661134588126,84.31868243757047,25.033456553455515,81.87661134588126,81.93319956848202,False,84.31868243757047,84.17567938784642,False,25.033456553455515,25.04384825708008,False,20.115506457136092,20.77304499536001,False,2.4758790046301726,2.028323442355668,False,False,65.34970769861783,True
234,11.761725187301636,left,left,94.3320870629755,85.6679129370245,98.61764348034875,81.38235651965125,20.203445523865327,72.53905154255467,20.835235630263114,7.028053483793246,2.712313554317376,OK,0.9687068462371826,True,87.59522466015223,89.84448519170927,25.796809716137524,87.59522466015223,84.89331545438206,False,89.84448519170927,87.19697231125889,False,25.796809716137524,25.556544732716247,False,20.835235630263114,20.732402214342752,False,2.712313554317376,2.5204856614966387,False,False,61.858618434156185,True
235,11.801751375198364,left,left,94.19430166120686,85.80569833879314,98.6556113618472,81.3443886381528,20.50978644528891,72.74469035489395,20.62959681792384,7.715786500823197,3.4000465713473034,OK,0.9678926467895508,True,87.73301006192087,89.80651731021081,26.103150637561107,87.73301006192087,88.25212720968325,False,89.80651731021081,90.31721305724898,False,26.103150637561107,25.874063598827966,False,20.62959681792384,20.64495917816115,False,3.4000465713473034,3.164018573101072,False,False,55.472879364535764,True
236,11.847862958908081,left,left,91.0056396557644,88.9943603442356,95.43804337794386,84.56195662205614,20.644268977792247,72.52591100237821,20.84837617043958,7.602583702349914,3.286843772874022,OK,0.9688291549682617,True,90.92167206736333,93.02408529411416,26.23763317006445,90.92167206736333,90.68966757093992,False,93.02408529411416,92.5414946671447,False,26.23763317006445,26.15399553405134,False,20.84837617043958,20.873219408538837,False,3.286843772874022,3.4289490293077165,False,False,49.43521754862472,True
237,11.910584211349487,left,left,88.7931938100292,91.2068061899708,93.86983361941785,86.13016638058215,20.60590372464905,72.57820635777466,20.796080815043126,8.260749891812372,3.945009962336485,OK,0.9672427177429199,True,93.13411791309854,94.59229505264017,26.19926791692125,93.13411791309854,91.91951726235202,False,94.59229505264017,93.65599466602323,False,26.19926791692125,26.333697419915516,False,20.796080815043126,20.933282072431275,False,3.945009962336485,3.663937943813005,False,False,39.816683527984516,True
238,11.951857328414917,left,left,87.86299857096303,92.13700142903697,93.02203818500888,86.97796181499112,20.839752037300173,72.11747956379327,21.25680760902452,8.116271215139282,3.8005312856633964,OK,0.9654868245124817,True,94.0643131521647,95.44009048704913,26.43311622957237,94.0643131521647,93.68073360998841,False,95.44009048704913,95.36511038745695,False,26.43311622957237,26.51347670117791,False,21.25680760902452,21.030398357544595,False,3.8005312856633964,3.7987015661647603,False,False,28.75281800128123,True
239,11.991373062133789,left,left,88.18283860591505,91.81716139408495,93.04514348595607,86.95485651404393,21.101954953186194,72.23873822309248,21.135548949725305,8.202998056319702,3.887258126843818,OK,0.9644719362258911,True,93.74447311721268,95.41698518610194,26.69531914545839,93.74447311721268,94.70512361968714,False,95.41698518610194,96.4375176420991,False,26.69531914545839,26.73131442507715,False,21.135548949725305,21.05444434820341,False,3.887258126843818,3.9444760544617794,False,False,22.23592209835183,True
240,12.032069444656372,left,left,85.38821992302495,94.61178007697505,90.11003275467868,89.88996724532132,21.4086828516009,72.25910892932734,21.115178243490448,8.389604612581971,4.0738646831060805,OK,0.964688777923584,True,96.53909180010278,98.35209591737933,27.002047043873098,96.53909180010278,95.5343886106683,False,98.35209591737933,97.58136691098153,False,27.002047043873098,27.069261539874265,False,21.115178243490448,21.0004765295324,False,4.0738646831060805,4.021806710028608,False,False,13.822124397104016,True
241,12.088042259216309,left,left,85.88368960727072,94.11631039272928,90.07600710473314,89.92399289526686,21.733457597288464,72.40568104908414,20.96860612373365,8.33145614383501,4.0157162143591165,OK,0.9653328061103821,True,96.043622115857,98.38612156732488,27.32682178956066,96.043622115857,95.84918570932956,False,98.38612156732488,98.27131156952633,False,27.32682178956066,27.365548560665594,False,20.96860612373365,20.863301642209194,False,4.0157162143591165,4.0801210582595955,False,False,-1.8148317613233758,True
242,12.131161451339722,left,left,84.64686885512339,95.35313114487661,88.15058727500563,91.84941272499437,22.295639298634587,72.8480454511297,20.52624172168808,8.647403169646518,4.331663240170627,OK,0.9655818343162537,True,97.28044286800434,100.31154139705238,27.889003490906788,97.28044286800434,96.13473993788253,False,100.31154139705238,98.8664827378141,False,27.889003490906788,27.582148806185007,False,20.52624172168808,20.796041586200385,False,4.331663240170627,4.054364420053031,False,False,-23.39863069072958,True
243,12.176191091537476,left,left,86.28901307765676,93.71098692234324,89.57231489228484,90.42768510771516,22.321187141256836,72.8033540004093,20.570933172408488,8.407842956294218,4.092103026818336,OK,0.9640493392944336,True,95.63829864547097,98.88981377977318,27.914551333529033,95.63829864547097,95.03622209870134,False,98.88981377977318,97.9772087741842,False,27.914551333529033,27.64290495558735,False,20.570933172408488,20.783590765424943,False,4.092103026818336,3.9183275146795267,False,False,-43.21714130814489,True
244,12.230084896087646,left,left,86.75506746315016,93.24493253684984,90.06928764451727,89.93071235548273,22.184956180783242,72.57503850313653,20.799248669681262,8.074214865286871,3.7584749358109946,OK,0.9623069167137146,True,95.17224425997757,98.39284102754074,27.778320373055443,95.17224425997757,91.39217122693404,False,98.39284102754074,94.31265965980961,False,27.778320373055443,27.28843264660548,False,20.799248669681262,20.52056541463247,False,3.7584749358109946,3.847378799097419,False,False,-70.23116336837813,True
245,12.27077054977417,left,left,90.88080911893094,89.11919088106906,94.55640257282819,85.44359742717181,21.712463598612626,72.32136303320455,21.05292413961324,7.709420085714432,3.3936801562385597,OK,0.9632478952407837,True,91.04650260419679,93.90572609922982,27.305827790884827,91.04650260419679,87.41935611269933,False,93.90572609922982,90.16921278270209,False,27.305827790884827,26.778258865689793,False,21.05292413961324,20.179711694474204,False,3.3936801562385597,3.8486905012128205,False,False,-106.99050150949927,True
246,12.322447299957275,left,left,104.10394396610724,75.89605603389276,108.39875267660611,71.60124732339389,19.9610960523791,73.72080780304651,19.653479369771276,7.976712565924462,3.6609726364485766,OK,0.9648632407188416,True,77.82336775702049,80.0633759954519,25.554460244651303,77.82336775702049,83.86555249026418,False,80.0633759954519,86.34539111217428,False,25.554460244651303,26.198943536545073,False,19.653479369771276,19.78547532238125,False,3.6609726364485766,3.9336295922536975,False,False,-133.32886753615267,True
247,12.366575241088867,left,left,104.51094442629685,75.48905557370315,108.8678216605432,71.1321783394568,19.744770394056165,74.55231405192103,18.821973120896757,8.653961680223528,4.3382217507476355,OK,0.9662126302719116,True,77.41636729683088,79.59430701151481,25.338134586328366,77.41636729683088,75.91311227461576,False,79.59430701151481,78.9158334547144,False,25.338134586328366,25.18122308065361,False,18.821973120896757,18.113280236632907,False,4.3382217507476355,4.065221663922029,False,False,-157.0232166428341,True
248,12.415067911148071,left,left,104.05803118983255,75.94196881016745,108.69142324492387,71.30857675507613,19.42461049553322,74.77453586087408,18.599751311943706,8.832538411498607,4.516798482022722,OK,0.9673097729682922,True,77.86928053329518,79.77070542713415,25.01797468780542,77.86928053329518,65.93908979353982,False,79.77070542713415,69.85835757390102,False,25.01797468780542,23.44040231725888,False,18.599751311943706,14.881072168775415,False,4.516798482022722,4.6400623681222495,False,False,-194.43137985814025,True
249,12.468019247055054,left,left,126.51726854139231,53.48273145860769,127.21707593181668,52.78292406818332,17.09635390132593,80.93601393187824,12.438273240939552,8.732175223628527,4.416435294152649,OK,0.9685419201850891,True,55.41004318173541,61.245052740241334,22.68971809359813,55.41004318173541,58.36230086945913,False,61.245052740241334,63.19000867115951,False,22.68971809359813,21.75948442168858,False,12.438273240939552,11.799329660773157,False,4.416435294152649,5.1324469592150255,False,False,-216.04658306421234,True
250,12.512058973312378,left,left,140.75092152431057,39.24907847568943,139.84378197689514,40.156218023104856,13.008359781638966,88.482403372492,4.891883800325786,10.58362360671554,6.267883677239666,OK,0.9690276980400085,True,41.17639019881715,48.61834669516287,18.601723973911163,41.17639019881715,47.21173727161852,False,48.61834669516287,53.077298113831866,False,18.601723973911163,19.22635603254853,False,4.891883800325786,7.873152792203558,False,6.267883677239666,5.487642398131618,False,False,-211.80140151902273,True
251,12.553781509399414,left,left,141.98788858651068,38.01211141348932,141.7404971903136,38.25950280968641,11.556506574527608,89.1295203430578,4.244766829759982,10.438635521388331,6.122895591912453,OK,0.9700740575790405,True,39.939423136617044,46.721631481744424,17.149870766799808,39.939423136617044,35.122494561900666,False,46.721631481744424,41.817139096908306,False,17.149870766799808,16.297823577971457,False,4.244766829759982,3.4827652296188605,False,6.122895591912453,6.120413813344959,False,False,-210.2415889545391,True
252,12.608310222625732,left,left,160.26376241549994,19.73623758450006,159.43137444718147,20.56862555281853,7.07912844835594,94.18319839476902,-0.8089112219512344,10.429938874806487,6.1141989453306,OK,0.9704453349113464,True,21.663549307627783,29.030754224876546,12.672492640628139,21.663549307627783,25.963954398351824,False,29.030754224876546,32.565108220435675,False,12.672492640628139,13.24723767042786,False,-0.8089112219512344,0.10575599470525958,False,6.1141989453306,6.540327853638752,False,False,-193.19361813219712,True
253,12.648619651794434,left,left,164.5042447384218,15.49575526157821,164.99221832954169,15.007781670458314,4.781948222647855,96.72647367379757,-3.3521865009797835,11.996395487565303,7.680655558089427,OK,0.9701490998268127,True,17.423066984705933,23.46991034251633,10.375312414920053,17.423066984705933,18.971905801640126,False,23.46991034251633,24.90254785990471,False,10.375312414920053,10.60301933230724,False,-3.3521865009797835,-2.0182981748293485,False,7.680655558089427,6.690675448872002,False,False,-152.694244101576,True
254,12.691622018814087,left,left,172.30996935913652,7.690030640863483,173.47723031417982,6.52276968582018,1.8434243636079266,97.82106010644624,-4.446772933628452,10.831745425097484,6.516005495621613,OK,0.967832088470459,True,9.617342363991208,14.984898357878194,7.436788555880126,9.617342363991208,12.00135402110638,False,14.984898357878194,17.122735625471346,False,7.436788555880126,7.976852663530588,False,-4.446772933628452,-3.6601888614585447,False,6.516005495621613,6.515659920624165,False,False,-116.52748226099918,True
255,12.75131344795227,left,left,175.71116450786906,4.288835492130943,178.15658377954995,1.8434162204500524,-0.21273190896412686,99.10267422016504,-5.728387047347255,11.335361582881806,7.01962165340592,OK,0.9634387493133545,True,6.216147215258667,10.305544892508067,5.380632283308072,6.216147215258667,8.617251278336829,False,10.305544892508067,12.688399525214795,False,5.380632283308072,6.127044967880052,False,-5.728387047347255,-4.279257554439766,False,7.01962165340592,6.335154275441857,False,False,-86.5515122606034,True
256,12.788784503936768,left,left,176.84064748917942,3.1593525108205824,179.36044163751959,-0.6395583624804146,-1.5743267693556502,97.33897377620379,-3.9646866033859993,9.563557880149146,5.247817950673266,OK,0.9558923244476318,True,5.086664233948307,7.8225703095776,4.019037422916549,5.086664233948307,5.7135786136389815,False,7.8225703095776,9.013303138928517,False,4.019037422916549,4.648773988253998,False,-3.9646866033859993,-4.466574120216896,False,5.247817950673266,5.815623583181366,False,False,-54.75362519320235,True
257,12.835637092590332,left,left,177.1842761293477,2.815723870652306,178.39694505153577,-1.6030549484642336,-2.1699100298967373,97.27854185967513,-3.9042546868573424,9.527410648894941,5.211670719419061,OK,0.9472192525863647,True,4.74303559378003,6.859073723593781,3.423454162375462,4.74303559378003,4.335739527527978,False,6.859073723593781,7.029907264768331,False,3.423454162375462,3.7662577511569886,False,-3.9042546868573424,-4.281771349121866,False,5.211670719419061,5.353861363038504,False,False,-32.08096228656059,True
258,12.882721424102783,left,left,179.02260806191103,0.9773919380889708,176.63229973902693,-3.3677002609730664,-2.6094066754824157,97.66305650268322,-4.288769329865431,9.398742026262848,5.08300209678697,OK,0.939859926700592,True,2.904703661216695,5.094428411084948,2.9839575167897836,2.904703661216695,3.7220300575102327,False,5.094428411084948,5.95705862596995,False,2.9839575167897836,3.250873239086905,False,-4.288769329865431,-3.671733183647376,False,5.08300209678697,4.687577854274565,False,False,-18.487279571741805,True
259,12.933764219284058,left,left,179.19916478969154,0.8008352103084633,176.60579031501925,-3.3942096849807513,-2.5691568218771232,96.89704625097109,-3.5227590781532996,8.522934324383192,4.2071943949073045,OK,0.9290709495544434,True,2.7281469334361876,5.067918987077263,3.024207370395076,2.7281469334361876,3.488817327986703,False,5.067918987077263,5.476829582794641,False,3.024207370395076,3.025299407542344,False,-3.5227590781532996,-3.074066804837608,False,4.2071943949073045,4.1113539575720095,False,False,-6.828746456410229,True
260,12.972287654876709,left,left,178.77971185795778,1.2202881420422216,176.47917302645814,-3.5208269735418583,-2.789654469314546,96.0524833927926,-2.678196219974808,8.003944039062116,3.6882041095862235,OK,0.918026328086853,True,3.147599865169946,4.941301698516156,2.8037097229576533,3.147599865169946,3.310942772609633,False,4.941301698516156,5.207898428271943,False,2.8037097229576533,2.933408894120087,False,-2.678196219974808,-2.4314142197284156,False,3.6882041095862235,3.4678674581861855,False,False,-2.2296004566004988,True
261,13.020143508911133,left,left,178.00671113679707,1.9932888632029346,176.95929642164305,-3.040703578356954,-2.7021959270784555,94.35064188215495,-0.9763547093371585,6.682438396636377,2.3666984671604894,OK,0.907309353351593,True,3.920600586330659,5.42142509370106,2.891168265193744,3.920600586330659,3.4242738905716292,False,5.42142509370106,5.036736150525575,False,2.891168265193744,2.798129958216477,False,-0.9763547093371585,-1.703972543176377,False,2.3666984671604894,2.8896402414389057,False,False,-0.4055898273647962,True
262,13.07613229751587,left,left,178.07364890623305,1.9263510937669537,177.05228927892227,-2.9477107210777262,-2.6293625970080226,94.06527893412917,-0.6909917613113805,6.309978151965824,1.9942382224899404,OK,0.8987922668457031,True,3.853662816894678,5.514417950980288,2.9640015952641767,3.853662816894678,3.532590233650416,False,5.514417950980288,4.795410400018324,False,2.9640015952641767,2.619536479372436,False,-0.6909917613113805,-0.8719539968889819,False,1.9942382224899404,2.2286703098935163,False,False,0.14048347049198143,True
263,13.117374420166016,left,left,178.45595247210105,1.5440475278989538,175.7764883502951,-4.2235116497049034,-3.2858013550004634,94.02584811992303,-0.6515609471052386,6.50760594252644,2.1918660130505714,OK,0.8946582674980164,True,3.471359251026678,4.238617022353111,2.307562837271736,3.471359251026678,3.599472371889766,False,4.238617022353111,4.637802919348365,False,2.307562837271736,2.4956381856438576,False,-0.6515609471052386,-0.15271456145190712,False,2.1918660130505714,1.6100221996371828,False,False,0.16075571938433483,True
264,13.173604965209961,left,left,178.6575830742976,1.3424169257023948,175.399161562483,-4.600838437517012,-3.4621242160973305,92.73695351953411,0.637333653283676,5.218084666656231,0.902344737180357,OK,0.8870977163314819,True,3.269728648830119,3.861290234541002,2.131239976174869,3.269728648830119,3.4947714097618756,False,3.861290234541002,4.347702052843113,False,2.131239976174869,2.3160094915348077,False,0.637333653283676,0.2719047335862143,False,0.902344737180357,1.1911741148673856,False,False,-0.39780201876903903,True
265,13.217542886734009,left,left,178.44530116676103,1.554698833238973,175.69113562310835,-4.308864376891648,-3.409145937957437,92.45628621560722,0.9180009572105661,4.910703487780444,0.5949635583045563,OK,0.879379391670227,True,3.4820105563666974,4.153264295166366,2.184218254314762,3.4820105563666974,3.4126341160352522,False,4.153264295166366,4.036302809442179,False,2.184218254314762,2.106494260746932,False,0.9180009572105661,0.649125698905101,False,0.5949635583045563,0.8336998684349339,False,False,-0.9014245028046943,True
266,13.254453659057617,left,left,178.53021594743652,1.469784052563483,175.50879208911678,-4.491207910883219,-3.6003393976237037,92.22754540696434,1.1467417658534487,4.588197972787373,0.27245804331150225,OK,0.8734945058822632,True,3.3970957756912075,3.9709207611747956,1.9930247946484956,3.3970957756912075,3.3754757317304778,False,3.9709207611747956,3.9026049141041144,False,1.9930247946484956,1.9949485599012597,False,1.1467417658534487,1.117866855354555,False,0.27245804331150225,0.34995252217308914,False,False,-1.177062364161015,True
267,13.292961835861206,left,left,178.48433537486616,1.5156646251338373,175.4952930619176,-4.504706938082393,-3.676938750947402,92.17917410753473,1.1951130652830528,4.522606919803574,0.20686699032768274,OK,0.8696552515029907,True,3.4429763482615616,3.9574217339756217,1.9164254413247974,3.4429763482615616,3.366788916708816,False,3.9574217339756217,3.8190790285524714,False,1.9164254413247974,1.9077553492940058,False,1.1951130652830528,1.3662736094511332,False,0.20686699032768274,0.08919162799923015,False,False,-1.0187283188900955,True
268,13.337703704833984,left,left,178.64174439362492,1.3582556063750815,175.10799887360477,-4.892001126395229,-3.8435298592288256,91.68214233767576,1.692144835142031,4.0888692112172365,-0.22687071825865246,OK,0.866790235042572,True,3.285567329502806,3.5701275456627855,1.7498343330433737,3.285567329502806,3.304646687309071,False,3.5701275456627855,3.6686905870318243,False,1.7498343330433737,1.8063704892311911,False,1.692144835142031,1.387249285858033,False,-0.22687071825865246,0.05507730365041539,False,False,-0.8894055824111398,True
269,13.388425350189209,left,left,178.7010171494059,1.2989828505940864,174.98153213472477,-5.018467865275227,-3.8980902691335992,91.49491974905122,1.879367423766567,3.914280195786933,-0.40145973368893806,OK,0.8643766045570374,True,3.2262945737218107,3.4436608067827876,1.6952739231386,3.2262945737218107,3.251342687974437,False,3.4436608067827876,3.5493599011839705,False,1.6952739231386,1.7390265606928552,False,1.879367423766567,1.3365018225559908,False,-0.40145973368893806,0.10450752492733387,False,False,-0.8210938421644591,True
270,13.446133136749268,left,left,178.75601231375975,1.2439876862402457,174.93919341550512,-5.060806584494884,-3.9160702382715096,92.35140783357272,1.0228793392450655,4.740131866036354,0.42439193656048246,OK,0.8606486916542053,True,3.17129940936797,3.4013220875631305,1.6772939540006897,3.17129940936797,3.1877896910507846,False,3.4013220875631305,3.4186335101362886,False,1.6772939540006897,1.6766157198740559,False,1.0228793392450655,1.2703656052145504,False,0.42439193656048246,0.17540629557400395,False,False,-0.64761764747565,True
271,13.487250089645386,left,left,178.79673594410968,1.2032640558903154,174.9121386598775,-5.087861340122487,-3.937059040315384,92.48128272347455,0.8930044493432376,4.835349079171985,0.5196091496960946,OK,0.8565530776977539,True,3.1305757790180397,3.3742673319355276,1.6563051519568153,3.1305757790180397,3.166965460980885,False,3.3742673319355276,3.366912961961435,False,1.6563051519568153,1.6454902301498557,False,0.8930044493432376,1.1079794750704934,False,0.5196091496960946,0.33756325409881927,False,False,-0.30554569442247514,True
272,13.526774406433105,left,left,178.80210035948443,1.1978996405155726,174.8416611066792,-5.158338893320803,-3.9889929550413985,92.50985519424194,0.8644319785758512,4.877100773036919,0.5613608435610331,OK,0.8548563122749329,True,3.125211363643297,3.3037897787372117,1.6043712372308008,3.125211363643297,3.164281089576139,False,3.3037897787372117,3.3410905963459925,False,1.6043712372308008,1.6226402894894227,False,0.8644319785758512,0.9097554771823809,False,0.5613608435610331,0.5360753055371958,False,False,0.26991124447946857,True
273,13.572860956192017,left,left,178.74586554397442,1.2541344560255823,174.8493961327305,-5.150603867269496,-3.999157307849826,92.49407298839604,0.8802141844217459,4.899654003841316,0.5839140743654241,OK,0.8524513244628906,True,3.1814461791533066,3.311524804788519,1.5942068844223733,3.1814461791533066,3.178281737707249,False,3.311524804788519,3.35695174575323,False,1.5942068844223733,1.6301136126666917,False,0.8802141844217459,0.9592696184585663,False,0.5839140743654241,0.4921739861621461,False,False,0.9405701157979294,True
274,13.618577003479004,left,left,178.71443900642964,1.285560993570357,174.85242030664756,-5.147579693352441,-4.012339972435764,92.48603973849178,0.8882474343260043,4.906840452978822,0.591100523502945,OK,0.8502604365348816,True,3.2128727166980813,3.3145489787055737,1.5810242198364355,3.2128727166980813,3.208203996745999,False,3.3145489787055737,3.4057042351019335,False,1.5810242198364355,1.6604028778519855,False,0.8882474343260043,1.0894799153257195,False,0.591100523502945,0.37342272417033084,False,False,1.5639490768065145,True
275,13.653006076812744,left,left,178.6860090731042,1.3139909268957979,175.0184991625413,-4.981500837458697,-3.878703622385165,92.1038371271918,1.2704500456259922,4.5206252691611235,0.2048853396852337,OK,0.8483805060386658,True,3.2413026500235222,3.480627834599318,1.7146605698870343,3.2413026500235222,3.3000465118975115,False,3.480627834599318,3.5691474882661622,False,1.7146605698870343,1.7420397529001002,False,1.2704500456259922,1.1706460374031367,False,0.2048853396852337,0.302292739128319,False,False,2.273648048207014,True
276,13.696917295455933,left,left,178.64712464891593,1.3528753510840659,175.15590110662103,-4.84409889337897,-3.7856127143889164,91.83023123913878,1.5440559336790045,4.241592769212893,-0.07414716026298152,OK,0.8466363549232483,True,3.2801870742117902,3.6180297786790447,1.8077514778832828,3.2801870742117902,3.410365381161148,False,3.6180297786790447,3.7772810631906397,False,1.8077514778832828,1.8433908216006665,False,1.5440559336790045,1.216108600005859,False,-0.07414716026298152,0.2603665395653252,False,False,4.086772168981394,True
277,13.744397401809692,left,left,178.34288778372687,1.6571122162731342,175.65887737250034,-4.341122627499658,-3.5808085798008245,92.10402458385485,1.270262588962936,4.521450847826849,0.20571091835097377,OK,0.8460960388183594,True,3.5844239394008586,4.1210060445583565,2.012555612471375,3.5844239394008586,3.561442420948043,False,4.1210060445583565,4.035240806434956,False,2.012555612471375,1.9686504357688595,False,1.270262588962936,1.3842563930264533,False,0.20571091835097377,0.11059565725550442,False,False,7.76975178930042,True
278,13.787521362304688,left,left,178.19427119765624,1.805728802343765,175.8900640073529,-4.1099359926471095,-3.492401964346994,92.26676017538243,1.1075269974353574,4.6900230060263315,0.374283076550455,OK,0.8459028601646423,True,3.7330405254714893,4.352192679410905,2.1009622279252054,3.7330405254714893,3.737358947956102,False,4.352192679410905,4.295975420913334,False,2.1009622279252054,2.084440946029689,False,1.1075269974353574,1.5595980340987325,False,0.374283076550455,-0.03377356102625413,False,False,16.860311083468872,True
279,13.830542802810669,left,left,177.95905380749517,2.0409461925048333,176.14221902286914,-3.857780977130858,-3.3860419015948,91.64530077338881,1.728986399428976,4.1579860414297105,-0.15775388804615886,OK,0.8446367383003235,True,3.9682579156325577,4.6043476949271565,2.2073222906773995,3.9682579156325577,4.382622657836606,False,4.6043476949271565,5.004252825321425,False,2.2073222906773995,2.314134933171,False,1.728986399428976,1.7083609319270892,False,-0.15775388804615886,-0.015856166240882884,False,False,29.77922651681913,True
280,13.878364324569702,left,left,177.8064264380639,2.193573561936091,176.3221722349332,-3.6778277650668088,-3.2997510710810163,91.2271289218304,2.1471582509873883,3.798779177752318,-0.516960751723559,OK,0.8435483574867249,True,4.120885285063816,4.784300906991206,2.293613121191183,4.120885285063816,5.626894004989476,False,4.784300906991206,6.256944176100904,False,2.293613121191183,2.6831258413268966,False,2.1471582509873883,2.0360135014531098,False,-0.516960751723559,0.017062168762379315,False,False,43.34067806466742,True
281,13.913445711135864,left,left,175.4208060995134,4.579193900486587,178.69728812866148,-1.3027118713385164,-2.637142778682363,91.086416749997,2.287870422820788,4.3311797431397565,0.015439813663874702,OK,0.8430259227752686,True,6.506505623614311,7.159416800719498,2.9562214135898364,6.506505623614311,7.879658871184825,False,7.159416800719498,8.49721838602835,False,2.9562214135898364,3.3408926681076494,False,2.287870422820788,2.707696821132765,False,0.015439813663874702,0.015636332131373366,False,False,59.87146821771082,True
282,13.95768928527832,left,left,172.12153104796252,7.87846895203748,178.07766587360226,1.9223341263977431,-1.7358540390213408,90.46576173622475,2.908525436593038,4.686042522843165,0.37030259336728477,OK,0.8452821969985962,True,9.805780675165204,10.384462798455758,3.8575101532508587,9.805780675165204,11.042235224553071,False,10.384462798455758,11.675673128071287,False,3.8575101532508587,4.264510622166794,False,2.908525436593038,3.4057930856661955,False,0.37030259336728477,0.2252796329823866,False,False,74.16830275122236,True
283,14.00608229637146,left,left,166.9304468666795,13.069553133320511,172.90856494300988,7.091435056990122,-0.20356783044322757,88.90834357698415,4.465943595833636,4.6828938228713195,0.36715389339542526,OK,0.8479682207107544,True,14.996864856448235,15.553563729048136,5.389796361828972,14.996864856448235,14.49923011031857,False,15.553563729048136,15.15852396977969,False,5.389796361828972,5.281447126525679,False,4.465943595833636,3.9847216070038116,False,0.36715389339542526,0.6374316600607415,False,False,79.1757488883222,True
284,14.044795036315918,left,left,162.14617204065394,17.853827959346063,167.96550726691618,12.034492733083823,1.2320478687009262,88.15481945072166,5.219467722096127,5.206202545684795,0.8904626162089073,OK,0.849122166633606,True,19.781139682473786,20.496621405141838,6.825412060973125,19.781139682473786,18.71154808635987,False,20.496621405141838,19.245250504409473,False,6.825412060973125,6.419637046676735,False,5.219467722096127,4.782484147704977,False,0.8904626162089073,1.103450480922146,False,False,86.13231061866645,True
285,14.10746145248413,left,left,160.5214520092364,19.478547990763587,166.2635735565248,13.73642644347521,1.7849314507134038,88.33248631514232,5.041800857675469,5.859539313144084,1.5437993836682153,OK,0.8533217906951904,True,21.40585971389131,22.198555115533225,7.378295642985603,21.40585971389131,22.72274187412743,False,22.198555115533225,23.180088956805726,False,7.378295642985603,7.5874302016321025,False,5.041800857675469,5.351038642666429,False,1.5437993836682153,1.7790444762873734,False,False,99.88935533377403,True
286,14.159896612167358,left,left,154.35921621930692,25.640783780693084,160.8690791981896,19.13092080181039,3.053806822072918,87.09760404649117,6.276683126326617,6.661273847446764,2.345533917970897,OK,0.8566122651100159,True,27.568095503820807,27.593049473868405,8.647171014345117,27.568095503820807,26.953604741306286,False,27.593049473868405,27.129406875566804,False,8.647171014345117,8.711118972206794,False,6.276683126326617,6.087776926728227,False,2.345533917970897,2.4475399112180414,False,False,109.17858314622902,True
287,14.203795433044434,left,left,152.06556210912473,27.934437890875273,158.403473611621,21.596526388379004,4.103111735755497,87.62298926141749,5.7512979114003,8.06401249966929,3.7482725701934214,OK,0.8616816401481628,True,29.861749614002996,30.05865506043702,9.696475928027695,29.861749614002996,32.23161599926571,False,30.05865506043702,31.89997321285651,False,9.696475928027695,9.976246756776414,False,5.7512979114003,7.3473827816686965,False,3.7482725701934214,2.9605067615169274,False,False,109.83866441050584,True
288,14.245315074920654,left,left,145.7761325307852,34.22386746921481,153.16197534920448,26.838024650795518,5.414876022430224,85.22465215667516,8.149635016142625,8.025370997524652,3.7096310680487647,OK,0.8674473762512207,True,36.15117919234253,35.30015332285353,11.008240214702424,36.15117919234253,38.840438321744664,False,35.30015332285353,37.731564399535515,False,11.008240214702424,11.375529659353276,False,8.149635016142625,8.841918365920474,False,3.7096310680487647,3.6424852156419605,False,False,112.14818629898166,True
289,14.292409896850586,left,left,135.7561157508568,44.24388424914321,144.11267558046765,35.88732441953235,7.557686791549029,81.85679017601932,11.51749699679847,7.771036797179211,3.455296867703339,OK,0.8744096159934998,True,46.17119597227093,44.34945309159036,13.151050983821229,46.17119597227093,44.2733591221079,False,44.34945309159036,42.682235861290835,False,13.151050983821229,12.731388574695927,False,11.51749699679847,10.18005171789433,False,3.455296867703339,4.142460117618668,False,False,108.06391422507814,True
290,14.371473789215088,left,left,127.47734039684165,52.522659603158345,137.10561762312977,42.894382376870226,8.781345963597717,80.85980839388343,12.514478778934361,9.269431583769274,4.9536916542933795,OK,0.8834632039070129,True,54.44997132628607,51.35651104892824,14.374710155869916,54.44997132628607,49.082266711434976,False,51.35651104892824,47.136277935816324,False,14.374710155869916,14.080092596459526,False,12.514478778934361,11.812405936328599,False,4.9536916542933795,4.213675435749576,False,False,89.4213440182155,True
291,14.417508840560913,left,left,127.19461221749076,52.80538778250924,136.115721889413,43.88427811058699,9.83310139878617,80.4069372866219,12.96734988619589,9.161148357330326,4.845408427854437,OK,0.8924731016159058,True,54.732699505636965,52.346406782645005,15.426465591058369,54.732699505636965,53.616842378298244,False,52.346406782645005,51.61503209535713,False,15.426465591058369,15.452489751996472,False,12.96734988619589,13.298335155505285,False,4.845408427854437,4.155964879432304,False,False,68.95491980671012,True
292,14.471789836883545,left,left,128.02102416248934,51.97897583751066,136.13326323899355,43.86673676100645,10.846631844573482,79.46121816924614,13.91306900357165,8.420089090323831,4.10434916084796,OK,0.9004045128822327,True,53.90628756063838,52.328865433064465,16.43999603684568,53.90628756063838,56.98681455401343,False,52.328865433064465,55.15800975028778,False,16.43999603684568,16.70612936093024,False,13.91306900357165,14.62359996103144,False,4.10434916084796,3.911334203624443,False,False,58.95070922724892,True
293,14.512076616287231,left,left,123.10325419646884,56.89674580353116,130.76820455150042,49.23179544849958,12.276861800114963,77.79500606079174,15.579281112026052,7.736818215938293,3.4210782864624036,OK,0.9079338312149048,True,58.82405752665888,57.6939241205576,17.870225992387162,58.82405752665888,58.431513378056124,False,57.6939241205576,57.313696779477574,False,17.870225992387162,17.904353539230737,False,15.579281112026052,15.461246972375616,False,3.4210782864624036,3.5609231654336724,False,False,51.27396647356166,True
294,14.565513610839844,left,left,118.90625487228091,61.09374512771909,126.3977873058144,53.602212694185596,13.82588483621788,75.23046614838854,18.143821024429243,6.547883418139917,2.232143488664036,OK,0.9156046509742737,True,63.02105685084681,62.06434136624361,19.41924902849008,63.02105685084681,60.40410968586029,False,62.06434136624361,60.008452484388556,False,19.41924902849008,19.159000131733176,False,18.143821024429243,16.119117689089702,False,2.232143488664036,3.4355396441152095,False,False,45.09191519238816,True
295,14.619452238082886,left,left,120.25384627662815,59.74615372337185,126.32718247718084,53.67281752281916,14.772466855100202,76.67157333716254,16.702713835655246,7.517376392815412,3.2016364633395256,OK,0.9226061105728149,True,61.67346544649957,62.13494619487717,20.365831047372403,61.67346544649957,63.269532127815594,False,62.13494619487717,63.404586074704504,False,20.365831047372403,20.308207518256523,False,16.702713835655246,16.809914977119305,False,3.2016364633395256,3.3632385942483154,False,False,49.738699946245404,True
296,14.670450448989868,left,left,117.33163067846993,62.668369321530065,122.64194336485807,57.358056635141935,16.10633436129837,77.11758370305147,16.25670346976632,8.534230750737992,4.218490821262122,OK,0.9285457134246826,True,64.5956810446578,65.82018530719995,21.69969855357057,64.5956810446578,65.29708454431116,False,65.82018530719995,65.83277439155165,False,21.69969855357057,21.234872553561768,False,16.25670346976632,17.57877341995102,False,4.218490821262122,3.1204092863702613,False,False,60.59867692032556,True
297,14.709091424942017,left,left,113.69391195271281,66.30608804728719,119.15259528741385,60.847404712586155,16.592668777190216,76.00723172909812,17.367055443719664,8.058583840989376,3.7428439115134893,OK,0.9331377148628235,True,68.23339977041492,69.30953338464417,22.186032969462417,68.23339977041492,67.5887736712307,False,69.30953338464417,68.33455206296006,False,22.186032969462417,21.955579853391093,False,17.367055443719664,18.167825267396616,False,3.7428439115134893,3.041976194265112,False,False,71.00840522038743,True
298,14.75309681892395,left,left,112.96549211399099,67.03450788600901,118.62726296726466,61.372737032735344,16.910186976641185,73.95071384663316,19.423573326184624,6.522671676548006,2.206931747072133,OK,0.9365847706794739,True,68.96181960913674,69.83486570479336,22.503551168913383,68.96181960913674,71.23002603718507,False,69.83486570479336,71.70003323123714,False,22.503551168913383,22.556515868845615,False,19.423573326184624,19.17827672115319,False,2.206931747072133,2.9082319536403416,False,False,79.60454147075595,True
299,14.796304702758789,left,left,107.44780923768327,72.55219076231673,113.8888989487724,66.1111010512276,17.429421335364502,72.28520691116056,21.08908026165723,6.15571795761417,1.8399780281382903,OK,0.9409664869308472,True,74.47950248544446,74.57322972328562,23.0227855276367,74.47950248544446,75.47902450012026,False,74.57322972328562,75.44291035010681,False,23.0227855276367,23.076655350231015,False,21.08908026165723,20.396462366855623,False,1.8399780281382903,2.71630713338883,False,False,86.29437661981788,True
300,14.836016416549683,left,left,102.04758444685633,77.95241555314367,109.49977663579537,70.50022336420463,17.77714693237281,71.61931606837969,21.7549711044381,6.848655189691548,2.532915260215674,OK,0.9444215893745422,True,79.8797272762714,78.96235203626264,23.370511124645006,79.8797272762714,79.28448416893022,False,78.96235203626264,78.73079536688687,False,23.370511124645006,23.61786402923766,False,21.7549711044381,21.391280809913475,False,2.532915260215674,2.7802720213675287,False,False,88.62923600662893,True
301,14.898311853408813,left,left,96.08663836379392,83.91336163620608,103.92755777050971,76.07244222949029,18.707031768225367,71.0266554745393,22.34763169827849,7.574606649480449,3.258866720004562,OK,0.9475228190422058,True,85.8406733593338,84.5345709015483,24.300395960497568,85.8406733593338,84.19905116519564,False,84.5345709015483,83.31757326953066,False,24.300395960497568,24.273035665480982,False,22.34763169827849,21.86073102527256,False,3.258866720004562,3.293782535873402,False,False,85.52285825399936,True
302,14.944727897644043,left,left,94.66661360866303,85.33338639133697,102.7131702035136,77.2868297964864,19.298712172223432,71.03313951380886,22.341147659008925,8.378408280882876,4.062668351406984,OK,0.9514291882514954,True,87.2606981144647,85.74895846854442,24.89207636449563,87.2606981144647,88.30132818769653,False,85.74895846854442,87.05479007085144,False,24.89207636449563,24.807876412447094,False,22.341147659008925,21.907597979913138,False,4.062668351406984,4.146816549379037,False,False,82.78595241025167,True
303,14.993420124053955,left,left,88.39265713266391,91.60734286733609,95.69337345404573,84.30662654595427,20.186045157857826,71.60346276983773,21.770824402980054,9.090224249077387,4.774484319601498,OK,0.9535008072853088,True,93.53465459046382,92.76875521801229,25.779409350130024,93.53465459046382,91.96218772122914,False,92.76875521801229,90.54876516057433,False,25.779409350130024,25.346136487977198,False,21.770824402980054,21.794038625537574,False,4.774484319601498,4.9655204230944205,False,False,82.75247984734594,True
304,15.039969682693481,left,left,86.93642412517879,93.06357587482121,95.20281494216844,84.79718505783156,20.10362507019504,72.05087213795767,21.32341503486012,10.420888025142348,6.105148095666465,OK,0.9551939368247986,True,94.99088759794894,93.25931372988957,25.69698926246724,94.99088759794894,95.45264789989062,False,93.25931372988957,93.77089920424685,False,25.69698926246724,25.672626669571372,False,21.32341503486012,21.20269516481523,False,6.105148095666465,6.151680200399892,False,False,81.95843743226472,True
305,15.086164474487305,left,left,83.74328677919327,96.25671322080673,92.02990118718091,87.97009881281909,20.468447310023336,72.1871128402575,21.18717433256029,10.94217455826847,6.626434628792595,OK,0.9551448225975037,True,98.18402494393446,96.4322274848771,26.061811502295534,98.18402494393446,99.68608719588126,False,96.4322274848771,98.20892510655347,False,26.061811502295534,26.362490935021945,False,21.18717433256029,20.806581954162898,False,6.626434628792595,7.033071070186838,False,False,79.75528060867198,True
306,15.131360054016113,left,left,78.63433747048656,101.36566252951344,87.81688755214711,92.18311244785289,20.339482676196226,73.98337277815104,19.39091439466675,13.505405536007807,9.189665606531918,OK,0.9551801681518555,True,103.29297425264117,100.6452411199109,25.932846868468424,103.29297425264117,103.59757006319344,False,100.6452411199109,102.04663749632269,False,25.932846868468424,26.758808620549672,False,19.39091439466675,20.825500796565887,False,9.189665606531918,7.4842403908545005,False,False,77.15966010795314,True
307,15.178319931030273,left,left,73.49941712870981,106.50058287129019,80.52304069198057,99.47695930801943,22.748033499476332,73.01370556707052,20.36058160574727,12.785362629817607,8.469622700341716,OK,0.9570444226264954,True,108.42789459441792,107.93908798007745,28.341397691748533,108.42789459441792,107.06932886857763,False,107.93908798007745,105.62000321168652,False,28.341397691748533,27.177924278954094,False,20.36058160574727,20.742661302816916,False,8.469622700341716,7.884588633028239,False,False,72.18965130796023,True
308,15.236682653427124,left,left,68.83524279610309,111.16475720389691,76.50481150519957,103.49518849480043,22.167633585496418,71.50886855782278,21.865418614995008,11.34607085241569,7.030330922939811,OK,0.9540329575538635,True,113.09206892702464,111.95731716685845,27.760997777768615,113.09206892702464,110.99061784589792,False,111.95731716685845,109.54185674811768,False,27.760997777768615,27.548356695141905,False,21.865418614995008,19.647218776549217,False,7.030330922939811,9.349899016372916,False,False,67.1160386635333,True
309,15.291684627532959,left,left,69.57763009825787,110.42236990174213,77.33598636534924,102.66401363465076,22.199203362217144,72.46506960670253,20.90921756611526,12.42262923601103,8.106889306535152,OK,0.9537884593009949,True,112.34968162486986,111.12614230670877,27.792567554489345,112.34968162486986,114.14285014017582,False,111.12614230670877,112.70143377884897,False,27.792567554489345,27.873951315608963,False,20.90921756611526,18.408606673271144,False,8.106889306535152,10.906761003664666,False,False,67.23763619514197,True
310,15.3443021774292,left,left,64.13684189259173,115.86315810740827,72.42063350502521,107.57936649497479,22.320609390962407,77.66432547159599,15.7099617012218,18.26872647499187,13.952986545515984,OK,0.9521842002868652,True,117.790469830536,116.0414951670328,27.913973583234608,117.790469830536,117.28032996391713,False,116.0414951670328,115.50953210985313,False,27.913973583234608,27.796632864350606,False,15.7099617012218,16.98327241510919,False,13.952986545515984,12.5841583033054,False,False,69.46571385736797,True
311,15.383208513259888,left,left,62.873175999097,117.126824000903,72.0190023984906,107.9809976015094,21.96745577853153,80.17643329454141,13.197853878276376,21.289715472466547,16.973975542990672,OK,0.9529615044593811,True,119.05413572403073,116.44312627356742,27.560819970803728,119.05413572403073,119.87570689247437,False,116.44312627356742,117.93482928004948,False,27.560819970803728,27.834980469452585,False,13.197853878276376,15.300711177858796,False,16.973975542990672,14.475146904018647,False,False,72.57421016014766,True
312,15.42488145828247,left,left,57.812018010003385,122.18798198999662,66.48254903695982,113.51745096304018,22.361441243184533,80.14037685788028,13.233910314937503,21.17234912802126,16.856609198545385,OK,0.9510448575019836,True,124.11529371312434,121.97957963509819,27.954805435456734,124.11529371312434,123.88627293976121,False,121.97957963509819,122.02213848985784,False,27.954805435456734,28.09047564944858,False,13.233910314937503,14.072532206332701,False,16.856609198545385,15.882077893019261,False,False,76.90385141244917,True
313,15.482101440429688,left,left,55.858358153316914,124.14164184668309,64.37832565421778,115.62167434578222,22.359371611006313,79.92167474407475,13.452612428743038,20.801013855981914,16.48527392650604,OK,0.951021671295166,True,126.06895356981082,124.08380301784024,27.952735803278514,126.06895356981082,127.46836399476956,False,124.08380301784024,125.88978230606877,False,27.952735803278514,28.392813651234764,False,13.452612428743038,14.364257004590502,False,16.48527392650604,15.607138335345052,False,False,77.45327391576286,True
314,15.521044969558716,left,left,49.52479986182355,130.47520013817643,56.89944031630754,123.10055968369247,23.47667926219712,78.605964464333,14.768322708484789,19.457284181014106,15.141544251538221,OK,0.9506784081459045,True,132.40251186130416,131.56268835575048,29.07004345446932,132.40251186130416,130.89089615070984,False,131.56268835575048,129.72195823226326,False,29.07004345446932,28.671574082322866,False,14.768322708484789,15.216525926301696,False,15.141544251538221,14.623986074467746,False,False,70.4609293927095,True
315,15.566440343856812,left,left,46.22638661754994,133.77361338245007,53.082414423970455,126.91758557602955,23.832299399893312,76.20570148030698,17.168585692510803,16.894028686620814,12.578288757144946,OK,0.9479754567146301,True,135.7009251055778,135.37971424808757,29.425663592165513,135.7009251055778,134.11941784244456,False,135.37971424808757,133.3222893182246,False,29.425663592165513,28.85429850707907,False,17.168585692510803,15.969400877423734,False,12.578288757144946,13.682026153875308,False,False,58.86791769257597,True
316,15.61557674407959,left,left,45.760515219395664,134.23948478060433,52.85812276751822,127.14187723248179,23.36125793397203,75.91508868598544,17.45919848683235,16.373954168080015,12.058214238604137,OK,0.9430215954780579,True,136.16679650373206,135.6040059045398,28.95462212624423,136.16679650373206,137.1357048982142,False,135.6040059045398,136.69834366555227,False,28.95462212624423,28.970327366487926,False,17.45919848683235,17.095549862749472,False,12.058214238604137,12.312138736400323,False,False,44.64268919088822,True
317,15.651527404785156,left,left,41.66940955132975,138.33059044867025,48.48089360715318,131.51910639284682,23.275063366965558,76.37600210227009,16.998285070547695,16.46254952505907,12.146809595583193,OK,0.9394646286964417,True,140.25790217179798,139.98123506490484,28.86842755923776,140.25790217179798,138.38504587790825,False,139.98123506490484,138.22101695291957,False,28.86842755923776,28.96794506970511,False,16.998285070547695,18.060618415316206,False,12.146809595583193,11.071355579377576,False,False,26.56854777805679,True
318,15.694396018981934,left,left,40.776922874468866,139.22307712553112,47.49805391757922,132.50194608242077,22.93951590805059,74.29092981744606,19.08335735537173,13.951576768607003,9.635836839131116,OK,0.9357496500015259,True,141.15038884865885,140.9640747544788,28.532880100322792,141.15038884865885,138.87365687603202,False,140.9640747544788,138.9614561123671,False,28.532880100322792,28.988306345286937,False,19.08335735537173,18.72277988790355,False,9.635836839131116,10.177727221048281,False,False,3.3345100873295452,True
319,15.741026639938354,left,left,43.27809496335318,136.72190503664683,49.286073879471154,130.71392612052884,23.46476777828305,73.78062170149933,19.59366547131846,13.253368395900358,8.937628466424485,OK,0.9315462112426758,True,138.64921675977456,139.17605479258685,29.05813197055525,138.64921675977456,138.93023885456176,False,139.17605479258685,139.39520465239661,False,29.05813197055525,29.10449860980747,False,19.59366547131846,19.500771386144596,False,8.937628466424485,9.138761425828022,False,False,-26.087915561473118,True
320,15.786045789718628,left,left,43.783331626931215,136.21666837306879,49.38021862673286,130.61978137326713,23.934105777802433,72.89489411737027,20.479393055447517,12.425886894974349,8.110146965498473,OK,0.9292017221450806,True,138.14398009619651,139.08191004532515,29.527469970074634,138.14398009619651,137.97257148417728,False,139.08191004532515,138.79492244131634,False,29.527469970074634,29.25861692412434,False,20.479393055447517,20.432664126881544,False,8.110146965498473,8.003601840103721,False,False,-69.60071105824818,True
321,15.827587842941284,left,left,45.477605326746875,134.52239467325313,50.68938006737066,129.31061993262935,23.94221925657473,72.02513119478022,21.349155978037572,11.179125191978718,6.863385262502845,OK,0.923107922077179,True,136.44970639638086,137.77274860468737,29.53558344884693,136.44970639638086,134.81624241780688,False,137.77274860468737,135.97931150999307,False,29.53558344884693,29.51748577133161,False,21.349155978037572,20.79123833673336,False,6.863385262502845,7.563178342412044,False,False,-128.9405924059738,True
322,15.882816314697266,left,left,46.457746403252116,133.54225359674788,51.482304662554434,128.51769533744556,24.045654938549895,71.71653839858534,21.657748774232445,10.78675159643756,6.471011666961687,OK,0.9179986715316772,True,135.4695653198756,136.97982400950357,29.639019130822092,135.4695653198756,127.38725611909987,False,136.97982400950357,128.79852073922282,False,29.639019130822092,29.58165900347957,False,21.657748774232445,20.80761684073692,False,6.471011666961687,7.362777542619722,False,False,-180.72471884993143,True
323,15.927054643630981,left,left,56.5585682063209,123.4414317936791,61.57610857419558,118.42389142580441,24.233860144086954,72.49805876818698,20.876228404630808,11.749459280148605,7.433719350672732,OK,0.9175576567649841,True,125.36874351680683,126.88602009786243,29.82722433635915,125.36874351680683,116.73978736820318,False,126.88602009786243,118.38777540089396,False,29.82722433635915,29.154646631473394,False,20.876228404630808,20.487234580942292,False,7.433719350672732,7.0194240178403335,False,False,-207.87335487190884,True
324,15.958856105804443,left,left,80.42302645688808,99.57697354311192,85.19002773332244,94.80997226667756,23.78563393902286,73.69872918148154,19.675557991336248,12.251364396938758,7.935624467462873,OK,0.9138239622116089,True,101.50428526623965,103.27210093873558,29.378998131295056,101.50428526623965,106.38013128940824,False,103.27210093873558,108.25360382106945,False,29.378998131295056,28.68210674224381,False,19.675557991336248,20.133468245392606,False,7.935624467462873,6.675165965189985,False,False,-221.5251968090764,True
325,16.03144145011902,left,left,97.02067538141478,82.97932461858522,101.43394531837725,78.56605468162275,21.799043917771534,74.4968054163434,18.87748175647438,10.709119271077425,6.3933793416015305,OK,0.9194215536117554,True,84.90663634171295,87.02818335368076,27.392408110043732,84.90663634171295,96.22309138961346,False,87.02818335368076,98.0733268870757,False,27.392408110043732,27.956238977512378,False,18.87748175647438,19.812912794273217,False,6.3933793416015305,6.293090685776929,False,False,-205.87860179623445,True
326,16.077324390411377,left,left,97.27588572072158,82.72411427927842,101.36023796649312,78.63976203350688,21.579519810426792,73.79396287252864,19.58032430028915,9.457834928726971,5.1420949992511,OK,0.925486147403717,True,84.65142600240615,87.1018907055649,27.172884002698993,84.65142600240615,86.39259252412276,False,87.1018907055649,88.19895247255677,False,27.172884002698993,26.941426140594547,False,19.58032430028915,19.455290417991105,False,5.1420949992511,5.67977577416944,False,False,-169.7524386600425,True
327,16.11777639389038,left,left,97.242945902226,82.757054097774,102.38368933252323,77.61631066747677,20.416316114892773,73.31931565418229,20.054971518635497,8.876375199372296,4.560635269896409,OK,0.9312034249305725,True,84.68436582090173,86.07843933953478,26.00968030716497,84.68436582090173,81.14217510298536,False,86.07843933953478,82.98899230325246,False,26.00968030716497,25.98554195620331,False,20.054971518635497,19.29787208403231,False,4.560635269896409,4.840852671903877,False,False,-141.87772765165218,True
328,16.15775775909424,left,left,105.71106253377442,74.28893746622558,110.94798064679026,69.05201935320974,19.159795959497785,74.28617064959754,19.08811652322025,8.682884722111154,4.367144792635287,OK,0.9372613430023193,True,76.2162491893533,77.51414802526776,24.753160151769983,76.2162491893533,77.11051377083928,False,77.51414802526776,79.45089501997026,False,24.753160151769983,25.246164738111908,False,19.08811652322025,18.788764250311424,False,4.367144792635287,4.1170192386694735,False,False,-134.92606475658056,True
329,16.19320511817932,left,left,106.67511356257512,73.32488643742488,111.23982857984389,68.76017142015611,19.00621301706666,74.48582085127552,18.888466321542268,8.056748885610956,3.7410089561350617,OK,0.9425175786018372,True,75.25219816055261,77.22230009221413,24.59957720933886,75.25219816055261,72.95354835293521,False,77.22230009221413,75.85799783329507,False,24.59957720933886,24.55221484164552,False,18.888466321542268,18.01411591087646,False,3.7410089561350617,3.6336494504091887,False,False,-135.97644374170213,True
330,16.234994173049927,left,left,117.17898204214515,62.82101795785485,119.12443173478819,60.87556826521181,18.102157827314517,77.04234458494784,16.331942587869946,7.089952104905391,2.7742121754295113,OK,0.9473535418510437,True,64.74832968098258,69.33769693726983,23.69552201958672,64.74832968098258,66.91445124110918,False,69.33769693726983,70.71360326440748,False,23.69552201958672,23.65998759231807,False,16.331942587869946,16.537046956057132,False,2.7742121754295113,3.323788612962636,False,False,-161.70317186152158,True
331,16.286664247512817,left,left,118.06071281024191,61.93928718975809,119.32472389986913,60.67527610013087,18.10977032809486,77.66720456970346,15.70708260311433,7.040985987425552,2.7252460579496756,OK,0.9518189430236816,True,63.86659891288581,69.13740477218889,23.70313452036706,63.86659891288581,58.73146541505836,False,69.13740477218889,63.951939167341756,False,23.70313452036706,22.102075348865508,False,15.70708260311433,13.675024408586475,False,2.7252460579496756,3.206577187995646,False,False,-186.09002919968515,True
332,16.34143567085266,left,left,127.43843146135615,52.561568538643854,128.1056621769612,51.894337823038796,15.95517986825554,80.70466042827893,12.66962674453886,7.327071012139525,3.011331082663645,OK,0.9553768038749695,True,54.48888026177158,60.35646649509681,21.54854406052774,54.48888026177158,48.22402075423899,False,60.35646649509681,54.83247669301103,False,21.54854406052774,19.787449001903447,False,12.66962674453886,9.626129338579863,False,3.011331082663645,3.5528637245515484,False,False,-197.5057086848117,True
333,16.374377012252808,left,left,146.62599166402848,33.374008335971524,144.75630113211892,35.24369886788108,11.370234742234965,88.59628338695082,4.7780037858669715,8.096827597276224,3.7810876678003353,OK,0.9576098918914795,True,35.30132005909925,43.705827539939094,16.963598934507164,35.30132005909925,39.16009181132907,False,43.705827539939094,46.364935095947985,False,16.963598934507164,17.255442469639604,False,4.7780037858669715,5.932835654244047,False,3.7810876678003353,4.117763530776637,False,False,-204.17732408998017,True
334,16.439460039138794,left,left,159.21233686667196,20.78766313332804,156.8371409514975,23.162859048502497,7.433081282256333,94.73029620130858,-1.3560090284907886,9.788181568390447,5.4724416389145745,OK,0.9602140784263611,True,22.71497485645576,31.62498772056051,13.026445474528533,22.71497485645576,29.70987608648224,False,31.62498772056051,37.36685827012683,False,13.026445474528533,14.551435713880142,False,-1.3560090284907886,2.231308103925656,False,5.4724416389145745,4.663145426309876,False,False,-195.6067807423124,True
335,16.4833562374115,left,left,162.49862675669476,17.50137324330524,161.46213972010338,18.53786027989662,5.442125165995319,95.50881300662692,-2.1345258338091355,9.91445113603084,5.5987112065549525,OK,0.9611746072769165,True,19.42868496643296,26.999988951954634,11.035489358267519,19.42868496643296,20.27463970414191,False,26.999988951954634,27.724102931114437,False,11.035489358267519,11.314972973386244,False,-2.1345258338091355,-1.26121564321202,False,5.5987112065549525,5.126725389625728,False,False,-165.5054990066412,True
336,16.528194904327393,left,left,165.31179143447608,14.688208565523922,164.3151080289749,15.68489197102511,4.589736549297552,96.17484232129542,-2.8005551484776277,9.767895465091767,5.452155535615873,OK,0.9622083902359009,True,16.615520288651645,24.147020643083124,10.183100741569751,16.615520288651645,13.435497531684522,False,24.147020643083124,19.87333518057717,False,10.183100741569751,8.46591948266533,False,-2.8005551484776277,-3.1739019981884753,False,5.452155535615873,5.2019838319611384,False,False,-130.3965749531979,True
337,16.567371368408203,left,left,174.61461337305778,5.385386626942221,176.3194388720232,3.6805611279768016,-0.2271338342139429,98.16727916396731,-4.7929919911495205,9.644970828718789,5.329230899242901,OK,0.9559500217437744,True,7.312698350069946,12.142689800034816,5.366230358058257,7.312698350069946,8.98407019623786,False,12.142689800034816,13.966001939142178,False,5.366230358058257,6.152310698127782,False,-4.7929919911495205,-3.5094408916662987,False,5.329230899242901,4.679819846889745,False,False,-100.51130185740978,True
338,16.626540660858154,left,left,179.17829747368458,-0.8217025263154198,175.98986011519474,-4.010139884805255,-2.875032711369619,98.15971516183309,-4.785427989015304,8.473119808953282,4.157379879477389,OK,0.949917733669281,True,1.1056091968123043,4.451988787252759,2.7183314809025805,1.1056091968123043,5.271210875470018,False,4.451988787252759,8.99200994599155,False,2.7183314809025805,4.2102019740338745,False,-4.785427989015304,-3.725962862992566,False,4.157379879477389,4.215365766504886,False,False,-66.78001393682291,True
339,16.69090175628662,left,left,178.53052645609472,-1.4694735439052806,173.62619284132754,-6.373807158672463,-4.134962640431395,96.40799066869769,-3.033703495879905,7.177361643033481,2.8616217135576107,OK,0.941172182559967,True,0.4578381792224435,2.0883215133855515,1.4584015518408044,0.4578381792224435,2.1477845383719965,False,2.0883215133855515,4.4689615057901335,False,1.4584015518408044,2.3476629607613035,False,-3.033703495879905,-3.560255918594126,False,2.8616217135576107,3.5867419119372754,False,False,-38.97893650354165,True
340,16.730788469314575,left,left,178.93707663946603,-1.062923360533972,173.66790031414348,-6.3320996858565195,-4.26841845447422,96.59142286325826,-3.2171356904404718,7.59218073410654,3.276440804630653,OK,0.9308174252510071,True,0.8643883625937521,2.130028986201495,1.3249457377979796,0.8643883625937521,0.9294387125095399,False,2.130028986201495,2.3974147406065582,False,1.3249457377979796,1.442238798250214,False,-3.2171356904404718,-2.6888968233094204,False,3.276440804630653,2.6631595934625976,False,False,-18.253289055168008,True
341,16.783170700073242,left,left,179.07107688003381,-0.9289231199661856,173.06964977001803,-6.930350229981968,-4.722958517065303,95.34630759930322,-1.9720204264854289,6.624776192253694,2.3090362627778234,OK,0.9193523526191711,True,0.9983886031615385,1.531778442076046,0.8704056752068965,0.9983886031615385,1.163282810061395,False,1.531778442076046,1.9774714152732031,False,0.8704056752068965,1.0748792330189505,False,-1.9720204264854289,-1.470765405697651,False,2.3090362627778234,1.7314560335047873,False,False,-4.449403724783643,True
342,16.827558279037476,left,left,179.29365749762994,-0.7063425023700631,173.32282730205893,-6.677172697941074,-4.7542546467693905,93.81048368754378,-0.4361965147259923,5.027059236345388,0.7113193068695125,OK,0.9070964455604553,True,1.220969220757661,1.78495597411694,0.8391095455028088,1.220969220757661,1.589047877304279,False,1.78495597411694,2.0574691466924833,False,0.8391095455028088,0.9772816052692628,False,-0.4361965147259923,-0.5589780086045408,False,0.7113193068695125,1.0678383444855968,False,False,7.567987760386183,True
343,16.873448848724365,left,left,179.65248203855614,0.34751796144385594,173.89014348852797,-6.109856511472032,-4.711830537525935,92.06905807377424,1.3052290990435438,3.8146020091642057,-0.5011379203116633,OK,0.8970970511436462,True,2.2748296845715803,2.352272160585983,0.8815336547462644,2.2748296845715803,2.0924732721043773,False,2.352272160585983,2.375149348936509,False,0.8815336547462644,1.0108668497357567,False,1.3052290990435438,0.4580797388887589,False,-0.5011379203116633,0.2701110340148773,False,False,19.028048001256007,True
344,16.917323112487793,left,left,179.34064820769086,0.6593517923091383,174.02618149842394,-5.973818501576062,-4.622950779179835,91.84905368323214,1.525233489585645,3.8592731979375356,-0.4564667315383417,OK,0.8928263187408447,True,2.5866635154368627,2.4883101704819524,0.9704134130923645,2.5866635154368627,2.75492399452246,False,2.4883101704819524,3.029146180309482,False,0.9704134130923645,1.2132786375136306,False,1.525233489585645,1.2807969151108096,False,-0.4564667315383417,-0.34174046338418973,False,False,29.333129283599863,True
345,16.966887712478638,left,left,178.54579638653348,1.4542036134665182,175.2563013253636,-4.743698674636391,-4.10049223214175,91.50613412579176,1.868153047026027,3.603544181752944,-0.7121957477229444,OK,0.8906373977661133,True,3.3815153365942425,3.718429997421623,1.492871960130449,3.3815153365942425,4.301497454160915,False,3.718429997421623,4.457156618890423,False,1.492871960130449,1.6412015724840223,False,1.868153047026027,2.2379814925097063,False,-0.7121957477229444,-0.7524390847551843,False,False,43.0709589941121,True
346,17.0189368724823,left,left,177.61666950787577,2.38333049212423,176.3396339268829,-3.6603660731171033,-3.7108995781759333,91.23272171819296,2.141565454624825,3.5655187052583672,-0.7502212242175119,OK,0.8880430459976196,True,4.310642215251955,4.801762598940911,1.882464614096266,4.310642215251955,7.065879226397345,False,4.801762598940911,7.446800088134358,False,1.882464614096266,2.6300585552336004,False,2.141565454624825,3.1294400004947733,False,-0.7502212242175119,-0.8803023069981861,False,False,61.65896254172891,True
347,17.068350553512573,left,left,172.9734752041778,7.026524795822212,179.53712050503637,0.4628794949636301,-2.614639971917431,89.0245608005493,4.349726372268492,2.9735661294904343,-1.34217379998546,OK,0.8897372484207153,True,8.953836518949936,8.925008167021645,2.9787242203547684,8.953836518949936,10.234943601958678,False,8.925008167021645,10.938058786215993,False,2.9787242203547684,3.7799378180828898,False,4.349726372268492,4.047842393896596,False,-1.34217379998546,-0.9710197600710273,False,False,82.0797687798697,True
348,17.113695859909058,left,left,165.830573177374,14.169426822626008,171.16163916525235,8.838360834747647,0.23245437622195345,87.61176553384891,5.762521638968877,3.175285897949215,-1.140454031526673,OK,0.8872308135032654,True,16.09673854575373,17.30048950680566,5.825818568494153,16.09673854575373,14.432264292752347,False,17.30048950680566,15.42644145518172,False,5.825818568494153,5.191306080351039,False,5.762521638968877,4.8218168245462865,False,-1.140454031526673,-0.6246879066246322,False,False,98.47843294537616,True
349,17.153576850891113,left,left,163.4953263298842,16.504673670115807,168.5175250111679,11.48247498883211,1.1264455350666136,87.25704171622303,6.117245456594759,3.4056859325733275,-0.9100539969025476,OK,0.8868157863616943,True,18.43198539324353,19.944603660890124,6.719809727338813,18.43198539324353,19.132500896395047,False,19.944603660890124,20.220026434936045,False,6.719809727338813,6.613569828405076,False,6.117245456594759,5.3899823319141635,False,-0.9100539969025476,0.136061957949903,False,False,108.73626420654105,True
350,17.194109678268433,left,left,157.55919293256514,22.44080706743486,162.30178532980776,17.698214670192243,2.9563490791989997,87.63626197254331,5.738025200274478,5.335203448984923,1.0194635195090314,OK,0.8879390358924866,True,24.368118790562583,26.160343342250258,8.549713271471198,24.368118790562583,24.474147943939794,False,26.160343342250258,25.480536603631084,False,8.549713271471198,8.076269783572103,False,5.738025200274478,5.665512120233973,False,1.0194635195090314,1.404369003646832,False,False,114.95887217620766,True
351,17.235819816589355,left,left,154.11548648966226,25.88451351033774,159.69244117434548,20.307558825654525,3.4004191620942463,88.39189418135358,4.982392991464209,7.369268028131043,3.053528098655164,OK,0.8895538449287415,True,27.811825233465463,28.76968749771254,8.993783354366446,27.811825233465463,29.30209162742218,False,28.76968749771254,30.004277341109194,False,8.993783354366446,9.23653510410151,False,4.982392991464209,5.838719826969481,False,3.053528098655164,2.6956295634450043,False,False,116.8465696444616,True
352,17.288387775421143,left,left,146.26523996645406,33.73476003354594,153.23456966156118,26.76543033843882,4.698859803917704,87.64691185895025,5.72737531386754,9.315101357975053,4.999361428499185,OK,0.8906805515289307,True,35.66207175667366,35.22755901049683,10.292223996189904,35.66207175667366,34.71009610724289,False,35.22755901049683,35.08529100917556,False,10.292223996189904,10.495109291767582,False,5.72737531386754,6.266744982099107,False,4.999361428499185,3.8531694077357996,False,False,112.05128777019704,True
353,17.329928874969482,left,left,141.69085475996206,38.309145240037935,148.5429354778618,31.45706452213821,6.033780978868993,86.74572700017137,6.6285601726464165,9.631588696940069,5.315848767464189,OK,0.8925764560699463,True,40.23645696316566,39.919193194196225,11.627145171141192,40.23645696316566,39.518801803040745,False,39.919193194196225,39.54375735692663,False,11.627145171141192,11.52656252001644,False,6.6285601726464165,7.006844230032192,False,5.315848767464189,4.494762736098357,False,False,103.1600828367834,True
354,17.372880697250366,left,left,136.45530393078064,43.544696069219356,143.11245667083605,36.88754332916395,7.4193164733969725,85.1169159405749,8.257371232242889,9.193385154027304,4.877645224551429,OK,0.8971156477928162,True,45.47200779234708,45.34967200122196,13.012680665669173,45.47200779234708,44.46473860702115,False,45.34967200122196,44.36606870725947,False,13.012680665669173,12.733479869475044,False,8.257371232242889,8.63847543389534,False,4.877645224551429,4.193674335341382,False,False,95.18986219357922,True
355,17.42478036880493,left,left,133.51566445357588,46.48433554642412,140.0094535910524,39.99054640894761,8.113615220443293,83.93576573287788,9.438521439939905,8.543170090797702,4.22743016132182,OK,0.9037197828292847,True,48.41164726955184,48.45267508100562,13.706979412715492,48.41164726955184,48.79491966947175,False,48.45267508100562,48.99734218040013,False,13.706979412715492,14.097648593769197,False,9.438521439939905,10.51637039499372,False,4.22743016132182,3.378855687847107,False,False,87.2664961871385,True
356,17.46936273574829,left,left,129.38580246976022,50.61419753023978,135.5808844226813,44.419115577318706,9.435005909387254,80.23373816203784,13.14054901077995,5.863826024346163,1.5480860948702855,OK,0.9107092022895813,True,52.5415092533675,52.88124424937672,15.028370101659453,52.5415092533675,52.18248249219404,False,52.88124424937672,52.858099969217655,False,15.028370101659453,15.4055543952859,False,13.14054901077995,12.211740514307754,False,1.5480860948702855,2.518196403954545,False,False,79.14740586190267,True
357,17.5196316242218,left,left,124.61433465420102,55.385665345798984,130.0782022958579,49.92179770414211,11.51970342538847,78.25743705345835,15.116850119359441,5.24100812050368,0.9252681910278113,OK,0.917493999004364,True,57.312977068926706,58.38392637620012,17.11306761766067,57.312977068926706,55.383856178567875,False,58.38392637620012,56.635521746389635,False,17.11306761766067,16.732058631815427,False,15.116850119359441,13.626548290331147,False,0.9252681910278113,1.8538447736625188,False,False,73.08524711540144,True
358,17.563272714614868,left,left,124.75304064635063,55.24695935364937,129.23914653377417,50.760853466225825,12.573309986452513,78.2688764036012,15.10541076921659,5.328292277477255,1.0125523480013783,OK,0.9240888357162476,True,57.174271076777096,59.22298213828384,18.166674178724712,57.174271076777096,58.715080937025085,False,59.22298213828384,60.63651978892217,False,18.166674178724712,18.180516011310324,False,15.10541076921659,14.587861495042912,False,1.0125523480013783,1.6712156643703282,False,False,70.7000464806953,True
359,17.606486320495605,left,left,120.44843549891151,59.55156450108849,124.22534778497617,55.774652215023835,14.051837656044599,78.04287706045794,15.331410112359848,5.87162700256719,1.5558870730912986,OK,0.9307039976119995,True,61.478876224216215,64.23678088708185,19.6452018483168,61.478876224216215,61.88738758959154,False,64.23678088708185,64.55495763514011,False,19.6452018483168,19.55268927786846,False,15.331410112359848,15.698581585271572,False,1.5558870730912986,1.1865376470483113,False,False,68.62159134372446,True
360,17.645078420639038,left,left,116.85954066128981,63.14045933871019,120.00446337838973,59.99553662161027,15.35590211791778,79.12919970931905,14.245087463498734,7.630024544336753,3.314284614860867,OK,0.9362432360649109,True,65.06777106183792,68.45766529366828,20.94926631018998,65.06777106183792,64.50619563300891,False,68.45766529366828,67.52017636305513,False,20.94926631018998,20.543222194433476,False,14.245087463498734,16.60880744764691,False,3.314284614860867,0.9204340167403415,False,False,66.1149649480125,True
361,17.700185298919678,left,left,113.52426920692795,66.47573079307205,115.98869519159156,64.01130480840844,16.295872242177925,74.68013771089454,18.694149461923246,3.440435937736078,-0.8753039917397984,OK,0.9416455030441284,True,68.40304251619978,72.47343348046645,21.889236434450126,68.40304251619978,68.19776010238833,False,72.47343348046645,71.2499415093321,False,21.889236434450126,21.481354119743333,False,18.694149461923246,18.224925327870817,False,-0.8753039917397984,0.2042473849287319,False,False,65.27007285881879,True
362,17.753072023391724,left,left,111.52029443711415,68.47970556288585,115.25210865628277,64.74789134371723,16.472368008213557,73.70630774158165,19.667979431236134,3.9104899689638404,-0.40524996051203743,OK,0.9463675618171692,True,70.40701728601358,73.21002001577524,22.065732200485755,70.40701728601358,70.9966413700298,False,73.21002001577524,73.96087384388011,False,22.065732200485755,22.180233119217554,False,19.667979431236134,19.704384254764612,False,-0.40524996051203743,-0.48838360939739117,False,False,64.91001707254898,True
363,17.79739212989807,left,left,106.29521829945361,73.70478170054639,110.59032080238936,69.40967919761064,17.263969613001816,70.18828700248166,23.18600017033613,1.7473591184192014,-2.56838081105667,OK,0.9489251375198364,True,75.63209342367412,77.87180786966866,22.857333805274017,75.63209342367412,73.74943374256873,False,77.87180786966866,76.38599710773724,False,22.857333805274017,22.63945462787897,False,23.18600017033613,21.48923856926494,False,-2.56838081105667,-1.4863473065544952,False,False,64.02876572290491,True
364,17.836225271224976,left,left,106.45402916070415,73.54597083929585,110.67068611223608,69.32931388776392,17.54623265341568,70.64558242598896,22.728704746828825,2.408472030936573,-1.9072678985393168,OK,0.9512248039245605,True,75.47328256242358,77.79144255982193,23.139596845687876,75.47328256242358,76.78274988364421,False,77.79144255982193,79.01039776184385,False,23.139596845687876,23.081984284447998,False,22.728704746828825,22.230627022190497,False,-1.9072678985393168,-1.3762906159421333,False,False,65.71553409344389,True
365,17.881540536880493,left,left,103.09557879859514,76.90442120140486,107.8788470591041,72.1211529408959,17.652009661224856,70.20492813681741,23.169359036000372,2.640206058551232,-1.675533870924653,OK,0.9535928964614868,True,78.83173292453259,80.58328161295391,23.245373853497057,78.83173292453259,79.39599321543747,False,80.58328161295391,81.2626789313219,False,23.245373853497057,23.437004868516926,False,23.169359036000372,22.657317130149007,False,-1.675533870924653,-1.0869979775165177,False,False,71.6413902094566,True
366,17.92247247695923,left,left,98.3576885015505,81.6423114984495,102.86669192105855,77.13330807894145,18.508520525023087,70.97319544626677,22.401091726551016,3.990719390797881,-0.32502053867798963,OK,0.9542425274848938,True,83.56962322157723,85.59543675099947,24.101884717295285,83.56962322157723,82.17918647572587,False,85.59543675099947,83.73516706629584,False,24.101884717295285,23.72294359189761,False,22.401091726551016,22.486420306847045,False,-0.32502053867798963,-0.31945730551941554,False,False,75.69754417562517,True
367,17.96891736984253,left,left,98.45407777814786,81.54592222185214,103.9907028088925,76.0092971911075,18.247470928558197,71.57285720178909,21.801429971028696,5.356953161091913,1.041213231616041,OK,0.9560882449150085,True,83.47323394497987,84.47142586316552,23.8408351208304,83.47323394497987,85.36195284158069,False,84.47142586316552,86.32501952143366,False,23.8408351208304,23.92640843813399,False,21.801429971028696,22.456365705341685,False,1.041213231616041,0.506976052939325,False,False,78.27576815711504,True
368,18.012516260147095,left,left,92.3792519980116,87.6207480019884,98.22788012751961,81.77211987248039,18.69366322990523,71.04277111899147,22.33151605382632,5.585062478404722,1.2693225489288409,OK,0.9572530388832092,True,89.54805972511613,90.2342485445384,24.28702742217743,89.54805972511613,89.95765491098695,False,90.2342485445384,90.41300564314622,False,24.28702742217743,24.237303215886804,False,22.33151605382632,22.39574886911013,False,1.2693225489288409,1.3862036146174035,False,False,82.37617747695535,True
369,18.063750982284546,left,left,90.54019733143008,89.45980266856992,97.721423836547,82.278576163453,18.563556884597578,70.79585543351577,22.57843173930202,6.540638823230268,2.2248988937543857,OK,0.9587656259536743,True,91.38711439169765,90.74070483551101,24.15692107686978,91.38711439169765,93.74360673020229,False,90.74070483551101,93.52350555537683,False,24.15692107686978,24.329189323529885,False,22.57843173930202,22.50155035397868,False,2.2248988937543857,2.0477401443766494,False,False,85.13070981520578,True
370,18.11401128768921,left,left,80.11706845156388,99.88293154843612,87.43891645054137,92.56108354945863,19.206483549988953,70.50801231797519,22.8662748548426,7.036343866941609,2.7206039374657394,OK,0.9589003920555115,True,101.81024327156385,101.02321222151664,24.79984774226115,101.81024327156385,98.22162010880936,False,101.02321222151664,97.86846335518116,False,24.79984774226115,24.81423896736021,False,22.8662748548426,22.523808205178717,False,2.7206039374657394,2.6435875158096733,False,False,85.13690763646234,True
371,18.153570413589478,left,left,79.42792940547379,100.57207059452621,87.31419235990543,92.68580764009457,18.967951063238466,70.44418802192402,22.930099150893767,7.298402039594123,2.982662110118241,OK,0.9592521786689758,True,102.49938231765394,101.14793631215258,24.561315255510664,102.49938231765394,101.35736491810356,False,101.14793631215258,101.09932472837315,False,24.561315255510664,25.247948333495636,False,22.930099150893767,22.50999374950167,False,2.982662110118241,2.995994773724351,False,False,82.58381634400261,True
372,18.198883771896362,left,left,76.06401088511251,103.93598911488749,82.26591380987081,97.73408619012919,20.672719147709845,71.4615679457889,21.912719227028887,8.336190018257039,4.0204500887811605,OK,0.9613801836967468,True,105.86330083801522,106.1962148621872,26.266083339982046,105.86330083801522,105.21661056817645,False,106.1962148621872,105.25570854392875,False,26.266083339982046,25.72717494303439,False,21.912719227028887,22.536114742071707,False,4.0204500887811605,3.151962225210377,False,False,82.68841070679784,True
373,18.23340082168579,left,left,76.70052795154068,103.29947204845932,82.07357326155974,97.92642673844026,20.86221006058233,71.1118433973767,22.262443775441085,7.347098767978106,3.0313588385022285,OK,0.9631330370903015,True,105.22678377158705,106.38855541049827,26.455574252854532,105.22678377158705,108.30316062065671,False,106.38855541049827,108.5898141709775,False,26.455574252854532,26.098850528889546,False,22.262443775441085,22.480566858160994,False,3.0313588385022285,3.3316301204077545,False,False,84.41488960207798,True
374,18.27761459350586,left,left,71.24396908106556,108.75603091893444,76.939504758769,103.060495241231,20.959689932291344,70.6652504706656,22.70903670215219,7.320476080660392,3.0047361511845168,OK,0.9643993973731995,True,110.68334264206217,111.52262391328901,26.553054124563545,110.68334264206217,111.12061761075358,False,111.52262391328901,111.72906001621077,False,26.553054124563545,26.565847736472392,False,22.70903670215219,22.059007215585485,False,3.0047361511845168,3.8983981154297225,False,False,86.11099244988357,True
375,18.31574845314026,left,left,64.68431818916254,115.31568181083746,70.76838831529757,109.23161168470243,21.06486147926473,70.78575173752874,22.588535435289046,7.934683342928496,3.6189434134526266,OK,0.9624456167221069,True,117.24299353396519,117.69374035676044,26.658225671536933,117.24299353396519,114.85519137223464,False,117.69374035676044,115.30041150474122,False,26.658225671536933,26.538105876450523,False,22.588535435289046,21.29789763467604,False,3.6189434134526266,4.79498810926791,False,False,85.63389380825531,True
376,18.363518476486206,left,left,65.34064445498942,114.65935554501058,71.6179631337391,108.3820368662609,21.30293710115271,72.55198623480157,20.822300938016213,10.132242014703957,5.81650208522808,OK,0.9628729820251465,True,116.58666726813831,116.84416553831892,26.896301293424912,116.58666726813831,118.91959277333117,False,116.84416553831892,119.1551834428794,False,26.896301293424912,26.547150195484903,False,20.822300938016213,20.2628752525145,False,5.81650208522808,6.0486842734221735,False,False,88.73076889914243,True
377,18.40829634666443,left,left,57.39114207770724,122.60885792229277,64.40915636721863,115.59084363278137,20.53400984760047,75.26711585033613,18.107171322481662,12.81913998744798,8.503400057972101,OK,0.9612041711807251,True,124.5361696454205,124.05297230483939,26.12737403987267,124.5361696454205,123.19920777422416,False,124.05297230483939,123.39197092679721,False,26.12737403987267,26.61600890500505,False,18.107171322481662,19.095734741485792,False,8.503400057972101,7.327511010946187,False,False,90.11608215008944,True
378,18.456796169281006,left,left,56.378520946057996,123.62147905394201,62.79971357086875,117.20028642913125,20.90743165575428,76.28695530818439,17.0873318646334,13.615579588749423,9.299839659273545,OK,0.9577112793922424,True,125.54879077706974,125.66241510118927,26.500795848026478,125.54879077706974,126.78607243508029,False,125.66241510118927,127.18299898180616,False,26.500795848026478,26.832366841530792,False,17.0873318646334,18.04053808765503,False,9.299839659273545,8.394902207149874,False,False,83.67556162639339,True
379,18.497750759124756,left,left,49.84589407660071,130.1541059233993,55.75556733917998,124.24443266082002,21.303983479892057,76.50095302580914,16.87333414700865,13.714609768280463,9.398869838804586,OK,0.9556421637535095,True,132.08141764652703,132.70656133287804,26.89734767216426,132.08141764652703,131.3017221658251,False,132.70656133287804,131.9754852812236,False,26.89734767216426,27.05765589080836,False,16.87333414700865,17.31725132147427,False,9.398869838804586,9.06664145393562,False,False,72.77063564536176,True
380,18.546549081802368,left,left,46.74999488488183,133.25000511511817,51.813248040252766,128.18675195974723,22.146651161893452,76.06173500668257,17.31255216613522,13.27163932394695,8.95589939447106,OK,0.9497520327568054,True,135.1773168382459,136.64888063180524,27.74001535416565,135.1773168382459,134.41053896026884,False,136.64888063180524,135.40450934925664,False,27.74001535416565,27.414959681483708,False,17.31255216613522,17.546799277356833,False,8.95589939447106,8.874190015139067,False,False,56.33706541896443,True
381,18.59613537788391,left,left,42.76239580126534,137.23760419873466,47.6555316366521,132.34446836334791,22.429382347540557,76.16842006570536,17.205867107112425,13.490938248632684,9.175198319156806,OK,0.9412667751312256,True,139.1649159218624,140.80659703540593,28.022746539812758,139.1649159218624,137.2015209604944,False,140.80659703540593,138.34429559753343,False,28.022746539812758,27.730726963189756,False,17.205867107112425,18.0900718990004,False,9.175198319156806,8.497880427150324,False,False,26.838093996583872,True
382,18.655941009521484,left,left,41.84705810548871,138.1529418945113,47.264036027053386,132.73596397294662,22.320528800977208,74.11937607092332,19.254911101894464,11.856882793465203,7.541142863989336,OK,0.9329807758331299,True,140.08025361763902,141.19809264500464,27.913892993249405,140.08025361763902,137.88781981295824,False,141.19809264500464,139.05895657566452,False,27.913892993249405,27.95595069699116,False,19.254911101894464,18.86596475652697,False,7.541142863989336,7.91884917775792,False,False,-17.655296099281326,True
383,18.70775842666626,left,left,42.423610944930104,137.5763890550699,48.10078232948479,131.8992176705152,22.486268064284502,73.57059219996655,19.803694972851233,11.734031648805724,7.4182917193298294,OK,0.9260141849517822,True,139.50370077819764,140.36134634257323,28.0796322565567,139.50370077819764,137.66553419352215,False,140.36134634257323,138.6999381888009,False,28.0796322565567,28.024405570256626,False,19.803694972851233,19.61497230365658,False,7.4182917193298294,7.375029271321296,False,False,-65.67429482036216,True
384,18.757233142852783,left,left,46.41439981428139,133.58560018571862,52.18226244852449,127.81773755147552,22.430102148899095,72.62148873817627,20.75279843464152,10.819453521318453,6.503713591842569,OK,0.9190059900283813,True,135.51291190884635,136.27986622353353,28.023466341171293,135.51291190884635,132.6596456696473,False,136.27986622353353,134.0190674315783,False,28.023466341171293,28.494854220497324,False,20.75279843464152,19.782882607720456,False,6.503713591842569,7.3525498508458496,False,False,-106.23374372953319,True
385,18.806854963302612,left,left,47.8614229820624,132.1385770179376,53.608339974570946,126.39166002542905,22.48892552822075,72.31669727103453,21.05758990178326,10.552539791763818,6.236799862287938,OK,0.9133360981941223,True,134.06588874106532,134.85378869748706,28.082289720492952,134.06588874106532,124.43168314512286,False,134.85378869748706,126.1402044994293,False,28.082289720492952,28.653401057864215,False,21.05758990178326,18.887213896788808,False,6.236799862287938,8.057665806768933,False,False,-141.6614127816488,True
386,18.84804677963257,left,left,67.79183842063965,112.20816157936035,71.05988542276506,108.94011457723494,24.781625598744064,75.32886854538599,18.0454186274318,13.37854114625545,9.062801216779576,OK,0.9098202586174011,True,114.13547330248808,117.40224324929295,30.37498979101626,114.13547330248808,116.52686836752939,False,117.40224324929295,118.49896467908403,False,30.37498979101626,28.569850089122262,False,18.0454186274318,17.875610206616905,False,9.062801216779576,8.722143570950738,False,False,-166.88556977348657,True
387,18.899344205856323,left,left,82.98687072811087,97.01312927188913,86.65835068779825,93.34164931220175,23.113262987811677,78.59771962558156,14.776567547236226,15.382462573080614,11.066722643604749,OK,0.914151668548584,True,98.94044099501686,101.80377798425977,28.706627180083878,98.94044099501686,109.57132766544335,False,101.80377798425977,112.0852395671955,False,28.706627180083878,28.721042198480767,False,14.776567547236226,16.624720395890698,False,11.066722643604749,9.582409900837916,False,False,-167.53018894752665,True
388,18.9447283744812,left,left,81.94768483289734,98.05231516710266,86.30698143121126,93.69301856878874,22.068513220574726,78.62861065082608,14.745676521991712,15.056420469714729,10.740680540238856,OK,0.9188103675842285,True,99.97962689023039,102.15514724084676,27.661877412846927,99.97962689023039,100.1229431422527,False,102.15514724084676,102.91750783557703,False,27.661877412846927,28.470675249395537,False,14.745676521991712,15.282246956792127,False,10.740680540238856,10.393863599279086,False,False,-158.1358661570269,True
389,18.97775363922119,left,left,81.19210332471164,98.80789667528836,84.25088800796706,95.74911199203294,23.18606269569161,78.8759377918073,14.498349381010485,15.120785170754335,10.805045241278464,OK,0.9209880828857422,True,100.73520839841609,104.21124066409095,28.779426887963808,100.73520839841609,94.85711848537501,False,104.21124066409095,97.17018644617646,False,28.779426887963808,27.572120135688277,False,14.498349381010485,15.347310794650207,False,10.805045241278464,9.911741380236617,False,False,-159.52402830806244,True
390,19.017220497131348,left,left,95.10334559801568,84.89665440198432,99.44699863266338,80.55300136733662,21.237090782794613,79.02906446652737,14.345222706290414,14.609808283969668,10.294068354493788,OK,0.926357090473175,True,86.82396612511205,89.01513003939463,26.830454975066814,86.82396612511205,90.5373323391947,False,89.01513003939463,92.83385543742494,False,26.830454975066814,27.026785571669695,False,14.345222706290414,15.908279577699167,False,10.294068354493788,8.821982895740268,False,False,-166.700975431004,True
391,19.07162046432495,left,left,94.12096170502807,85.87903829497193,99.79649236976785,80.20350763023215,20.28885003020776,75.00354935609559,18.370737816722198,10.96793005104312,6.65219012156723,OK,0.9326806664466858,True,87.80635001809966,88.66563630229017,25.88221422247996,87.80635001809966,81.52395910563665,False,88.66563630229017,84.8563944579243,False,25.88221422247996,26.211998420835606,False,18.370737816722198,15.416858580507517,False,6.65219012156723,7.462704488040441,False,False,-172.50619642283158,True
392,19.129998922348022,left,left,104.58580145901244,75.41419854098756,108.3400057315558,71.6599942684442,20.386590167718758,75.79287571033676,17.58141146248103,9.93367015059888,5.617930221123004,OK,0.9379241466522217,True,77.34151026411529,80.12212294050221,25.979954359990955,77.34151026411529,70.87381415348031,False,80.12212294050221,74.73342004636174,False,25.979954359990955,24.423698416850748,False,17.58141146248103,14.602624959982922,False,5.617930221123004,5.9614675639863774,False,False,-186.44595797483808,True
393,19.16606092453003,left,left,127.01455100068755,52.98544899931245,126.19428632871451,53.80571367128549,17.9945774664043,81.08571563678433,12.288571536033459,8.260028431215593,3.9442885017397202,OK,0.9426344037055969,True,54.912760722440176,62.2678423433435,23.5879416586765,54.912760722440176,62.68702256070255,False,62.2678423433435,67.36504685476675,False,23.5879416586765,22.97783253384047,False,12.288571536033459,13.9722186875719,False,3.9442885017397202,4.32758955220437,False,False,-192.49399593957713,True
394,19.220401763916016,left,left,134.44282808549335,45.557171914506654,134.8657600657798,45.134239934220204,14.244562675767304,82.94710589443028,10.427181278387508,7.614600550484023,3.2988606210081457,OK,0.9469465017318726,True,47.484483637634376,53.59636860627822,19.837926868039503,47.484483637634376,52.80498489771194,False,53.59636860627822,58.610278345438736,False,19.837926868039503,21.20026160009544,False,10.427181278387508,12.045348307882179,False,3.2988606210081457,3.3496198444864773,False,False,-177.08886006344446,True
395,19.258650064468384,left,left,136.0373035619045,43.96269643809549,136.2888645906384,43.71113540936159,14.007761367743234,82.18109582858249,11.193191344235302,6.4404182250596245,2.124678295583749,OK,0.9502101540565491,True,45.890008161223214,52.1732640814196,19.601125560015433,45.890008161223214,44.25158202166349,False,52.1732640814196,50.774019374201444,False,19.601125560015433,19.161199681584325,False,11.193191344235302,10.05280130469904,False,2.124678295583749,2.585961024347341,False,False,-157.3341218844373,True
396,19.30026149749756,left,left,143.53115001998108,36.468849980018916,143.5703349164079,36.42966508359211,11.40099536148262,84.63790125454419,8.736385918273598,6.078081512453636,1.7623415829777684,OK,0.9526523947715759,True,38.39616170314664,44.89179375565013,16.99435955375482,38.39616170314664,40.18426127410455,False,44.89179375565013,46.408623372051,False,16.99435955375482,17.510335230113334,False,8.736385918273598,8.872941875403058,False,1.7623415829777684,2.4130312567638383,False,False,-139.87223014867104,True
397,19.34585165977478,left,left,147.35281583925467,32.647184160745326,147.52130058774227,32.478699412257725,10.191280575163162,85.75561072625246,7.618676446565331,6.115376049903203,1.7996361204273228,OK,0.9537445902824402,True,34.57449588387305,40.94082808431574,15.784644767435362,34.57449588387305,35.82418659385695,False,40.94082808431574,42.19881806054143,False,15.784644767435362,16.226692778193645,False,7.618676446565331,7.55271218120613,False,1.7996361204273228,2.29934913030304,False,False,-122.04818799593083,True
398,19.384595155715942,left,left,147.35115473848225,32.64884526151775,148.02126633946673,31.978733660533265,9.740255209049362,86.98501278326424,6.389274389553549,7.395379593298089,3.0796396638222063,OK,0.9546408653259277,True,34.57615698464547,40.44086233259128,15.333619401321561,34.57615698464547,31.00199420303785,False,40.44086233259128,37.58170873198492,False,15.333619401321561,14.757416081140502,False,6.389274389553549,5.474413891421747,False,3.0796396638222063,2.7032876607717014,False,False,-118.02103144234248,True
399,19.427234411239624,left,left,156.24320148673135,23.75679851326865,155.9147866233276,24.085213376672414,7.82635041616886,89.54825436541492,3.8260328074028678,7.046189918180021,2.7304499887041516,OK,0.9559177160263062,True,25.68411023639637,32.54734204873043,13.419714608441058,25.68411023639637,25.943142361926675,False,32.54734204873043,32.42593009367495,False,13.419714608441058,13.090578774353258,False,3.8260328074028678,3.2476056263598223,False,2.7304499887041516,3.3601854162451614,False,False,-126.52017202548663,True
400,19.475398063659668,left,left,160.148265516,19.85173448399999,159.37441123342103,20.62558876657897,6.6613778824775185,92.5725872775044,0.8016998953133907,8.460110877402952,4.144370947927058,OK,0.9569311738014221,True,21.779046207127713,29.087717438636986,12.254742074749718,21.779046207127713,20.371660990347007,False,29.087717438636986,26.691571269763546,False,12.254742074749718,11.200419976243591,False,0.8016998953133907,0.7854289506445383,False,4.144370947927058,4.0950807461825205,False,False,-123.03620150462288,True
401,19.511502265930176,left,left,168.82540922553696,11.174590774463041,169.3492281079577,10.650771892042286,3.0668088275463985,95.77194257985381,-2.3976554070360265,9.362570289820962,5.046830360345069,OK,0.9586039185523987,True,13.101902497590766,19.1129005641003,8.660173019818597,13.101902497590766,14.45657525685902,False,19.1129005641003,20.352585838385245,False,8.660173019818597,9.082493950333268,False,-2.3976554070360265,-1.2347522354408398,False,5.046830360345069,4.421235604247892,False,False,-112.36730770489753,True
402,19.55689549446106,left,left,175.210222697153,4.789777302847,176.19309470729928,3.806905292700719,0.7404865846148132,98.06649410482888,-4.692206932011089,9.789852699589998,5.474112770114118,OK,0.9557356834411621,True,6.717089025974724,12.269033964758734,6.3338507768870125,6.717089025974724,9.540192045545075,False,12.269033964758734,14.411176140394645,False,6.3338507768870125,6.86849472688643,False,-4.692206932011089,-2.7100217118708883,False,5.474112770114118,4.707532343907758,False,False,-97.78173576529423,True
403,19.611941814422607,left,left,176.9265834059222,3.0734165940777984,179.71619349635824,0.2838065036417561,-0.8493749205022476,97.08591871369113,-3.7116315408733414,9.02615388362493,4.710413954149061,OK,0.9532082080841064,True,5.000728317205523,8.74593517569977,4.743989271769951,5.000728317205523,5.345092561765705,False,8.74593517569977,9.072962158188812,False,4.743989271769951,4.81128019510472,False,-3.7116315408733414,-3.5374546758127563,False,4.710413954149061,4.620865274494372,False,False,-73.06924455884399,True
404,19.65180778503418,left,left,179.17488245669892,-0.8251175433010758,174.37816488671942,-5.621835113280582,-3.243645701065326,96.92460174756516,-3.550314574747375,8.47767361647935,4.161933687003483,OK,0.9479184150695801,True,1.1021941798266484,2.8402935587774323,2.349718491206873,1.1021941798266484,2.8472879797602166,False,2.8402935587774323,5.524758492070293,False,2.349718491206873,3.3440724131948385,False,-3.550314574747375,-3.433036307738689,False,4.161933687003483,4.099638208623458,False,False,-46.64387528722436,True
405,19.698641061782837,left,left,178.87623706510314,-1.1237629348968596,173.9345188555498,-6.065481144450189,-3.624694776431031,96.70975209721374,-3.33546492439595,8.026775530336,3.7110356008601286,OK,0.9403954744338989,True,0.8035487882308645,2.3966475276078256,1.9686694158411684,0.8035487882308645,1.7801013155047372,False,2.3966475276078256,3.4586316773418675,False,1.9686694158411684,2.3501481766502956,False,-3.33546492439595,-2.333530899022108,False,3.7110356008601286,3.00514871383528,False,False,-27.187088080222093,True
406,19.757465839385986,left,left,178.6855678644356,-1.3144321355644024,172.9097535614497,-7.0902464385503094,-4.26923008200301,95.24985073948348,-1.87556356666569,6.756434960466389,2.440695030990497,OK,0.9291395545005798,True,0.6128795875633217,1.371882233507705,1.3241341102691893,0.6128795875633217,0.8574040706846008,False,1.371882233507705,1.9086405528884485,False,1.3241341102691893,1.6232428876401486,False,-1.87556356666569,-1.1305043060062387,False,2.440695030990497,1.7025107114425395,False,False,-12.167603506986833,True
407,19.811975479125977,left,left,179.4538439815696,-0.5461560184303949,173.4762712190586,-6.523728780941411,-4.229134598107904,92.56896706124597,0.8053201115718167,4.317405225649108,0.0016652961732290805,OK,0.9181516170501709,True,1.3811557046973293,1.9383998911166032,1.3642295941642955,1.3811557046973293,0.9032345873735835,False,1.9383998911166032,1.7138858277398186,False,1.3642295941642955,1.4467435553770842,False,0.8053201115718167,0.5993084040686938,False,0.0016652961732290805,0.03678391094214817,False,False,-1.6926968214426217,True
408,19.855656623840332,left,left,178.45993036997712,-1.5400696300228844,172.53385088137466,-7.466149118625339,-4.483901365552983,91.07078574861178,2.3035014242060043,2.5129638716612503,-1.80277605781464,OK,0.909282386302948,True,0.3872420931048397,0.9959795534326759,1.1094628267192164,0.3872420931048397,1.1478743756719214,False,0.9959795534326759,1.7487806814887392,False,1.1094628267192164,1.4017840852571466,False,2.3035014242060043,2.332573174218095,False,-1.80277605781464,-1.5316953947777676,False,False,4.621733791328772,True
409,19.90306544303894,left,left,179.40403504014384,-0.5959649598561612,173.40439126097627,-6.5956087390237315,-4.126142362380647,88.2755381971905,5.098748975627288,0.1490396139774079,-4.166700315498474,OK,0.9010370373725891,True,1.331346763271563,1.866519933034283,1.4672218298915523,1.331346763271563,1.5269023912029982,False,1.866519933034283,2.1380575648576325,False,1.4672218298915523,1.544020352852278,False,5.098748975627288,3.7876203417579886,False,-4.166700315498474,-2.8547551625603433,False,False,11.61655787586475,True
410,19.95329713821411,left,left,179.90056399340517,0.09943600659482854,174.10899312429441,-5.891006875705585,-3.84949212703072,88.04342824646673,5.3308589263510555,0.18437900173642338,-4.1313609277394505,OK,0.8969042897224426,True,2.026747729722553,2.571121796352429,1.7438720652414794,2.026747729722553,1.9343668363776376,False,2.571121796352429,2.6050580944581383,False,1.7438720652414794,1.7037387798915105,False,5.3308589263510555,4.536237143099027,False,-4.1313609277394505,-3.5031896212880214,False,False,20.367866838071752,True
411,20.000304222106934,left,left,179.41929205790902,0.5807079420909815,174.85613797829416,-5.143862021705843,-3.5580487440273534,87.97461490178401,5.399672271033779,0.1411361215535088,-4.174603807922381,OK,0.8929218053817749,True,2.508019665218706,3.3182666503521716,2.035315448244846,2.508019665218706,2.6633943676130345,False,3.3182666503521716,3.3829086555544223,False,2.035315448244846,1.9347576528326322,False,5.399672271033779,4.950610069186274,False,-4.174603807922381,-3.7353667042950294,False,False,34.30088606578452,True
412,20.037399291992188,left,left,178.5088337925572,1.4911662074428023,175.81127386706112,-4.188726132938882,-3.4305424629117414,88.82588305454078,4.548404118277006,1.0752329320107217,-3.240506997465161,OK,0.8908035755157471,True,3.4184779305705266,4.273402539119132,2.162821729360458,3.4184779305705266,4.05884103826632,False,4.273402539119132,4.833533003157072,False,2.162821729360458,2.346607798516146,False,4.548404118277006,5.055531712554742,False,-3.240506997465161,-3.4836158789293394,False,False,57.6854000788274,True
413,20.081501007080078,left,left,177.8949319738459,2.1050680261541004,176.42310368685608,-3.5768963131439193,-3.328807000847373,88.99892111817555,4.375366054642242,1.3520784566262103,-2.9636614728496795,OK,0.8890495300292969,True,4.032379749281825,4.885232358914095,2.264557191424826,4.032379749281825,6.646667850959096,False,4.885232358914095,7.6562888871839165,False,2.264557191424826,3.2123276781662975,False,4.375366054642242,5.373145136572529,False,-2.9636614728496795,-3.1704384946310484,False,False,81.89999906647688,True
414,20.121244430541992,left,left,173.61873160658973,6.3812683934102665,179.34248700101048,0.6575129989895174,-2.0668916339630763,87.75092998034816,5.623357192469626,1.4077937408058605,-2.9079461886700244,OK,0.8879182934761047,True,8.308580116537991,9.119641671047532,3.526472558309123,8.308580116537991,10.318817757749406,False,9.119641671047532,11.531188313746515,False,3.526472558309123,4.358144031837325,False,5.623357192469626,5.899273523374748,False,-2.9079461886700244,-2.7535000475345384,False,False,93.76374970375812,True
415,20.156775951385498,left,left,166.9614299299413,13.03857007005871,171.77722745557136,8.222772544428636,0.4791072712200348,86.4553611263778,6.918926046439992,1.7502659232278948,-2.565474006247996,OK,0.8876502513885498,True,14.965881793186435,16.68490121648665,6.072471463492234,14.965881793186435,15.794204734486225,False,16.68490121648665,16.812635632148226,False,6.072471463492234,5.840748035230965,False,6.918926046439992,6.509232244028868,False,-2.565474006247996,-1.6869151064599124,False,False,102.87572858710993,True
416,20.219791412353516,left,left,161.05854252395747,18.94145747604253,165.76936488889285,14.230635111107148,2.171033024327782,85.34397296777291,8.030314205044874,2.2258283570360633,-2.0899115724398314,OK,0.8884980082511902,True,20.868769199170252,22.692763783165162,7.764397216599981,20.868769199170252,21.818259686369355,False,22.692763783165162,22.66522432795145,False,7.764397216599981,7.521919458478473,False,8.030314205044874,6.919047755396281,False,-2.0899115724398314,-0.24409293849991515,False,False,111.86868995813123,True
417,20.292680025100708,left,left,151.1318989088731,28.868101091126903,157.78148954093032,22.218510459069677,3.9824775540564636,85.77608945127018,7.598197721547606,6.408157637383864,2.0924177079079698,OK,0.8884862065315247,True,30.795412814254625,30.68063913112769,9.575841746328663,30.795412814254625,27.46391278500915,False,30.68063913112769,28.276100163442095,False,9.575841746328663,9.19622003054999,False,7.598197721547606,7.72771330505937,False,2.0924177079079698,0.656319347057655,False,False,108.69839492999577,True
418,20.33635449409485,left,left,147.77465721443025,32.22534278556975,154.3139528341278,25.686047165872196,5.077050115390167,86.94984356133848,6.424443611479305,8.56618929642618,4.250449366950306,OK,0.8915622234344482,True,34.15265450869747,34.14817583793021,10.670414307662366,34.15265450869747,31.918421374847327,False,34.14817583793021,32.73744831352023,False,10.670414307662366,10.507371649657893,False,6.424443611479305,8.324175497764026,False,4.250449366950306,1.3641692132209413,False,False,97.99004405462543,True
419,20.372228145599365,left,left,145.39046611339077,34.60953388660923,151.28810782355725,28.711892176442745,6.304611226394505,83.70760223203271,9.666684940785075,5.909855168593698,1.5941152391178264,OK,0.8933351635932922,True,36.53684560973695,37.17402084850076,11.897975418666704,36.53684560973695,36.84392459864679,False,37.17402084850076,37.38883816082798,False,11.897975418666704,11.685775176373976,False,9.666684940785075,8.634132124804319,False,1.5941152391178264,2.5067294893884595,False,False,98.32290540025716,True
420,20.41320538520813,left,left,144.6888869807504,35.3111130192496,149.47048670518066,30.52951329481934,7.03486536675955,83.47305016285452,9.901237009963268,5.289515254044322,0.973775324568436,OK,0.8987120389938354,True,37.238424742377326,38.99164196687735,12.628229559031748,37.238424742377326,39.9965132403202,False,38.99164196687735,40.705250147386224,False,12.628229559031748,12.682312509099699,False,9.901237009963268,9.00514031016883,False,0.973775324568436,2.9684352918648473,False,False,99.37096564115072,True
421,20.45398497581482,left,left,136.43102640496016,43.568973595039836,142.51241565235412,37.48758434764588,8.063050657908207,83.79418983257145,9.58009734024634,7.938629737873634,3.6228898083977583,OK,0.905184268951416,True,45.49628531816756,45.94971301970389,13.656414850180406,45.49628531816756,43.33966722116062,False,45.94971301970389,44.14221516997682,False,13.656414850180406,13.683232805204431,False,9.58009734024634,10.427472349266868,False,3.6228898083977583,2.4532125071213615,False,False,92.37518612658218,True
422,20.49683451652527,left,left,135.36895570050604,44.631044299493965,141.19942960813913,38.80057039186087,8.965164217685071,83.92104852444763,9.45323864837016,8.716686649765789,4.400946720289909,OK,0.911719560623169,True,46.55835602262169,47.26269906391889,14.55852840995727,46.55835602262169,47.45606935602652,False,47.26269906391889,48.10203056383962,False,14.55852840995727,14.676448109250249,False,9.45323864837016,11.53180013830838,False,4.400946720289909,2.498686763128768,False,False,85.21291868490732,True
423,20.541768789291382,left,left,131.05888731022816,48.94111268977184,137.1291277211748,42.8708722788252,10.081651595913838,79.8381833658483,13.536103806969493,5.990075372708758,1.6743354432328772,OK,0.9178096055984497,True,50.868424412899564,51.33300095088322,15.675015788186037,50.868424412899564,51.95440980175731,False,51.33300095088322,52.359634954721784,False,15.675015788186037,15.812753915997732,False,13.536103806969493,12.721512441558673,False,1.6743354432328772,2.6860163214745967,False,False,82.62392949848459,True
424,20.59028697013855,left,left,124.80845543906126,55.19154456093874,131.48903085424328,48.51096914575672,11.270687746623583,78.18596328682514,15.188323885992645,6.1372264486307415,1.8214865191548597,OK,0.9237877726554871,True,57.11885628406646,56.97309781781473,16.864051938895784,57.11885628406646,55.428150979408635,False,56.97309781781473,56.291914901883466,False,16.864051938895784,17.176999066416318,False,15.188323885992645,14.009871887286304,False,1.8214865191548597,2.3033632566551887,False,False,74.65500329231081,True
425,20.633628845214844,left,left,122.19718475209642,57.80281524790358,128.1824647507698,51.81753524923019,12.716394400496966,77.52448864660306,15.849798526214727,6.226163045773446,1.9104231162975793,OK,0.9293420314788818,True,59.730126971031304,60.279663921288204,18.309758592769164,59.730126971031304,58.67199114613793,False,60.279663921288204,60.13402665460309,False,18.309758592769164,18.517901510260742,False,15.849798526214727,15.307342328926563,False,1.9104231162975793,1.7485236728690154,False,False,66.88306456274613,True
426,20.68960690498352,left,left,119.06232051670356,60.937679483296435,122.85101591654572,57.14898408345428,14.884276410001144,77.3523926039333,16.02189456888449,6.025364413776596,1.7096244843007184,OK,0.9350091814994812,True,62.86499120642416,65.6111127555123,20.477640602273343,62.86499120642416,61.79380853962109,False,65.6111127555123,63.94427603596264,False,20.477640602273343,19.76990872831002,False,16.02189456888449,16.185938365662892,False,1.7096244843007184,1.4335028663055767,False,False,62.67565279202613,True
427,20.740283489227295,left,left,119.14975486685958,60.85024513314042,121.98887084454104,58.01112915545896,15.66967643690718,77.43369631624633,15.940590856571461,5.942488730834933,1.6267488013590423,OK,0.9391118288040161,True,62.77755685626814,66.47325782751697,21.26304062917938,62.77755685626814,63.96690006110318,False,66.47325782751697,66.71516759506738,False,21.26304062917938,20.76722057546105,False,15.940590856571461,17.27185331208603,False,1.6267488013590423,0.747099729410803,False,False,62.347497943829396,True
428,20.77881169319153,left,left,115.44980034281237,64.55019965718763,118.07788081437705,61.92211918562295,16.34168768616024,75.44520318216665,17.929083990651137,4.4149713398915695,0.09923141041568329,OK,0.9424371719360352,True,66.47751138031536,70.38424785768096,21.93505187843244,66.47751138031536,66.72442641424354,False,70.38424785768096,69.94941107018548,False,21.93505187843244,21.624985230147928,False,17.929083990651137,18.48437737974944,False,0.09923141041568329,-0.08437680554345092,False,False,65.12700890563028,True
429,20.818491458892822,left,left,113.9429978316508,66.0570021683492,117.63457305871951,62.36542694128049,16.25724698237872,72.75638855470945,20.61789861810834,2.7052107641568726,-1.610529165319008,OK,0.9456018209457397,True,67.98431389147693,70.8275556133385,21.850611174650922,67.98431389147693,69.0642695240999,False,70.8275556133385,72.26626391077755,False,21.850611174650922,22.13773729914418,False,20.61789861810834,19.46997943032222,False,-1.610529165319008,-0.5342365178557088,False,False,72.05474573358397,True
430,20.864615201950073,left,left,108.40955298639457,71.59044701360543,112.01124737517938,67.98875262482062,17.005217673931362,71.46186830828603,21.91241886453176,2.068780371002187,-2.2469595584736908,OK,0.9485476016998291,True,73.51775873673316,76.45088129687863,22.59858186620356,73.51775873673316,73.05101551309289,False,76.45088129687863,75.88614338288315,False,22.59858186620356,22.645405431557872,False,21.91241886453176,20.567249302547935,False,-2.2469595584736908,-0.7569717407803296,False,False,80.27760357825957,True
431,20.91300654411316,left,left,107.36310496742185,72.63689503257815,111.26675171358538,68.73324828641462,17.448036754982386,72.4243823510694,20.94990482174839,3.7760658522153054,-0.539674077260571,OK,0.9511641263961792,True,74.56420675570588,77.19537695847264,23.041400947254587,74.56420675570588,76.63690099153668,False,77.19537695847264,78.84812183609237,False,23.041400947254587,23.005617621149433,False,20.94990482174839,21.383130075005777,False,-0.539674077260571,-0.5887332984120519,False,False,91.80005861745194,True
432,20.964833974838257,left,left,99.21602492189453,80.78397507810547,103.88947348401297,76.11052651598703,18.20801709897565,71.94734695511774,21.42694021770005,4.828812616211821,0.5130726867359385,OK,0.9525362253189087,True,82.7112868012332,84.57265518804505,23.80138129124785,82.7112868012332,81.50156222489069,False,84.57265518804505,83.11902550844283,False,23.80138129124785,23.55526117746175,False,21.42694021770005,21.543513677785203,False,0.5130726867359385,0.394284216124413,False,False,99.99680018424517,True
433,21.011432647705078,left,left,97.5203729505935,82.4796270494065,103.26798854833096,76.73201145166904,18.142748634118043,71.36579931987744,22.00848785294035,5.256163551732944,0.9404236222570717,OK,0.9543618559837341,True,84.40693877253423,85.19414012372705,23.73611282639024,84.40693877253423,86.44462729862391,False,85.19414012372705,87.20505636290162,False,23.73611282639024,23.953535246821577,False,22.00848785294035,21.77411986924365,False,0.9404236222570717,1.418986313300195,False,False,99.8935304526021,True
434,21.047229528427124,left,left,89.61969166488073,90.38030833511927,96.28005469696727,83.71994530303273,19.00546476394033,71.95447054081232,21.419816632005464,7.620298336839208,3.3045584073633165,OK,0.9571070075035095,True,92.307620058247,92.18207397509074,24.59882895621253,92.307620058247,91.31141398074878,False,92.18207397509074,91.03052811442846,False,24.59882895621253,24.135544543304448,False,21.419816632005464,22.266502121717405,False,3.3045584073633165,2.149928287907335,False,False,98.37043779133228,True
435,21.094083309173584,left,left,83.69422761772852,96.30577238227148,91.58109310288536,88.41890689711464,18.996588020730474,70.3088373509938,23.06544982182399,7.192290856881106,2.8765509274052192,OK,0.9587375521659851,True,98.23308410539921,96.88103556917265,24.589952213002675,98.23308410539921,95.16071905641337,False,96.88103556917265,94.4259236433675,False,24.589952213002675,24.55689831454297,False,23.06544982182399,22.053800682710513,False,2.8765509274052192,3.237893044878308,False,False,89.27690986425814,True
436,21.138659715652466,left,left,83.02917155679748,96.97082844320252,92.13939295595112,87.86060704404888,18.35808323739675,69.96247108870061,23.411816084117177,7.43077572525101,3.1150357957751282,OK,0.9597216844558716,True,98.89814016633025,96.32273571610689,23.951447429668953,98.89814016633025,98.62674918527571,False,96.32273571610689,97.73997632640851,False,23.951447429668953,25.03452496887076,False,23.411816084117177,21.686601753044677,False,3.1150357957751282,4.234696074693278,False,False,72.66910942369188,True
437,21.176910400390625,left,left,79.9694995435716,100.0305004564284,86.91249583931786,93.08750416068214,20.314785955168237,73.0108541501522,20.36343302266559,10.26863640106669,5.952896471590805,OK,0.9609401822090149,True,101.95781217955613,101.54963283274016,25.908150147440438,101.95781217955613,101.47819466700665,False,101.54963283274016,100.55083069074252,False,25.908150147440438,25.30437269413429,False,20.36343302266559,21.537887240865253,False,5.952896471590805,4.693849429533162,False,False,60.53718381861938,True
438,21.217692613601685,left,left,80.19022230628178,99.80977769371822,86.69772513312594,93.30227486687406,20.530881905756992,73.20179396820663,20.172493204611158,10.240178700807803,5.924438771331921,OK,0.9623852968215942,True,101.73708941684595,101.76440353893207,26.12424609802919,101.73708941684595,102.85672815274884,False,101.76440353893207,102.21597936299517,False,26.12424609802919,25.555876737267205,False,20.172493204611158,21.677117526282053,False,5.924438771331921,4.5195080007388295,False,False,59.103894661799565,True
439,21.26523447036743,left,left,75.36246425622605,104.63753574377395,82.22578287529724,97.77421712470276,20.354703390257985,72.69804310170944,20.676244071108343,9.916065111038627,5.600325181562738,OK,0.9617891311645508,True,106.56484746690168,106.23634579676077,25.948067582530186,106.56484746690168,105.09529590928578,False,106.23634579676077,104.83689568628024,False,25.948067582530186,25.979137217500522,False,20.676244071108343,21.962798096942823,False,5.600325181562738,4.274739343563238,False,False,61.26619811801231,True
440,21.313929319381714,left,left,76.80156018901751,103.19843981098249,83.25534974162208,96.74465025837792,20.254108236395066,69.6126859239098,23.761601248907994,6.320583712909438,2.0048437834335573,OK,0.9630479216575623,True,105.12575153411022,105.20677893043593,25.847472428667267,105.12575153411022,107.8719795832495,False,105.20677893043593,107.49786823181202,False,25.847472428667267,26.048778294311138,False,23.761601248907994,22.713398190964032,False,2.0048437834335573,3.7094914547845748,False,False,72.47050797721492,True
441,21.358498573303223,left,left,71.83633277411279,108.16366722588721,79.03481133952573,100.96518866047427,20.47438563856333,68.53406823539676,24.840218937421028,6.206932439373039,1.8911925098971665,OK,0.9638010859489441,True,110.09097894901494,109.42731733253228,26.06774983083553,110.09097894901494,111.75461735383783,False,109.42731733253228,110.92583015547686,False,26.06774983083553,26.02493408349124,False,24.840218937421028,22.70860581875897,False,1.8911925098971665,4.145115463093219,False,False,88.32996376580836,True
442,21.407499313354492,left,left,66.08608117375299,113.91391882624701,73.60763311165891,106.39236688834109,20.662991339221303,69.25785368004615,24.116433492771634,7.4423969571733855,3.1266570276974903,OK,0.9633816480636597,True,115.84123054937474,114.8544955603991,26.256355531493504,115.84123054937474,115.99499375778768,False,114.8544955603991,114.43480714906923,False,26.256355531493504,25.823928633037866,False,24.116433492771634,21.886922922181945,False,3.1266570276974903,5.497192319574367,False,False,95.92282824801005,True
443,21.446327209472656,left,left,60.77703345334018,119.22296654665982,69.55791551480175,110.44208448519825,20.411660851657516,73.22575582923194,20.148531343585844,12.418298742351038,8.102558812875145,OK,0.9614275097846985,True,121.15027826978755,118.90421315725627,26.005025043929713,121.15027826978755,121.04699172548904,False,118.90421315725627,118.78908344223035,False,26.005025043929713,25.74278924810717,False,20.148531343585844,20.833062538076675,False,8.102558812875145,7.167634993289175,False,False,94.7523882049758,True
444,21.49232053756714,left,left,54.16058223647674,125.83941776352326,64.68089790733544,115.31910209266456,19.349676137991114,76.80645758459457,16.56782958822322,16.676449393444365,12.360709463968476,OK,0.96101975440979,True,127.76672948665099,123.78123076472258,24.943040330263315,127.76672948665099,125.93820659780002,False,123.78123076472258,123.37945022850394,False,24.943040330263315,25.829562229268117,False,16.56782958822322,19.602443223336515,False,12.360709463968476,8.785875375227642,False,False,88.73822936115899,True
445,21.541584968566895,left,left,51.54157035051076,128.45842964948923,61.48396827581649,118.5160317241835,19.848411311741593,74.88198784443614,18.492299328381648,14.672797081483465,10.357057152007599,OK,0.9581946730613708,True,130.38574137261696,126.97816039624152,25.44177550401379,130.38574137261696,129.5052626530051,False,126.97816039624152,126.70273278904918,False,25.44177550401379,25.834224415908096,False,18.492299328381648,18.57345186181699,False,10.357057152007599,10.063302418047021,False,False,77.34668992587663,True
446,21.59683847427368,left,left,47.38025841255795,132.61974158744204,56.08297740815772,123.91702259184228,20.90825054436805,74.68716480909755,18.687122363720235,14.298134349065366,9.982394419589497,OK,0.9518362879753113,True,134.54705331056977,132.3791512639003,26.50161473664025,134.54705331056977,132.8583584849322,False,132.3791512639003,130.14501891770587,False,26.50161473664025,26.009071778579447,False,18.687122363720235,18.32598653396912,False,9.982394419589497,10.396424811836635,False,False,62.67740669688369,True
447,21.63848114013672,left,left,48.25080089772754,131.74919910227246,56.99122030893281,123.00877969106719,20.68630227242123,74.40281048764378,18.97147668517401,13.829532171270282,9.513792241794391,OK,0.9468833208084106,True,133.6765108254002,131.4709083631252,26.279666464693427,133.6765108254002,135.09942854460004,False,131.4709083631252,132.74029013206342,False,26.279666464693427,26.36168267427758,False,18.97147668517401,19.06588715633508,False,9.513792241794391,9.654933930479121,False,False,51.08373928378287,True
448,21.68162989616394,left,left,44.01155429370461,135.98844570629538,52.346484871518165,127.65351512848184,21.28589766501426,74.46308246847128,18.911204704346503,14.083910711299094,9.768170781823216,OK,0.9381788969039917,True,137.9157574294231,136.11564380053986,26.87926185728646,137.9157574294231,137.42805314776297,False,136.11564380053986,135.26288083173364,False,26.87926185728646,26.5569459931723,False,18.911204704346503,19.533987853909125,False,9.768170781823216,9.188130455292491,False,False,39.266899960913676,True
449,21.721484422683716,left,left,42.95523193813759,137.0447680618624,51.704541835547836,128.29545816445216,21.11273061648177,73.10695447276478,20.267332700053004,12.968994986656792,8.6532550571809,OK,0.9304547309875488,True,138.97207978499014,136.75758683651017,26.706094808753967,138.97207978499014,138.95939159381368,False,136.75758683651017,136.72090169838376,False,26.706094808753967,26.572354412862364,False,20.267332700053004,20.036052852046247,False,8.6532550571809,8.77479145624605,False,False,22.762758859662927,True
450,21.762239694595337,left,left,39.89844733469608,140.10155266530393,48.87101477746532,131.12898522253468,20.824727906215177,72.54148435656592,20.83280281625187,12.338779705550339,8.023039776074455,OK,0.9269614815711975,True,142.02886438843166,139.5911138945927,26.418092098487378,142.02886438843166,139.9950940376025,False,139.5911138945927,137.71950587721318,False,26.418092098487378,26.68574146196654,False,20.83280281625187,20.264417362260453,False,8.023039776074455,8.696912260095399,False,False,-2.8819020855250073,True
451,21.810443878173828,left,left,39.72356618230433,140.27643381769568,48.79287307490715,131.20712692509284,20.985292642818408,72.17683981841195,21.19744735440584,12.231439353833174,7.915699424357285,OK,0.920642077922821,True,142.2037455408234,139.66925559715085,26.578656835090605,142.2037455408234,139.36665309257947,False,139.66925559715085,137.13574260579117,False,26.578656835090605,26.745913559157078,False,21.19744735440584,20.62277504425243,False,7.915699424357285,8.354049001692925,False,False,-35.19654170073086,True
452,21.848430633544922,left,left,43.07228867878356,136.92771132121644,51.99819941478572,128.00180058521428,21.253237517942118,73.26098793657275,20.11329923624504,13.440136190517016,9.124396261041142,OK,0.9153046607971191,True,138.85502304434416,136.4639292572723,26.846601710214316,138.85502304434416,138.00779825378797,False,136.4639292572723,136.06763891171585,False,26.846601710214316,26.93943662764924,False,20.11329923624504,20.72529591934593,False,9.124396261041142,8.15430005037544,False,False,-71.37879034528547,True
453,21.88940119743347,left,left,47.15375901881978,132.84624098118022,55.26530122862817,124.73469877137182,21.586758150966936,72.67129405851139,20.702993114306395,12.36959441928672,8.053854489810846,OK,0.9123863577842712,True,134.77355270430795,133.19682744342984,27.180122343239134,134.77355270430795,133.2583947910733,False,133.19682744342984,131.64187672799534,False,27.180122343239134,27.135546410768647,False,20.702993114306395,20.708166107495664,False,8.053854489810846,8.043898366350941,False,False,-102.5039025217399,True
454,21.93712019920349,left,left,49.749506132094986,130.25049386790502,57.04506030592447,122.95493969407553,22.080345958942573,72.5943500972973,20.779937075520493,11.970250230069349,7.654510300593472,OK,0.9110370874404907,True,132.17780559103275,131.41706836613355,27.67371015121477,132.17780559103275,127.75107100323756,False,131.41706836613355,126.43698230591545,False,27.67371015121477,27.27999097654081,False,20.779937075520493,20.418341420794814,False,7.654510300593472,8.175738253068108,False,False,-127.07577442953114,True
455,21.977304220199585,left,left,63.645464648269545,116.35453535173045,70.99982569606792,109.00017430393208,21.805276821812235,72.62713341581723,20.74715375700056,11.786771285427838,7.471031355951965,OK,0.9127579927444458,True,118.28184707485818,117.4623029759901,27.398641014084433,118.28184707485818,120.63293572599908,False,117.4623029759901,119.58100997269939,False,27.398641014084433,27.177931202200284,False,20.74715375700056,19.964305441327944,False,7.471031355951965,8.265551514172028,False,False,-150.39084842131393,True
456,22.036516904830933,left,left,67.26018512148299,112.73981487851701,74.81734518530658,105.18265481469342,21.70751547167919,73.6259632519162,19.748323920901584,12.89063878741899,8.574898857943111,OK,0.9152132272720337,True,114.66712660164474,113.64478348675144,27.30087966395139,114.66712660164474,114.43704902318677,False,113.64478348675144,113.64802043236287,False,27.30087966395139,27.029836130571613,False,19.748323920901584,18.50836777984683,False,8.574898857943111,9.310496941548688,False,False,-165.3655721137067,True
457,22.079546451568604,left,left,78.66296506497595,101.33703493502405,86.27806108086598,93.72193891913402,20.742938646239498,75.53116783390709,17.843119338910697,13.88920249603662,9.57346256656075,OK,0.9201946258544922,True,103.26434665815178,102.18406759119203,26.3363028385117,103.26434665815178,106.66734832689579,False,102.18406759119203,106.11136637317875,False,26.3363028385117,26.694135967885465,False,17.843119338910697,16.463425765157105,False,9.57346256656075,10.786692156445412,False,False,-172.32993698163324,True
458,22.11579656600952,left,left,78.1331925328813,101.8668074671187,84.9302489303108,95.0697510696892,20.84628279282357,79.95098236591697,13.423304806900816,17.594321556170023,13.278581626694148,OK,0.9230095744132996,True,103.79411919024643,103.53187974174722,26.43964698509577,103.79411919024643,99.4310993720958,False,103.53187974174722,99.13206803986496,False,26.43964698509577,26.218890735559597,False,13.423304806900816,15.073486395081394,False,13.278581626694148,11.444435672709028,False,False,-180.5270472049343,True
459,22.1621150970459,left,left,88.59800961354992,91.40199038645008,94.7283306018451,85.2716693981549,20.401845145511857,82.81906017074593,10.55522700207186,19.351226304552966,15.035486375077085,OK,0.9274565577507019,True,93.32930210957781,93.73379807021291,25.995209337784054,93.32930210957781,91.14084461168065,False,93.73379807021291,91.41836269769416,False,25.995209337784054,25.544085014972293,False,10.55522700207186,13.807000345929723,False,15.035486375077085,11.459566583029027,False,False,-188.20011109123644,True
460,22.20585060119629,left,left,99.82670942226949,80.17329057773051,105.89631736263678,74.10368263736322,19.429050660182874,79.57683026619577,13.797456906622017,15.07548886674593,10.759748937270047,OK,0.9327678680419922,True,82.10060230085824,82.56581130942124,25.02241485245507,82.10060230085824,82.9082525190721,False,82.56581130942124,84.33017092222595,False,25.02241485245507,24.86875243182272,False,13.797456906622017,12.566830045950965,False,10.759748937270047,10.880003982717891,False,False,-182.15767957838563,True
461,22.249736070632935,left,left,108.71145892355878,71.28854107644122,113.38587189616054,66.61412810383946,18.333486868742664,79.95839349767456,13.415893675143224,12.96629333901899,8.650553409543107,OK,0.9382431507110596,True,73.21585279956895,75.07625677589748,23.926851061014865,73.21585279956895,74.59664762510829,False,75.07625677589748,76.86923119197598,False,23.926851061014865,24.119403649758148,False,13.415893675143224,12.29361122693975,False,8.650553409543107,9.553208855950697,False,False,-168.74203630380347,True
462,22.2926127910614,left,left,119.82592552801871,60.174074471981285,121.71901995820713,58.28098004179287,17.366275730491648,81.73201933380088,11.64226783901691,10.991389494480956,6.675649565005074,OK,0.9430356621742249,True,62.10138619510901,66.74310871385089,22.95963992276385,62.10138619510901,66.68092993424088,False,66.74310871385089,70.0004689270563,False,22.95963992276385,23.13251964430183,False,11.64226783901691,12.107113302341949,False,6.675649565005074,7.705867349144444,False,False,-153.83621787965222,True
463,22.338457107543945,left,left,119.69121700270026,60.308782997299744,122.2349475815606,57.765052418439396,17.099538882500692,81.31707646097304,12.057210711844746,10.960345922334069,6.644605992858175,OK,0.9474707245826721,True,62.23609472042747,66.22718109049741,22.692903074772893,62.23609472042747,60.48642896363644,False,66.22718109049741,64.66601422013268,False,22.692903074772893,22.110272430701734,False,12.057210711844746,11.151075675409752,False,6.644605992858175,6.779611498795748,False,False,-139.009162559598,True
464,22.391181230545044,left,left,128.17659806788703,51.82340193211297,129.07214192644352,50.92785807355648,15.467425118230254,83.75154979373494,9.62273737908285,10.114518770521693,5.7987788410458165,OK,0.9513872861862183,True,53.750713655240695,59.38998674561449,21.060789310502454,53.750713655240695,54.68168268352965,False,59.38998674561449,59.52365638363034,False,21.060789310502454,20.91215848421195,False,9.62273737908285,10.24412359808596,False,5.7987788410458165,5.826061186025311,False,False,-129.4036126656152,True
465,22.429555654525757,left,left,130.7992142752916,49.200785724708396,132.56859089725486,47.431409102745135,14.317814592182408,84.35701840085676,9.017268771961028,10.444209615002451,6.128469685526568,OK,0.955154538154602,True,51.12809744783612,55.89353777480315,19.911178784454606,51.12809744783612,50.515354209188004,False,55.89353777480315,55.51798562644136,False,19.911178784454606,19.728899378018664,False,9.017268771961028,9.969733915686826,False,6.128469685526568,4.756534045078479,False,False,-130.23778051093421,True
466,22.476300716400146,left,left,137.73519032409274,42.26480967590726,139.09766107867227,40.902338921327726,12.342917136293742,84.49315388429352,8.881133288524268,8.1985417751668,3.8828018456909206,OK,0.9572153091430664,True,44.19212139903498,49.36446759338574,17.93628132856594,44.19212139903498,44.806926319471344,False,49.36446759338574,50.308048658467314,False,17.93628132856594,18.23188975921355,False,8.881133288524268,9.104270715498965,False,3.8828018456909206,3.626496704718613,False,False,-137.7699165242394,True
467,22.51571035385132,left,left,140.65756789972698,39.342432100273015,141.74737374415201,38.252626255847986,11.449980199525223,83.10396774579655,10.270319427021235,5.643753789746799,1.3280138602709144,OK,0.9584019780158997,True,41.26974382340074,46.714754927906,17.043344391797422,41.26974382340074,38.771798905207255,False,46.714754927906,44.45368664572826,False,17.043344391797422,16.487218895436918,False,10.270319427021235,7.931889199139363,False,1.3280138602709144,2.8734419557765536,False,False,-148.24285428191664,True
468,22.560163497924805,left,left,148.23335645128353,31.766643548716473,148.28463242143079,31.715367578569214,9.614490788475127,85.64439246191235,7.729894710905441,5.310159220534721,0.994419291058847,OK,0.9583349823951721,True,33.693955271844196,40.17749625062723,15.207854980747326,33.693955271844196,30.854874955341757,False,40.17749625062723,37.16217482960015,False,15.207854980747326,14.378531766740604,False,7.729894710905441,5.8066384373240565,False,0.994419291058847,2.2645934551581606,False,False,-159.10935583512395,True
469,22.61369037628174,left,left,158.3522351392075,21.647764860792506,158.34395199013883,21.656048009861166,6.744070799347102,89.61345737553295,3.760829797284842,6.349245025811385,2.0335050963355172,OK,0.9581592679023743,True,23.57507658392023,30.11817668191918,12.3374349916193,23.57507658392023,23.322119912905734,False,30.11817668191918,29.781208943555022,False,12.3374349916193,12.089924721535878,False,3.760829797284842,3.235098404697223,False,2.0335050963355172,2.3957372861893704,False,False,-157.6049291136233,True
470,22.654984712600708,left,left,170.3838340246191,9.616165975380909,169.02614997789544,10.973850022104557,3.774378948700847,94.98327220993329,-1.6089850371155023,7.399967111910477,3.084227182434603,OK,0.9575207829475403,True,11.543477698508633,19.43597869416257,9.367743140973046,11.543477698508633,15.98565247888887,False,19.43597869416257,22.444239112314484,False,9.367743140973046,9.78151348168723,False,-1.6089850371155023,0.1644896211155981,False,3.084227182434603,3.1584372271460097,False,False,-139.4201289895331,True
471,22.696503400802612,left,left,175.39896553627284,4.60103446372716,176.00249050889792,3.997509491102079,0.8998819102700989,97.35085404742769,-3.976566874609901,8.854260930322853,4.53852100084697,OK,0.9566596746444702,True,6.528346186854884,12.459638163160093,6.493246102542298,6.528346186854884,9.329722136624042,False,12.459638163160093,15.305311587811882,False,6.493246102542298,7.428321662216154,False,-3.976566874609901,-2.3600600238193663,False,4.53852100084697,3.8127922348476715,False,False,-114.80204564581643,True
472,22.742571353912354,left,left,177.33990506981132,2.660094930188677,178.43222290035467,1.5677770996453262,-0.09207599971802374,98.45701166370468,-5.082724490886889,9.457253494530006,5.141513565054112,OK,0.9500285387039185,True,4.5874066533164015,10.02990577170334,5.501288192554176,4.5874066533164015,4.751632002378846,False,10.02990577170334,10.030303792928532,False,5.501288192554176,5.523784466804882,False,-5.082724490886889,-3.828328584576613,False,5.141513565054112,4.073441260831794,False,False,-85.88457231045467,True
473,22.784931898117065,left,left,178.48699183739234,-1.5130081626076617,176.02072995605621,-3.979270043943785,-2.151468308880246,98.26714068658717,-4.892853513769381,8.581934259043045,4.266194329567156,OK,0.939487874507904,True,0.41430356052006245,4.482858628114229,3.441895883391953,0.41430356052006245,2.6100812360822663,False,4.482858628114229,6.803692738862577,False,3.441895883391953,4.109999931125758,False,-4.892853513769381,-4.358476438333429,False,4.266194329567156,4.274864866678859,False,False,-51.71131284884565,True
474,22.829394340515137,left,left,178.75731418956653,-1.2426858104334713,175.2810090354444,-4.718990964555587,-2.778615177709265,96.95480017931918,-3.5805130065013913,7.6524901557320195,3.336750226256129,OK,0.9293425679206848,True,0.6846259126942529,3.7431377075024272,2.8147490145629344,0.6846259126942529,1.5017055337217586,False,3.7431377075024272,4.881689434368781,False,2.8147490145629344,3.2113726729253864,False,-3.5805130065013913,-4.275116356633811,False,3.336750226256129,4.106505128912159,False,False,-23.5443103830705,True
475,22.881256341934204,left,left,178.908412143898,-1.0915878561019952,174.84079475177478,-5.15920524822522,-3.294543729694771,97.63401147871737,-4.2597243058995815,8.407085141145817,4.091345211669932,OK,0.9208125472068787,True,0.835723867025729,3.3029234238327945,2.2988204625774284,0.835723867025729,1.1007128460253968,False,3.3029234238327945,3.534898064230191,False,2.2988204625774284,2.475119329911318,False,-4.2597243058995815,-3.5853039664191755,False,4.091345211669932,3.6262380781256867,False,False,-7.3888489882428345,True
476,22.931929349899292,left,left,179.05915595192462,-0.9408440480753768,174.3874929686331,-5.612507031366903,-3.5932543807317603,96.9340536389296,-3.5597664661118102,8.012462241489358,3.6967223120134634,OK,0.9126554131507874,True,0.9864676750523473,2.8496216406911117,2.000109811540439,0.9864676750523473,1.6694276021208736,False,2.8496216406911117,3.419154674413858,False,2.000109811540439,2.1844568090749883,False,-3.5597664661118102,-2.635145390306991,False,3.6967223120134634,3.069875127088989,False,False,1.2378728496231584,True
477,22.97255277633667,left,left,179.34486850829313,0.655131491706868,174.83382024895238,-5.166179751047622,-3.7733427147883627,95.0079497126315,-1.633662539813713,7.055918240597628,2.7401783111217526,OK,0.906614363193512,True,2.5824432148345924,3.2959489210103925,1.8200214774838366,2.5824432148345924,1.9925145323372533,False,3.2959489210103925,3.4346111888820756,False,1.8200214774838366,2.0693249190878933,False,-1.633662539813713,-1.8485720865328545,False,2.7401783111217526,2.4758003490759224,False,False,4.81996149535925,True
478,23.028396129608154,left,left,178.66943438213028,1.3305656178697234,175.44201300697455,-4.557986993025452,-3.604780913061896,93.51634780602625,-0.14206063320845885,5.800119503859541,1.4843795743836665,OK,0.8956351280212402,True,3.2578773409974477,3.9041416790325627,1.988583279210303,3.2578773409974477,2.2883149162461565,False,3.9041416790325627,3.542347209981466,False,1.988583279210303,2.0630830022360356,False,-0.14206063320845885,-0.7905893430492654,False,1.4843795743836665,1.5996400515499887,False,False,3.548135841980867,True
479,23.07369303703308,left,left,179.62725115935157,0.37274884064842695,175.3582916077855,-4.641708392214497,-3.3542746276447395,93.0219336604485,0.3523535123692909,4.682116265666674,0.3663763361907968,OK,0.8847443461418152,True,2.3000605637761513,3.8204202798435176,2.23908956462746,2.3000605637761513,2.5105801274351514,False,3.8204202798435176,3.68704075856067,False,2.23908956462746,2.101652848676677,False,0.3523535123692909,0.18368303412570128,False,0.3663763361907968,0.741509183425461,False,False,0.7811064552204986,True
480,23.114228010177612,left,left,179.61258593655748,0.3874140634425203,175.37947485727173,-4.620525142728269,-3.3257533139540603,92.34409776129942,1.0301894115183643,4.026283653516142,-0.28945627595973633,OK,0.877475917339325,True,2.3147257865702446,3.8416035293297455,2.267610878318139,2.3147257865702446,2.4032391136663476,False,3.8416035293297455,3.6892209442165838,False,2.267610878318139,2.14704531391159,False,1.0301894115183643,0.9898812068886655,False,-0.28945627595973633,-0.12881772352729967,False,False,-1.0594039985681405,True
481,23.158325910568237,left,left,179.8295179921304,0.17048200786959455,175.11096071152912,-4.889039288470883,-3.4004051485285527,92.06269175305476,1.311595419763023,3.721807900866699,-0.5939320286091743,OK,0.8723081946372986,True,2.097793730997319,3.5730893835871314,2.1929590437436466,2.097793730997319,2.1156271651942125,False,3.5730893835871314,3.5267927291807837,False,2.1929590437436466,2.1380964156633366,False,1.311595419763023,1.585245512609103,False,-0.5939320286091743,-0.8583146609323308,False,False,-2.6562950072418468,True
482,23.208056211471558,left,left,179.88157357713715,0.11842642286285354,174.84472117723195,-5.155278822768054,-3.546380388613799,90.97695884881668,2.3973283240011085,2.7042837058338436,-1.611456223642051,OK,0.8691955804824829,True,2.045738145990578,3.3068498492899607,2.0469838036584003,2.045738145990578,2.0129806691536207,False,3.3068498492899607,3.423143541306035,False,2.0469838036584003,2.095189000706531,False,2.3973283240011085,2.0392921548437157,False,-1.611456223642051,-1.3542660262895994,False,False,-2.6778427818442028,True
483,23.26631498336792,left,left,179.89250587550904,-0.1074941244909553,174.62987193179555,-5.370128068204451,-3.64952540430316,90.53952627742406,2.834760895393728,2.152634816834389,-2.163105112641489,OK,0.8670639991760254,True,1.8198175986367688,3.0920006038535632,1.9438387879690393,1.8198175986367688,1.854290774077231,False,3.0920006038535632,3.428140585772303,False,1.9438387879690393,2.1461576398831075,False,2.834760895393728,2.249737473179917,False,-2.163105112641489,-1.6774296449918835,False,False,-0.1621789358002772,True
484,23.308093547821045,left,left,179.85951636044547,-0.1404836395545317,174.84004566841176,-5.159954331588239,-3.5688117024287704,90.75170044927543,2.622586723542355,2.2023594388803427,-2.113380490595546,OK,0.866804301738739,True,1.7868280835731924,3.302174340469776,2.024552489843429,1.7868280835731924,1.727649328400048,False,3.302174340469776,3.5658480410069955,False,2.024552489843429,2.2649114339176384,False,2.622586723542355,2.31982878159117,False,-2.113380490595546,-1.8931160602804824,False,False,4.903097442907394,True
485,23.35371422767639,left,left,179.59396458806057,-0.4060354119394276,175.40446007960307,-4.595539920396931,-3.0709101180711786,91.29187116961842,2.08241600319937,2.410465560004717,-1.905274369471158,OK,0.8677708506584167,True,1.5212763111882965,3.8665887516610837,2.5224540742010206,1.5212763111882965,1.956154991174151,False,3.8665887516610837,4.06173039004575,False,2.5224540742010206,2.5184765635439534,False,2.08241600319937,2.3185128704758937,False,-1.905274369471158,-1.9056117058035569,False,False,13.97692257639137,True
486,23.397699117660522,left,left,179.53727477948368,-0.4627252205163188,175.79949798770258,-4.20050201229742,-2.8066361783558973,91.7122352109985,1.6620519618192873,2.643375824423712,-1.6723641050521678,OK,0.8689202666282654,True,1.4645865026114053,4.261626659760594,2.786728013916302,1.4645865026114053,2.4413411613881295,False,4.261626659760594,4.764533493798604,False,2.786728013916302,2.8383518720664282,False,1.6620519618192873,2.3278224409809978,False,-1.6723641050521678,-1.812662901325058,False,False,27.377058820996883,True
487,23.450159311294556,left,left,178.73904526326663,1.2609547367333676,177.32413292242572,-2.6758670775742814,-2.278554740482222,90.98353840439306,2.3907487684247286,2.6418054782184535,-1.6739344512574235,OK,0.8701623678207397,True,3.188266459861092,5.786261594483733,3.3148094517899773,3.188266459861092,4.155204796517563,False,5.786261594483733,6.54045588978683,False,3.3148094517899773,3.44758160043765,False,2.3907487684247286,2.800393743790818,False,-1.6739344512574235,-1.7380632366224404,False,False,44.9566233742388,True
488,23.493046522140503,left,left,177.68156327342106,2.3184367265789376,178.14388745055982,-1.8561125494401836,-2.0501488616907877,90.49297842489854,2.881308747919249,2.6173788392268857,-1.6983610902489943,OK,0.8683083057403564,True,4.245748449706662,6.606016122617831,3.5432153305814116,4.245748449706662,6.361637664382676,False,6.606016122617831,8.584113877528512,False,3.5432153305814116,4.050988261689884,False,2.881308747919249,3.4179226146432713,False,-1.6983610902489943,-1.589410566099224,False,False,63.19454009718841,True
489,23.541130542755127,left,left,171.57116546390736,8.428834536092637,176.2803423516471,3.719657648352893,-0.5226630605726639,88.38884393522633,4.985443237591454,2.5753577623934327,-1.7403821670824584,OK,0.8681168556213379,True,10.356146259220361,12.181786320410907,5.070701131699535,10.356146259220361,10.125710459425818,False,12.181786320410907,12.372467242360859,False,5.070701131699535,5.230658305104582,False,4.985443237591454,4.321689167306059,False,-1.7403821670824584,-1.3377876451365125,False,False,78.19287905407779,True
490,23.584959030151367,left,left,169.37387107261387,10.626128927386134,174.37724998168852,5.6227500183114785,-0.053876811810003464,88.20422681535615,5.170060357461637,3.1537289126208017,-1.1620110168550752,OK,0.8679596781730652,True,12.553440650513858,14.084878690369493,5.539487380462196,12.553440650513858,14.430353510381547,False,14.084878690369493,16.92621051557034,False,5.539487380462196,6.70673736947235,False,5.170060357461637,4.9652688635879,False,-1.1620110168550752,-0.754388499304332,False,False,86.59727631258417,True
491,23.63356041908264,left,left,161.6423612453006,18.357638754699394,165.2587351881357,14.741264811864312,3.0917140387175883,87.19340244768456,6.180884725133225,3.901490429237263,-0.4142495002386113,OK,0.8675879240036011,True,20.284950477827117,23.203393483922326,8.685078230989788,20.284950477827117,19.311256061705244,False,23.203393483922326,22.205885866450227,False,8.685078230989788,8.4660666433652,False,6.180884725133225,5.580566182783957,False,-0.4142495002386113,-0.009129344163733321,False,False,90.50024764520647,True
492,23.681913137435913,left,left,157.21583000848798,22.784169991512016,159.90715071152687,20.092849288473133,5.101840581356621,87.76563992298385,5.608647249833936,5.5588012073793545,1.2430612779034789,OK,0.867138683795929,True,24.71148171463974,28.554977960531147,10.69520477362882,24.71148171463974,23.72964717478545,False,28.554977960531147,27.35297473249785,False,10.69520477362882,10.342788848032125,False,5.608647249833936,6.224580745334907,False,1.2430612779034789,0.49488054498481804,False,False,87.34011098611896,True
493,23.73386788368225,left,left,153.27705051680257,26.722949483197425,155.45773579504075,24.542264204959253,6.746497507773467,87.41649182891825,5.957795343899534,6.343674614929873,2.0279346854539995,OK,0.8727547526359558,True,28.650261206325148,33.00439287701727,12.339861700045667,28.650261206325148,27.79222906816541,False,33.00439287701727,32.65512644450611,False,12.339861700045667,12.438259839670378,False,5.957795343899534,6.568912819406148,False,2.0279346854539995,1.0064496439235255,False,False,78.53206958243081,True
494,23.774767875671387,left,left,149.47920989850635,30.520790101493645,150.544898021409,29.45510197859099,8.860947962761959,85.16877112247158,8.205516050346205,5.095407208136167,0.7796672786602983,OK,0.8783379197120667,True,32.44810182462137,37.917230650649,14.454312155034158,32.44810182462137,31.386432446981086,False,37.917230650649,37.300130058956896,False,14.454312155034158,14.277499203718572,False,8.205516050346205,6.764567454760308,False,0.7796672786602983,1.5992341369824488,False,False,71.76159004178862,True
495,23.8320209980011,left,left,149.06096160571406,30.939038394285944,147.8664914216472,32.1335085783528,10.42347814638126,86.48256644499995,6.891720727817841,5.711574407314354,1.3958344778384628,OK,0.885015070438385,True,32.86635011741367,40.59563725041082,16.01684233865346,32.86635011741367,34.36105268178432,False,40.59563725041082,41.181852278067176,False,16.01684233865346,15.852138498737835,False,6.891720727817841,7.184588750656085,False,1.3958344778384628,1.8467501517988865,False,False,68.4197823659723,True
496,23.889511823654175,left,left,143.6713443512222,36.32865564877781,142.03371711588176,37.96628288411824,12.28791085895854,86.21512927091376,7.159157901904024,6.865412894531891,2.549672965056004,OK,0.8897235989570618,True,38.255967371905534,46.42841155617626,17.881275051230737,38.255967371905534,37.724623692810084,False,46.42841155617626,45.69815790017348,False,17.881275051230737,17.74792865879751,False,7.159157901904024,7.92489744453606,False,2.549672965056004,1.8494970068980365,False,False,65.08423505883536,True
497,23.940000534057617,left,left,142.34272883447184,37.65727116552816,140.4985396159755,39.50146038402451,12.975037056452956,85.66553344350497,7.708753729312818,6.796381281461543,2.4806413519856676,OK,0.8954624533653259,True,39.58458288865588,47.963589056082526,18.568401248725156,39.58458288865588,41.01351320557645,False,47.963589056082526,50.227250503210215,False,18.568401248725156,19.698196606651674,False,7.708753729312818,8.517076284263315,False,2.4806413519856676,1.967383024754588,False,False,61.89312782235178,True
498,23.989352226257324,left,left,136.45919546167377,43.54080453832623,132.87620768450924,47.12379231549076,16.22544830807182,83.71494835951837,9.659338813299414,6.357408890425639,2.0416689609497496,OK,0.9033536314964294,True,45.46811626145395,55.585920987548775,21.818812500344016,45.46811626145395,44.53800216034587,False,55.585920987548775,54.74474486257375,False,21.818812500344016,21.598560950261067,False,9.659338813299414,9.31829316851892,False,2.0416689609497496,2.0735250795142464,False,False,59.106549689007274,True
499,24.032807111740112,left,left,133.0347623346745,46.9652376653255,127.89943500622533,52.10056499377467,18.6122877020328,82.20787692383531,11.166410248982473,5.684837297418934,1.3690973679430556,OK,0.9109554886817932,True,48.892549388453226,60.56269366583268,24.205651894305,48.892549388453226,47.27520197234629,False,60.56269366583268,58.72333062026562,False,24.205651894305,23.43829213334355,False,11.166410248982473,9.80150858749145,False,1.3690973679430556,2.1886548979327474,False,False,53.092801701381596,True
500,24.07889747619629,left,left,131.438516831867,48.56148316813301,125.27901962482952,54.720980375170484,19.92529986442823,82.47648202372191,10.897805149095873,6.242284681112645,1.9265447516367544,OK,0.9181500673294067,True,50.48879489126073,63.1831090472285,25.51866405670043,50.48879489126073,49.60515288307837,False,63.1831090472285,62.53587114103833,False,25.51866405670043,25.382014993354865,False,10.897805149095873,10.730508130990561,False,1.9265447516367544,1.7207886044043277,False,False,46.68736431180014,True
501,24.137354135513306,left,left,129.98534529122009,50.014654708779915,122.14078832742243,57.85921167257757,21.48656677437094,83.79905217605112,9.575234996766667,7.4410619866243835,3.1253220571485087,OK,0.9247073531150818,True,51.94196643190764,66.32134034463559,27.07993096664314,51.94196643190764,51.33231382180344,False,66.32134034463559,65.56730640592701,False,27.07993096664314,26.937895851577643,False,9.575234996766667,11.072948769547708,False,3.1253220571485087,1.629954497906357,False,False,42.91255590172359,True
502,24.175519943237305,left,left,130.69297428081143,49.30702571918857,121.43583701211192,58.56416298788808,22.693651356509534,81.02053572600941,12.353751446808374,4.457049813819453,0.1413098843435705,OK,0.9302639961242676,True,51.234337442316296,67.0262916599461,28.28701554878173,51.234337442316296,52.61287845315375,False,67.0262916599461,67.8732921549684,False,28.28701554878173,28.147855057477965,False,12.353751446808374,10.981124670947759,False,0.1413098843435705,1.9063166847155457,False,False,43.40712979491983,True
503,24.22328519821167,left,left,127.82339076804841,52.17660923195159,117.71903136006583,62.28096863993417,24.004852599185728,82.00274516673264,11.37154200608515,5.903238357935777,1.5874984284598952,OK,0.9352865815162659,True,54.10392095507931,70.74309731199219,29.59821679145793,54.10392095507931,54.50958910460672,False,70.74309731199219,70.7568792052524,False,29.59821679145793,29.46492108561687,False,11.37154200608515,11.552490701749687,False,1.5874984284598952,1.665140283221507,False,False,45.63002672769767,True
504,24.26494860649109,left,left,126.63193917792297,53.36806082207703,116.3695062610184,63.6304937389816,24.662083731534384,82.66699741683506,10.707289755982728,7.066648231464871,2.750908301989,OK,0.9397520422935486,True,55.29537254520475,72.09262241103961,30.255447923806585,55.29537254520475,56.815484680395016,False,72.09262241103961,73.71783929306083,False,30.255447923806585,30.677180466768554,False,10.707289755982728,12.309335765620222,False,2.750908301989,1.4654900884825224,False,False,45.669042960955,True
505,24.30398440361023,left,left,121.95496357460209,58.04503642539791,110.86108437340951,69.13891562659049,26.510630005122756,79.61965186971227,13.754635303105516,5.036402673642446,0.7206627441665603,OK,0.9405705332756042,True,59.97234814852563,77.6010442986485,32.103994197394954,59.97234814852563,59.284494195073535,False,77.6010442986485,76.87617356583993,False,32.103994197394954,31.967580754211745,False,13.754635303105516,12.656695168662221,False,0.7206627441665603,1.7192062147830995,False,False,41.8012168091047,True
506,24.357996463775635,left,left,118.45586741227864,61.544132587721364,107.33598788838029,72.66401211161971,27.547863680129385,80.01482685669845,13.359460316119339,6.4428110129294724,2.127071083453586,OK,0.9396941661834717,True,63.47144431084909,81.12614078367773,33.141227872401586,63.47144431084909,61.30460708691006,False,81.12614078367773,79.27929016189441,False,33.141227872401586,32.99615116388567,False,13.359460316119339,13.62004459900198,False,2.127071083453586,1.4014234898993265,False,False,32.36680448290158,True
507,24.422207593917847,left,left,118.34792670741885,61.65207329258115,105.64416564821632,74.35583435178368,29.145652793725468,79.28373871079941,14.090548462018376,5.725630445322337,1.409890515846456,OK,0.9392536282539368,True,63.57938501570887,82.8179630238417,34.739016985997665,63.57938501570887,62.970268234335244,False,82.8179630238417,81.19219676146722,False,34.739016985997665,33.793212437809494,False,14.090548462018376,14.886912689046984,False,1.409890515846456,0.6843712216305334,False,False,15.187861630666157,True
508,24.464903354644775,left,left,117.72282630886576,62.27717369113424,105.7034483797935,74.2965516202065,29.147704647555333,77.18599801503385,16.18828915778394,4.314324733516917,-0.0014151959589696617,OK,0.9394150376319885,True,64.20448541426197,82.75868029226451,34.741068839827534,64.20448541426197,63.43857448952603,False,82.75868029226451,81.60484960394311,False,34.741068839827534,34.03763885099467,False,16.18828915778394,15.105672447184105,False,-0.0014151959589696617,0.7656912893934986,False,False,-6.801606586750995,True
509,24.50431227684021,left,left,118.30363344079703,61.69636655920297,106.80497326315432,73.19502673684568,28.64739010115357,76.33265696661005,17.041630206207742,3.481386890120915,-0.8343530393549656,OK,0.9375029802322388,True,63.623678282330694,81.65715540890369,34.240754293425766,63.623678282330694,63.106953700516364,False,81.65715540890369,81.19551544771986,False,34.240754293425766,34.0377530994394,False,17.041630206207742,14.958840952076347,False,-0.8343530393549656,0.9903504001595536,False,False,-26.53819783032436,True
510,24.5411057472229,left,left,119.61343229864814,60.386567701351865,108.79782016103015,71.20217983896985,27.732762071048604,78.52585307902666,14.848434093791127,5.443003012457281,1.1272630829813863,OK,0.9372961521148682,True,62.31387942447959,79.66430851102787,33.3261262633208,62.31387942447959,61.5129371190637,False,79.66430851102787,79.23356977777136,False,33.3261262633208,33.49477392147122,False,14.848434093791127,14.870793421261832,False,1.1272630829813863,0.9033478415017271,False,False,-42.836296201584865,True
511,24.58149528503418,left,left,120.11397135732703,59.88602864267297,109.38265866949652,70.61734133050348,27.54843492235301,80.74898433223724,12.625302840580545,7.5661065667597365,3.250366637283861,OK,0.9369650483131409,True,61.81334036580069,79.0794700025615,33.14179911462521,61.81334036580069,58.55846127240274,False,79.0794700025615,76.01305381882231,False,33.14179911462521,32.510093352889385,False,12.625302840580545,13.8222872838695,False,3.250366637283861,1.2332135226003005,False,False,-57.63339615279042,True
512,24.636916160583496,left,left,126.31800961468214,53.68199038531786,115.45389399795874,64.54610600204126,26.430756903884603,79.72397636487199,13.6503108079458,5.290617652033197,0.9748777225573235,OK,0.941214919090271,True,55.60930210844558,73.00823467409927,32.024121096156804,55.60930210844558,55.376300429191204,False,73.00823467409927,72.53314218180637,False,32.024121096156804,31.4169834411422,False,13.6503108079458,12.521053548019163,False,0.9748777225573235,1.739088140507863,False,False,-74.55931264916788,True
513,24.692961931228638,left,left,132.49520554217062,47.50479445782938,121.80602817453877,58.19397182546123,24.224301804646146,82.4285287019955,10.945758470822284,5.963653139009777,1.6479132095338969,OK,0.9453795552253723,True,49.4321061809571,66.65610049751925,29.817665996918343,49.4321061809571,51.35515379516893,False,66.65610049751925,68.04379358836404,False,29.817665996918343,29.906785077165058,False,10.945758470822284,11.195135585106417,False,1.6479132095338969,2.0230096988635182,False,False,-89.51424794252814,True
514,24.748440265655518,left,left,134.21443765685467,45.78556234314533,124.20453144823404,55.795468551765964,23.181840542417632,82.83882564586173,10.535461526956055,6.010759979658714,1.6950200501828476,OK,0.9494228959083557,True,47.71287406627305,64.25759722382398,28.77520473468983,47.71287406627305,47.22578111331245,False,64.25759722382398,63.40847928448238,False,28.77520473468983,28.302973764789364,False,10.535461526956055,9.809943872571486,False,1.6950200501828476,2.3103317210479304,False,False,-103.40595399450763,True
515,24.801428079605103,left,left,139.7191654687595,40.28083453124049,131.24456312824177,48.755436871758235,20.181770251162902,85.15544289359039,8.218844279227397,6.862610804235531,2.5468708747596622,OK,0.9530795812606812,True,42.20814625436821,57.21756554381625,25.7751344434351,42.20814625436821,39.483340609883335,False,57.21756554381625,55.157312937786955,False,25.7751344434351,25.309067066715166,False,8.218844279227397,6.472580480850226,False,2.5468708747596622,3.1625142579613224,False,False,-118.7427219920595,True
516,24.85840106010437,left,left,140.76083476660943,39.239165233390565,132.55923018890482,47.44076981109518,19.52937836047452,87.6749428949119,5.699344277905894,9.002716677681791,4.686976748205922,OK,0.9553576111793518,True,41.16647695651829,55.902898483153194,25.122742552746722,41.16647695651829,32.790311501722684,False,55.902898483153194,47.411204720167575,False,25.122742552746722,22.235338701752575,False,5.699344277905894,3.5695864842142244,False,4.686976748205922,4.044858999093447,False,False,-130.06651720548513,True
517,24.906148672103882,left,left,165.03021213182768,14.969787868172318,156.70972573143592,23.290274268564076,11.461223413513626,96.41079332347829,-3.0365061506605002,9.551530336600177,5.235790407124284,OK,0.9550904631614685,True,16.89709959130004,31.75240294062209,17.054587605785827,16.89709959130004,25.55750295954387,False,31.75240294062209,39.10139743248262,False,17.054587605785827,18.94552255032958,False,-3.0365061506605002,0.48975170936835466,False,5.235790407124284,4.911876368022473,False,False,-126.43430121692897,True
518,24.959621906280518,left,left,165.9603510829739,14.039648917026113,160.53656926263562,19.463430737364376,8.85565997983319,96.94349868517551,-3.5692115123577253,10.375376844670397,6.059636915194517,OK,0.9551509022712708,True,15.966960640153838,27.92555940942239,14.44902417210539,15.966960640153838,18.61970175511145,False,27.92555940942239,30.862746859475692,False,14.44902417210539,15.587596308503048,False,-3.5692115123577253,-2.4457774419054914,False,6.059636915194517,5.790328646044299,False,False,-109.75411052497876,True
519,25.013211965560913,left,left,170.37848036774875,9.62151963225125,165.75356788665886,14.246432113341143,6.732759785302673,98.23799952009108,-4.863712347273292,10.345846824303852,6.030106894827981,OK,0.9533098340034485,True,11.548831355378974,22.708560785399158,12.326123977574873,11.548831355378974,11.669723292928598,False,22.708560785399158,22.35793522204956,False,12.326123977574873,12.048463523266687,False,-4.863712347273292,-4.846420873725433,False,6.030106894827981,6.206672467871153,False,False,-91.10112516066178,True
520,25.079144716262817,left,left,174.4081714909216,5.591828509078397,172.43781599327642,7.562184006723584,3.392139042030236,99.83308864995962,-6.458801477141833,11.254872194344669,6.939132264868789,OK,0.9505922198295593,True,7.519140232206121,16.024312678781598,8.985503234302435,7.519140232206121,8.523337613986712,False,16.024312678781598,17.248342719460716,False,8.985503234302435,9.507149695450412,False,-6.458801477141833,-5.495964898558523,False,6.939132264868789,6.278109488534932,False,False,-68.62309275230761,True
521,25.13462257385254,left,left,175.5107270775237,4.489272922476289,175.08328837603545,4.916711623964545,1.8337144342927054,99.6781600540116,-6.303872881193811,11.08443578681606,6.768695857340191,OK,0.945544421672821,True,6.416584645604013,13.37884029602256,7.427078626564905,6.416584645604013,5.75387239769292,False,13.37884029602256,12.34472459832503,False,7.427078626564905,7.066446822468917,False,-6.303872881193811,-5.304483604083364,False,6.768695857340191,5.7800782259201755,False,False,-46.634673764687804,True
522,25.190502643585205,left,left,179.2378594734629,-0.7621405265371095,177.74231175561985,-2.257688244380148,-1.245345725567738,99.65851344764374,-6.284226274825954,9.908715439919057,5.592975510443182,OK,0.9424290657043457,True,1.1651711965906146,6.204440427677866,4.3480184667044615,1.1651711965906146,3.7729002072236426,False,6.204440427677866,8.247843667789601,False,4.3480184667044615,4.895558223918051,False,-6.284226274825954,-4.8061119254419165,False,5.592975510443182,5.226726688794014,False,False,-29.139541047728663,True
523,25.24114727973938,left,left,179.80767716444285,0.19232283555714957,174.94534013168595,-5.054659868314047,-3.347854385074287,95.98609221279972,-2.611805039981931,7.885220531596628,3.569480602120734,OK,0.9372877478599548,True,2.119634558684874,3.407468803743967,2.2455098071979123,2.119634558684874,2.616079710595807,False,3.407468803743967,5.263772709633128,False,2.2455098071979123,3.259329426990534,False,-2.611805039981931,-3.7257460569792302,False,3.569480602120734,4.337382484932448,False,False,-18.504525336800604,True
524,25.294726133346558,left,left,179.71665867990487,-0.2833413200951327,173.762027460664,-6.237972539335999,-4.1216832074516585,95.74614112688384,-2.3718539540660544,7.579089138673053,3.263349209197173,OK,0.9294703006744385,True,1.6439704030325915,2.2241561327220154,1.4716809848205408,1.6439704030325915,1.7305578860175903,False,2.2241561327220154,2.850408628367211,False,1.4716809848205408,1.9432126052807128,False,-2.3718539540660544,-2.343524558546241,False,3.263349209197173,3.1668864214773293,False,False,-8.805305003047895,True
525,25.346903324127197,left,left,179.80772602593922,-0.1922739740607824,172.64182921594121,-7.358170784058785,-4.789004942607349,94.43125930764619,-1.0569721348283991,6.808151175036835,2.492411245560959,OK,0.9219541549682617,True,1.7350377490669417,1.1039578879992291,0.8043592496648504,1.7350377490669417,2.007926658618493,False,1.1039578879992291,2.020907881268363,False,0.8043592496648504,1.3109353474236933,False,-1.0569721348283991,-0.30906020449799315,False,2.492411245560959,1.6070143292718115,False,False,0.0706188796638095,True
526,25.40105152130127,left,left,179.9383362004148,0.061663799585204515,172.84989121763496,-7.150108782365038,-4.746869674256401,92.76705256184665,0.6072346109711333,5.231955469540485,0.9162155400645986,OK,0.91582852602005,True,1.9889755227129287,1.3120198896929764,0.8464945180157981,1.9889755227129287,2.179233649810146,False,1.3120198896929764,2.0072979208521304,False,0.8464945180157981,1.2471595832545321,False,0.6072346109711333,0.9301517639096829,False,0.9162155400645986,0.4889435483028649,False,False,8.667500876069733,True
527,25.450068473815918,left,left,179.3752966635326,0.6247033364674053,173.5948080201256,-6.405191979874388,-4.406732014852834,89.4861916774025,3.8880954954152855,2.1093549788914765,-2.2063849505844075,OK,0.9116162061691284,True,2.5520150595951296,2.0569366921836263,1.1866321774193649,2.5520150595951296,2.579078794093891,False,2.0569366921836263,2.415805708930327,False,1.1866321774193649,1.4257765099339923,False,3.8880954954152855,2.1465208841663865,False,-2.2063849505844075,-0.5574712890688318,False,False,17.884785484219208,True
528,25.49682903289795,left,left,178.95114220848458,1.0488577915154167,174.8772903296048,-5.12270967039521,-3.6667332059200923,89.79003237076134,3.5842548020564493,2.294866626751874,-2.0208733027239987,OK,0.9052916169166565,True,2.976169514643141,3.3394190016628045,1.926630986352107,2.976169514643141,3.6353668420039695,False,3.3394190016628045,3.629959857961842,False,1.926630986352107,1.8711613397618287,False,3.5842548020564493,3.3022151770617056,False,-2.0208733027239987,-1.4256468532577458,False,False,30.25090433920051,True
529,25.5508713722229,left,left,178.2841155986764,1.715884401323592,175.80456640105498,-4.195433598945016,-3.228598574054358,89.66429552560032,3.709991647217464,2.3470149518145846,-1.96872497766131,OK,0.8998681306838989,True,3.6431961244513165,4.266695073112999,2.364765618217841,3.6431961244513165,4.928555605738598,False,4.266695073112999,5.115202843247334,False,2.364765618217841,2.406428579906801,False,3.709991647217464,4.176489475500486,False,-1.96872497766131,-1.9567081331024156,False,False,45.91720103869243,True
530,25.605313777923584,left,left,174.9108337345104,5.0891662654896095,178.7125999610988,-1.287400038901211,-2.562080793468168,88.65278784316959,4.721499329648196,2.4672733540922573,-1.8484665753836111,OK,0.8949729204177856,True,7.016477988617334,7.174728633156803,3.0312833988040313,7.016477988617334,8.056011805691293,False,7.174728633156803,8.751865103504503,False,3.0312833988040313,3.7158588426579215,False,4.721499329648196,4.791066799239212,False,-1.8484665753836111,-1.771061254394499,False,False,60.712439892241015,True
531,25.66039490699768,left,left,173.47239238174166,6.527607618258344,179.72389385593758,0.2761061440624246,-2.070533473531538,88.39568106965275,4.978606103165035,2.5766490703171363,-1.7390908591587504,OK,0.890468955039978,True,8.454919341386068,8.738234816120439,3.522830718740661,8.454919341386068,12.178110369418755,False,8.738234816120439,13.462582581464734,False,3.522830718740661,5.437832449007871,False,4.978606103165035,5.662676417187166,False,-1.7390908591587504,-1.5093161802252666,False,False,72.43620198196659,True
532,25.70735788345337,left,left,163.73801566376912,16.26198433623088,168.22188067858855,11.778119321411452,2.140419298902768,86.41330505870887,6.960982114108916,3.0375893724310448,-1.2781505570448246,OK,0.8912570476531982,True,18.189296059358604,20.240247993469467,7.733783491174967,18.189296059358604,16.500009965309772,False,20.240247993469467,18.69387821043665,False,7.733783491174967,7.4331748855088815,False,6.960982114108916,5.610377588322353,False,-1.2781505570448246,-0.37107094794034196,False,False,78.6939747809835,True
533,25.75872826576233,left,left,158.34064938984727,21.659350610152728,161.56912228059406,18.43087771940594,4.943134825829658,85.43198428102157,7.942302891796217,3.6035919975980333,-0.712147931877837,OK,0.89022296667099,True,23.58666233328045,26.893006391463956,10.536499018101857,23.58666233328045,20.95771388534037,False,26.893006391463956,24.30886353306321,False,10.536499018101857,9.770579941387272,False,7.942302891796217,5.713534022270375,False,-0.712147931877837,0.7058962713940616,False,False,78.89007741483145,True
534,25.81780481338501,left,left,156.67461761922132,23.325382380778677,158.03895545408542,21.961044545914575,6.748113608450692,89.92578966992438,3.448497502893403,8.038241113239193,3.7225011837633133,OK,0.8872989416122437,True,25.2526941039064,30.42317321797259,12.341477800722892,25.2526941039064,25.455894953877586,False,30.42317321797259,30.26003857360893,False,12.341477800722892,12.3368478445424,False,3.448497502893403,5.8534392725079325,False,3.7225011837633133,1.6792649523031287,False,False,75.5205103054802,True
535,25.861637115478516,left,left,152.6223141343574,27.377685865642604,153.21247342576842,26.787526574231578,9.124944485923779,88.13700567342948,5.237281499388303,7.852109450764285,3.5363695212884068,OK,0.8922165036201477,True,29.304997588770327,35.24965524628959,14.718308678195978,29.304997588770327,28.470583574961033,False,35.24965524628959,34.81753708755608,False,14.718308678195978,14.48152508208928,False,5.237281499388303,5.135156847177475,False,3.5363695212884068,2.9994147223167658,False,False,70.0196519005907,True
536,25.897995710372925,left,left,150.98148703905557,29.018512960944435,149.96801865320896,30.031981346791042,10.760806042244102,87.69615481846496,5.678132354352826,7.443492474862461,3.127752545386585,OK,0.8972600698471069,True,30.945824684072157,38.49411001884906,16.354170234516303,30.945824684072157,30.857705057951627,False,38.49411001884906,38.7538278381703,False,16.354170234516303,16.38877221492955,False,5.678132354352826,4.466794131284374,False,3.127752545386585,4.025855303426499,False,False,64.21196699064222,True
537,25.938270330429077,left,left,148.6645725583519,31.335427441648108,145.4343881088528,34.5656118911472,12.863805486637176,90.00471718536116,3.3695699874566287,9.638338222499236,5.322598293023361,OK,0.9027841687202454,True,33.26273916477583,43.027740563205214,18.457169678909374,33.26273916477583,33.63888693774426,False,43.027740563205214,43.200786613329804,False,18.457169678909374,18.559561286549137,False,3.3695699874566287,5.150584082686916,False,5.322598293023361,3.8470775282766794,False,False,59.74639664668324,True
538,25.995248794555664,left,left,146.40504197489432,33.59495802510568,141.88766852752295,38.11233147247705,14.479370490030997,88.77379786048708,4.6004893123307085,8.73579490314671,4.42005497367083,OK,0.9078954458236694,True,35.522269748233406,46.57446014453507,20.072734682303196,35.522269748233406,36.60490077340355,False,46.57446014453507,47.95821823358098,False,20.072734682303196,20.759178261005182,False,4.6004893123307085,5.720446633313213,False,4.42005497367083,3.6854141675145287,False,False,54.5677663816072,True
539,26.043824911117554,left,left,142.76870822025813,37.231291779741866,135.80416157828793,44.19583842171207,17.60205896654864,86.50683991291167,6.867447259906115,7.144352237490108,2.8286123080142147,OK,0.913313627243042,True,39.15860350286959,52.65796709377008,23.195423158820837,39.15860350286959,39.19978290735098,False,52.65796709377008,52.52041749092818,False,23.195423158820837,23.014961054125283,False,6.867447259906115,6.069357582393513,False,2.8286123080142147,3.6249688881545468,False,False,48.28275181377969,True
540,26.09634041786194,left,left,137.79224495606096,42.207755043939045,129.42531532451255,50.57468467548745,20.123029358203993,85.287692920298,8.086594252519788,7.043792646953543,2.7280527174776523,OK,0.9193931221961975,True,44.13506676706677,59.03681334754546,25.71639355047619,44.13506676706677,41.58625223488322,False,59.03681334754546,56.78683109186659,False,25.71639355047619,25.19615395121358,False,8.086594252519788,6.728671475416635,False,2.7280527174776523,3.2669036188135636,False,False,41.18537160464759,True
541,26.149711847305298,left,left,138.00707636931844,41.99292363068156,127.15702236647293,52.84297763352707,22.039720007844615,85.95160007306346,7.422687099754327,7.141266078062552,2.8255261485866754,OK,0.925574541091919,True,43.92023535380928,61.305106305585085,27.633084200116812,43.92023535380928,43.55260102021322,False,61.305106305585085,60.61823973174264,False,27.633084200116812,27.300298005403867,False,7.422687099754327,6.899889827196918,False,2.8255261485866754,3.3347694666775056,False,False,34.36617641334243,True
542,26.203595399856567,left,left,136.7322259206907,43.267774079309305,124.1023201041608,55.897679895839204,23.769769972078663,86.70814772024555,6.666139452572239,7.848011875794318,3.5322719463184455,OK,0.931377112865448,True,45.19508580243703,64.35980856789722,29.36313416435086,45.19508580243703,45.429589424985934,False,64.35980856789722,64.21029373177487,False,29.36313416435086,29.208046206155654,False,6.666139452572239,7.0062954924379905,False,3.5322719463184455,3.421046406928707,False,False,28.087952228089797,True
543,26.25576138496399,left,left,136.5732980482443,43.42670195175569,122.73062532814264,57.26937467185736,25.00009076098244,87.91770610158567,5.456581071232122,9.075124142466434,4.75938421299054,OK,0.9367126822471619,True,45.35401367488341,65.73150334391538,30.593454953254643,45.35401367488341,46.39399093045901,False,65.73150334391538,66.9948202246842,False,30.593454953254643,31.006759856213314,False,5.456581071232122,7.181518099858513,False,4.75938421299054,3.224412462129595,False,False,23.636428348913377,True
544,26.308939218521118,left,left,133.38376619639456,46.61623380360544,117.84389157812682,62.156108421873185,27.140799970307548,85.97481158670631,7.399475586111478,7.575736938746105,3.259997009270222,OK,0.941286027431488,True,48.54354552673316,70.6182370939312,32.734164162579745,48.54354552673316,47.39944375337079,False,70.6182370939312,69.49003906374489,False,32.734164162579745,32.56930238752093,False,7.399475586111478,7.71870958767235,False,3.259997009270222,2.7599974894744834,False,False,20.074339186882277,True
545,26.366729021072388,left,left,132.97023742869555,47.029762571304445,115.50268285996584,64.49731714003416,29.116597608492302,84.41157988319539,8.9627072896224,6.060622922957966,1.7448829934820935,OK,0.9447736144065857,True,48.95707429443217,72.95944581209217,34.7099618007645,48.95707429443217,48.406226616117586,False,72.95944581209217,71.99924312457236,False,34.7099618007645,34.16592508134882,False,8.9627072896224,8.634004565408333,False,1.7448829934820935,1.9389040074856951,False,False,17.631653210569105,True
546,26.42123007774353,left,left,132.9798122547595,47.02018774524049,114.68092817116954,65.31907182883046,29.8524326643827,83.26564263399428,10.108644538823512,4.8191912147870015,0.5034512853111153,OK,0.9478734135627747,True,48.947499468368214,73.78120050088847,35.4457968566549,48.947499468368214,49.51441809954056,False,73.78120050088847,74.64566448852227,False,35.4457968566549,35.778966042642395,False,10.108644538823512,9.688583457648312,False,0.5034512853111153,0.959136196012372,False,False,16.3765933003305,True
547,26.468973398208618,left,left,131.69831160695676,48.301688393043236,111.55629980002344,68.44370019997656,31.75288344121809,82.13167283156564,11.24261434125215,3.7425444658503912,-0.5731954636254954,OK,0.9508481621742249,True,50.22900011617096,76.90582887203458,37.346247633490286,50.22900011617096,50.27914422803929,False,76.90582887203458,77.01213580384406,False,37.346247633490286,37.34224606698659,False,11.24261434125215,10.32614543237421,False,-0.5731954636254954,0.2831090588076052,False,False,14.452609862530347,True
548,26.52294373512268,left,left,131.03234063112941,48.967659368870585,109.4985185083931,70.5014814916069,33.065295567450356,82.64481164038577,10.72947553243202,4.176285085099807,-0.13945484437607547,OK,0.9530104398727417,True,50.89497109199831,78.96361016366491,38.65865975972255,50.89497109199831,50.947847964590764,False,78.96361016366491,79.06436438529417,False,38.65865975972255,38.5503393950563,False,10.72947553243202,10.565484699838048,False,-0.13945484437607547,-0.1316617254851451,False,False,11.168032663068903,True
549,26.576939582824707,left,left,129.56013555390092,50.43986444609908,106.01153500151786,73.98846499848214,34.9572000920285,82.78700171307682,10.587285459740968,4.195601252722274,-0.12013867675361212,OK,0.9548105597496033,True,52.3671761692268,82.45059367054016,40.5505642843007,52.3671761692268,51.62008054023612,False,82.45059367054016,81.0317469057322,False,40.5505642843007,39.66804462032835,False,10.587285459740968,10.779992042434992,False,-0.12013867675361212,-0.5236137876027271,False,False,6.574674767343811,True
550,26.637760877609253,left,left,129.62671874593815,50.37328125406185,105.24153995271531,74.75846004728469,35.15706424884085,83.21488354587619,10.159403626941597,3.986769001494211,-0.3289709279816577,OK,0.9548729062080383,True,52.300592977189574,83.2205887193427,40.750428441113044,52.300592977189574,51.8762172692214,False,83.2205887193427,82.06998124457932,False,40.750428441113044,40.27424553214255,False,10.159403626941597,10.907689026557176,False,-0.3289709279816577,-0.8272074697725487,False,False,-0.2362806639124301,True
551,26.692346811294556,left,left,129.61864937653277,50.38135062346723,104.84401556897933,75.15598443102067,35.44095879074297,82.19310592100956,11.181181251808226,2.85943090419908,-1.456309025276795,OK,0.9530630111694336,True,52.30866234659495,83.61811310307868,41.034322983015166,52.30866234659495,51.92855418248729,False,83.61811310307868,82.61167479859864,False,41.034322983015166,40.609358940461064,False,11.181181251808226,11.27858001530237,False,-1.456309025276795,-1.352341690952653,False,False,-10.110048446100269,True
552,26.75583243370056,left,left,130.41762796203037,49.582372037969634,106.36512810578787,73.63487189421213,34.783888000289075,81.49318791095472,11.88109926186307,2.224576055001282,-2.091163874474603,OK,0.951993465423584,True,51.50968376109736,82.09700056627014,40.37725219256127,51.50968376109736,51.18021392561892,False,82.09700056627014,81.3970872908919,False,40.37725219256127,39.99366610085191,False,11.88109926186307,11.683241473692107,False,-2.091163874474603,-1.906448738113164,False,False,-22.20120178578511,True
553,26.820926189422607,left,left,130.77065606479997,49.229343935200035,106.79005073829649,73.20994926170351,34.740862609042956,80.7903566966598,12.583930476157988,1.5506139791992855,-2.765125950276598,OK,0.9515819549560547,True,51.15665565832776,81.67207793376153,40.334226801315154,51.15665565832776,49.3645070205552,False,81.67207793376153,78.37183532693226,False,40.334226801315154,38.50375726242188,False,12.583930476157988,11.76431978452033,False,-2.765125950276598,-2.267890828475487,False,False,-35.44498863680565,True
554,26.86919140815735,left,left,133.30183683824274,46.698163161757265,112.08447254005156,67.91552745994844,31.878735893982732,80.76369442112814,12.610592751689651,1.4250660169196998,-2.890673912556167,OK,0.9523099660873413,True,48.62547488488499,76.37765613200645,37.47210008625493,48.62547488488499,47.257100639714466,False,76.37765613200645,74.6236789503274,False,37.47210008625493,36.58147210820542,False,12.610592751689651,11.727263312672193,False,-2.890673912556167,-2.5123695150797176,False,False,-52.25763134658858,True
555,26.913238286972046,left,left,138.70525327125674,41.29474672874326,120.36779977251359,59.63220022748641,27.70752005669068,82.80949199173507,10.564795181082715,2.1795585496826106,-2.136181379793271,OK,0.9541666507720947,True,43.222058451870986,68.09432889954442,33.30088424896288,43.222058451870986,44.64161685766157,False,68.09432889954442,69.97398473103797,False,33.30088424896288,34.11915737067862,False,10.564795181082715,11.216052316402875,False,-2.136181379793271,-2.4292628191006598,False,False,-70.46659695833088,True
556,26.9553861618042,left,left,140.15568128073647,39.844318719263526,123.5847974520035,56.4152025479965,25.829533019660644,82.37838828025025,10.995898892567538,1.6370374711779307,-2.6787024582979484,OK,0.9551992416381836,True,41.77163044239125,64.87733122005451,31.422897211932842,41.77163044239125,41.780756310702486,False,64.87733122005451,64.91791151585423,False,31.422897211932842,31.409424529795047,False,10.995898892567538,10.079551795444255,False,-2.6787024582979484,-1.8072824708009307,False,False,-86.10646684068192,True
557,27.00305438041687,left,left,143.49504687229486,36.504953127705136,129.61359920223504,50.38640079776496,22.472314312655083,84.04924289230131,9.32504428051648,2.6401095348965686,-1.675630394579315,OK,0.9558590054512024,True,38.43226485083286,58.84852946982298,28.065678504927284,38.43226485083286,36.39977982314077,False,58.84852946982298,57.66034474380607,False,28.065678504927284,28.05882461284914,False,9.32504428051648,7.592309916131808,False,-1.675630394579315,-0.7940502239479713,False,False,-101.53945066220882,True
558,27.060105323791504,left,left,145.07495879959535,34.92504120040465,132.0704168142153,47.92958318578471,21.192198404625103,86.4728593014529,6.901427871364888,4.660515720697918,0.34477579122204816,OK,0.9575223922729492,True,36.85235292353237,56.39171185784272,26.7855625968973,36.85235292353237,30.222739877183084,False,56.39171185784272,49.7994965288233,False,26.7855625968973,24.64601375145582,False,6.901427871364888,4.815395115769254,False,0.34477579122204816,0.25386198404634114,False,False,-112.61307217410445,True
559,27.111339807510376,left,left,160.20671927605136,19.79328072394864,148.37230640029233,31.62769359970767,15.125736309253181,93.19990381769037,0.17438335512741787,6.491227251184516,2.17548732170863,OK,0.9570795297622681,True,21.720592447076363,40.089822271765684,20.719100501525382,21.720592447076363,24.00681302632764,False,40.089822271765684,41.52184975446063,False,20.719100501525382,20.962595795141272,False,0.17438335512741787,1.6876305174691737,False,2.17548732170863,1.759928549539103,False,False,-110.40693870524925,True
560,27.15927243232727,left,left,169.59045300104515,10.409546998954852,159.6720408474274,20.32795915257259,10.643465749724074,96.69406599354784,-3.3197788207300505,7.419119589654161,3.103379660178291,OK,0.9570596814155579,True,12.336858722082576,28.790087824630604,16.236829941996273,12.336858722082576,17.475041614837487,False,28.790087824630604,33.00709874834031,False,16.236829941996273,17.26488404498674,False,-3.3197788207300505,-1.313589349310402,False,3.103379660178291,3.0464162607943024,False,False,-98.44033752824325,True
561,27.229008197784424,left,left,171.23531553501368,8.764684464986317,164.97303132381688,15.026968676183117,7.412443238087906,98.01721127175065,-4.642924098932866,9.16737029864175,4.851630369165861,OK,0.9570250511169434,True,10.691996188114041,23.48909734824113,13.005807430360106,10.691996188114041,10.913240993217391,False,23.48909734824113,24.2905707980143,False,13.005807430360106,13.470603954025535,False,-4.642924098932866,-3.805317045810656,False,4.851630369165861,3.8985911950392675,False,False,-82.70345908542124,True
562,27.29534387588501,left,left,176.15390392974564,3.8460960702543616,172.18735423283658,7.812645767163417,3.9837555618824427,99.05534222619919,-5.6810550533813995,9.07254809117255,4.756808161696682,OK,0.9553910493850708,True,5.773407793382086,16.27477443922143,9.577119754154642,5.773407793382086,6.759017558093381,False,16.27477443922143,17.45426195369758,False,9.577119754154642,10.159769625077164,False,-5.6810550533813995,-4.994007164832274,False,4.756808161696682,4.458532394305235,False,False,-61.67739535512278,True
563,27.34985661506653,left,left,177.88396190769583,2.1160380923041657,175.65305656584536,4.346943434154639,2.2207979498190777,98.93149778395417,-5.557210611136384,8.921390391922769,4.605650462446874,OK,0.9498990774154663,True,4.04334981543189,12.809072106212653,7.814162142091277,4.04334981543189,4.504392914017445,False,12.809072106212653,12.358545766322868,False,7.814162142091277,7.4003141773754875,False,-5.557210611136384,-4.963820733347435,False,4.605650462446874,4.509982058417495,False,False,-40.4211571034479,True
564,27.40863585472107,left,left,179.0221635483286,-0.9778364516714078,177.44614937812406,-2.553850621875938,-1.428435335488684,99.14335441279846,-5.7690672399806715,9.29093324751434,4.975193318038464,OK,0.9426341652870178,True,0.9494752714563164,5.908278050182076,4.164928856783515,0.9494752714563164,2.671366682280041,False,5.908278050182076,8.226311394096195,False,4.164928856783515,5.1675024952512345,False,-5.7690672399806715,-4.402362515886219,False,4.975193318038464,4.014920299321301,False,False,-25.14236252173529,True
565,27.46553897857666,left,left,179.13642377857516,-0.8635762214248359,174.84937821569903,-5.1506217843009665,-3.1538114887842994,96.54313383612364,-3.1688466633058567,7.676367910215478,3.3606279807395936,OK,0.9346713423728943,True,1.0637355017028882,3.311506887757048,2.4395527034879,1.0637355017028882,1.7110070315647135,False,3.311506887757048,5.361381648460662,False,2.4395527034879,3.588434734800893,False,-3.1688466633058567,-3.5828305461839136,False,3.3606279807395936,3.5208906640888644,False,False,-13.877017270532999,True
566,27.530559539794922,left,left,179.5995533062993,-0.40044669370070096,174.36579681504975,-5.634203184950252,-3.7516151725333637,95.20992018444457,-1.8356330116267827,6.692061503160768,2.3763215736848906,OK,0.9271774888038635,True,1.5268650294270232,2.8279254871077626,1.8417490197388355,1.5268650294270232,1.1804485590210336,False,2.8279254871077626,3.2985933425401357,False,1.8417490197388355,2.4423907598288492,False,-1.8356330116267827,-2.640980839330612,False,2.3763215736848906,2.9652268156403694,False,False,-4.900933135113154,True
567,27.582626342773438,left,left,179.04429781667773,-0.9557021833222734,173.48799703898575,-6.512002961014247,-3.911583240369263,94.95768237768766,-1.5833952048698734,6.602399915010368,2.2866599855344987,OK,0.9237432479858398,True,0.9716095398054507,1.9501257110437678,1.6817809519029363,0.9716095398054507,1.373218576848717,False,1.9501257110437678,2.7589382282538053,False,1.6817809519029363,2.0784888413959663,False,-1.5833952048698734,-1.3742885395915976,False,2.2866599855344987,2.0670577295824786,False,False,4.639031977026312,True
568,27.64653706550598,left,left,179.46324572958576,-0.5367542704142352,174.033001904552,-5.966998095447991,-3.5094219250411394,94.22224924968766,-0.8479620768698766,6.143071149680281,1.8273312202043996,OK,0.9173850417137146,True,1.390557452713489,2.4951305766100234,2.08394226723106,1.390557452713489,1.8479535359573844,False,2.4951305766100234,3.0195078405531603,False,2.08394226723106,2.1595619656276512,False,-0.8479620768698766,-0.06281058954099308,False,1.8273312202043996,1.050818250572877,False,False,16.166376974494245,True
569,27.704165935516357,left,left,179.986013637467,-0.01398636253298946,174.7478738066924,-5.252126193307589,-3.2479449276530987,92.80989291410339,0.5643942587144011,4.800087817224885,0.48434788774900994,OK,0.9103488922119141,True,1.9133253605947347,3.2100024787504253,2.3454192646191006,1.9133253605947347,2.3843571824405503,False,3.2100024787504253,3.507306227664941,False,2.3454192646191006,2.3960584230652304,False,0.5643942587144011,1.062018570674701,False,0.48434788774900994,0.21109080716614698,False,False,28.213160114590643,True
570,27.75992465019226,left,left,178.4899014258815,1.5100985741185013,176.1522262771958,-3.8477737228041917,-2.7484458676258767,89.98574408587062,3.388543086947166,2.595170515167453,-1.7205694143084145,OK,0.904583215713501,True,3.4374102972462257,4.614354949253823,2.8449183246463225,3.4374102972462257,4.491588783362806,False,4.614354949253823,5.908993107405894,False,2.8449183246463225,3.311795968518574,False,3.388543086947166,2.4534599207904053,False,-1.7205694143084145,-0.5590682763149175,False,False,40.2298218435249,True
571,27.82250189781189,left,left,177.71842846128487,2.281571538715127,176.80478875060865,-3.195211249391349,-2.5691328853454674,89.5857743833661,3.788512789451687,2.4934242861271323,-1.8223156433487588,OK,0.8997438549995422,True,4.2088832618428516,5.2669174226666655,3.024231306926732,4.2088832618428516,7.790947064177158,False,5.2669174226666655,9.828664836586256,False,3.024231306926732,4.795741847082267,False,3.788512789451687,3.943090044966459,False,-1.8223156433487588,-1.1850659702932886,False,False,53.990655941241606,True
572,27.87593150138855,left,left,170.419544178711,9.580455821289007,174.50356856230948,5.496431437690518,0.667104486897453,88.00047562710914,5.373811545708648,2.7516044976050558,-1.5641354318708238,OK,0.8978349566459656,True,11.507767544416732,13.958560109748532,6.260468679169652,11.507767544416732,11.196030389983786,False,13.958560109748532,14.127166718876481,False,6.260468679169652,6.5533514126527574,False,5.373811545708648,5.118385133364069,False,-1.5641354318708238,-1.496170049604001,False,False,65.81883447803914,True
573,27.944223880767822,left,left,164.03996286634248,15.960037133657522,166.36863944954618,13.63136055045382,3.9103074677773284,86.7740986288074,6.600188544010393,3.0130826797884205,-1.3026572496874564,OK,0.8958430290222168,True,17.887348856785245,22.093489222511835,9.503671660049527,17.887348856785245,15.817171348214453,False,22.093489222511835,19.928866308897256,False,9.503671660049527,8.98056273435296,False,6.600188544010393,5.886635131132732,False,-1.3026572496874564,-1.0177673574625772,False,False,71.37499616199287,True
574,28.00693368911743,left,left,162.98856973349984,17.011430266500156,163.75961678185647,16.240383218143535,5.540102900199356,86.93341747211534,6.44086970070245,3.2445674206713226,-1.0711725088045512,OK,0.8962352871894836,True,18.93874198962788,24.70251189020155,11.133467092471555,18.93874198962788,21.209808125574924,False,24.70251189020155,26.9361718269635,False,11.133467092471555,11.993277386979972,False,6.44086970070245,6.8258446554276135,False,-1.0711725088045512,-0.5589309698362228,False,False,74.3248175664958,True
575,28.061479568481445,left,left,155.38419663472817,24.61580336527183,154.83927577270032,25.16072422729968,9.387610740875132,86.1444940970273,7.229793075790482,4.9871839758745855,0.6714440463987046,OK,0.8979435563087463,True,26.543115088399553,33.622852899357696,14.980974933147332,26.543115088399553,25.587514328243213,False,33.622852899357696,32.94725133523744,False,14.980974933147332,14.643233320208372,False,7.229793075790482,6.985334170432088,False,0.6714440463987046,0.2981621427820585,False,False,75.74472674027064,True
576,28.12806725502014,left,left,150.7552445744825,29.244755425517496,148.15868365906013,31.84131634093987,12.49444037778959,84.8897267618917,8.484560410926093,4.7876062242589,0.47186629478301256,OK,0.9004126191139221,True,31.17206714864522,40.303445012997884,18.08780457006179,31.17206714864522,29.80064398265481,False,40.303445012997884,38.93858281607898,False,18.08780457006179,17.254912834962155,False,8.484560410926093,7.094986334392791,False,0.47186629478301256,1.0219876671452084,False,False,72.07960665922917,True
577,28.18695092201233,left,left,148.53101316536956,31.468986834630442,144.44817102093978,35.55182897906022,13.916884153039463,87.20302805208676,6.171259120731023,7.037070060696458,2.721330131220583,OK,0.9038289785385132,True,33.396298557758165,44.01395765111823,19.510248345311663,33.396298557758165,34.65124477637911,False,44.01395765111823,45.66713880290535,False,19.510248345311663,19.985251060845105,False,6.171259120731023,7.29642424048298,False,2.721330131220583,1.6729327938358836,False,False,65.59036780041126,True
578,28.246384382247925,left,left,142.97431459428446,37.025685405715535,136.4119820453385,43.588017954661495,16.968705041546233,86.22583780900388,7.14844936381391,6.632210301604165,2.3164703721282933,OK,0.9089006185531616,True,38.95299712884326,52.05014662671951,22.562069233818434,38.95299712884326,38.37463299878469,False,52.05014662671951,51.317137694619056,False,22.562069233818434,22.356563495030912,False,7.14844936381391,7.4094937577425615,False,2.3164703721282933,2.004565041453975,False,False,59.21040901535939,True
579,28.3000705242157,left,left,138.73556576487834,41.264434235121655,130.11683684772458,49.883163152275415,19.191794029614094,85.9262279416644,7.448059231153394,6.499293054124717,2.1835531246488245,OK,0.9148430824279785,True,43.19174595824938,58.34529182433343,24.78515822188629,43.19174595824938,41.35449239217893,False,58.34529182433343,56.07728789998873,False,24.78515822188629,24.458106790489936,False,7.448059231153394,6.880337496506729,False,2.1835531246488245,2.8549737861734115,False,False,50.38536628909265,True
580,28.355520486831665,left,left,136.7672555227003,43.23274447729969,126.58928131413178,53.41071868586822,21.244172911804185,85.5791465107294,7.795140662088386,6.645345213965047,2.329605284489162,OK,0.9219216108322144,True,45.16005620042741,61.87284735792623,26.837537104076382,45.16005620042741,43.865752587878205,False,61.87284735792623,60.374632241981125,False,26.837537104076382,26.555565183361374,False,7.795140662088386,6.600510005084328,False,2.329605284489162,3.44617552417414,False,False,39.376950965988215,True
581,28.40958023071289,left,left,135.85594760751127,44.14405239248873,124.35793263221177,55.64206736778823,23.002156855084706,87.53550806807085,5.8387791047469335,9.039649947856065,4.723910018380195,OK,0.9280049800872803,True,46.071364115616454,64.10419603984624,28.595521047356904,46.071364115616454,45.82510496888005,False,64.10419603984624,64.34858199850463,False,28.595521047356904,28.755946924369756,False,5.8387791047469335,6.976211708323712,False,4.723910018380195,3.256258186421462,False,False,31.23346187522235,True
582,28.477248430252075,left,left,135.97471218687318,44.02528781312682,122.96144931097781,57.03855068902219,24.40417611739668,88.60216550919877,4.772121663619018,9.993078750700102,5.677338821224225,OK,0.9332787394523621,True,45.952599536254546,65.5006793610802,29.997540309668878,45.952599536254546,47.217343843776035,False,65.5006793610802,67.71282635961934,False,29.997540309668878,30.8922100587131,False,4.772121663619018,7.694295002663912,False,5.677338821224225,2.7024325402058933,False,False,25.610337225922457,True
583,28.545650959014893,left,left,133.17755268927525,46.822447310724755,116.54223326272097,63.45776673727903,27.970613746588114,84.34732929280696,9.026957880010826,5.682623612840786,1.3668836833649038,OK,0.9380863904953003,True,48.74975903385248,71.91989540933704,33.56397793886031,48.74975903385248,48.20397121082335,False,71.91989540933704,70.48015989652603,False,33.56397793886031,32.71599335251753,False,9.026957880010826,8.338022557269284,False,1.3668836833649038,2.101782109545553,False,False,21.178269352602264,True
584,28.600950956344604,left,left,131.77437139039844,48.22562860960156,113.2956150421511,66.7043849578489,29.873109701330847,82.33581146996339,11.038475702854399,3.730164823046876,-0.5855751064290189,OK,0.9420892596244812,True,50.15294033272928,75.16651362990692,35.466473893603045,50.15294033272928,49.37702270257429,False,75.16651362990692,73.66506955921295,False,35.466473893603045,34.693458427901675,False,11.038475702854399,9.308429443045986,False,-0.5855751064290189,1.0969821282170187,False,False,18.109809191820023,True
585,28.663378953933716,left,left,131.83411868746376,48.16588131253624,112.75261362959824,67.24738637040176,30.363089380826306,82.36050873770255,11.013778435115242,3.6420930606633535,-0.6736468688125399,OK,0.9454275965690613,True,50.093193035663965,75.70951504245977,35.95645357309851,50.093193035663965,50.85430169449644,False,75.70951504245977,77.35911805924249,False,35.95645357309851,36.836370034759206,False,11.013778435115242,10.059088560595153,False,-0.6736468688125399,0.27246510941799895,False,False,17.233996670070677,True
586,28.727765798568726,left,left,129.99069014875653,50.00930985124347,108.43338431877719,71.56661568122281,32.88948223200543,82.68347363918734,10.690813533630447,4.015650041213414,-0.30008988826247673,OK,0.9478890895843506,True,51.936621574371195,80.02874435328083,38.482846424277625,51.936621574371195,51.70892410099644,False,80.02874435328083,79.85712199134312,False,38.482846424277625,38.37627785820486,False,10.690813533630447,10.141123142631988,False,-0.30008988826247673,0.08695682522618994,False,False,15.106376458458874,True
587,28.778162717819214,left,left,128.58831722726245,51.41168277273755,104.49120681083016,75.50879318916984,35.118734151684336,84.84886992145293,8.525417251364857,5.870493656705005,1.5547537272291265,OK,0.9505773186683655,True,53.33899449586527,83.97092186122785,40.712098343956534,53.33899449586527,52.43802233538813,False,83.97092186122785,82.22140258450558,False,40.712098343956534,39.83082368613369,False,8.525417251364857,10.34516097637138,False,1.5547537272291265,-0.2977175393551533,False,False,10.780557664251251,True
588,28.834999322891235,left,left,128.90444065677522,51.09555934322478,104.05221360221779,75.94778639778221,35.67015286381639,83.93715638262279,9.437130790194999,4.755082191881727,0.4393422624058587,OK,0.951723575592041,True,53.0228710663525,84.40991506984022,41.26351705608859,53.0228710663525,53.09938926897926,False,84.40991506984022,84.74451262200263,False,41.26351705608859,41.43502268165428,False,9.437130790194999,10.177104654557116,False,0.4393422624058587,-0.38720532592620316,False,False,6.302290655903937,True
589,28.886619329452515,left,left,128.12888021843997,51.871119781560026,101.47421207633872,78.52578792366128,37.14583884097499,81.31562230126643,12.058664871551358,1.8067930001401538,-2.5089469293357354,OK,0.9506217837333679,True,53.79843150468775,86.9879165957193,42.739203033247186,53.79843150468775,53.296521847505645,False,86.9879165957193,86.43204331524127,False,42.739203033247186,42.637566236355624,False,12.058664871551358,9.92200258122432,False,-2.5089469293357354,-0.41995781260432635,False,False,2.3287808935517886,True
590,28.952216148376465,left,left,128.52728401950813,51.47271598049187,100.13706344211305,79.86293655788695,38.38408435842929,83.20079034677387,10.173496826043916,3.1946541278080938,-1.121085801667789,OK,0.9501101970672607,True,53.40002770361959,88.32506522994497,43.97744855070149,53.40002770361959,53.08763860957707,False,88.32506522994497,87.00216334157292,False,43.97744855070149,43.20450831691267,False,10.173496826043916,10.175222698774808,False,-1.121085801667789,-0.8852391138579833,False,False,-1.9755151278398444,True
591,28.995494604110718,left,left,129.00502725612463,50.994972743875365,99.99573085258396,80.00426914741604,38.90220000551215,83.95898400585132,9.415303166966467,3.851887607822777,-0.46385232165309276,OK,0.9510469436645508,True,52.92228446700309,88.46639781947405,44.49556419778435,52.92228446700309,52.902541333375325,False,88.46639781947405,87.44121376897671,False,44.49556419778435,43.662193074971846,False,9.415303166966467,10.556425598717961,False,-0.46385232165309276,-1.4329049593474905,False,False,-5.613844657629409,True
592,29.049496173858643,left,left,129.6327334169053,50.367266583094704,101.64060667917198,78.35939332082802,37.953444554469556,83.58276933370048,9.791517839117304,3.5440871504367184,-0.7716527790391581,OK,0.9511885643005371,True,52.29457830622243,86.82152199288603,43.54680874674175,52.29457830622243,52.471577124925524,False,86.82152199288603,87.12839580033081,False,43.54680874674175,43.684534823904,False,9.791517839117304,10.141040231147624,False,-0.7716527790391581,-1.1133240826488873,False,False,-10.914592788243203,True
593,29.096014261245728,left,left,129.82992703778393,50.17007296221607,101.85696146519886,78.14303853480114,37.95857665411223,82.03114188290702,11.343145289910765,2.0167529644342026,-2.298986965041678,OK,0.9515441656112671,True,52.09738468534379,86.60516720685915,43.551940846384426,52.09738468534379,52.06533666127065,False,86.60516720685915,86.41207913076224,False,43.551940846384426,43.38940940780213,False,11.343145289910765,10.011288340123826,False,-2.298986965041678,-0.9686214018132887,False,False,-17.860675083267484,True
594,29.157712697982788,left,left,130.28370126068899,49.716298739311014,103.03830191956823,76.96169808043177,37.25754758563581,83.39254913911812,9.98173803369967,3.40469738363317,-0.9110425458427187,OK,0.9519014358520508,True,51.64361046243874,85.42382675248979,42.85091177790801,51.64361046243874,51.25107773603162,False,85.42382675248979,84.1452226054425,False,42.85091177790801,41.944423626288426,False,9.98173803369967,9.915103383570857,False,-0.9110425458427187,-0.8648246266933143,False,False,-27.287509314006876,True
595,29.20491671562195,left,left,130.55848633778254,49.44151366221746,103.71864678995586,76.28135321004414,36.9084572779199,83.84954980189286,9.524737370924925,3.9181675319860823,-0.397572397489796,OK,0.9523500204086304,True,51.36882538534518,84.74348188210216,42.5018214701921,51.36882538534518,49.58066429646555,False,84.74348188210216,80.66228053462014,False,42.5018214701921,39.9183797896781,False,9.524737370924925,8.941947327588249,False,-0.397572397489796,-0.10518377606474019,False,False,-37.64543940065888,True
596,29.253621101379395,left,left,133.07632188231977,46.923678117680225,111.33001347918263,68.66998652081737,31.67727109794365,84.43990878861617,8.934378384201622,4.370871483422656,0.05513155394677938,OK,0.9552031755447388,True,48.85098984080795,77.13211519287539,37.27063529021585,48.85098984080795,47.5418896722007,False,77.13211519287539,76.43983640384465,False,37.27063529021585,37.4813527896493,False,8.934378384201622,7.800625743140768,False,0.05513155394677938,0.7827803148645728,False,False,-51.404990085436665,True
597,29.294259548187256,left,left,137.98480061473563,42.01519938526437,119.0553170332838,60.9446829667162,27.8232253714179,88.44854961361352,4.925737559204265,7.34229140357959,3.0265514741037123,OK,0.9574888348579407,True,43.94251110839209,69.40681163877422,33.4165895636901,43.94251110839209,45.0059376761217,False,69.40681163877422,71.18655311126756,False,33.4165895636901,34.40868687650067,False,4.925737559204265,6.860296451183336,False,3.0265514741037123,1.3677749901714662,False,False,-68.50524374223893,True
598,29.343480348587036,left,left,140.02380015910816,39.97619984089184,122.96918211907628,57.03081788092372,25.773441653968238,87.73774980514443,5.6365373676733554,6.4565734190807795,2.140833489604887,OK,0.9567102789878845,True,41.90351156401956,65.49294655298173,31.36680584624044,41.90351156401956,42.176948657498954,False,65.49294655298173,65.31257344350371,False,31.36680584624044,30.974668761831264,False,5.6365373676733554,5.924559941892892,False,2.140833489604887,1.9144840339335985,False,False,-82.39704702323154,True
599,29.391002416610718,left,left,142.963461241084,37.03653875891601,129.3047183824537,50.6952816175463,21.894218019892666,88.09419559890527,5.2800915739125145,6.329670760167622,2.0139308306917485,OK,0.9540787935256958,True,38.96385048204373,59.157410289604314,27.487582212164867,38.96385048204373,37.39310469600429,False,59.157410289604314,58.02611490665877,False,27.487582212164867,27.349734632599176,False,5.2800915739125145,4.547052394326397,False,2.0139308306917485,2.169672027618293,False,False,-93.86064335104172,True
600,29.439499139785767,left,left,144.70343143089627,35.29656856910373,133.08854512877508,46.91145487122492,19.73836670457286,88.52823234834509,4.846054824472702,6.651712750796756,2.3359728213208655,OK,0.9543852210044861,True,37.22388029223145,55.37358354328293,25.33173089684506,37.22388029223145,31.47203580126409,False,55.37358354328293,49.786386510622705,False,25.33173089684506,23.56531807792438,False,4.846054824472702,3.2903147331776976,False,2.3359728213208655,1.9606526353880611,False,False,-106.78990709329733,True
601,29.508319854736328,left,left,156.9955416897931,23.0044583102069,147.76230616340737,32.237693836592626,13.552600451783222,91.32744652644864,2.046840646369148,5.646811451846132,1.3310715223702516,OK,0.9539051651954651,True,24.931770033334622,40.69982250865064,19.14596464405542,24.931770033334622,25.410334350251777,False,40.69982250865064,41.301077251887136,False,19.14596464405542,19.6643919691504,False,2.046840646369148,1.815431637772815,False,1.3310715223702516,1.9582174297422283,False,False,-113.31951589043372,True
602,29.560294151306152,left,left,167.59014508843663,12.409854911563372,160.25395901346408,19.746040986535917,8.901142598043922,94.73223791935702,-1.357950746539231,6.297194442428431,1.9814545129525527,OK,0.9537361860275269,True,14.337166634691096,28.20816965859393,14.494506790316121,14.337166634691096,18.798379137521735,False,28.20816965859393,32.52515600851636,False,14.494506790316121,15.799867536117748,False,-1.357950746539231,-0.2418931161575074,False,1.9814545129525527,2.3149837812806195,False,False,-107.22873173462972,True
603,29.61402940750122,left,left,170.33230741416975,9.667692585830252,165.39572841275418,14.604271587245819,6.26881111009834,95.11216528216885,-1.7378781093510582,6.444397390851609,2.128657461375724,OK,0.952165961265564,True,11.595004308957977,23.066400259303833,11.862175302370538,11.595004308957977,12.224167300501971,False,23.066400259303833,23.68794797616917,False,11.862175302370538,11.924032818389675,False,-1.7378781093510582,-2.176564632035519,False,2.128657461375724,2.6368167747579947,False,False,-95.87032435021572,True
604,29.659535884857178,left,left,176.02323730473418,3.976762695265819,173.1843245993075,6.815675400692498,2.5715958547294044,98.38081936855689,-5.006532195739098,8.113502517859596,3.797762588383705,OK,0.9511730670928955,True,5.904074418393543,15.277804072750513,8.164960047001603,5.904074418393543,7.517872080420284,False,15.277804072750513,16.594740577998728,False,8.164960047001603,8.709979878485786,False,-5.006532195739098,-3.607396360429598,False,3.797762588383705,3.240507741336944,False,False,-79.76006789540409,True
605,29.702958345413208,left,left,177.5744906159951,2.425509384004897,177.27458529051108,2.7254147094889163,0.35919311593249204,98.20158992773514,-4.827302754917355,8.260877718183632,3.94513778870774,OK,0.9462679028511047,True,4.3528211071326215,11.18754338154693,5.952557308204692,4.3528211071326215,4.945204809250527,False,11.18754338154693,11.610037170262984,False,5.952557308204692,6.17826897586089,False,-4.827302754917355,-3.901554544627044,False,3.94513778870774,3.4149911594754654,False,False,-56.555082936949816,True
606,29.748945713043213,left,left,179.47298220979846,-0.5270177902015405,176.7716568457404,-3.2283431542595906,-2.5176642477362248,98.48160516841904,-5.1073179956012495,8.66526628474087,4.349526355264999,OK,0.9407141804695129,True,1.4002939329261836,5.233785517798424,3.0756999445359745,1.4002939329261836,2.9788027942079798,False,5.233785517798424,7.4506783217115125,False,3.0756999445359745,3.9922566639392763,False,-5.1073179956012495,-4.033074197850416,False,4.349526355264999,3.553455334286144,False,False,-34.21653004155114,True
607,29.814592599868774,left,left,179.54651855571458,-0.4534814442854156,174.8225239478572,-5.177476052142794,-3.7574119150805614,96.20302884034425,-2.828741667526458,7.1696115331210475,2.8538716036451603,OK,0.9288050532341003,True,1.4738302788423085,3.284652619915221,1.835952277191638,1.4738302788423085,2.23292068862753,False,3.284652619915221,4.913087813276098,False,1.835952277191638,2.5823128471424264,False,-2.828741667526458,-3.3369765105615015,False,2.8538716036451603,3.239122233055349,False,False,-17.112969327419464,True
608,29.871943950653076,left,left,179.83568251061752,-0.16431748938248347,173.80747734448846,-6.192522655511539,-4.661250449509726,95.76976354828571,-2.395476375467922,7.136718264904998,2.8209783354291176,OK,0.9249167442321777,True,1.7629942337452407,2.2696060165464758,0.932113742762473,1.7629942337452407,1.8570460353305691,False,2.2696060165464758,3.31816932236635,False,0.932113742762473,1.6960013376572953,False,-2.395476375467922,-2.1815317058213166,False,2.8209783354291176,2.416409756442829,False,False,-6.500561418271381,True
609,29.923288822174072,left,left,179.75264783263643,0.24735216736357302,174.12772285851543,-5.872277141484574,-4.478123229254846,94.90033093211231,-1.5260437592945237,6.541837011705613,2.226097082229728,OK,0.921586811542511,True,2.1746638904912974,2.5898515305734406,1.115240963017353,2.1746638904912974,2.118892514474413,False,2.5898515305734406,2.995007409659638,False,1.115240963017353,1.3982303890270287,False,-1.5260437592945237,-0.7619050204678246,False,2.226097082229728,1.2840205143096228,False,False,-1.0052475691256995,True
610,29.96573781967163,left,left,179.4538638824799,0.5461361175200921,174.75082225494018,-5.249177745059825,-4.0723644314931615,92.42436590403422,0.9499212687835694,4.1473153351210135,-0.16842459435486035,OK,0.9167670011520386,True,2.4734478406478164,3.2129509269981895,1.5209997607790378,2.4734478406478164,2.3044921851745017,False,3.2129509269981895,2.973833160011759,False,1.5209997607790378,1.305508747790038,False,0.9499212687835694,0.2817404966340746,False,-0.16842459435486035,0.35442727631870524,False,False,-0.2008923155848244,True
611,30.01809048652649,left,left,179.21778539448232,0.7822146055176802,175.15584728220685,-4.8441527177931505,-4.006518990887557,91.38347174165158,1.9908154311662116,3.0033200740748414,-1.312419855401032,OK,0.9119200110435486,True,2.7095263286454045,3.617975954264864,1.5868452013846426,2.7095263286454045,2.235219352908706,False,3.617975954264864,3.106741071825911,False,1.5868452013846426,1.4076845561250138,False,1.9908154311662116,1.0855241753607203,False,-1.312419855401032,-0.549361338152903,False,False,-1.5964144175604236,True
612,30.06623363494873,left,left,179.52548309078497,0.4745169092150263,174.7166526996178,-5.283347300382189,-4.221020121265515,90.98480125483475,2.3894859179830377,2.521645343166456,-1.794094586309427,OK,0.9065880179405212,True,2.4018286323427507,3.178781371675825,1.372344071006684,2.4018286323427507,2.0767246643304533,False,3.178781371675825,3.1737798083589555,False,1.372344071006684,1.4940482837125777,False,2.3894859179830377,1.7278966097400115,False,-1.794094586309427,-1.3309034700559266,False,False,-4.194992166449573,True
613,30.10673189163208,left,left,179.48931834928854,-0.5106816507114615,174.47201690355922,-5.527983096440778,-4.150371407834848,91.75084515465248,1.6234420181653064,2.6177751925469437,-1.697964736928924,OK,0.9021876454353333,True,1.4166300724162626,2.9341455756172365,1.442992784437351,1.4166300724162626,1.8329000167892846,False,2.9341455756172365,3.0638635114467716,False,1.442992784437351,1.487366095806506,False,1.6234420181653064,1.8596380914576371,False,-1.697964736928924,-1.6032354903086117,False,False,-5.752693902077013,True
614,30.150408267974854,left,left,179.4548787244723,-0.5451212755276913,174.46291654118065,-5.537083458819353,-4.046304591317026,91.68846876021586,1.6858184126019324,2.634126352190479,-1.6816135772853897,OK,0.8978973627090454,True,1.3821904476000328,2.9250452132386613,1.5470596009551736,1.3821904476000328,1.4462919822525522,False,2.9250452132386613,2.856485590707808,False,1.5470596009551736,1.4880886264476905,False,1.6858184126019324,1.74577935725697,False,-1.6816135772853897,-1.6678843392645377,False,False,-6.119474312897504,True
615,30.1971116065979,left,left,179.32701287981425,-0.672987120185752,174.20124077037926,-5.798759229620742,-4.10577537102352,91.76565849544609,1.6086286773716978,2.785655233857599,-1.5300846956182852,OK,0.8944625854492188,True,1.2543246029419721,2.663369442437272,1.4875888212486794,1.2543246029419721,1.0870389425566829,False,2.663369442437272,2.7358032672346213,False,1.4875888212486794,1.5388674582900925,False,1.6086286773716978,1.5261764214581433,False,-1.5300846956182852,-1.6360732878459943,False,False,-5.996747014405356,True
616,30.239880800247192,left,left,178.84917443283402,-1.150825567165981,174.11895767851203,-5.881042321487968,-4.002906337681635,91.95276541265491,1.4215217601628751,2.6800758292952285,-1.6356641001806622,OK,0.8891509175300598,True,0.7764861559617431,2.5810863505700468,1.5904578545905643,0.7764861559617431,0.8994506205400569,False,2.5810863505700468,2.6007413420327454,False,1.5904578545905643,1.5464290617594028,False,1.4215217601628751,1.4631921684203264,False,-1.6356641001806622,-1.61805382815362,False,False,-5.182091390216976,True
617,30.289116621017456,left,left,178.67825171073568,-1.3217482892643204,174.11324108225188,-5.886758917748125,-3.967125962053504,92.08281593382888,1.2914712389889047,2.6807006002591782,-1.6350393292167098,OK,0.8838167190551758,True,0.6055634338634037,2.5753697543098895,1.626238230218695,0.6055634338634037,0.7050263865644185,False,2.5753697543098895,2.424490359305156,False,1.626238230218695,1.509517375812565,False,1.2914712389889047,1.3845979822318213,False,-1.6350393292167098,-1.5945445791600037,False,False,-3.9684575746360893,True
618,30.338394165039062,left,left,178.5513767392054,-1.4486232607945908,173.79670727754984,-6.203292722450158,-4.112563390488297,92.06576641984157,1.3085207529762215,2.707872491008831,-1.6078674384670535,OK,0.8796879649162292,True,0.47868846233313334,2.2588359496078567,1.4808008017839018,0.47868846233313334,0.4895769970289906,False,2.2588359496078567,2.3768189998039078,False,1.4808008017839018,1.5806865591258876,False,1.3085207529762215,1.296016000278371,False,-1.6078674384670535,-1.6025714439274168,False,False,-3.076794546325476,True
619,30.391265869140625,left,left,178.48275755459412,-1.5172424454058842,173.5816616275427,-6.418338372457299,-4.230863021051215,92.08143969115838,1.2928474816594075,2.751672597158564,-1.5640673323173075,OK,0.87541663646698,True,0.41006927772184,2.0437902996007153,1.362501171220984,0.41006927772184,0.37489029335716295,False,2.0437902996007153,2.317749930374049,False,1.362501171220984,1.6015725103783212,False,1.2928474816594075,1.3499607982450215,False,-1.5640673323173075,-1.6912479248835894,False,False,-2.205971974002602,True
620,30.436971426010132,left,left,178.2497659321371,-1.7502340678628912,173.96288397287302,-6.037116027126984,-3.7499294544569066,92.20856840521334,1.1657187676044458,2.745520910020536,-1.570219019455351,OK,0.8748407363891602,True,0.177077655264833,2.42501264493103,1.8434347378152927,0.177077655264833,0.2711431149776219,False,2.42501264493103,2.218401009438088,False,1.8434347378152927,1.5939302512775548,False,1.1657187676044458,1.4228888845176015,False,-1.570219019455351,-1.7762165277005124,False,False,-1.227165995086997,True
621,30.49237298965454,left,left,178.27574091447488,-1.7242590855251194,173.82361233136274,-6.176387668637261,-3.8984765814194677,91.68304142282166,1.6912457499961278,2.236693424514344,-2.079046504961525,OK,0.8731328248977661,True,0.20305263760260472,2.2857410034207533,1.6948876108527315,0.20305263760260472,0.23874485107023716,False,2.2857410034207533,2.227127012009015,False,1.6948876108527315,1.642463262077684,False,1.6912457499961278,1.4957932059808314,False,-2.079046504961525,-1.8417121048419234,False,False,-0.41863747082311276,True
622,30.546883583068848,left,left,178.15951581883797,-1.8404841811620258,173.61649647757207,-6.3835035224279295,-4.005337257557335,91.71817550246598,1.6561116703518053,2.255857586174555,-2.059882343301325,OK,0.8702104687690735,True,0.08682754196569831,2.078625149630085,1.588026934714864,0.08682754196569831,0.2886343980763003,False,2.078625149630085,2.329616041322879,False,1.588026934714864,1.746666625978247,False,1.6561116703518053,1.6191393929302849,False,-2.059882343301325,-1.9134544101986024,False,False,0.20132650301972146,True
623,30.595738649368286,left,left,178.38938541966849,-1.6106145803315144,173.84033729040448,-6.159662709595523,-3.8698983364876525,91.70124481252542,1.6730423602923707,2.38039460530177,-1.9353453241741079,OK,0.8711870908737183,True,0.31669714279620975,2.3024659624624917,1.7234658557845468,0.31669714279620975,0.3165235837791671,False,2.3024659624624917,2.3057668904208413,False,1.7234658557845468,1.7224745980189855,False,1.6730423602923707,1.7324945492617445,False,-1.9353453241741079,-1.9992632578844152,False,False,0.6286946593887482,True
624,30.638885259628296,left,left,178.73220528962443,-1.2677947103755685,174.09410677411202,-5.905893225887979,-3.7098462015483986,91.46470875641111,1.9095784164066743,2.3929610703751654,-1.9227788591007027,OK,0.8705310225486755,True,0.6595170127521557,2.556235446170035,1.8835179907238007,0.6595170127521557,0.3543472325046879,False,2.556235446170035,2.3124421860875373,False,1.8835179907238007,1.7316702604077367,False,1.9095784164066743,1.74624414901695,False,-1.9227788591007027,-1.9726688421920453,False,False,0.7811601508922353,True
