frame,time_s,side,facing_direction,knee_internal_angle_deg,knee_flexion_deg,hip_internal_angle_deg,hip_flexion_deg,trunk_flexion_deg,ankle_internal_angle_deg,ankle_dorsiflexion_deg,foot_inclination_deg,foot_inclination_relative_deg,visibility,visibility_min,lowest_visibility_marker,shoulder_visibility,hip_visibility,knee_visibility,ankle_visibility,heel_visibility,foot_index_visibility,quality_valid,knee_flexion_relative_deg,hip_flexion_relative_deg,trunk_flexion_relative_deg,knee_flexion_interpolated_deg,knee_flexion_filtered_deg,knee_flexion_was_interpolated,hip_flexion_interpolated_deg,hip_flexion_filtered_deg,hip_flexion_was_interpolated,trunk_flexion_interpolated_deg,trunk_flexion_filtered_deg,trunk_flexion_was_interpolated,ankle_dorsiflexion_interpolated_deg,ankle_dorsiflexion_filtered_deg,ankle_dorsiflexion_was_interpolated,foot_inclination_interpolated_deg,foot_inclination_filtered_deg,foot_inclination_was_interpolated,any_signal_was_interpolated,knee_angular_velocity_deg_s,signal_processing_valid
0,0.0,left,left,177.42640047746085,2.573599522539155,177.2357072155523,-2.76429278444769,-2.8236314845633856,94.47490023884602,-0.10152244124073206,6.98916106126948,-0.13933174327959819,OK,0.9000217318534851,heel,0.9999963045120239,0.9991588592529297,0.9258294105529785,0.9410166144371033,0.9000217318534851,0.9331501722335815,True,0.01525923926776196,-0.45970705997379113,-0.7158204837618714,0.01525923926776196,-0.00035132949864324914,False,-0.45970705997379113,-0.4544674890642959,False,-0.7158204837618714,-0.7134195583329181,False,-0.10152244124073206,-0.11840149790960908,False,-0.13933174327959819,-0.14090190085767063,False,False,0.3447218125995253,True
1,0.05378103256225586,left,left,177.45762161499366,2.5423783850063444,177.2461863573713,-2.7538136426286997,-2.8188296337054792,94.50865835218377,-0.1352805545784861,6.986020746113336,-0.14247205843574307,OK,0.8988066911697388,heel,0.9999962449073792,0.9991415143013,0.9268802404403687,0.939581573009491,0.8988066911697388,0.9311307072639465,True,-0.015961898265048458,-0.4492279181548007,-0.7110186329039649,-0.015961898265048458,0.01618550328778534,False,-0.4492279181548007,-0.4690357302527713,False,-0.7110186329039649,-0.7344471304324106,False,-0.1352805545784861,-0.14809017917027725,False,-0.14247205843574307,-0.1011357177215757,False,False,0.32805187141383363,True
2,0.11006546020507812,left,left,177.39240054786796,2.6075994521320354,177.19724206289638,-2.802757937103621,-2.88431327543291,94.5808453392969,-0.20746754169161363,7.106889453099678,-0.021603351449385855,OK,0.8999156355857849,heel,0.9999962449073792,0.9991499185562134,0.9267418384552002,0.939907968044281,0.8999156355857849,0.9317622780799866,True,0.04925916886064252,-0.4981722126297221,-0.7765022746313957,0.04925916886064252,0.04207073708951118,False,-0.4981722126297221,-0.4946894623268617,False,-0.7765022746313957,-0.7722111437071005,False,-0.20746754169161363,-0.17685384974354199,False,-0.021603351449385855,-0.05859709454717669,False,False,-0.01815788245074516,True
3,0.16445398330688477,left,left,177.34874477605567,2.6512552239443323,177.15874601933004,-2.8412539806699613,-2.9369235243874554,94.56119125056581,-0.1878134529605262,7.116776930792686,-0.011715873756401152,OK,0.900638222694397,heel,0.9999962449073792,0.9991554617881775,0.9268296957015991,0.9398702383041382,0.900638222694397,0.931975245475769,True,0.09291494067293948,-0.5366682561960623,-0.8291125235859411,0.09291494067293948,0.049417962536678406,False,-0.5366682561960623,-0.48533621928651033,False,-0.8291125235859411,-0.7539753056376836,False,-0.1878134529605262,-0.16792288695225466,False,-0.011715873756401152,-0.051298236862218495,False,False,-0.927233905952035,True
4,0.22366118431091309,left,left,177.43557993865215,2.564420061347846,177.27424608649235,-2.7257539135076456,-2.764122119497228,94.48186546380991,-0.10848766620462413,7.0079173191681985,-0.12057548538086849,OK,0.900797426700592,heel,0.9999959468841553,0.9990907907485962,0.9250059127807617,0.9399405717849731,0.900797426700592,0.931838870048523,True,0.006079778076453213,-0.42116818903374664,-0.6563111186957138,0.006079778076453213,-0.049702189154484135,False,-0.42116818903374664,-0.5250556406319108,False,-0.6563111186957138,-0.7008683645835151,False,-0.10848766620462413,0.0008190487575537494,False,-0.12057548538086849,-0.2263339618636356,False,False,-2.204801252913906,True
5,0.27878618240356445,left,left,177.68976100294145,2.3102389970585477,177.07808379886018,-2.9219162011398225,-2.7249924522704045,94.07461953216747,0.2987582654378116,6.5817822780954405,-0.5467105264536372,OK,0.9012466073036194,heel,0.9999957084655762,0.9990167617797852,0.923598051071167,0.9400879740715027,0.9012466073036194,0.9318071007728577,True,-0.2481012862128451,-0.6173304766659236,-0.6171814514688903,-0.2481012862128451,-0.21343118518363857,False,-0.6173304766659236,-0.6004534715164276,False,-0.6171814514688903,-0.6292174977842357,False,0.2987582654378116,0.21657052363697935,False,-0.5467105264536372,-0.4587657350884247,False,False,-3.337185373505934,True
6,0.3430461883544922,left,left,177.83993176414313,2.160068235856869,176.9325525266765,-3.0674474733235115,-2.7219709239896175,93.91393682592754,0.45944097167775055,6.419481611118309,-0.7090111934307686,OK,0.9020638465881348,heel,0.9999955296516418,0.998959481716156,0.9226096868515015,0.9404826760292053,0.9020638465881348,0.9320570230484009,True,-0.3982720474145238,-0.7628617488496126,-0.6141599231881032,-0.3982720474145238,-0.4833193758169296,False,-0.7628617488496126,-0.9550528975990235,False,-0.6141599231881032,-0.7170343871852412,False,0.45944097167775055,0.6417915987680421,False,-0.7090111934307686,-0.8870924641711989,False,False,-3.8352167259154855,True
7,0.3964991569519043,left,left,178.24524451055203,1.754755489447973,176.21044780824457,-3.7895521917554333,-3.0275727877002443,93.20620223841672,1.1671755591885642,5.72293713191989,-1.4055556726291911,OK,0.903616726398468,heel,0.9999952912330627,0.9989063143730164,0.9227293133735657,0.9414736032485962,0.903616726398468,0.9329994916915894,True,-0.8035847938234197,-1.4849664672815344,-0.91976178689873,-0.8035847938234197,-0.7008036120999998,False,-1.4849664672815344,-1.2618760386521768,False,-0.91976178689873,-0.8192453705468469,False,1.1671755591885642,0.8738610755962716,False,-1.4055556726291911,-1.1320340195909466,False,False,-3.557943315665405,True
8,0.4520738124847412,left,left,178.34221371179066,1.657786288209337,176.15761437570072,-3.8423856242992827,-3.0316254023552216,93.37841110168279,0.9949666959224999,5.846957611836204,-1.2815351927128802,OK,0.9040992259979248,heel,0.9999950528144836,0.9988307356834412,0.9217074513435364,0.9414491057395935,0.9040992259979248,0.9329376816749573,True,-0.9005539950620558,-1.5377998998253837,-0.9238144015537073,-0.9005539950620558,-0.9009235119250305,False,-1.5377998998253837,-1.532548931707743,False,-0.9238144015537073,-0.919972546713305,False,0.9949666959224999,1.0123686497107276,False,-1.2815351927128802,-1.300715776641321,False,False,-2.7331735313775667,True
9,0.5102996826171875,left,left,178.44029146361822,1.5597085363817769,176.1205338475098,-3.8794661524902097,-3.024152452488992,93.49841410358417,0.874963694021119,5.913436339967185,-1.2150564645818918,OK,0.9044822454452515,heel,0.9999948143959045,0.998756468296051,0.9207170009613037,0.941295325756073,0.9044822454452515,0.9328145980834961,True,-0.998631746889616,-1.5748804280163107,-0.9163414516874777,-0.998631746889616,-1.0039096440178301,False,-1.5748804280163107,-1.5559967626261713,False,-0.9163414516874777,-0.8832916577281508,False,0.874963694021119,1.0635533201503098,False,-1.2150564645818918,-1.3947578592701195,False,False,-1.7946477635703435,True
10,0.571357011795044,left,left,178.55420290683043,1.445797093169574,176.14010431548928,-3.859895684510718,-2.9175301207447815,93.05264822709798,1.3207295705073108,5.4408108840335,-1.6876819205155869,OK,0.9071114659309387,heel,0.9999945759773254,0.99870765209198,0.9213464260101318,0.9428716897964478,0.9071114659309387,0.9344155788421631,True,-1.1125431901018188,-1.5553099600368192,-0.8097191199432672,-1.1125431901018188,-1.0975508638606626,False,-1.5553099600368192,-1.5624819758214852,False,-0.8097191199432672,-0.8298664651291047,False,1.3207295705073108,1.2628012284347676,False,-1.6876819205155869,-1.6277365816030454,False,False,-1.2006179854331274,True
11,0.6275594234466553,left,left,178.62313737131916,1.3768626286808399,176.13815873611478,-3.861841263885225,-2.8713498245580835,92.78066737682941,1.592710420775873,5.148021444837413,-1.9804713597116574,OK,0.9092870950698853,heel,0.9999943971633911,0.9986651539802551,0.9216530323028564,0.9441272616386414,0.9092870950698853,0.9356843829154968,True,-1.181477654590553,-1.5572555394113259,-0.7635388237565692,-1.181477654590553,-1.1287124594498308,False,-1.5572555394113259,-1.4703320187059283,False,-0.7635388237565692,-0.7124995967052876,False,1.592710420775873,1.5257733722201767,False,-1.9804713597116574,-1.8966534096693597,False,False,-1.124173412442918,True
12,0.6828303337097168,left,left,178.53377625038573,1.4662237496142723,176.39698371885646,-3.603016281143539,-2.6720518472175407,92.70949767222794,1.6638801253773465,5.106685855768228,-2.021806948780835,OK,0.9064022898674011,heel,0.999994158744812,0.9985976815223694,0.9176428914070129,0.9414235949516296,0.9064022898674011,0.9325960874557495,True,-1.0921165336571206,-1.29843055666964,-0.5642408464160265,-1.0921165336571206,-1.1998782749735677,False,-1.29843055666964,-1.3361728478904962,False,-0.5642408464160265,-0.5643165093202046,False,1.6638801253773465,1.429704417413684,False,-2.021806948780835,-1.857726353816948,False,False,-0.7482343263289284,True
13,0.7400016784667969,left,left,178.76770035340164,1.2322996465983636,176.54258182793558,-3.457418172064422,-2.4729808585895325,93.34085509151745,1.032522706087832,5.557592051590711,-1.5709007529583516,OK,0.905110239982605,heel,0.9999938011169434,0.9985123872756958,0.916645348072052,0.9409943222999573,0.905110239982605,0.9317813515663147,True,-1.3260406366730293,-1.152832447590523,-0.36516985778801825,-1.3260406366730293,-1.2894337268239975,False,-1.152832447590523,-1.1599983627483788,False,-0.36516985778801825,-0.38570901811293484,False,1.032522706087832,1.1220979409585492,False,-1.5709007529583516,-1.6372423231470918,False,False,3.8180107294403514,True
14,0.8087425231933594,left,left,178.89180372687045,1.1081962731295505,176.66668219154113,-3.3333178084588724,-2.335527350936274,93.70348680619482,0.6698909914104689,5.809473536846977,-1.3190192677020889,OK,0.9041299819946289,heel,0.9999935030937195,0.9984374046325684,0.9159174561500549,0.9407726526260376,0.9041299819946289,0.9312166571617126,True,-1.4501440101418424,-1.0287320839849734,-0.22771635013475988,-1.4501440101418424,-1.1442153838519256,False,-1.0287320839849734,-0.7159087722912206,False,-0.22771635013475988,-0.11401475085440442,False,0.6698909914104689,0.8945430163184511,False,-1.3190192677020889,-1.4368643787335695,False,False,13.342779269837115,True
15,0.8678293228149414,left,left,178.0981212214695,1.901878778530488,177.72925249022794,-2.2707475097720646,-1.8569690454419494,93.39216244614823,0.9812153514570525,5.70781968900882,-1.4206731155402679,OK,0.9070605039596558,heel,0.9999937415122986,0.9984802603721619,0.9176579117774963,0.9424303770065308,0.9070605039596558,0.9333566427230835,True,-0.6564615047409048,0.033838214701834346,0.2508419553595649,-0.6564615047409048,0.1521113286871351,False,0.033838214701834346,0.8329825387855424,False,0.2508419553595649,0.45147129997591534,False,0.9812153514570525,1.0823035067316293,False,-1.4206731155402679,-1.311703416854139,False,False,28.527588288546383,True
16,0.92160964012146,left,left,174.87872021578445,5.121279784215545,178.81074423883413,1.1892557611658674,-0.7765227060985733,92.77757362027792,1.5958041773273663,5.933074937229014,-1.1954178673200602,OK,0.9039378762245178,heel,0.9999939203262329,0.9984948635101318,0.9165478944778442,0.9413524866104126,0.9039378762245178,0.9322266578674316,True,2.5629395009441525,3.4938414856397664,1.331288294702941,2.5629395009441525,1.8672739442612982,False,3.4938414856397664,2.6936950979111445,False,1.331288294702941,1.0656865474136739,False,1.5958041773273663,1.5378844706929726,False,-1.1954178673200602,-1.2986190769291663,False,False,48.89098314758085,True
17,0.9782791137695312,left,left,173.74631588014796,6.253684119852039,177.75118013108207,2.248819868917934,-0.4928816086229985,92.33674391431079,2.036633883294499,5.848726556621893,-1.2797662479271708,OK,0.9006907939910889,heel,0.9999938607215881,0.9984713792800903,0.9147976040840149,0.9397232532501221,0.9006907939910889,0.9304563999176025,True,3.6953438365806464,4.553405593391833,1.6149293921785157,3.6953438365806464,5.276762048958843,False,4.553405593391833,6.014043664351811,False,1.6149293921785157,1.9952997739545077,False,2.036633883294499,2.503324881186458,False,-1.2797662479271708,-1.2453067226249364,False,False,70.73781457169211,True
18,1.0418095588684082,left,left,167.86965690737688,12.130343092623121,172.30970181045006,7.690298189549935,0.9318706341805525,90.49584121466778,3.877536582937509,5.867756751921512,-1.2607360526275784,OK,0.8997077941894531,heel,0.9999942183494568,0.998528003692627,0.9119779467582703,0.9392439723014832,0.8997077941894531,0.9299471378326416,True,9.572002809351728,9.994883914023834,3.039681634982067,9.572002809351728,10.945197812572573,False,9.994883914023834,11.621269882316364,False,3.039681634982067,3.5494311698498477,False,3.877536582937509,3.883516516484022,False,-1.2607360526275784,-1.0101574163779787,False,False,87.94959287380449,True
19,1.107339859008789,left,left,157.87341292494327,22.126587075056733,161.98906558494048,18.010934415059523,3.8858714815874458,88.63699871438523,5.736379083220058,6.638522855969878,-0.4899699485791871,OK,0.9023313522338867,heel,0.9999940991401672,0.99858558177948,0.911044716835022,0.9392874836921692,0.9023313522338867,0.9299330711364746,True,19.56824679178534,20.315520139533422,5.9936824823889605,19.56824679178534,17.253503425621293,False,20.315520139533422,17.57939903228976,False,5.9936824823889605,5.0794138508737525,False,5.736379083220058,5.2598780285953,False,-0.4899699485791871,-0.506359784390033,False,False,90.0458651278912,True
20,1.1711435317993164,left,left,154.8213990410018,25.178600958998203,159.87679268116187,20.123207318838126,4.097066434448716,88.20765937797695,6.165718419628334,7.360119452585741,0.23162664803666644,OK,0.9032073020935059,heel,0.9999931454658508,0.9985098838806152,0.9106399416923523,0.9377034306526184,0.9032073020935059,0.9278832674026489,True,22.62026067572681,22.427793043312025,6.20487743525023,22.62026067572681,23.525086416977658,False,22.427793043312025,23.58637626743649,False,6.20487743525023,6.700218815692016,False,6.165718419628334,5.95713823641221,False,0.23162664803666644,0.6817907288209616,False,False,89.32785825013586,True
21,1.2287228107452393,left,left,149.0549079333078,30.94509206669221,154.2887701050099,25.71122989499011,5.794285528635345,88.40406059121705,5.96931720638824,9.432208291554474,2.3037154870054053,OK,0.9086007475852966,heel,0.9999932050704956,0.9986037611961365,0.913993775844574,0.93937748670578,0.9086007475852966,0.9300126433372498,True,28.38675178342082,28.01581561946401,7.902096529436859,28.38675178342082,27.19761285892109,False,28.01581561946401,27.028477150355062,False,7.902096529436859,7.690396905260123,False,5.96931720638824,6.136517040577014,False,2.3037154870054053,1.7230155732491141,False,False,96.60800057233007,True
22,1.285829782485962,left,left,146.85583359911297,33.14416640088703,151.66276293618475,28.33723706381525,6.8564057502917635,88.09886230189082,6.274515495714468,9.762197389254347,2.6337045847052707,OK,0.9153739809989929,heel,0.9999938011169434,0.9987366199493408,0.9195942878723145,0.9436261057853699,0.9153739809989929,0.9346012473106384,True,30.58582611761564,30.64182278828915,8.964216751093279,30.58582611761564,33.88316656492888,False,30.64182278828915,33.84389880842774,False,8.964216751093279,9.736778563070713,False,6.274515495714468,7.210750914141367,False,2.6337045847052707,2.5652954054304664,False,False,113.6846209523856,True
23,1.3543484210968018,left,left,134.76473792297844,45.23526207702156,139.43052770694385,40.56947229305615,10.23621140788049,84.9849577572839,9.388420040321392,9.886958949129811,2.758466144580723,OK,0.9203636050224304,heel,0.999994158744812,0.9988579750061035,0.9243770837783813,0.9471321105957031,0.9203636050224304,0.9376675486564636,True,42.67692179375017,42.87405801753005,12.344022408682005,42.67692179375017,42.21572383044064,False,42.87405801753005,41.58055586360561,False,12.344022408682005,11.500268333683948,False,9.388420040321392,9.397637452578698,False,2.758466144580723,2.7377988479402595,False,False,124.00089677686405,True
24,1.4121689796447754,left,left,124.0572361367725,55.9427638632275,131.07879893947626,48.92120106052374,11.08475484047505,81.84340097590506,12.529976821700231,9.949718619083862,2.8212258145347846,OK,0.9242763519287109,heel,0.9999945163726807,0.998969316482544,0.9284828901290894,0.9503201842308044,0.9242763519287109,0.9405509829521179,True,53.384423579956106,51.22578678499764,13.192565841276565,53.384423579956106,50.289265548308606,False,51.22578678499764,48.98179128164417,False,13.192565841276565,13.276946777764536,False,12.529976821700231,12.667469497575269,False,2.8212258145347846,1.9169515468537004,False,False,113.78555198927442,True
25,1.4759869575500488,left,left,122.63520844550906,57.364791554490935,129.45905668206908,50.540943317930925,12.186441082533523,78.2893661669011,16.084011630704182,7.299655485994663,0.171162681445594,OK,0.9287816286087036,heel,0.999994158744812,0.999066948890686,0.9330959916114807,0.9538792371749878,0.9287816286087036,0.9443797469139099,True,54.806451271219544,52.84552904240482,14.294252083335039,54.806451271219544,56.764028612031346,False,52.84552904240482,54.784322787471204,False,14.294252083335039,14.30795142339594,False,16.084011630704182,15.153251424963628,False,0.171162681445594,1.134405822992439,False,False,93.41771238213164,True
26,1.532280683517456,left,left,115.34044873181023,64.65955126818977,122.02293318946273,57.977066810537266,13.329225344774702,77.52761197511882,16.84576582248647,7.539321777546015,0.41082897299693855,OK,0.9345532059669495,heel,0.9999895691871643,0.9991480708122253,0.9389427900314331,0.9578438997268677,0.9345532059669495,0.9488930702209473,True,62.10121098491838,60.28165253501116,15.437036345576217,62.10121098491838,61.10138478941604,False,60.28165253501116,59.233307088222126,False,15.437036345576217,15.477353383284433,False,16.84576582248647,16.862385109402627,False,0.41082897299693855,0.48304597507569724,False,False,73.61451526439734,True
27,1.589442253112793,left,left,111.04516760461843,68.95483239538157,117.73184603722348,62.26815396277652,14.592960720140525,76.71599992258805,17.657377875017232,7.995639075333647,0.8671462707845592,OK,0.9402653574943542,heel,0.9999794960021973,0.9992243051528931,0.9442833662033081,0.9616647362709045,0.9402653574943542,0.9534568786621094,True,66.39649211211018,64.57273968725042,16.70077172094204,66.39649211211018,64.7258277573532,False,64.57273968725042,63.716112985734505,False,16.70077172094204,16.831489767991567,False,17.657377875017232,17.42906515338431,False,0.8671462707845592,0.4121393862259121,False,False,68.02428857269233,True
28,1.6554646492004395,left,left,111.7618795416976,68.2381204583024,116.01063898953194,63.98936101046806,16.24885023665493,76.58932603495606,17.784051762649227,7.086935719445324,-0.04155708510376144,OK,0.9453086256980896,heel,0.9999701976776123,0.9992939829826355,0.9489969611167908,0.9650289416313171,0.9453086256980896,0.9574073553085327,True,65.67978017503101,66.29394673494195,18.356661237456446,65.67978017503101,68.72264628169823,False,66.29394673494195,68.68762816154651,False,18.356661237456446,18.308205550542706,False,17.784051762649227,17.94205584814746,False,-0.04155708510376144,0.40116782254693817,False,False,71.50291041260122,True
29,1.7122676372528076,left,left,103.34999315877508,76.65000684122492,107.1083876620267,72.8916123379733,17.75937269242812,75.98863989082936,18.384737906775925,7.506407086509105,0.37791428196001675,OK,0.9499136209487915,heel,0.9999620914459229,0.999358057975769,0.9532579779624939,0.9680658578872681,0.9499136209487915,0.9610638618469238,True,74.09166655795353,75.1961980624472,19.867183693229634,74.09166655795353,73.34280190714443,False,75.1961980624472,74.36948113056529,False,19.867183693229634,19.926684073715183,False,18.384737906775925,18.497723311972795,False,0.37791428196001675,0.40228153832149854,False,False,74.29681158572929,True
30,1.7749121189117432,left,left,97.18470072827985,82.81529927172015,100.68628713016719,79.31371286983281,19.448396289657953,75.04899753111205,19.324380266493236,7.998980222657328,0.8704874181082403,OK,0.9540982842445374,heel,0.9999510049819946,0.9994160532951355,0.9571584463119507,0.9707184433937073,0.9540982842445374,0.9642272591590881,True,80.25695898844876,81.61829859430671,21.55620729045947,80.25695898844876,78.35632840101341,False,81.61829859430671,79.69467563192505,False,21.55620729045947,21.230297151044578,False,19.324380266493236,18.823723428314945,False,0.8704874181082403,1.0682264918179953,False,False,65.33758719179524,True
31,1.8317842483520508,left,left,96.72130006009061,83.27869993990939,100.03505548545269,79.96494451454731,20.15968946864312,75.61132568592961,18.762052111675672,9.08477057993481,1.956277775385729,OK,0.9575029015541077,heel,0.99993896484375,0.9994631409645081,0.9603936672210693,0.9730711579322815,0.9575029015541077,0.9669554829597473,True,80.720359656638,82.26953023902121,22.267500469444634,80.720359656638,81.86903205072012,False,82.26953023902121,83.63890536823952,False,22.267500469444634,22.460091281698965,False,18.762052111675672,18.846098444124948,False,1.956277775385729,1.8441195200546001,False,False,49.16329432298762,True
32,1.890841007232666,left,left,92.81188220965501,87.18811779034499,95.27569845308327,84.72430154691673,21.448755084391276,75.92151484339935,18.451862954205936,9.834086171218907,2.705593366669831,OK,0.9605132937431335,heel,0.9999292492866516,0.9995063543319702,0.9632248878479004,0.9750779271125793,0.9605132937431335,0.9693264365196228,True,84.6297775070736,87.02888727139063,23.55656608519279,84.6297775070736,83.47918988259471,False,87.02888727139063,85.43330846353189,False,23.55656608519279,23.076326579280217,False,18.451862954205936,18.350839730973576,False,2.705593366669831,2.7713682673694393,False,False,33.33851600592374,True
33,1.9469408988952637,left,left,92.35422723265609,87.64577276734391,95.30307784429004,84.69692215570996,21.297102182401705,76.53477367056617,17.83860412703912,10.780726464601832,3.652233660052758,OK,0.9630794525146484,heel,0.9999149441719055,0.9995360970497131,0.9657571911811829,0.9767665863037109,0.9630794525146484,0.9712305068969727,True,85.08743248407252,87.00150788018385,23.40491318320322,85.08743248407252,85.5478527599583,False,87.00150788018385,87.6829777582675,False,23.40491318320322,23.60473227432267,False,17.83860412703912,18.135120650357056,False,3.652233660052758,3.3344866256564196,False,False,20.722230613369174,True
34,2.0031533241271973,left,left,90.51531142799979,89.48468857200021,93.2860476012459,86.7139523987541,21.74490655377049,76.25848292777917,18.114894869826117,10.774125654795753,3.6456328502466704,OK,0.9650494456291199,heel,0.9998968243598938,0.9995570778846741,0.9677017331123352,0.9779443144798279,0.9650494456291199,0.9725037813186646,True,86.92634828872882,89.018538123228,23.852717554572006,86.92634828872882,86.05730377692232,False,89.018538123228,88.04012627915988,False,23.852717554572006,23.816422720426875,False,18.114894869826117,17.16897602901224,False,3.6456328502466704,4.664624189177071,False,False,7.1325951340335125,True
35,2.0593864917755127,left,left,91.28352915876297,88.71647084123703,94.20425289040614,85.79574710959386,22.083826422703886,78.81994870743381,15.553429090171477,13.824498861780867,6.696006057231784,OK,0.9665581583976746,heel,0.9998655319213867,0.9995613098144531,0.9691178202629089,0.9787444472312927,0.9665581583976746,0.9732690453529358,True,86.15813055796563,88.10033283406776,24.1916374235054,86.15813055796563,86.33387130934425,False,88.10033283406776,88.37339890475396,False,24.1916374235054,24.15405639812906,False,15.553429090171477,16.008898287069538,False,6.696006057231784,6.105630515649797,False,False,-7.548855306865836,True
36,2.1128532886505127,left,left,91.52452463539032,88.47547536460968,94.3032599675078,85.6967400324922,22.310003215508267,80.01500689639427,14.358370901211018,15.103745444020017,7.975252639470938,OK,0.9677055478096008,heel,0.9998316168785095,0.9995532631874084,0.9701356291770935,0.9792774319648743,0.9677055478096008,0.9736570715904236,True,85.91713508133829,88.0013257569661,24.417814216309782,85.91713508133829,85.18934873893508,False,88.0013257569661,87.297370934972,False,24.417814216309782,24.30883736524434,False,14.358370901211018,14.593985087520386,False,7.975252639470938,7.606830081687018,False,False,-25.627557534146955,True
37,2.1679601669311523,left,left,93.94887913922729,86.05112086077271,96.51413151059174,83.48586848940826,22.209249455116318,80.50322252642663,13.87015527117866,15.2777243529074,8.14923154835833,OK,0.969779372215271,heel,0.9998218417167664,0.9995764493942261,0.9722371101379395,0.9808242917060852,0.969779372215271,0.9754923582077026,True,83.49278057750132,85.79045421388216,24.317060455917833,83.49278057750132,84.04828137447765,False,85.79045421388216,86.31323815235966,False,24.317060455917833,24.33146145224679,False,13.87015527117866,13.939012848757676,False,8.14923154835833,8.12749182560709,False,False,-51.82058394926133,True
38,2.225346326828003,left,left,94.70673125213526,85.29326874786474,97.15665123824317,82.84334876175683,22.151698683711235,80.78486542372194,13.588512373883347,15.386484093541087,8.257991288992002,OK,0.9714751839637756,heel,0.9998117685317993,0.9995953440666199,0.9739776253700256,0.9821214079856873,0.9714751839637756,0.9770120978355408,True,82.73492846459335,85.14793448623072,24.25950968451275,82.73492846459335,79.75112034299127,False,85.14793448623072,81.96661339847924,False,24.25950968451275,23.608509731348878,False,13.588512373883347,13.245053263749611,False,8.257991288992002,8.147963412111286,False,False,-79.66137245836941,True
39,2.2874622344970703,left,left,104.41600772984945,75.58399227015055,107.34313422914907,72.65686577085093,20.14114805281454,82.09688565141846,12.276492146186825,15.16516020353261,8.036667398983525,OK,0.972672700881958,heel,0.9997968077659607,0.9996160864830017,0.9754527807235718,0.9831646084785461,0.972672700881958,0.9782431721687317,True,73.02565198687915,74.96145149532482,22.248959053616055,73.02565198687915,73.51219287378537,False,74.96145149532482,75.5278053953248,False,22.248959053616055,22.424396486134984,False,12.276492146186825,12.102767591357571,False,8.036667398983525,8.306016373237952,False,False,-106.22441712316761,True
40,2.3433139324188232,left,left,112.66566154684499,67.33433845315501,115.83055552005501,64.16944447994499,18.656909719474637,83.93007954360274,10.443298254002542,15.751883236287396,8.62339043173833,OK,0.9734230637550354,heel,0.999790370464325,0.9996342062950134,0.9768987894058228,0.9838933944702148,0.9734230637550354,0.9789457321166992,True,64.77599816988362,66.47403020441888,20.764720720276152,64.77599816988362,67.46289646119028,False,66.47403020441888,69.01319570025242,False,20.764720720276152,20.894826645799217,False,10.443298254002542,10.745617356388768,False,8.62339043173833,8.59891005034829,False,False,-122.20655489403278,True
41,2.401087999343872,left,left,112.85462048992055,67.14537951007945,116.70048032346035,63.299519676539646,17.56298916270393,84.85631612862835,9.517061668976936,16.26516512487208,9.136672320323015,OK,0.9741123914718628,heel,0.9997653961181641,0.9996452927589417,0.9778391718864441,0.9843209981918335,0.9741123914718628,0.9792517423629761,True,64.58703922680806,65.60410540101354,19.670800163505444,64.58703922680806,59.01635226134053,False,65.60410540101354,60.998956574462376,False,19.670800163505444,19.35273005704831,False,9.517061668976936,8.562406325092084,False,9.136672320323015,8.807719418834353,False,False,-136.47565693797637,True
42,2.473456859588623,left,left,129.75564032939872,50.244359670601284,131.38585160651917,48.61414839348083,15.514858286561816,88.64651874530851,5.726859052296774,15.79158830899078,8.663095504441714,OK,0.9737171530723572,heel,0.9997744560241699,0.9996534585952759,0.9782211780548096,0.9845051765441895,0.9737171530723572,0.9787572622299194,True,47.68601938732989,50.91873411795473,17.62266928736333,47.68601938732989,50.2452718091639,False,50.91873411795473,53.509102834995836,False,17.62266928736333,17.787949310757014,False,5.726859052296774,6.023993070078532,False,8.663095504441714,8.500125214846548,False,False,-151.0992429538941,True
43,2.5306396484375,left,left,138.97890290337486,41.02109709662514,138.30011673845468,41.699883261545324,13.962567480600761,91.5453193086434,2.8280584889618865,14.829100624323988,7.700607819774916,OK,0.9739104509353638,heel,0.999788224697113,0.9996631741523743,0.9793478846549988,0.9851546287536621,0.9739104509353638,0.979125440120697,True,38.46275681335375,44.00446898601922,16.070378481402276,38.46275681335375,40.63359901471778,False,44.00446898601922,44.99859297630274,False,16.070378481402276,16.033193076429054,False,2.8280584889618865,3.6137231209138654,False,7.700607819774916,8.054475993930216,False,False,-161.77298653065756,True
44,2.587078094482422,left,left,141.6896388732589,38.3103611267411,142.23200989953963,37.767990100460366,12.298720459720041,92.08712597612235,2.286251821482935,14.928217462123103,7.799724657574018,OK,0.9744723439216614,heel,0.9998015761375427,0.9996703863143921,0.9801793694496155,0.9857054948806763,0.9744723439216614,0.9792970418930054,True,35.75202084346971,40.07257582493426,14.406531460521556,35.75202084346971,30.842214502367355,False,40.07257582493426,35.61111523710903,False,14.406531460521556,13.270176835812734,False,2.286251821482935,1.8041644174335782,False,7.799724657574018,6.697111683637455,False,False,-163.90928952176478,True
45,2.6443333625793457,left,left,159.12979386645,20.87020613355,159.54828482410028,20.45171517589972,7.225809564712852,94.07519485574937,0.298182941855913,11.719495378112494,4.591002573563429,OK,0.9740808010101318,heel,0.9998123049736023,0.9996610283851624,0.9804387092590332,0.9859294295310974,0.9740808010101318,0.979308545589447,True,18.311865850278608,22.75630090037362,9.333620565514366,18.311865850278608,21.64327857090021,False,22.75630090037362,25.459523772574585,False,9.333620565514366,9.614992685329382,False,0.298182941855913,0.2850472511431832,False,4.591002573563429,5.51370023251179,False,False,-146.91687954201942,True
46,2.7081100940704346,left,left,166.5757106977763,13.424289302223713,168.75489113205802,11.24510886794198,2.997015029150709,96.10267080751458,-1.7292930099092985,11.278866270947008,4.150373466397923,OK,0.971360445022583,heel,0.9998252987861633,0.9996516704559326,0.9788756370544434,0.9853982925415039,0.971360445022583,0.9783007502555847,True,10.86594901895232,13.549694592415879,5.104826029952223,10.86594901895232,12.322109170932867,False,13.549694592415879,15.248876100102455,False,5.104826029952223,5.8915048547444195,False,-1.7292930099092985,-1.200804849135821,False,4.150373466397923,4.165542774710644,False,False,-116.87399148851755,True
47,2.7653989791870117,left,left,169.65314707316094,10.346852926839063,172.86395291695604,7.136047083043962,1.1282569679651557,96.54468227695936,-2.1713044793540774,10.883745088719648,3.755252284170581,OK,0.9639522433280945,heel,0.99983811378479,0.9996036291122437,0.976059079170227,0.9832520484924316,0.9639522433280945,0.9750617146492004,True,7.788512643567669,9.440632807517861,3.23606796876667,7.788512643567669,6.812037969230179,False,9.440632807517861,8.793146464239749,False,3.23606796876667,3.268780513726226,False,-2.1713044793540774,-2.1895235227321117,False,3.755252284170581,3.477195541448765,False,False,-83.48003892274502,True
48,2.823402166366577,left,left,175.66000747155806,4.33999252844194,178.9154737316884,1.0845262683116061,-0.6423634583417276,97.04135087653825,-2.6679730789329597,9.654453678326854,2.525960873777791,OK,0.955058753490448,heel,0.9998488426208496,0.9994915127754211,0.9709360003471375,0.9796888828277588,0.955058753490448,0.9706019163131714,True,1.7816522451705468,3.389111992785505,1.4654475424597866,1.7816522451705468,3.4728943862441155,False,3.389111992785505,4.874523509917768,False,1.4654475424597866,1.8587967692131055,False,-2.6679730789329597,-2.15797913263593,False,2.525960873777791,2.6151467781753865,False,False,-54.82386950911283,True
49,2.8803207874298096,left,left,176.59314144673448,3.406858553265522,179.48924000497604,-0.5107599950239603,-1.2329362043886538,96.00803763722604,-1.6346598396207526,8.692719981126853,1.5642271765777878,OK,0.951054036617279,heel,0.9998592734336853,0.9994531273841858,0.9681752324104309,0.9783539175987244,0.951054036617279,0.9689738154411316,True,0.8485182699941292,1.7938257294499387,0.8748747964128605,0.8485182699941292,0.6416330536096226,False,1.7938257294499387,1.7368150663599369,False,0.8748747964128605,0.9092476324431393,False,-1.6346598396207526,-2.0748290774491003,False,1.5642271765777878,1.8888946971419216,False,False,-34.929015264105026,True
50,2.939788579940796,left,left,178.14693107106442,1.8530689289355848,177.72292175237047,-2.2770782476295324,-1.7203904423447431,96.29523211139887,-1.9218543137935882,8.70498884561926,1.576496041070186,OK,0.9480689167976379,heel,0.9998707175254822,0.9993969798088074,0.9636960625648499,0.9763011336326599,0.9480689167976379,0.9673377275466919,True,-0.705271354335808,0.027507476844366607,0.38742055845677115,-0.705271354335808,-0.3850759972407771,False,0.027507476844366607,0.40542254229511226,False,0.38742055845677115,0.5006605327093283,False,-1.9218543137935882,-1.7171785393809007,False,1.576496041070186,1.4273405325543347,False,False,-18.173214905245167,True
51,2.995318651199341,left,left,178.74013462410926,1.2598653758907403,177.09034869611713,-2.9096513038828675,-1.868124757543161,95.96839926233365,-1.5950214647283616,8.269791184564102,1.14129838001503,OK,0.9423933625221252,heel,0.9998788833618164,0.999218761920929,0.9551501870155334,0.9713683724403381,0.9423933625221252,0.9622646570205688,True,-1.2984749073806525,-0.6050655794089685,0.2396862432583533,-1.2984749073806525,-1.3485744587670148,False,-0.6050655794089685,-0.6521319278452952,False,0.2396862432583533,0.19773182412133883,False,-1.5950214647283616,-1.6662568200868908,False,1.14129838001503,1.1675461132865053,False,False,3.3926807708656335,True
52,3.0516092777252197,left,left,179.4836368313132,0.5163631686868086,176.31657659455482,-3.6834234054451827,-2.1417223301526223,95.85527247934401,-1.4818946817387229,7.91333672332339,0.7848439187742997,OK,0.9397780895233154,heel,0.9998884797096252,0.9991626143455505,0.9487582445144653,0.9693111181259155,0.9397780895233154,0.9608352780342102,True,-2.041977114584584,-1.3788376809712837,-0.033911329351107966,-2.041977114584584,-0.7383394515974225,False,-1.3788376809712837,-0.051754837580002544,False,-0.033911329351107966,0.39565999705635885,False,-1.4818946817387229,-0.8895255954318912,False,0.7848439187742997,0.598600978470832,False,False,28.014129239786513,True
53,3.1057369709014893,left,left,176.31622604955564,3.683773950444362,179.52405302316635,-0.4759469768336544,-1.126605923539683,93.96503843743388,0.4083393601714107,6.998153441172229,-0.13033936337683372,OK,0.9396300911903381,heel,0.999897301197052,0.9991094470024109,0.9471813440322876,0.968966007232666,0.9396300911903381,0.9610773921012878,True,1.125433667172969,1.8286387476402446,0.9812050772618313,1.125433667172969,1.9717051962803807,False,1.8286387476402446,2.090803015943809,False,0.9812050772618313,0.8759902390717866,False,0.4083393601714107,0.6992322570014645,False,-0.13033936337683372,0.05766016240689472,False,False,55.9815275199291,True
54,3.167520046234131,left,left,170.61000068047585,9.38999931952415,176.48197774331143,3.5180222566885675,-0.4271340314968778,91.20212570503358,3.171252092571706,6.646968736372283,-0.48152406817678184,OK,0.9395898580551147,heel,0.9999051094055176,0.9990801811218262,0.9464257955551147,0.9679364562034607,0.9395898580551147,0.960625171661377,True,6.831659036252757,5.8226079811624665,1.6806769693046366,6.831659036252757,5.923335281897373,False,5.8226079811624665,5.198658140437851,False,1.6806769693046366,1.5845333664596584,False,3.171252092571706,2.7434096326958155,False,-0.48152406817678184,-0.4341991247766259,False,False,74.54076462381786,True
55,3.2238881587982178,left,left,167.6287465744622,12.371253425537788,174.35985803196306,5.640141968036943,-0.016092947989006935,89.72274035226096,4.65063744534433,6.437758861772813,-0.6907339427762622,OK,0.9392952919006348,heel,0.999912679195404,0.999085009098053,0.9449012875556946,0.9663318991661072,0.9392952919006348,0.9598153829574585,True,9.812913142266394,7.944727692510842,2.0917180528125074,9.812913142266394,11.317120743426294,False,7.944727692510842,9.366451144565847,False,2.0917180528125074,2.468060061389139,False,4.65063744534433,4.862989068130365,False,-0.6907339427762622,-0.4442594078807834,False,False,88.70346248637641,True
56,3.280812978744507,left,left,160.13486966496887,19.865130335031125,167.97256796444967,12.027432035550333,1.523974161248759,87.60630013113023,6.7670776664750605,6.967972591859776,-0.16052021268930616,OK,0.9406402707099915,heel,0.9999192357063293,0.9991050958633423,0.9462064504623413,0.9669519662857056,0.9406402707099915,0.9607670307159424,True,17.306790051759734,14.332017760024232,3.6317851620502735,17.306790051759734,15.7147363972161,False,14.332017760024232,13.186038380462668,False,3.6317851620502735,3.4385464522424107,False,6.7670776664750605,6.244942934718111,False,-0.16052021268930616,-0.27769846572227647,False,False,107.15949584571229,True
57,3.3419196605682373,left,left,157.41715371910644,22.582846280893563,165.02321603562098,14.976783964379024,2.484325141062936,87.05626410527034,7.317113692334942,7.146651562847816,0.01815875829873903,OK,0.9422184228897095,heel,0.9999253749847412,0.9991356134414673,0.9473066329956055,0.9676015377044678,0.9422184228897095,0.96188884973526,True,20.02450599762217,17.281369688852923,4.592136141864451,20.02450599762217,23.196256782813126,False,17.281369688852923,20.37393266459654,False,4.592136141864451,5.390989618745795,False,7.317113692334942,8.019899419630173,False,0.01815875829873903,0.19341431733218428,False,False,123.73431201658782,True
58,3.401054620742798,left,left,145.18418541767113,34.81581458232887,152.79617517956143,27.20382482043857,5.841236551521146,84.39787089752477,9.975506900080518,7.851097210936205,0.72260440638712,OK,0.9439529776573181,heel,0.999931275844574,0.9992052316665649,0.9471151828765869,0.9680708050727844,0.9439529776573181,0.961765468120575,True,32.25747429905748,29.50841054491247,7.949047552322661,32.25747429905748,32.005580692121434,False,29.50841054491247,28.91952271858726,False,7.949047552322661,7.51916354630342,False,9.975506900080518,10.535711360928104,False,0.72260440638712,0.06951015890947095,False,False,136.89648987186254,True
59,3.4717836380004883,left,left,133.70689793704395,46.29310206295605,142.33579780247752,37.664202197522485,7.908495943921635,80.05886430723643,14.314513490368853,6.5962601165916315,-0.5322326879574462,OK,0.946345329284668,heel,0.9999375343322754,0.9992774128913879,0.9480482339859009,0.9685271978378296,0.946345329284668,0.9615779519081116,True,43.73476177968466,39.96878792199638,10.01630694472315,43.73476177968466,40.564895511546815,False,39.96878792199638,37.26184800642273,False,10.01630694472315,9.678162693222577,False,14.314513490368853,13.086374993898099,False,-0.5322326879574462,-0.10516479555147384,False,False,139.17586163200306,True
60,3.532989501953125,left,left,131.7392092608303,48.26079073916969,139.99624017211454,40.00375982788546,8.961322581820404,79.40427320636036,14.969104591244928,6.622626699464982,-0.5058661050840954,OK,0.9480847120285034,heel,0.9999426603317261,0.9993413090705872,0.9502050876617432,0.9695243239402771,0.9480847120285034,0.962425708770752,True,45.7024504558983,42.308345552359356,11.06913358262192,45.7024504558983,49.9713418210217,False,42.308345552359356,46.188963328018964,False,11.06913358262192,11.525457961292012,False,14.969104591244928,14.768526964044932,False,-0.5058661050840954,0.5393094902498111,False,False,135.08297391093495,True
61,3.586463451385498,left,left,116.96484648924644,63.03515351075356,126.01482921477275,53.985170785227254,11.383122355729455,79.35141498708427,15.021962810521018,9.78452006834004,2.6560272637909748,OK,0.9513657689094543,heel,0.999943196773529,0.9994010925292969,0.9540827870368958,0.9718036651611328,0.9513657689094543,0.9651058316230774,True,60.47681322748217,56.28975650970115,13.49093335653097,60.47681322748217,57.094608737702835,False,56.28975650970115,53.03869009004097,False,13.49093335653097,13.143919056685341,False,15.021962810521018,15.610479388167652,False,2.6560272637909748,1.5893583161795277,False,False,117.83106840220016,True
62,3.6422789096832275,left,left,112.33709718700055,67.66290281299945,121.78661751641147,58.21338248358853,12.76387923010162,77.53300703486828,16.84037076273701,9.746406594380792,2.6179137898317038,OK,0.9548339247703552,heel,0.9999464750289917,0.9994581937789917,0.9576764106750488,0.9741057753562927,0.9548339247703552,0.967960000038147,True,65.10456252972806,60.51796820806243,14.871690230903134,65.10456252972806,63.474807027300706,False,60.51796820806243,59.57440969370915,False,14.871690230903134,14.823999540992292,False,16.84037076273701,16.310239139066425,False,2.6179137898317038,2.4141577355174113,False,False,85.8885234473538,True
63,3.697739601135254,left,left,112.59861439203671,67.40138560796329,120.38908136111003,59.61091863888997,14.001564034741262,77.30499395366404,17.06838384394125,9.097024957478618,1.968532152929555,OK,0.9582930207252502,heel,0.9999397397041321,0.9995046854019165,0.9611089825630188,0.9761878252029419,0.9582930207252502,0.9705330729484558,True,64.8430453246919,61.915504363363866,16.109375035542776,64.8430453246919,66.76994227665341,False,61.915504363363866,63.374977949803736,False,16.109375035542776,16.031229595761758,False,17.06838384394125,16.769991949026544,False,1.968532152929555,2.6562019735848614,False,False,61.366052842083405,True
64,3.7569820880889893,left,left,107.07944074118836,72.92055925881164,114.613124446489,65.386875553511,15.004812520037852,77.97215655720392,16.40122124040137,10.510652782542389,3.382159977993325,OK,0.9617144465446472,heel,0.9999386668205261,0.9995469450950623,0.9643412232398987,0.9781563878059387,0.9617144465446472,0.9729743599891663,True,70.36221897554024,67.6914612779849,17.112623520839367,70.36221897554024,68.76016430078492,False,67.6914612779849,66.24499691757465,False,17.112623520839367,17.075250573063627,False,16.40122124040137,16.5984584080483,False,3.382159977993325,2.991959548225575,False,False,53.76899872314822,True
65,3.821864128112793,left,left,106.366431114606,73.633568885394,113.17656061309869,66.82343938690131,15.895942162007227,78.047607657803,16.325770139802287,10.753679318302918,3.625186513753846,OK,0.9647833704948425,heel,0.9999383091926575,0.9995852708816528,0.9673042893409729,0.9799538254737854,0.9647833704948425,0.9751672744750977,True,71.0752286021226,69.12802511137521,18.003753162808742,71.0752286021226,73.2236421950055,False,69.12802511137521,71.59058484291563,False,18.003753162808742,18.262049028907885,False,16.325770139802287,16.335069240952183,False,3.625186513753846,3.5600371400455515,False,False,57.22114295632138,True
66,3.880028486251831,left,left,99.20818070937499,80.79181929062501,104.35231758508712,75.64768241491288,17.561959402274027,78.09516145495239,16.278216342652897,10.801257732938565,3.6727649283894834,OK,0.9674018025398254,heel,0.9999329447746277,0.9996172785758972,0.9696371555328369,0.9814005494117737,0.9674018025398254,0.9769516587257385,True,78.23347900735362,77.95226813938677,19.669770403075542,78.23347900735362,76.6942942469326,False,77.95226813938677,76.1355168467356,False,19.669770403075542,19.592257139297573,False,16.278216342652897,16.38265140710295,False,3.6727649283894834,3.7683831323916004,False,False,54.855464854703534,True
67,3.939979076385498,left,left,96.66748458540707,83.33251541459293,100.97832843502907,79.02167156497093,18.995436851206925,77.82941005875162,16.543967738853667,11.13569075958054,4.007197955031472,OK,0.9697006940841675,heel,0.9999300241470337,0.9996479749679565,0.9717218279838562,0.9826425909996033,0.9697006940841675,0.9784402847290039,True,80.77417513132154,81.32625728944483,21.10324785200844,80.77417513132154,79.98136076901629,False,81.32625728944483,80.33511964912044,False,21.10324785200844,20.797258256460037,False,16.543967738853667,16.46833195081312,False,4.007197955031472,3.9751674255427454,False,False,42.173264459214415,True
68,3.9961256980895996,left,left,96.50523154835489,83.49476845164511,100.57775220594417,79.42224779405583,19.5109455134946,77.7905660266725,16.582811770932793,11.374032197756367,4.245539393207281,OK,0.9719987511634827,heel,0.9999239444732666,0.9996770024299622,0.9736834168434143,0.9839944243431091,0.9719987511634827,0.9800894260406494,True,80.93642816837372,81.72683351852973,21.618756514296116,80.93642816837372,81.80596020720186,False,81.72683351852973,82.65417702068618,False,21.618756514296116,21.639100815982264,False,16.582811770932793,16.83129340608436,False,4.245539393207281,3.959590596413572,False,False,29.69010273802427,True
69,4.058363676071167,left,left,93.73438239481827,86.26561760518173,97.39514547038992,82.60485452961008,20.087487080840727,77.00627708913866,17.367100708466623,10.754527245551042,3.6260344410019627,OK,0.9739474654197693,heel,0.9999157786369324,0.9997001886367798,0.9754789471626282,0.985121488571167,0.9739474654197693,0.9814345240592957,True,83.70727732191034,84.90944025408398,22.195298081642242,83.70727732191034,82.96752633698168,False,84.90944025408398,84.21453894396107,False,22.195298081642242,22.253149970647822,False,17.367100708466623,17.179073010376726,False,3.6260344410019627,3.8270643532916986,False,False,17.94848581620612,True
70,4.12078595161438,left,left,93.18278619606761,86.81721380393239,96.29724266520441,83.70275733479559,20.83758431520359,76.78607124587452,17.587306551730762,10.738112030214916,3.6096192256658526,OK,0.9755914211273193,heel,0.9999040961265564,0.9997150301933289,0.9768926501274109,0.9859974384307861,0.9755914211273193,0.9824121594429016,True,84.258873520661,86.00734305926949,22.945395316005104,84.258873520661,84.27925135573771,False,86.00734305926949,85.79203319191258,False,22.945395316005104,22.751055515215686,False,17.587306551730762,17.4576140599307,False,3.6096192256658526,3.7806596191101107,False,False,7.301310412445285,True
71,4.17546534538269,left,left,92.57005649208679,87.42994350791321,95.8452694620896,84.1547305379104,21.004662147198207,76.95494287801057,17.418434919594716,11.234817995211586,4.106325190662517,OK,0.9768267273902893,heel,0.9998976588249207,0.9997300505638123,0.97817063331604,0.9867763519287109,0.9768267273902893,0.9833131432533264,True,84.87160322464182,86.45931626238429,23.112473147999722,84.87160322464182,84.10081584945097,False,86.45931626238429,85.605266063474,False,23.112473147999722,22.905964471856304,False,17.418434919594716,17.477316004403367,False,4.106325190662517,3.9241982534298927,False,False,-10.80225802080013,True
72,4.232396364212036,left,left,94.2696889136785,85.7303110863215,97.95544685570566,82.04455314429434,20.55221395076256,76.94717125572066,17.426206541884625,11.185143148510384,4.056650343961309,OK,0.9781586527824402,heel,0.9998959302902222,0.9997466802597046,0.9795207977294922,0.9876420497894287,0.9781586527824402,0.9843839406967163,True,83.17197080305012,84.34913886876824,22.660024951564075,83.17197080305012,83.59637763609157,False,84.34913886876824,84.95622798814925,False,22.660024951564075,22.852012964832863,False,17.426206541884625,17.47835258324943,False,4.056650343961309,4.013810029525729,False,False,-41.74279065156616,True
73,4.288831949234009,left,left,94.69610083614583,85.30389916385417,98.24435689117867,81.75564310882133,20.675729794133275,76.78296150933635,17.59041628826894,11.006947358502451,3.878454553953361,OK,0.9792851805686951,heel,0.9998915791511536,0.999758780002594,0.9806867837905884,0.9883538484573364,0.9792851805686951,0.9852334856987,True,82.74555888058278,84.06022883329523,22.78354079493479,82.74555888058278,80.21789303487647,False,84.06022883329523,81.32621021057766,False,22.78354079493479,22.212320313724703,False,17.59041628826894,17.264396876593462,False,3.878454553953361,3.83960626143003,False,False,-75.42911384606863,True
74,4.343098402023315,left,left,102.70551029573207,77.29448970426793,106.73532279480438,73.26467720519562,19.08558419387373,77.59680999797847,16.776567799626818,10.712206690924491,3.5837138863754205,OK,0.9802852272987366,heel,0.9998844265937805,0.9997695088386536,0.9819498062133789,0.989082396030426,0.9802852272987366,0.9861133098602295,True,74.73614942099654,75.56926292966952,21.193395194675244,74.73614942099654,74.32037231376769,False,75.56926292966952,75.21208550512138,False,21.193395194675244,21.015911062033698,False,16.776567799626818,16.45106249930235,False,3.5837138863754205,3.6731353713776307,False,False,-113.07656317629812,True
75,4.400776147842407,left,left,111.96225107700485,68.03774892299515,116.29782097207448,63.702179027925524,16.962986195689556,79.387174387594,14.986203410011285,10.685730478353175,3.55723767380411,OK,0.9803128838539124,heel,0.9998691082000732,0.9997687935829163,0.9826494455337524,0.9892746210098267,0.9803128838539124,0.9861520528793335,True,65.47940863972376,66.00676475239942,19.07079719649107,65.47940863972376,68.2440007059276,False,66.00676475239942,68.80341647759697,False,19.07079719649107,19.46576999295237,False,14.986203410011285,15.413336886172468,False,3.55723767380411,3.4930173351105034,False,False,-148.41628007081133,True
76,4.4478912353515625,left,left,112.9252156596661,67.0747843403339,117.47036397375189,62.52963602624811,16.025306586889275,79.89613834872598,14.477239448879303,10.466593249701056,3.33810044515198,OK,0.9807173013687134,heel,0.9998486042022705,0.9997765421867371,0.9829212427139282,0.9894990921020508,0.9807173013687134,0.9863291382789612,True,64.51644405706251,64.83422175072201,18.13311758769079,64.51644405706251,59.67948816486717,False,64.83422175072201,60.33096451084983,False,18.13311758769079,17.827943503582297,False,14.477239448879303,13.420543511093479,False,3.33810044515198,3.7559236465061474,False,False,-170.22139217679336,True
77,4.490635871887207,left,left,128.39904791891337,51.60095208108663,132.15267869504586,47.847321304954136,14.172104725763518,83.57519012321544,10.798187674389851,11.50092562511144,4.372432820562352,OK,0.9803762435913086,heel,0.9998522996902466,0.9997830390930176,0.9832955598831177,0.9896185994148254,0.9803762435913086,0.985997200012207,True,49.04261179781524,50.15190702942803,16.279915726565033,49.04261179781524,51.176560459197255,False,50.15190702942803,51.8196505551291,False,16.279915726565033,15.913040004831252,False,10.798187674389851,11.058871286660525,False,4.372432820562352,4.2110786222388485,False,False,-164.96999058030596,True
78,4.565530061721802,left,left,137.4710341940146,42.52896580598539,141.83176283923663,38.16823716076337,11.218275699436417,86.47219106089287,7.901186736712418,12.051195405551294,4.922702601002214,OK,0.9801234006881714,heel,0.9998546242713928,0.9997849464416504,0.9833937287330627,0.9896173477172852,0.9801234006881714,0.9856358170509338,True,39.970625522714,40.472822885237264,13.32608670023793,39.970625522714,41.72893935238413,False,40.472822885237264,42.2216787410677,False,13.32608670023793,13.724394100073804,False,7.901186736712418,8.327351904774423,False,4.922702601002214,4.904302806615789,False,False,-139.4930029800514,True
79,4.617897987365723,left,left,141.26807898010546,38.73192101989454,146.2642794159361,33.7357205840639,9.459368872616933,88.09069649438429,6.282681303220997,12.546265802831883,5.4177729982828,OK,0.9789507985115051,heel,0.9998612403869629,0.9997814893722534,0.9830490350723267,0.9891565442085266,0.9789507985115051,0.9841226935386658,True,36.17358073662315,36.040306308537794,11.567179873418446,36.17358073662315,34.632097198671474,False,36.040306308537794,34.837911879963116,False,11.567179873418446,11.388912856786291,False,6.282681303220997,6.224397617954452,False,5.4177729982828,4.958700557540169,False,False,-125.03874341899945,True
80,4.667917966842651,left,left,149.68957438005134,30.31042561994866,154.3039792783596,25.696020721640394,7.165660995900979,89.88405298367535,4.48932481392994,11.664118877884576,4.535626073335493,OK,0.9784120321273804,heel,0.9998661279678345,0.9997795820236206,0.9827864170074463,0.9890531301498413,0.9784120321273804,0.983590304851532,True,27.75208533667727,28.000606446114293,9.273471996702494,27.75208533667727,29.92495762953702,False,28.000606446114293,29.492826621864253,False,9.273471996702494,9.403508788569052,False,4.48932481392994,5.007266600204512,False,4.535626073335493,4.828373196037272,False,False,-133.9272480338535,True
81,4.717729806900024,left,left,151.59245290141797,28.40754709858203,157.86701861353322,22.13298138646678,5.262063494784702,90.12358411414269,4.249793683462599,11.660213321042612,4.531720516493522,OK,0.975729763507843,heel,0.9998692274093628,0.9997560977935791,0.9813278913497925,0.9879828095436096,0.975729763507843,0.9820356369018555,True,25.849206815310637,24.43756711094068,7.369874495586216,25.849206815310637,21.756658644528923,False,24.43756711094068,21.175995231223098,False,7.369874495586216,6.547998286954642,False,4.249793683462599,3.3375838405094194,False,4.531720516493522,3.791077859751018,False,False,-142.77110465658862,True
82,4.768330335617065,left,left,165.77297593512975,14.22702406487025,171.21477358785958,8.785226412140418,0.8928373677737029,93.09974477346957,1.2736330241357194,9.434379793973111,2.305886989424039,OK,0.970106303691864,heel,0.9998762011528015,0.9997230768203735,0.979158878326416,0.9863352179527283,0.970106303691864,0.9796554446220398,True,11.668683781598856,11.089812136614317,3.0006483685752174,11.668683781598856,14.035901477837745,False,11.089812136614317,13.132798415080112,False,3.0006483685752174,3.734123790351802,False,1.2736330241357194,1.6915590644115543,False,2.305886989424039,2.945667788697856,False,False,-133.38535043083513,True
83,4.829941987991333,left,left,172.85184588012487,7.14815411987513,178.43356972678856,1.566430273211438,-1.2759624939075414,94.82212731196894,-0.44874951436365507,9.127888664725083,1.9993958601760085,OK,0.9637911915779114,heel,0.999883234500885,0.9996792078018188,0.9756734371185303,0.9846402406692505,0.9637911915779114,0.9773458242416382,True,4.589813836603737,3.871015997685337,0.8318485068939729,4.589813836603737,6.2355001846623885,False,3.871015997685337,5.537355869749437,False,0.8318485068939729,1.3455201135154642,False,-0.44874951436365507,0.4407070159443028,False,1.9993958601760085,1.602957412484102,False,False,-98.97379923302462,True
84,4.88399600982666,left,left,174.99365678094404,5.006343219055964,179.34665375047476,-0.6533462495252422,-1.9037475357243123,93.87614025954444,0.49723753806084403,7.632082192401328,0.5035893878522586,OK,0.9605416059494019,heel,0.999891996383667,0.9996418952941895,0.9720532298088074,0.982869565486908,0.9605416059494019,0.9758219122886658,True,2.448002935784571,1.6512394749486567,0.20406346507720197,2.448002935784571,1.9944540957901358,False,1.6512394749486567,0.9867056475105507,False,0.20406346507720197,-0.15663961177212773,False,0.49723753806084403,-0.17411950640110754,False,0.5035893878522586,1.0252283429085576,False,False,-61.02813359606534,True
85,4.9401350021362305,left,left,178.4961142017465,1.5038857982534921,175.13327574542376,-4.866724254576241,-3.6136418080890724,94.9442243405058,-0.5708465429005116,7.701192585246474,0.5726997806974055,OK,0.95328289270401,heel,0.999897301197052,0.9994004964828491,0.9631200432777405,0.9775126576423645,0.95328289270401,0.9698029160499573,True,-1.0544544850179007,-2.5621385301023416,-1.5058308072875581,-1.0544544850179007,0.2639602255143279,False,-2.5621385301023416,-1.1291629051296244,False,-1.5058308072875581,-0.9427141497202065,False,-0.5708465429005116,-0.07419581512301458,False,0.5726997806974055,0.5246047960467592,False,False,-31.287778861173095,True
86,4.994401216506958,left,left,178.0433274909523,1.9566725090477064,175.2188246152909,-4.781175384709087,-3.6341861077517774,94.52235623813466,-0.14897844052937614,7.626018024139675,0.4975252195906137,OK,0.9512807726860046,heel,0.9999034404754639,0.9993467330932617,0.9589800834655762,0.9762632846832275,0.9512807726860046,0.9690788984298706,True,-0.6016677742236864,-2.476589660235188,-1.5263751069502631,-0.6016677742236864,-1.0039639291751867,False,-2.476589660235188,-3.1100118851900107,False,-1.5263751069502631,-1.8876588101338359,False,-0.14897844052937614,-0.06301553014014398,False,0.4975252195906137,0.28140467602113023,False,False,-13.235058289633281,True
87,5.052730560302734,left,left,178.79742924501258,1.2025707549874198,173.4041068102936,-6.595893189706402,-4.7385815169652,93.84259940459583,0.5307783930094558,6.902481832324436,-0.2260109722246284,OK,0.9472706913948059,heel,0.9999091625213623,0.9991931319236755,0.9550774693489075,0.9736570119857788,0.9472706913948059,0.96641606092453,True,-1.355769528283973,-4.291307465232503,-2.630770516163686,-1.355769528283973,-0.9597450141806655,False,-4.291307465232503,-3.739353753052234,False,-2.630770516163686,-2.3963654658447755,False,0.5307783930094558,0.4949493288107239,False,-0.2260109722246284,-0.11170605578394088,False,False,-3.6346944611706014,True
88,5.106805801391602,left,left,178.36345745676294,1.6365425432370557,173.2452501418371,-6.75474985816291,-5.139761775221891,93.2703297636532,1.103048033952092,6.521860389831262,-0.6066324147178079,OK,0.9403701424598694,heel,0.999916136264801,0.9990350008010864,0.95093834400177,0.9694124460220337,0.9403701424598694,0.9621242880821228,True,-0.9217977400343371,-4.450164133689011,-3.031950774420377,-0.9217977400343371,-1.0951581262039425,False,-4.450164133689011,-4.5153166036011845,False,-3.031950774420377,-2.978285955796213,False,1.103048033952092,1.0169776146022826,False,-0.6066324147178079,-0.5751050930012696,False,False,2.0077896780515863,True
89,5.1612396240234375,left,left,178.44956682702212,1.5504331729778755,172.89093606364406,-7.109063936355938,-5.37994757760609,92.95627138075999,1.4171064168453,6.235820912487698,-0.8926718920613723,OK,0.9358248710632324,heel,0.999922513961792,0.9989216327667236,0.9475417733192444,0.9665604829788208,0.9358248710632324,0.9596608281135559,True,-1.0079071102935173,-4.804478211882039,-3.2721365768045754,-1.0079071102935173,-0.7646810956439049,False,-4.804478211882039,-4.372600886522393,False,-3.2721365768045754,-3.0493235460049157,False,1.4171064168453,1.5444190883110263,False,-0.8926718920613723,-0.985822843437461,False,False,7.181383566385055,True
90,5.21662449836731,left,left,177.80599815333247,2.1940018466675326,173.83225396152997,-6.167746038470028,-4.95169428759131,92.2602749834696,2.1131028141356865,5.670328581015865,-1.4581642235332026,OK,0.9328931570053101,heel,0.9999269247055054,0.998648464679718,0.9448655843734741,0.9635905027389526,0.9328931570053101,0.9565252661705017,True,-0.3643384366038602,-3.8631603139961292,-2.8438832867897954,-0.3643384366038602,-0.5270238062343124,False,-3.8631603139961292,-4.0665118676575736,False,-2.8438832867897954,-2.925366697437166,False,2.1131028141356865,2.057881608273064,False,-1.4581642235332026,-1.443760244286968,False,False,20.020274949920697,True
91,5.274745464324951,left,left,177.65048558853417,2.349514411465833,174.16351719843155,-5.836482801568451,-4.767891229518641,91.72994220376708,2.6434355938382055,5.1480481872827335,-1.980444617266329,OK,0.93020099401474,heel,0.9999308586120605,0.9983636140823364,0.9424960017204285,0.9609377384185791,0.93020099401474,0.9536581039428711,True,-0.20882587180555978,-3.531897077094552,-2.660080228717127,-0.20882587180555978,0.9486443699357433,False,-3.531897077094552,-2.141077589734651,False,-2.660080228717127,-2.155983564213925,False,2.6434355938382055,2.7415746877388236,False,-1.980444617266329,-1.8078362922823505,False,False,42.731387890705435,True
92,5.335633277893066,left,left,174.02256229851196,5.977437701488043,178.66723889741283,-1.3327611025871704,-3.0717981779363677,90.90519214236271,3.4681856552425785,5.1435927685015645,-1.9849000360475202,OK,0.9283756613731384,heel,0.9999357461929321,0.998333215713501,0.9400613307952881,0.9589430093765259,0.9283756613731384,0.9517821073532104,True,3.41909741821665,0.9718246218867286,-0.9639871771348534,3.41909741821665,4.351759334984482,False,0.9718246218867286,1.3630438650242749,False,-0.9639871771348534,-1.0306016189265326,False,3.4681856552425785,3.922353401452346,False,-1.9849000360475202,-1.9642395504186727,False,False,68.53611964172545,True
93,5.3836705684661865,left,left,167.59665325818625,12.403346741813749,175.65538167419325,4.344618325806749,-1.5755484517291318,88.71793884232903,5.655438955276253,5.201118806606903,-1.9273739979421691,OK,0.9280907511711121,heel,0.999939501285553,0.9983318448066711,0.9388833045959473,0.956622838973999,0.9280907511711121,0.9504349827766418,True,9.845006458542356,6.649204050280648,0.5322625490723825,9.845006458542356,8.53455604098333,False,6.649204050280648,5.557882156658976,False,0.5322625490723825,0.28280604105800844,False,5.655438955276253,5.14743609114979,False,-1.9273739979421691,-1.887956165767444,False,False,82.66521992192163,True
94,5.432788133621216,left,left,165.10209547053762,14.89790452946238,173.25196792666435,6.748032073335651,-0.8276682495650182,88.05469413467475,6.318683662930539,5.376898341236433,-1.7515944633126423,OK,0.9293299913406372,heel,0.9999426007270813,0.9983426928520203,0.9385786652565002,0.9562045335769653,0.9293299913406372,0.9507735967636108,True,12.339564246190987,9.05261779780955,1.2801427512364962,12.339564246190987,13.300789509277793,False,9.05261779780955,10.206648611217242,False,1.2801427512364962,1.6336618046994422,False,6.318683662930539,6.466680939860983,False,-1.7515944633126423,-1.7388782371010052,False,False,97.8347267920142,True
95,5.481227397918701,left,left,159.72386189362857,20.276138106371434,167.38646173891237,12.613538261087626,0.9807691129879336,86.94745759622913,7.425920201376158,5.5908265545008815,-1.5376662500482041,OK,0.9278460144996643,heel,0.9999434947967529,0.9983323216438293,0.9351933598518372,0.9533264636993408,0.9278460144996643,0.9479270577430725,True,17.717797823100042,14.918123985561525,3.088580113789448,17.717797823100042,16.619253710601615,False,14.918123985561525,13.745577154900849,False,3.088580113789448,2.76932716812617,False,7.425920201376158,7.311279153204954,False,-1.5376662500482041,-1.6682754293780515,False,False,129.26754881305297,True
96,5.5250444412231445,left,left,157.6412606542148,22.35873934578521,165.03859604314243,14.961403956857566,1.8314476385510519,86.18414420229712,8.189233595308167,5.41292722977578,-1.7155655747733078,OK,0.9291029572486877,heel,0.9999470114707947,0.9984309673309326,0.9342365264892578,0.9536224603652954,0.9291029572486877,0.9479362368583679,True,19.80039906251382,17.265989681331465,3.939258639352566,19.80039906251382,23.82065581944876,False,17.265989681331465,20.921907814147712,False,3.939258639352566,4.836020597180372,False,8.189233595308167,9.133592074730217,False,-1.7155655747733078,-1.3988234722488169,False,False,171.87330201068633,True
97,5.572548151016235,left,left,143.4978891439962,36.50211085600381,151.72297594892376,28.27702405107624,5.372412037597588,82.58775537009896,11.785622427506325,6.185254212624137,-0.9432385919249384,OK,0.9315405488014221,heel,0.999950110912323,0.9985395073890686,0.933525800704956,0.9534194469451904,0.9315405488014221,0.9465796947479248,True,33.94377057273242,30.581609775550138,7.480223038399102,33.94377057273242,33.80081970472843,False,30.581609775550138,30.370629800460097,False,7.480223038399102,7.199709539978662,False,11.785622427506325,11.220023174901684,False,-0.9432385919249384,-0.5901237306547102,False,False,194.65744785712639,True
98,5.62302041053772,left,left,129.78337023778954,50.21662976221046,139.0402957799752,40.959704220024804,8.071835941382803,80.68816429571473,13.685213501890559,8.016925779283193,0.8884329747341155,OK,0.9349675178527832,heel,0.9999535083770752,0.9986748099327087,0.936480700969696,0.9555292129516602,0.9349675178527832,0.9486280679702759,True,47.65828947893907,43.2642899444987,10.179646942184316,47.65828947893907,44.446111899024714,False,43.2642899444987,40.40754473907381,False,10.179646942184316,9.68911009837361,False,13.685213501890559,13.191839744319248,False,0.8884329747341155,0.5358375140052468,False,False,171.8475871408391,True
99,5.670441627502441,left,left,125.70538407132595,54.29461592867405,134.9278512273013,45.07214877269871,9.299649313735891,80.26869449404442,14.104683303560861,8.790810963755636,1.6623181592065635,OK,0.9388832449913025,heel,0.999956488609314,0.9987984895706177,0.940602719783783,0.9588703513145447,0.9388832449913025,0.9522725939750671,True,51.73627564540266,47.376734497172606,11.407460314537406,51.73627564540266,52.26525341961193,False,47.376734497172606,48.07147672912246,False,11.407460314537406,11.516335483000338,False,14.104683303560861,14.278810760657004,False,1.6623181592065635,1.4313014128327854,False,False,122.06812097670145,True
100,5.732672214508057,left,left,120.04046458223452,59.95953541776548,128.73117997877782,51.26882002122218,10.854088191477778,79.32684232108569,15.046535476519594,8.871645909106743,1.7431531045576776,OK,0.9431705474853516,heel,0.9999591708183289,0.9989153742790222,0.9449993968009949,0.9621740579605103,0.9431705474853516,0.9560266733169556,True,57.40119513449409,53.57340574569608,12.961899192279294,57.40119513449409,55.760607775045436,False,53.57340574569608,52.3227146110664,False,12.961899192279294,12.927319205794896,False,15.046535476519594,14.51633251551499,False,1.7431531045576776,1.8488798542589204,False,False,73.81450891235285,True
101,5.777995347976685,left,left,119.29730717148902,60.702692828510976,126.28658213414339,53.71341786585661,12.304787109766476,79.97559903114077,14.397778766464512,9.269661103561605,2.14116829901252,OK,0.9476288557052612,heel,0.9999616742134094,0.9990211725234985,0.9496601223945618,0.9656015634536743,0.9476288557052612,0.9599617123603821,True,58.144352545239585,56.01800359033051,14.412598110567991,58.144352545239585,58.696746738839074,False,56.01800359033051,56.33670929240706,False,14.412598110567991,14.238087138603156,False,14.397778766464512,14.519232677994069,False,2.14116829901252,2.0788919070410827,False,False,49.124080915186035,True
102,5.830699920654297,left,left,116.89696717994505,63.10303282005495,122.88586718327932,57.114132816720684,13.231953112160667,80.25999400660719,14.1133837909981,9.480847122102132,2.3523543175530506,OK,0.9517360925674438,heel,0.9999614357948303,0.9991105198860168,0.9541218876838684,0.968479573726654,0.9517360925674438,0.9631842970848083,True,60.54469253678356,59.41871854119458,15.339764112962182,60.54469253678356,59.562185147411356,False,59.41871854119458,58.361936479836125,False,15.339764112962182,15.361352528312645,False,14.1133837909981,13.406952236936396,False,2.3523543175530506,3.15464895895146,False,False,56.36878758422761,True
103,5.884922504425049,left,left,117.44414935651768,62.555850643482316,122.6554984164906,57.3445015835094,14.223884360606249,82.66368364425871,11.709694153346575,12.098917064837874,4.970424260288809,OK,0.9556933641433716,heel,0.9999560117721558,0.9991856813430786,0.9582191705703735,0.9712701439857483,0.9556933641433716,0.9663040041923523,True,59.997510360210924,59.649087307983294,16.331695361407764,59.997510360210924,63.464236893278404,False,59.649087307983294,62.881687876061676,False,16.331695361407764,16.603691232091844,False,11.709694153346575,13.212298510602684,False,4.970424260288809,3.973941738705861,False,False,73.61697977492523,True
104,5.937150955200195,left,left,107.5911519338879,72.4088480661121,112.72732794546674,67.27267205453326,16.031803221104063,80.55956021014191,13.813817587463376,11.727539442824797,4.599046638275723,OK,0.9595068097114563,heel,0.9999517798423767,0.9992615580558777,0.961695671081543,0.9738208055496216,0.9595068097114563,0.9693073630332947,True,69.85050778284071,69.57725777900716,18.13961422190558,69.85050778284071,68.34275506564818,False,69.57725777900716,68.59537372984789,False,18.13961422190558,18.086215629173147,False,13.813817587463376,13.652562571820582,False,4.599046638275723,4.181034393152818,False,False,85.21954615376492,True
105,5.991475582122803,left,left,102.26141266283571,77.73858733716429,105.74480962192065,74.25519037807935,17.679526303404586,78.93920182295349,15.434175974651794,10.102125085443006,2.9736322808939235,OK,0.9629622101783752,heel,0.9999414682388306,0.9993261098861694,0.9649119973182678,0.9760931134223938,0.9629622101783752,0.9719699621200562,True,75.1802470538929,76.55977610255324,19.7873373042061,75.1802470538929,73.50125149700865,False,76.55977610255324,74.62467535390967,False,19.7873373042061,19.71398845342548,False,15.434175974651794,14.829284263481355,False,2.9736322808939235,3.7612803330430893,False,False,76.13617018148616,True
106,6.056342601776123,left,left,101.96866006243623,78.03133993756377,104.5675935443053,75.4324064556947,19.107202833363242,79.13351856927639,15.239859228328896,10.839654884508706,3.711162079959621,OK,0.965965211391449,heel,0.9999420046806335,0.9993904829025269,0.9677693247795105,0.9781795740127563,0.965965211391449,0.9744221568107605,True,75.47299965429238,77.7369921801686,21.215013834164758,75.47299965429238,77.33365711310039,False,77.7369921801686,79.53592476785524,False,21.215013834164758,21.298706704284314,False,15.239859228328896,15.445125484072008,False,3.711162079959621,3.6513135654574285,False,False,61.65973061252429,True
107,6.1065051555633545,left,left,96.09393508561276,83.90606491438724,97.99357970363006,82.00642029636994,20.785957973680574,78.71203654836995,15.661341249235335,11.397639140067817,4.269146335518741,OK,0.9687926173210144,heel,0.9999379515647888,0.9994450807571411,0.9702456593513489,0.9799892902374268,0.9687926173210144,0.976520836353302,True,81.34772463111585,84.31100602084383,22.89376897448209,81.34772463111585,79.99088085780255,False,84.31100602084383,82.81876926322722,False,22.89376897448209,22.707906909174948,False,15.661341249235335,15.708839002543234,False,4.269146335518741,4.171179501207007,False,False,44.973567368972255,True
108,6.161222457885742,left,left,94.2897414287292,85.7102585712708,95.89627613580463,84.10372386419537,21.90712691807648,78.14806126753982,16.22531653006547,11.661722892691724,4.533230088142659,OK,0.9709609150886536,heel,0.9999327659606934,0.999492883682251,0.9723089933395386,0.9813674092292786,0.9709609150886536,0.9780901670455933,True,83.15191828799941,86.40830958866927,24.014937918877994,83.15191828799941,82.63371928358345,False,86.40830958866927,85.76931412740977,False,24.014937918877994,23.769894777953553,False,16.22531653006547,15.908793411703504,False,4.533230088142659,4.72550652242369,False,False,26.660169633756965,True
109,6.221989154815674,left,left,94.04014478509353,85.95985521490647,95.71595895175766,84.28404104824234,22.293166439699057,78.53365534179558,15.839722455809707,12.502635948158762,5.374143143609672,OK,0.9729563593864441,heel,0.9999244213104248,0.9995311498641968,0.974069356918335,0.982649028301239,0.9729563593864441,0.9795143604278564,True,83.40151493163508,86.58862677271624,24.400977440500572,83.40151493163508,83.03540841256694,False,86.58862677271624,86.44103562847097,False,24.400977440500572,24.413069893267238,False,15.839722455809707,15.755604894313214,False,5.374143143609672,5.251837783049969,False,False,5.490410727400284,True
110,6.283317804336548,left,left,94.8888676986623,85.1111323013377,95.97841520044648,84.02158479955352,22.71548331962164,79.17160210054082,15.201775697064463,12.97663292194665,5.848140117397577,OK,0.9747914671897888,heel,0.9999178051948547,0.9995655417442322,0.975608766078949,0.9837280511856079,0.9747914671897888,0.9807461500167847,True,82.55279201806631,86.32617052402742,24.823294320423155,82.55279201806631,82.71201613026795,False,86.32617052402742,86.40465794243688,False,24.823294320423155,24.783587755499543,False,15.201775697064463,15.376101043030028,False,5.848140117397577,5.714844900300562,False,False,-13.595789629470127,True
111,6.337553977966309,left,left,95.25991827562613,84.74008172437387,96.0054091939069,83.9945908060931,23.018680504773393,79.28657282138937,15.086804976215916,13.05074424444351,5.922251439894438,OK,0.9762718677520752,heel,0.999907910823822,0.9995911717414856,0.9768277406692505,0.9844930768013,0.9762718677520752,0.9815642833709717,True,82.18174144110247,86.299176530567,25.126491505574908,82.18174144110247,81.65966001576429,False,86.299176530567,85.48505417729064,False,25.126491505574908,24.84211453434597,False,15.086804976215916,14.85562679062923,False,5.922251439894438,6.161093582190385,False,False,-26.777605974115023,True
112,6.388672351837158,left,left,97.19721312860452,82.80278687139548,98.4747702471964,81.5252297528036,22.468746776238333,80.09507809899797,14.278299698607313,13.841381993828202,6.712889189279139,OK,0.9776952862739563,heel,0.999894917011261,0.9996108412742615,0.9783560633659363,0.9855831861495972,0.9776952862739563,0.9828023910522461,True,80.24444658812409,83.82981547727749,24.57655777703985,80.24444658812409,79.74349529669131,False,83.82981547727749,83.22475298573994,False,24.57655777703985,24.541362740024226,False,14.278299698607313,13.379506482213648,False,6.712889189279139,7.680598568761923,False,False,-45.52514999116409,True
113,6.4427571296691895,left,left,100.63736185588128,79.36263814411872,102.75931877509856,77.24068122490144,21.813227936656414,83.59996302578757,10.773414771817713,17.535147881661267,10.406655077112191,OK,0.9788832068443298,heel,0.9998907446861267,0.9996373057365417,0.9795700311660767,0.9865157604217529,0.9788832068443298,0.9839266538619995,True,76.80429786084733,79.54526694937533,23.92103893745793,76.80429786084733,77.56424148420938,False,79.54526694937533,80.53962337979878,False,23.92103893745793,24.00330478482155,False,10.773414771817713,11.874273866215825,False,10.406655077112191,9.1536490230163,False,False,-78.15243632312085,True
114,6.5050811767578125,left,left,101.79767971307191,78.20232028692809,104.06079801173037,75.93920198826963,21.404506639165366,83.80227066938284,10.571107128222451,17.46989560720666,10.34140280265757,OK,0.9802466034889221,heel,0.9998874664306641,0.9996626973152161,0.9808604717254639,0.9874742031097412,0.9802466034889221,0.9850884675979614,True,75.6439800036567,78.24378771274353,23.51231763996688,75.6439800036567,71.20027980125401,False,78.24378771274353,74.71241808260234,False,23.51231763996688,23.25456214434641,False,10.571107128222451,9.711573064938753,False,10.34140280265757,10.030850798059314,False,False,-111.67626549408139,True
115,6.563847780227661,left,left,116.28909817747056,63.710901822529436,115.95638613878575,64.04361386121425,20.222518854812908,86.5831805028292,7.7901972947760925,16.47298731895725,9.344494514408183,OK,0.980358898639679,heel,0.9998877048492432,0.9996859431266785,0.9818919897079468,0.9880641102790833,0.980358898639679,0.9855099320411682,True,61.152561539258045,66.34819958568815,22.330329855614423,61.152561539258045,62.404178779838865,False,66.34819958568815,66.57665770391579,False,22.330329855614423,21.707785552100884,False,7.7901972947760925,7.368390637552622,False,9.344494514408183,10.166915990471304,False,False,-131.49617761657143,True
116,6.640817880630493,left,left,127.02566492012676,52.97433507987324,127.1665999111582,52.8334000888418,17.172898159919825,90.62951030794596,3.7438674896593227,17.943343458897235,10.814850654348163,OK,0.9798381924629211,heel,0.999890923500061,0.9997108578681946,0.9822587370872498,0.987984836101532,0.9798381924629211,0.9844698905944824,True,50.41599479660185,55.137985813315694,19.28070916072134,50.41599479660185,52.70702543282092,False,55.137985813315694,57.90280121145984,False,19.28070916072134,19.883348894416287,False,3.7438674896593227,4.2343608930506305,False,10.814850654348163,10.453212222726725,False,False,-124.34311208166832,True
117,6.700235843658447,left,left,130.88913975412575,49.11086024587425,130.08236748909823,49.91763251090177,15.931196666111584,93.20435990288881,1.1690178947164753,18.328784303972895,11.200291499423827,OK,0.9805635809898376,heel,0.9998889565467834,0.9997299909591675,0.983238697052002,0.9886163473129272,0.9805635809898376,0.9850719571113586,True,46.55251996260286,52.222218235375664,18.039007666913097,46.55251996260286,44.95922724255322,False,52.222218235375664,50.10123139198587,False,18.039007666913097,17.679379092518317,False,1.1690178947164753,1.6625290724147561,False,11.200291499423827,10.874845870670896,False,False,-113.39820821118413,True
118,6.755484342575073,left,left,139.53249274827368,40.46750725172632,139.36109559720765,40.63890440279235,13.610609449118996,94.29867596473682,0.07470183286847032,17.737888262789767,10.609395458240698,OK,0.9813210964202881,heel,0.9998905658721924,0.9997434020042419,0.9841361045837402,0.9893514513969421,0.9813210964202881,0.9859060645103455,True,37.909166968454926,42.943490127266244,15.718420449920512,37.909166968454926,40.44839766042805,False,42.943490127266244,45.25427339471985,False,15.718420449920512,16.101900394339754,False,0.07470183286847032,0.5350838065922924,False,10.609395458240698,10.760940853455642,False,False,-114.3644229510477,True
119,6.813539743423462,left,left,140.55815366650225,39.44184633349775,141.70747390295625,38.29252609704375,12.440462065384144,94.01184610541335,0.3615316921919316,17.601628407251486,10.4731356027024,OK,0.980219841003418,heel,0.9998864531517029,0.9997479915618896,0.9833947420120239,0.9887052178382874,0.980219841003418,0.9840905070304871,True,36.88350605022636,40.59711182151764,14.548273066185658,36.88350605022636,32.73902379061396,False,40.59711182151764,36.6738608781781,False,14.548273066185658,13.479710009665547,False,0.3615316921919316,-0.21836192886220354,False,10.4731356027024,9.763234850963585,False,False,-125.76149783105556,True
120,6.8729777336120605,left,left,154.017261363568,25.982738636432003,155.82360503872349,24.176394961276515,8.06462551208896,95.4646971092523,-1.0913193116470126,15.335666296496736,8.207173491947657,OK,0.9784716963768005,heel,0.9998884797096252,0.9997264742851257,0.983237624168396,0.9882597923278809,0.9784716963768005,0.9826357364654541,True,23.424398353160612,26.480980685750414,10.172436512890474,23.424398353160612,25.0169404939673,False,26.480980685750414,27.883323346318615,False,10.172436512890474,10.322235275675697,False,-1.0913193116470126,-0.867460959541044,False,8.207173491947657,8.323313382865384,False,False,-132.523990370162,True
121,6.929342031478882,left,left,162.69874263821367,17.301257361786327,165.7327081927861,14.267291807213894,4.138185247149445,96.24597305677334,-1.872595259168051,13.418123858495182,6.289631053946096,OK,0.97688227891922,heel,0.9998905062675476,0.9996896982192993,0.9829728007316589,0.9876036643981934,0.97688227891922,0.9813457131385803,True,14.742917078514933,16.571877531687793,6.245996247950959,14.742917078514933,16.661149824033387,False,16.571877531687793,18.51272399409095,False,6.245996247950959,6.8754337651419535,False,-1.872595259168051,-1.4470252684290017,False,6.289631053946096,6.470884863513352,False,False,-117.07674586472733,True
122,6.979897499084473,left,left,165.625525676304,14.374474323696006,169.81927195963925,10.180728040360748,2.100057533782915,95.75053903207723,-1.3771612344719415,12.044342849195393,4.915850044646305,OK,0.9738097786903381,heel,0.9998950958251953,0.9996699690818787,0.9815216660499573,0.9871112108230591,0.9738097786903381,0.9807941317558289,True,11.816134040424613,12.485313764834647,4.2078685345844296,11.816134040424613,11.216127847205952,False,12.485313764834647,11.947556623543377,False,4.2078685345844296,4.217187696298365,False,-1.3771612344719415,-1.5937047941693834,False,4.915850044646305,5.07946371413028,False,False,-91.28579982140396,True
123,7.032811880111694,left,left,170.3523272940503,9.647672705949702,175.5191071503662,4.48089284963379,0.08988730555819274,95.90473568647344,-1.5313578888681576,11.161402848347524,4.032910043798438,OK,0.9639717936515808,heel,0.9999001622200012,0.9996198415756226,0.9764825105667114,0.9843489527702332,0.9639717936515808,0.9767123460769653,True,7.089332422678309,6.785478574107689,2.197698306359707,7.089332422678309,7.972463619055563,False,6.785478574107689,7.988424783742624,False,2.197698306359707,2.6561984749007683,False,-1.5313578888681576,-0.6463891036193653,False,4.032910043798438,3.2866264138330337,False,False,-67.95583285039721,True
124,7.0904059410095215,left,left,172.42973532266484,7.57026467733516,177.61010371218836,2.389896287811638,-0.5447824170433456,93.40402598512328,0.9693518124820031,8.039611957603448,0.9111191530543579,OK,0.9614323377609253,heel,0.9999061822891235,0.9996036291122437,0.9748345017433167,0.9840167760848999,0.9614323377609253,0.9763838052749634,True,5.011924394063767,4.694482012285537,1.5630285837581686,5.011924394063767,4.363463129502599,False,4.694482012285537,3.3423005374083288,False,1.5630285837581686,0.8721752726497916,False,0.9693518124820031,0.07138028472002134,False,0.9111191530543579,1.8219575800240004,False,False,-54.05225458802952,True
125,7.148262977600098,left,left,176.4525271449629,3.547472855037114,176.24235530135786,-3.757644698642139,-3.252012072970015,93.59723086705907,0.7761469305462185,7.650336347768293,0.5218435432192052,OK,0.956537127494812,heel,0.9999096989631653,0.9994488954544067,0.9694444537162781,0.9817028641700745,0.956537127494812,0.9733175039291382,True,0.9891325717657211,-1.4530589741682398,-1.1442010721685008,0.9891325717657211,1.40820926130756,False,-1.4530589741682398,-0.5155852693484881,False,-1.1442010721685008,-0.6250538707673442,False,0.7761469305462185,0.9963523582579891,False,0.5218435432192052,0.3023883016306759,False,False,-41.082990909934274,True
126,7.205512762069702,left,left,179.21808889863541,0.7819111013645852,172.90723542936334,-7.09276457063666,-4.401800124693215,93.12981946585954,1.2435583317457457,6.602695013167554,-0.5257977913815353,OK,0.9532334208488464,heel,0.9999149441719055,0.9993373155593872,0.9613885879516602,0.978542685508728,0.9532334208488464,0.9707021117210388,True,-1.7764291819068077,-4.7881788461627615,-2.2939891238917003,-1.7764291819068077,-0.632372063068503,False,-4.7881788461627615,-3.513313317430446,False,-2.2939891238917003,-1.8501122211581755,False,1.2435583317457457,1.51860926046155,False,-0.5257977913815353,-0.4877802272578056,False,False,-22.962945071110102,True
127,7.261541128158569,left,left,178.55147929579303,1.4485207042069703,173.39671214356576,-6.603287856434235,-4.21995746821584,91.8372552785126,2.536122519092686,5.6691063709379925,-1.4593864336110869,OK,0.9483908414840698,heel,0.999920666217804,0.9991949796676636,0.9552035927772522,0.97364741563797,0.9483908414840698,0.9666413068771362,True,-1.1098195790644225,-4.2987021319603365,-2.112146467414326,-1.1098195790644225,-1.2327157174703383,False,-4.2987021319603365,-4.449617449780359,False,-2.112146467414326,-2.2380887887421177,False,2.536122519092686,2.087552339187288,False,-1.4593864336110869,-1.1087393956193996,False,False,-6.743447993765088,True
128,7.318830490112305,left,left,178.2535581081684,1.7464418918316085,173.43344290430812,-6.566557095691877,-4.415941775721841,91.89040163088185,2.4829761667234322,5.787458842683512,-1.3410339618655769,OK,0.942747175693512,heel,0.9999262690544128,0.9990625977516174,0.9498492479324341,0.9689374566078186,0.942747175693512,0.9624255299568176,True,-0.8118983914397844,-4.261971371217978,-2.3081307749203264,-0.8118983914397844,-0.8974604006638235,False,-4.261971371217978,-4.273651503921662,False,-2.3081307749203264,-2.3070286017897637,False,2.4829761667234322,2.6221193246566705,False,-1.3410339618655769,-1.5529568231886042,False,False,3.3171180045001556,True
129,7.370855093002319,left,left,178.21232294821587,1.7876770517841294,173.43513326693943,-6.564866733060569,-4.608619563836153,91.5261185094514,2.847259288153893,5.270042730459936,-1.8584500740891485,OK,0.9373182058334351,heel,0.9999311566352844,0.9988952875137329,0.9455745220184326,0.9654444456100464,0.9373182058334351,0.9588794708251953,True,-0.7706632314872635,-4.26028100858667,-2.5008085630346386,-0.7706632314872635,-0.6440158179835828,False,-4.26028100858667,-4.167523789939003,False,-2.5008085630346386,-2.4490622595711824,False,2.847259288153893,2.9931903257335697,False,-1.8584500740891485,-1.918744613349342,False,False,8.275930450171302,True
130,7.426918268203735,left,left,177.7911455477523,2.2088544522476923,173.71509528551374,-6.2849047144862595,-4.646058441560096,90.7240422752819,3.6493355223233834,4.571743000455775,-2.5567498040933003,OK,0.9342477321624756,heel,0.9999354481697083,0.998771071434021,0.9421469569206238,0.9628183841705322,0.9342477321624756,0.9564354419708252,True,-0.34948583102370057,-3.9803189900123606,-2.5382474407585818,-0.34948583102370057,-0.10704655256218265,False,-3.9803189900123606,-3.6634926597032673,False,-2.5382474407585818,-2.3721164753858,False,3.6493355223233834,3.4913003190308083,False,-2.5567498040933003,-2.3069706872755376,False,False,18.61159114886273,True
131,7.487195253372192,left,left,176.6426503119042,3.357349688095809,174.94553629501533,-5.05446370498467,-4.185104423165694,90.39607165099014,3.977306146615149,4.622780620904913,-2.505712183644164,OK,0.9313262701034546,heel,0.9999401569366455,0.9986337423324585,0.9369597434997559,0.9587247967720032,0.9313262701034546,0.952892541885376,True,0.7990094048244161,-2.749877980510771,-2.07729342236418,0.7990094048244161,0.8173682842382974,False,-2.749877980510771,-2.8761268557377058,False,-2.07729342236418,-2.2016198367402384,False,3.977306146615149,3.997844054743448,False,-2.505712183644164,-2.5059687515076896,False,False,39.78148640782154,True
132,7.543091058731079,left,left,175.43907843781443,4.56092156218557,175.79723067883612,-4.202769321163885,-4.097129647899467,90.00648730231347,4.366890495291813,4.673048537763479,-2.455444266785605,OK,0.9309772849082947,heel,0.9999440908432007,0.9986223578453064,0.9366206526756287,0.9579510688781738,0.9309772849082947,0.952360987663269,True,2.002581278914177,-1.8981835966899858,-1.989318647097953,2.002581278914177,3.937874734971391,False,-1.8981835966899858,-0.19297478692581294,False,-1.989318647097953,-1.5294839811442016,False,4.366890495291813,5.055735268491698,False,-2.455444266785605,-2.454369727738708,False,False,63.26719760058629,True
133,7.6029767990112305,left,left,168.42962619555303,11.570373804446973,178.23544850805058,1.764551491949419,-2.6296508747719867,87.55036863403716,6.8230091635681305,4.726540071762713,-2.4019527327863557,OK,0.9321578741073608,heel,0.9999473690986633,0.9985976219177246,0.9372209310531616,0.9573429822921753,0.9321578741073608,0.9524599313735962,True,9.01203352117558,4.069137216423318,-0.5218398739704724,9.01203352117558,9.119411378666328,False,4.069137216423318,4.467885625006226,False,-0.5218398739704724,-0.3275990155693827,False,6.8230091635681305,6.596165722201718,False,-2.4019527327863557,-2.272238984111008,False,False,84.25908840729579,True
134,7.673496961593628,left,left,161.09804038081938,18.901959619180616,171.07188246918855,8.928117530811448,-0.5794495264412372,85.77478028986008,8.598597507745211,5.169172851788004,-1.9593199527610636,OK,0.9313962459564209,heel,0.9999496936798096,0.9985902905464172,0.93515545129776,0.954217791557312,0.9313962459564209,0.9503834843635559,True,16.343619335909224,11.232703255285347,1.5283614743602771,16.343619335909224,14.650769195228724,False,11.232703255285347,9.696639773098463,False,1.5283614743602771,1.1208047512059054,False,8.598597507745211,8.15005048760876,False,-1.9593199527610636,-2.0751163142726057,False,False,100.42047536707396,True
135,7.734219074249268,left,left,158.84500498812724,21.154995011872757,168.51650687688718,11.483493123112822,0.2480816524263975,85.34483300609234,9.028544791512942,5.264416547278671,-1.8640762572703977,OK,0.9307353496551514,heel,0.9999514818191528,0.9985942244529724,0.9348707795143127,0.952904999256134,0.9307353496551514,0.9489458203315735,True,18.596654728601365,13.788078847586721,2.3558926532279116,18.596654728601365,21.773684697164104,False,13.788078847586721,16.79714673266989,False,2.3558926532279116,3.2370525585563388,False,9.028544791512942,10.012368686253973,False,-1.8640762572703977,-1.7987781632034323,False,False,124.96944444635227,True
136,7.804730415344238,left,left,147.06087968974688,32.93912031025312,156.9339276293363,23.066072370663704,3.719092547279312,81.96341403810152,12.409963759503768,5.555554524970236,-1.5729382795788354,OK,0.9312384128570557,heel,0.9999512434005737,0.998619556427002,0.9322234988212585,0.9520509243011475,0.9312384128570557,0.9471120834350586,True,30.380780026981725,25.370658095137603,5.826903548080827,30.380780026981725,30.323360744402184,False,25.370658095137603,24.91532135208827,False,5.826903548080827,5.3411119792374535,False,12.409963759503768,11.596827963591574,False,-1.5729382795788354,-0.8476765920402158,False,False,148.3511028855548,True
137,7.862364053726196,left,left,135.44901223910514,44.550987760894856,146.71735861093342,33.28264138906658,5.732728735602109,81.02140245784727,13.351975339758013,8.02247756527767,0.8939847607285856,OK,0.9341614246368408,knee,0.9999480247497559,0.9986914396286011,0.9341614246368408,0.9537760019302368,0.9342219829559326,0.9484900236129761,True,41.992647477623464,35.58722711354048,7.840539736403623,41.992647477623464,40.9989321865997,False,35.58722711354048,35.56552409877549,False,7.840539736403623,7.966350829391566,False,13.351975339758013,13.011606483500586,False,0.8939847607285856,0.38815243371517266,False,False,157.15920487863704,True
138,7.927809238433838,left,left,126.81829066153469,53.18170933846531,136.5658986368255,43.434101363174506,8.123798202888736,81.10049744636531,13.272880351239976,8.971903624544856,1.8434108199957677,OK,0.9382549524307251,heel,0.9999502897262573,0.9988069534301758,0.9384048581123352,0.9571318030357361,0.9382549524307251,0.9521645903587341,True,50.62336905519392,45.7386870876484,10.231609203690251,50.62336905519392,50.91801179557947,False,45.7386870876484,44.93861912258666,False,10.231609203690251,9.988051867043364,False,13.272880351239976,15.209766685080012,False,1.8434108199957677,0.757677854956133,False,False,143.14196605413917,True
139,7.984033823013306,left,left,117.30364086280758,62.69635913719242,128.8146425579028,51.1853574420972,9.784195660234701,75.36893343336324,19.004444364242048,6.664130788693123,-0.46436201585595427,OK,0.9431304335594177,heel,0.9999516606330872,0.9989204406738281,0.943715512752533,0.9609825015068054,0.9431304335594177,0.9564142227172852,True,60.138018853921025,53.489943166571095,11.892006661036216,60.138018853921025,58.81156922382266,False,53.489943166571095,53.25543432548209,False,11.892006661036216,12.003779168653375,False,19.004444364242048,16.895195750116383,False,-0.46436201585595427,0.6647183168775351,False,False,110.65694465455859,True
140,8.039383172988892,left,left,111.76833995437558,68.23166004562442,121.76691300224714,58.233086997752864,11.779910640432142,75.96511526273817,18.40826253486712,7.743598951041876,0.615106146492792,OK,0.947480320930481,heel,0.9999529123306274,0.999023973941803,0.9485750198364258,0.964360773563385,0.947480320930481,0.960129976272583,True,65.67331976235303,60.53767272222676,13.887721641233657,65.67331976235303,63.72777299100977,False,60.53767272222676,59.12415906886762,False,13.887721641233657,13.784706895662339,False,18.40826253486712,18.44313024422898,False,0.615106146492792,-0.05480942642451699,False,False,74.89519553574762,True
141,8.096032857894897,left,left,112.06967935997335,67.93032064002665,118.95972440666888,61.04027559333112,13.466581383915626,76.45669396402752,17.916683833577764,6.813320394638684,-0.31517240991038875,OK,0.9518234729766846,heel,0.9999517798423767,0.9991154074668884,0.9531041383743286,0.9675112366676331,0.9518234729766846,0.9636663794517517,True,65.37198035675526,63.34486131780501,15.57439238471714,65.37198035675526,66.83247196706157,False,63.34486131780501,63.95563759894401,False,15.57439238471714,15.437518178164595,False,17.916683833577764,18.100419070127845,False,-0.31517240991038875,0.21393347615429548,False,False,46.945594385174736,True
142,8.155539989471436,left,left,107.98954393465219,72.01045606534781,114.32020696767364,65.67979303232636,14.74262950774147,76.39706695566663,17.976310841938655,7.470359496429552,0.34186669188048313,OK,0.9559909701347351,heel,0.9999530911445618,0.9991974234580994,0.9574660658836365,0.970520555973053,0.9559909701347351,0.966986894607544,True,69.45211578207642,67.98437875680025,16.850440508542984,69.45211578207642,68.0761851345756,False,67.98437875680025,66.89386733755833,False,16.850440508542984,16.878872915760834,False,17.976310841938655,17.73512173585522,False,0.34186669188048313,0.32606897692285014,False,False,38.98663362452482,True
143,8.212551832199097,left,left,108.03720045183353,71.96279954816647,112.95222378640416,67.04777621359584,16.103974853220855,77.06100726555604,17.312370532049243,8.080005453347534,0.951512648798456,OK,0.9596792459487915,heel,0.9999549388885498,0.999272882938385,0.9613298177719116,0.973168134689331,0.9596792459487915,0.9698976278305054,True,69.40445926489508,69.35236193806973,18.21178585402237,69.40445926489508,70.34567779326856,False,69.35236193806973,70.35150317720945,False,18.21178585402237,18.397848373986843,False,17.312370532049243,17.415861663005828,False,0.951512648798456,0.9761613270400934,False,False,45.85840121241827,True
144,8.270583391189575,left,left,105.26120138389444,74.73879861610556,108.58681688771553,71.41318311228447,18.02350775859366,77.4144741825757,16.958903615029584,8.763597444990431,1.635104640441341,OK,0.9629328846931458,heel,0.9999523758888245,0.9993385672569275,0.9645728468894958,0.9754626154899597,0.9629328846931458,0.9723858833312988,True,72.18045833283416,73.71776883675837,20.131318759395175,72.18045833283416,73.63080278175558,False,73.71776883675837,74.5016264094171,False,20.131318759395175,19.728326789765063,False,16.958903615029584,17.41628679478562,False,1.635104640441341,1.441216367317897,False,False,56.54096537233551,True
145,8.326472282409668,left,left,98.13416896919111,81.86583103080889,101.8698372710507,78.1301627289493,18.734064755076137,76.39579156032725,17.977586237278032,8.865524617262977,1.7370318127138944,OK,0.9657983183860779,heel,0.9999496936798096,0.9993987679481506,0.9670477509498596,0.9773082137107849,0.9657983183860779,0.9745022654533386,True,79.3074907475375,80.4347484534232,20.841875755877652,79.3074907475375,77.04431856123284,False,80.4347484534232,78.79784869998748,False,20.841875755877652,21.1733208397647,False,17.977586237278032,17.684697232981474,False,1.7370318127138944,1.7350934680285472,False,False,55.330789264024276,True
146,8.381892919540405,left,left,97.79665311340173,82.20334688659827,100.06355691469297,79.93644308530703,20.43895700321976,76.25577595096848,18.117601846636802,8.961636755479491,1.8331439509304062,OK,0.9687058925628662,heel,0.9999496340751648,0.999454915523529,0.9697235822677612,0.9792578816413879,0.9687058925628662,0.9766868352890015,True,79.64500660332688,82.24102880978093,22.546768004021274,79.64500660332688,80.59779555522229,False,82.24102880978093,83.03136044150159,False,22.546768004021274,22.484258565043422,False,18.117601846636802,17.540905798515812,False,1.8331439509304062,2.5097878802482967,False,False,43.660840603957155,True
147,8.438055038452148,left,left,94.6007704019261,85.3992295980739,95.88628166317326,84.11371833682674,21.956320934429826,77.84584848597268,16.527529311632605,11.08768068164966,3.9591878771005895,OK,0.9711823463439941,heel,0.999946117401123,0.9995017647743225,0.9719171524047852,0.980856716632843,0.9711823463439941,0.9784833788871765,True,82.84088931480251,86.41830406130063,24.06413193523134,82.84088931480251,81.98084155721988,False,86.41830406130063,85.42023047480474,False,24.06413193523134,23.877990145225453,False,16.527529311632605,16.672759362693245,False,3.9591878771005895,3.765841864947305,False,False,26.556419514238797,True
148,8.495023965835571,left,left,93.9850309631984,86.0149690368016,94.70322717114124,85.29677282885876,22.915259495622227,79.00023086779495,15.373146929810332,12.633686571360009,5.505193766810919,OK,0.9732580780982971,heel,0.9999352693557739,0.9995388388633728,0.9736061692237854,0.982174813747406,0.9732580780982971,0.9799479246139526,True,83.45662875353021,87.60135855333266,25.023070496423742,83.45662875353021,83.2976040567328,False,87.60135855333266,87.23427441671123,False,25.023070496423742,24.77163018392777,False,15.373146929810332,15.733533946244634,False,5.505193766810919,5.101425877704656,False,False,10.758269898803661,True
149,8.55559778213501,left,left,93.84636561486296,86.15363438513704,94.6214250889735,85.3785749110265,23.119877119326706,79.07345220031432,15.299925597290965,12.968388793751549,5.839895989202461,OK,0.9751550555229187,knee,0.9999240636825562,0.9995715022087097,0.9751550555229187,0.9833380579948425,0.9752422571182251,0.9812763929367065,True,83.59529410186565,87.6831606355004,25.22768812012822,83.59529410186565,83.22004253461422,False,87.6831606355004,87.1346425288336,False,25.22768812012822,24.898561821632274,False,15.299925597290965,15.082236190011534,False,5.839895989202461,5.901725637401332,False,False,-4.992294582610469,True
150,8.612536430358887,left,left,94.8334549682818,85.1665450317182,96.18517732680617,83.81482267319383,22.33711584754335,79.79974175467198,14.573636042933302,13.488579960739683,6.360087156190616,OK,0.9766614437103271,knee,0.9999092817306519,0.9995966553688049,0.9766614437103271,0.9843929409980774,0.9770345687866211,0.9824888110160828,True,82.60820474844681,86.11940839766773,24.444926848344863,82.60820474844681,82.96922192730102,False,86.11940839766773,86.58599356380272,False,24.444926848344863,24.592521555977047,False,14.573636042933302,14.739701121294624,False,6.360087156190616,6.2360487981807,False,False,-25.637029788244195,True
151,8.664421081542969,left,left,94.737492785138,85.262507214862,96.34917406623386,83.65082593376614,21.99713869865655,80.02783607394568,14.345541723659608,13.636656053698085,6.508163249149021,OK,0.9780982732772827,knee,0.9998976588249207,0.9996230006217957,0.9780982732772827,0.9853112697601318,0.978638231754303,0.9835617542266846,True,82.7041669315906,85.95541165824004,24.104949699458064,82.7041669315906,80.85938942976394,False,85.95541165824004,84.10344334924547,False,24.104949699458064,23.9054865423775,False,14.345541723659608,14.287056319186016,False,6.508163249149021,6.374376303709927,False,False,-50.62898455853676,True
152,8.737162828445435,left,left,100.17586310747423,79.82413689252577,102.06907573264526,77.93092426735474,21.05877207852805,80.43138660664015,13.94199119096514,13.383371310339218,6.2548785057901455,OK,0.9794061779975891,knee,0.9998959302902222,0.9996496438980103,0.9794061779975891,0.9863843321800232,0.9800193309783936,0.984778881072998,True,77.26579660925438,80.23550999182864,23.166583079329566,77.26579660925438,76.15773984883637,False,80.23550999182864,79.12697534767322,False,23.166583079329566,23.10129808545229,False,13.94199119096514,13.254453456624205,False,6.2548785057901455,6.877609129991224,False,False,-86.29438430735115,True
153,8.791787385940552,left,left,108.93840371106447,71.06159628893553,111.1145813315229,68.8854186684771,19.924550476767717,82.89755034235742,11.475827455247867,14.998278439583569,7.8697856350345035,OK,0.9808757305145264,knee,0.9998940229415894,0.9996702671051025,0.9808757305145264,0.9872964024543762,0.9811287522315979,0.985724925994873,True,68.50325600566414,71.190004392951,22.032361477569232,68.50325600566414,71.36151273801552,False,71.190004392951,73.98488903704583,False,22.032361477569232,22.121103217380867,False,11.475827455247867,12.202715805105427,False,7.8697856350345035,7.295011113245105,False,False,-124.95782745897218,True
154,8.84289813041687,left,left,109.12617411760056,70.87382588239944,111.77543299811602,68.22456700188398,19.056554094442287,83.18304902850201,11.190328769103274,14.888862003459748,7.7603691989106665,OK,0.9822726845741272,knee,0.9998931288719177,0.9996940493583679,0.9822726845741272,0.9882383942604065,0.9823112487792969,0.9867688417434692,True,68.31548559912805,70.52915272635788,21.164365095243802,68.31548559912805,62.66228419406019,False,70.52915272635788,65.64433292174321,False,21.164365095243802,20.64274741573448,False,11.190328769103274,10.031463403100688,False,7.7603691989106665,7.629235284950757,False,False,-152.75829292796212,True
155,8.89877724647522,left,left,126.2735487393402,53.7264512606598,127.09074407855313,52.90925592144687,16.623704673588897,86.94514381265436,7.428233984950921,14.38604382545619,7.257551020907101,OK,0.9825354814529419,heel,0.9998958110809326,0.999711811542511,0.9831671714782715,0.9887171387672424,0.9825354814529419,0.9869804978370667,True,51.16811097738841,55.213841645920766,18.731515674390412,51.16811097738841,53.5690124438249,False,55.213841645920766,57.44728136038186,False,18.731515674390412,18.955801965727904,False,7.428233984950921,7.228949182788104,False,7.257551020907101,7.848583866382806,False,False,-154.41725801474982,True
156,8.958988666534424,left,left,136.21821896177036,43.78178103822964,135.70573601560696,44.29426398439304,14.86371412674799,91.30509300329517,3.0682847943101166,15.65632418387972,8.52783137933065,OK,0.9827584624290466,heel,0.9998942017555237,0.9997210502624512,0.984210729598999,0.9893665909767151,0.9827584624290466,0.9874881505966187,True,41.22344075495825,46.598849708866936,16.971525127549505,41.22344075495825,43.953718862685854,False,46.598849708866936,48.38116590663967,False,16.971525127549505,16.99899403935065,False,3.0682847943101166,4.381811583702699,False,8.52783137933065,8.189735411694102,False,False,-136.82057011191623,True
157,9.018211126327515,left,left,137.9720548610177,42.02794513898229,138.9737793593426,41.026220640657414,13.18613031531051,91.72446182575823,2.6489159718470603,15.91231663939362,8.783823834844554,OK,0.9832850098609924,heel,0.9998947381973267,0.9997373223304749,0.9851294159889221,0.990015983581543,0.9832850098609924,0.9880245327949524,True,39.4696048557109,43.33080636513131,15.293941316112026,39.4696048557109,37.355936029783386,False,43.33080636513131,41.1903394275381,False,15.293941316112026,14.772403536044054,False,2.6489159718470603,2.2689633569872,False,8.783823834844554,8.66903678130213,False,False,-126.32564046186287,True
158,9.070071935653687,left,left,146.0668972380476,33.9331027619524,148.66322351585785,31.33677648414215,9.943933163669117,93.28368849280086,1.0896893048044234,15.82394793428026,8.695455129731187,OK,0.9818176627159119,heel,0.9998908638954163,0.9996932744979858,0.985259473323822,0.9895968437194824,0.9818176627159119,0.9863902926445007,True,31.374762478681006,33.641362208616044,12.05174416447063,31.374762478681006,31.341230645791573,False,33.641362208616044,33.963113867589925,False,12.05174416447063,12.008420935182917,False,1.0896893048044234,0.7274807207920352,False,8.695455129731187,8.659056992592525,False,False,-118.98927940282215,True
159,9.113653659820557,left,left,154.2623351137458,25.73766488625421,157.38741269545147,22.612587304548526,6.571766324164577,95.92954091188066,-1.5561631142753782,15.626384817750912,8.497892013201835,OK,0.9806665182113647,heel,0.9998922944068909,0.9996811151504517,0.9847466349601746,0.9892697930335999,0.9806665182113647,0.9853711724281311,True,23.179324602982817,24.917173029022425,8.679577324966091,23.179324602982817,25.179413516396384,False,24.917173029022425,26.40679505650553,False,8.679577324966091,8.95836760413306,False,-1.5561631142753782,-0.7500096165933172,False,8.497892013201835,8.480995680617221,False,False,-109.98191350677082,True
160,9.155996799468994,left,left,156.45750624920328,23.542493750796723,161.64273579259577,18.357264207404228,4.035970322160948,96.15693283791428,-1.7835550403089968,15.37813270346772,8.249639898918645,OK,0.9779732823371887,heel,0.9998931884765625,0.9996545910835266,0.9844478368759155,0.9885790348052979,0.9779732823371887,0.9843645095825195,True,20.98415346752533,20.661849931878127,6.143781322962463,20.98415346752533,21.53398024603558,False,20.661849931878127,21.81986740307765,False,6.143781322962463,6.80371185133072,False,-1.7835550403089968,-1.4409400667740802,False,8.249639898918645,7.958764761062696,False,False,-98.45613935001938,True
161,9.208917379379272,left,left,157.00319704913002,22.996802950869977,162.4240064761415,17.5759935238585,3.4799659052620924,95.35647984334315,-0.9831020457378656,14.257255175616692,7.128762371067609,OK,0.9749717116355896,heel,0.9998970627784729,0.9996269941329956,0.9834446907043457,0.9878291487693787,0.9749717116355896,0.9830050468444824,True,20.438462667598586,19.8805792483324,5.587776906063606,20.438462667598586,16.891108635953074,False,19.8805792483324,16.38347010939683,False,5.587776906063606,4.680190021064689,False,-0.9831020457378656,-2.249498012245558,False,7.128762371067609,7.437326559866477,False,False,-106.223292134865,True
162,9.2671217918396,left,left,168.1909499439933,11.809050056006697,173.69660457649394,6.3033954235060605,0.2012008333664849,98.3552147482951,-3.981836950689811,14.06207021416225,6.933577409613179,OK,0.9669877886772156,heel,0.9998998641967773,0.9995854496955872,0.979361355304718,0.9857921004295349,0.9669877886772156,0.9796590805053711,True,9.250709772735304,8.60798114797996,2.309011834167999,9.250709772735304,10.871266587755292,False,8.60798114797996,10.336250619392002,False,2.309011834167999,2.777323476844232,False,-3.981836950689811,-2.7916758770893133,False,6.933577409613179,6.104015322296817,False,False,-117.47052547428689,True
163,9.305347681045532,left,left,174.51703239379663,5.482967606203374,179.78439426261025,0.21560573738975108,-1.672629310500424,97.78346643244555,-3.410088634840264,11.378198990758747,4.249706186209664,OK,0.9625921249389648,heel,0.9999081492424011,0.9995774030685425,0.9775233268737793,0.9843494892120361,0.9625921249389648,0.9778091311454773,True,2.9246273229319812,2.52019146186365,0.43518169030109033,2.9246273229319812,4.814119117151045,False,2.52019146186365,4.083692120932174,False,0.43518169030109033,0.8792949914309824,False,-3.410088634840264,-3.2667854171947064,False,4.249706186209664,4.876507404844564,False,False,-103.7779618139744,True
164,9.348617792129517,left,left,175.17463946094276,4.825360539057243,178.818318028479,-1.1816819715209874,-2.214119550977656,96.78180846365933,-2.408430666054045,10.57473142325993,3.4462386187108507,OK,0.9586959481239319,heel,0.9999136328697205,0.9994459748268127,0.9719551205635071,0.9811998605728149,0.9586959481239319,0.9742620587348938,True,2.2670202557858503,1.1229037529529116,-0.10630855017614183,2.2670202557858503,1.4533405794619263,False,1.1229037529529116,0.47448300631286483,False,-0.10630855017614183,-0.27715769600973394,False,-2.408430666054045,-2.844533682025561,False,3.4462386187108507,3.5462335591648753,False,False,-66.96470445549018,True
165,9.39165449142456,left,left,178.27328555706066,1.7267144429393397,175.47576807964813,-4.524231920351866,-3.2681572289556646,97.08845954278766,-2.715081745182374,10.071248677123197,2.9427558725741108,OK,0.954131543636322,heel,0.9999168515205383,0.9993281364440918,0.965115487575531,0.9776410460472107,0.954131543636322,0.9707071781158447,True,-0.8316258403320531,-2.219646195877967,-1.1603462281541503,-0.8316258403320531,0.1314955957906284,False,-2.219646195877967,-1.3447055428319423,False,-1.1603462281541503,-0.9215665771668409,False,-2.715081745182374,-2.375928119748418,False,2.9427558725741108,2.9305626812041417,False,False,-30.164844536710053,True
166,9.444242000579834,left,left,178.48256734481052,1.5174326551894808,174.75804008995533,-5.24195991004467,-3.6058559539717447,96.37764974561412,-2.004271948008835,9.531186356876542,2.402693552327463,OK,0.951518714427948,heel,0.999921977519989,0.9992390275001526,0.9603735208511353,0.9753292798995972,0.951518714427948,0.9688913822174072,True,-1.040907628081912,-2.9373741855707713,-1.4980449531702305,-1.040907628081912,-0.9564672689981596,False,-2.9373741855707713,-3.084345705658001,False,-1.4980449531702305,-1.714503931057747,False,-2.004271948008835,-1.5933493045432339,False,2.402693552327463,2.006723810145312,False,False,-12.87789392703543,True
167,9.485153198242188,left,left,178.43852805530912,1.5614719446908794,173.59939754000084,-6.400602459999163,-4.592931612650375,94.43407201804378,-0.06069422043849215,7.803214810083445,0.6747220055343632,OK,0.9475024938583374,heel,0.9999265670776367,0.9991862177848816,0.9542021751403809,0.9725770950317383,0.9475024938583374,0.9663429260253906,True,-0.9968683385805135,-4.096016735525264,-2.4851206118488607,-0.9968683385805135,-1.037302434603434,False,-4.096016735525264,-3.815712335369176,False,-2.4851206118488607,-2.258264988651393,False,-0.06069422043849215,-0.6955339094634354,False,0.6747220055343632,1.2156788215777776,False,False,-3.7980901870639747,True
168,9.531967878341675,left,left,178.51579105387648,1.4842089461235162,173.2816681905146,-6.718331809485392,-4.899440401736602,94.39501335754827,-0.021635559942978944,7.698113711420574,0.5696209068715063,OK,0.9392616748809814,heel,0.9999276399612427,0.9988974332809448,0.9497306942939758,0.9676899909973145,0.9392616748809814,0.96098393201828,True,-1.0741313371478767,-4.413746085011493,-2.7916294009350873,-1.0741313371478767,-1.1590985577631694,False,-4.413746085011493,-4.382268401079421,False,-2.7916294009350873,-2.7267209632454716,False,-0.021635559942978944,0.15117315992019087,False,0.5696209068715063,0.3452757201505771,False,False,1.5330477786040808,True
169,9.573116779327393,left,left,178.84795571428972,1.152044285710275,173.0583718928246,-6.941628107175404,-5.011223877753983,93.83752853746324,0.5358492601420437,6.9199770525949384,-0.2085157519541383,OK,0.9336862564086914,heel,0.9999310970306396,0.9986820816993713,0.9457381963729858,0.9643601775169373,0.9336862564086914,0.9572763442993164,True,-1.4062959975611178,-4.637042382701505,-2.9034128769524683,-1.4062959975611178,-0.9848023360552877,False,-4.637042382701505,-4.262816980756607,False,-2.9034128769524683,-2.7855524199113995,False,0.5358492601420437,0.7235298640519309,False,-0.2085157519541383,-0.23106763926201287,False,False,5.603760745465508,True
170,9.617340564727783,left,left,177.91563939018548,2.0843606098145244,173.95775180096928,-6.042248199030723,-4.769425982648157,92.71700190564856,1.6563758919567277,6.074184731845661,-1.0543080727034067,OK,0.9278106689453125,heel,0.9999343752861023,0.9983370900154114,0.9424293041229248,0.9606163501739502,0.9278106689453125,0.9533728957176208,True,-0.4739796734568684,-3.7376624745568243,-2.6616149818466424,-0.4739796734568684,-0.6512405933164458,False,-3.7376624745568243,-3.8456635894777818,False,-2.6616149818466424,-2.673788397048639,False,1.6563758919567277,1.525887450411588,False,-1.0543080727034067,-1.0052528512989056,False,False,8.608232679200256,True
171,9.664905548095703,left,left,177.51510582565996,2.4848941743400417,174.5331283643511,-5.466871635648914,-4.56414833314832,91.9879405984693,2.3854371991359926,5.375558075309902,-1.752934729239172,OK,0.9237805604934692,heel,0.9999369978904724,0.9981043934822083,0.9404343366622925,0.957913875579834,0.9237805604934692,0.9507740139961243,True,-0.07344610893135117,-3.1622859111750152,-2.4563373323468056,-0.07344610893135117,-0.05535915340647687,False,-3.1622859111750152,-3.125469360702308,False,-2.4563373323468056,-2.4283226107177076,False,2.3854371991359926,2.3711686848962614,False,-1.752934729239172,-1.7293810883181397,False,False,13.924539006241659,True
172,9.72498869895935,left,left,177.06031139455982,2.939688605440182,175.21895457915102,-4.781045420848983,-4.27482651876119,91.30168483400922,3.071692963596064,4.747592341537228,-2.380900463011841,OK,0.9238992929458618,heel,0.9999404549598694,0.9981157779693604,0.9385400414466858,0.9564834237098694,0.9238992929458618,0.9499923586845398,True,0.381348322168789,-2.476459696375084,-2.1670155179596753,0.381348322168789,0.3605159901938498,False,-2.476459696375084,-2.533976887925695,False,-2.1670155179596753,-2.198102451198439,False,3.071692963596064,3.039515258542451,False,-2.380900463011841,-2.3431248316213478,False,False,26.38727162996587,True
173,9.782650232315063,left,left,176.6680139593845,3.3319860406155044,175.73222921929911,-4.267770780700886,-4.078765504090351,90.71196218470999,3.661415612895297,4.232953501936046,-2.895539302613031,OK,0.9240612983703613,heel,0.9999434947967529,0.9981028437614441,0.9362939596176147,0.9551467895507812,0.9240612983703613,0.9492297172546387,True,0.7736457573441116,-1.9631850562269868,-1.9709545032888371,0.7736457573441116,2.4384420646068876,False,-1.9631850562269868,-0.7165684479348956,False,-1.9709545032888371,-1.7144910554228325,False,3.661415612895297,4.406346609322886,False,-2.895539302613031,-2.9658271522039286,False,False,47.85903986654386,True
174,9.829063653945923,left,left,171.28132760242084,8.718672397579155,179.98535368432348,-0.014646315676515087,-3.1133141458215006,87.88744654612799,6.485931251477297,3.5074511135621735,-3.621041690986914,OK,0.9260217547416687,heel,0.9999471306800842,0.9981567859649658,0.9374886155128479,0.9560855031013489,0.9260217547416687,0.9502847790718079,True,6.160332114307762,2.289939408797384,-1.0055031450199863,6.160332114307762,5.057324714140125,False,2.289939408797384,1.3659633491911183,False,-1.0055031450199863,-1.2414443276563183,False,6.485931251477297,5.953361353020512,False,-3.621041690986914,-3.5034443157278283,False,False,83.50224404829355,True
175,9.875741004943848,left,left,169.2036634459601,10.796336554039897,178.53345002947094,1.4665499705290586,-2.855686335461646,86.66064060291635,7.712737194688941,3.1347408509655446,-3.9937519535835406,OK,0.9272346496582031,heel,0.9999507665634155,0.9981954097747803,0.9379492402076721,0.956490159034729,0.9272346496582031,0.9508675932884216,True,8.237996270768503,3.7711356950029575,-0.7478753346601317,8.237996270768503,9.380085963019328,False,3.7711356950029575,5.038606680326992,False,-0.7478753346601317,-0.3524762190774662,False,7.712737194688941,7.546527757056552,False,-3.9937519535835406,-3.5575246934416973,False,False,127.94418345509202,True
176,9.919997215270996,left,left,163.69973021274689,16.300269787253114,173.24984078729327,6.750159212706734,-1.4118611783537949,85.93246297260187,8.440914825003418,4.070712368794449,-3.057780435754637,OK,0.9285645484924316,heel,0.9999521970748901,0.9981844425201416,0.9382078647613525,0.9559685587882996,0.9285645484924316,0.9507192969322205,True,13.741929503981721,9.054744937180633,0.6959498224477194,13.741929503981721,16.590947872090485,False,9.054744937180633,11.650655584293991,False,0.6959498224477194,1.4392072439001542,False,8.440914825003418,8.658678218586502,False,-3.057780435754637,-2.2791786868898782,False,False,163.2984244811904,True
177,9.960040092468262,left,left,149.64874187520738,30.351258124792622,160.17849960377552,19.82150039622448,2.261736243111361,84.55099516153814,9.822382636067147,7.342489133217624,0.2139963286685429,OK,0.9291437268257141,heel,0.9999498128890991,0.9981492757797241,0.9365878701210022,0.9554372429847717,0.9291437268257141,0.9495214223861694,True,27.79291784152123,22.12608612069838,4.369547243912875,27.79291784152123,24.46718339678283,False,22.12608612069838,19.33771305631706,False,4.369547243912875,3.696793002146704,False,9.822382636067147,9.380711904273412,False,0.2139963286685429,-0.554448561660962,False,False,161.59742438380385,True
178,10.016409397125244,left,left,145.57495687188307,34.425043128116926,155.47227761340173,24.52772238659827,3.917070939278004,84.49453954585562,9.87883825174967,8.308931226652277,1.180438422103208,OK,0.9308978915214539,heel,0.9999508857727051,0.9982443451881409,0.9366068840026855,0.9563278555870056,0.9308978915214539,0.9499645233154297,True,31.866702844845534,26.83230811107217,6.024881940079519,31.866702844845534,33.360620167436615,False,26.83230811107217,27.672368260623532,False,6.024881940079519,5.994098107135183,False,9.87883825174967,10.651467284251064,False,1.180438422103208,1.030882729697178,False,False,152.64364100569546,True
179,10.062267065048218,left,left,137.01941990078552,42.98058009921448,148.24587517437385,31.75412482562615,5.4800541366116375,82.12019683266891,12.253180964936377,8.826706242868864,1.698213438319783,OK,0.9335257411003113,heel,0.999953031539917,0.9983837604522705,0.9383205771446228,0.9577047824859619,0.9335257411003113,0.9507434964179993,True,40.42223981594309,34.058710550100045,7.587865137413152,40.42223981594309,37.7542681316818,False,34.058710550100045,32.32906291185514,False,7.587865137413152,7.47891144893935,False,12.253180964936377,10.755377892861901,False,1.698213438319783,2.1487387759040835,False,False,143.15503118339345,True
180,10.094425678253174,left,left,136.46779798247184,43.532202017528164,146.2084156500807,33.791584349919304,6.716176268523865,84.23926333570563,10.134114461899657,10.696057271838347,3.567564467289259,OK,0.9373388886451721,heel,0.9999557733535767,0.9985179901123047,0.9414001703262329,0.9602621793746948,0.9373388886451721,0.9531433582305908,True,40.97386173425677,36.0961700743932,8.823987269325379,40.97386173425677,44.00787490805556,False,36.0961700743932,38.59251789547346,False,8.823987269325379,9.01452254352181,False,10.134114461899657,11.458771676576793,False,3.567564467289259,2.9711078795270773,False,False,139.99449703893563,True
181,10.141426801681519,left,left,126.81413654276177,53.18586345723823,136.68191266254675,43.31808733745325,8.523904223025385,82.38435819471094,11.989019602894345,10.776038537521279,3.6475457329721905,OK,0.9409968256950378,heel,0.999957263469696,0.9986489415168762,0.945466160774231,0.963122546672821,0.9409968256950378,0.9563865661621094,True,50.627523173966836,45.622673061927145,10.631715223826898,50.627523173966836,48.24247640429294,False,45.622673061927145,43.33015080605738,False,10.631715223826898,10.446647523334757,False,11.989019602894345,11.765043016538911,False,3.6475457329721905,3.5939301050313666,False,False,124.918803384166,True
182,10.18933892250061,left,left,124.31561541207341,55.68438458792659,134.0329764426221,45.9670235573779,9.776429076050482,81.20138281278255,13.171994984822732,10.695172919381715,3.56668011483265,OK,0.9453104734420776,heel,0.9999583959579468,0.9987768530845642,0.9500569701194763,0.9662670493125916,0.9453104734420776,0.960108757019043,True,53.126044304655196,48.271609281851795,11.884240076851995,53.126044304655196,54.88391337750799,False,48.271609281851795,49.626249500357936,False,11.884240076851995,11.83205794984059,False,13.171994984822732,13.139800655564116,False,3.56668011483265,3.949921171426496,False,False,103.27003749363057,True
183,10.22904634475708,left,left,116.54348706282669,63.456512937173315,127.32011956717903,52.679880432820966,10.872407548041364,80.11499041863001,14.258387378975272,11.76403047102372,4.635537666474647,OK,0.949774444103241,heel,0.9999617338180542,0.9988972544670105,0.9543508887290955,0.9693194627761841,0.949774444103241,0.9637147188186646,True,60.89817265390192,54.98446615729486,12.980218548842878,60.89817265390192,58.206168719941864,False,54.98446615729486,53.38123015571875,False,12.980218548842878,13.095858432623237,False,14.258387378975272,13.986618617243712,False,4.635537666474647,3.9341783796026277,False,False,93.43335219428407,True
184,10.272652626037598,left,left,116.84737051546013,63.15262948453987,125.41697069646432,54.58302930353568,12.31530567137332,79.84390430967215,14.529473487933132,10.728810162049658,3.600317357500586,OK,0.9538912773132324,heel,0.9999611377716064,0.99900221824646,0.9583190679550171,0.9720906019210815,0.9538912773132324,0.967005729675293,True,60.59428920126848,56.88761502800958,14.423116672174835,60.59428920126848,62.17012437811985,False,56.88761502800958,57.8935196284956,False,14.423116672174835,14.216767300804717,False,14.529473487933132,14.112697932997085,False,3.600317357500586,4.380674117431852,False,False,94.00174784704284,True
185,10.3299560546875,left,left,112.42374843753947,67.57625156246053,120.49610802429152,59.503891975708484,13.139155680594921,80.82314486552244,13.55023293208285,12.034660132869398,4.906167328320322,OK,0.9578989148139954,heel,0.9999595880508423,0.9990940690040588,0.9621739387512207,0.9746277928352356,0.9578989148139954,0.9699810743331909,True,65.01791127918914,61.80847770018238,15.246966681396437,65.01791127918914,66.54512425086838,False,61.80847770018238,63.1329244453635,False,15.246966681396437,15.472408992050575,False,13.55023293208285,14.218113700434907,False,4.906167328320322,4.666495097120522,False,False,103.152928621041,True
186,10.3681161403656,left,left,103.41848744458107,76.58151255541893,111.60190511657535,68.39809488342465,14.639332621778935,79.79874311631654,14.574634681288742,12.621493410089737,5.493000605540658,OK,0.9615525603294373,heel,0.9999561905860901,0.9991774559020996,0.9655977487564087,0.9769401550292969,0.9615525603294373,0.9727299213409424,True,74.02317227214753,70.70268060789854,16.74714362258045,74.02317227214753,71.61539283263163,False,70.70268060789854,68.45313118342936,False,16.74714362258045,16.56882964476611,False,14.574634681288742,13.989351952940552,False,5.493000605540658,5.741739341027814,False,False,93.8413321507677,True
187,10.413676977157593,left,left,101.6365647701704,78.3634352298296,109.45635048226676,70.54364951773324,15.604567629519932,80.53018955215522,13.843188245450065,13.95454289377153,6.826050089222463,OK,0.9646965861320496,heel,0.9999533295631409,0.9992534518241882,0.9684973955154419,0.9788489937782288,0.9646965861320496,0.9749690890312195,True,75.80509494655821,72.84823524220714,17.712378630321446,75.80509494655821,75.83993314402817,False,72.84823524220714,73.61810859537947,False,17.712378630321446,18.1751254260864,False,13.843188245450065,14.333307398233709,False,6.826050089222463,6.063642576501384,False,False,66.14807462464724,True
188,10.46932578086853,left,left,99.75012750334983,80.24987249665017,105.00117578844119,74.99882421155881,17.95804302455579,79.79127852964297,14.58209926796232,13.000369839290094,5.871877034741033,OK,0.9674574136734009,heel,0.9999499320983887,0.999319314956665,0.9708823561668396,0.9805548787117004,0.9674574136734009,0.97699373960495,True,77.69153221337878,77.30340993603271,20.065854025357304,77.69153221337878,76.54408412065163,False,77.30340993603271,75.79265520995922,False,20.065854025357304,19.66324725791525,False,14.58209926796232,14.784555527010118,False,5.871877034741033,5.630120641597529,False,False,40.77988071946075,True
189,10.5228750705719,left,left,101.30603451471069,78.69396548528931,105.07826527283606,74.92173472716394,19.10369811726549,78.44499872998732,15.928379067617968,11.320927605378172,4.192434800829091,OK,0.970084547996521,heel,0.9999490976333618,0.9993816018104553,0.9732423424720764,0.982184112071991,0.970084547996521,0.9789066910743713,True,76.13562520201792,77.22632045163783,21.211509118067006,76.13562520201792,78.74971180788407,False,77.22632045163783,79.31619795106884,False,21.211509118067006,21.21042765186724,False,15.928379067617968,15.741070420548914,False,4.192434800829091,4.9028710881335185,False,False,37.82105862604706,True
190,10.587255716323853,left,left,95.01968170847312,84.98031829152688,98.8857222589379,81.1142777410621,20.24610881137589,77.66064487153884,16.71273292606645,11.772794233379502,4.644301428830431,OK,0.972484290599823,heel,0.9999480247497559,0.9994382858276367,0.9752671122550964,0.9835782647132874,0.972484290599823,0.9805546998977661,True,82.4219780082555,83.41886346553599,22.353919812177406,82.4219780082555,81.01536155230878,False,83.41886346553599,82.30541294711783,False,22.353919812177406,22.348486428042175,False,16.71273292606645,16.874460459561732,False,4.644301428830431,4.183974573671368,False,False,43.572211403390675,True
191,10.648712158203125,left,left,92.9531782700757,87.0468217299243,96.03353080029424,83.96646919970576,21.3722193530806,76.39110841260451,17.982269385000777,10.843680295903656,3.715187491354584,OK,0.974718451499939,heel,0.9999469518661499,0.9994893074035645,0.9771283864974976,0.984896719455719,0.974718451499939,0.9821312427520752,True,84.48848144665291,86.27105492417965,23.480030353882114,84.48848144665291,84.69292745322379,False,86.27105492417965,86.17915681482702,False,23.480030353882114,23.17234186451638,False,17.982269385000777,17.49446335298478,False,3.715187491354584,4.191649149928348,False,False,38.40630975022569,True
192,10.70242714881897,left,left,90.27333681196562,89.72666318803438,93.45703366970847,86.54296633029153,21.575264426688097,76.58499004971817,17.788387747887114,11.343951334149109,4.215458529600028,OK,0.9765567779541016,heel,0.9999434351921082,0.9995306730270386,0.9785397052764893,0.9858726859092712,0.9765567779541016,0.9833241105079651,True,87.16832290476299,88.84755205476543,23.683075427489612,87.16832290476299,86.35789661584236,False,88.84755205476543,88.03599636108562,False,23.683075427489612,23.705582006826088,False,17.788387747887114,18.17229767299689,False,4.215458529600028,3.855184588585909,False,False,24.478974308679266,True
193,10.76742959022522,left,left,90.02477422061742,89.97522577938258,93.31520362016211,86.68479637983789,21.845829238305015,75.6271419115025,18.74623588610278,10.763400549352202,3.6349077448031153,OK,0.9781914949417114,heel,0.9999377131462097,0.9995653629302979,0.9798557162284851,0.9867209196090698,0.9781914949417114,0.9843194484710693,True,87.41688549611119,88.98938210431179,23.95364023910653,87.41688549611119,87.21932055912585,False,88.98938210431179,89.08995508048541,False,23.95364023910653,24.106777943355933,False,18.74623588610278,18.259868722601386,False,3.6349077448031153,3.976274699394954,False,False,7.511762918674198,True
194,10.826682567596436,left,left,90.36890644022525,89.63109355977475,92.87165464209491,87.12834535790509,22.575807162670138,76.12839526379102,18.244982533814266,11.206950628330803,4.078457823781719,OK,0.9792799353599548,heel,0.9999287724494934,0.999591052532196,0.9806308150291443,0.9871510863304138,0.9792799353599548,0.9847937226295471,True,87.07275327650336,89.43293108237899,24.683618163471653,87.07275327650336,87.18542415261028,False,89.43293108237899,89.27613059501124,False,24.683618163471653,24.560028923566893,False,18.244982533814266,18.043878095574552,False,4.078457823781719,4.4254443855913435,False,False,-4.531100839131388,True
195,10.883293390274048,left,left,90.3750260315123,89.6249739684877,92.89850712613094,87.10149287386906,22.935017367320977,77.23296193079868,17.140415866806606,12.691460392738275,5.562967588189196,OK,0.9804381132125854,heel,0.9999157190322876,0.9996103048324585,0.981315553188324,0.9877256751060486,0.9804381132125854,0.9854875206947327,True,87.0666336852163,89.40607859834296,25.042828368122493,87.0666336852163,86.50206314516792,False,89.40607859834296,88.6033673881489,False,25.042828368122493,24.69603990355036,False,17.140415866806606,17.06183889294896,False,5.562967588189196,5.5328967676203815,False,False,-17.323540450690615,True
196,10.939000368118286,left,left,92.07485724294453,87.92514275705547,95.33349324074915,84.66650675925085,22.253862178255424,78.57325951937928,15.800118278226009,14.085757695439305,6.9572648908902295,OK,0.9812556505203247,heel,0.9999040961265564,0.9996240139007568,0.9821988940238953,0.9883449673652649,0.9812556505203247,0.9861825704574585,True,85.36680247378408,86.97109248372475,24.36167317905694,85.36680247378408,85.70918827270297,False,86.97109248372475,87.48355642303011,False,24.36167317905694,24.51600312937126,False,15.800118278226009,16.333130058009303,False,6.9572648908902295,6.408504921034781,False,False,-45.1806645462635,True
197,10.997379541397095,left,left,92.74753105762008,87.25246894237992,96.23108753745126,83.76891246254874,22.035696840132836,78.31452176860999,16.058856028995294,13.833775088573999,6.705282284024918,OK,0.9820528626441956,heel,0.9998944401741028,0.9996358752250671,0.9829350113868713,0.9889115691184998,0.9820528626441956,0.9868262410163879,True,84.69412865910853,86.07349818702264,24.14350784093435,84.69412865910853,82.71138115872076,False,86.07349818702264,84.6789493536888,False,24.14350784093435,24.208273292038978,False,16.058856028995294,16.16173870913505,False,6.705282284024918,6.07896638793586,False,False,-90.9454762074868,True
198,11.055315017700195,left,left,99.36844737345893,80.63155262654107,101.3123283341549,78.6876716658451,22.011827855324118,77.74713597742144,16.62624182018385,11.702844793441516,4.574351988892431,OK,0.9830527901649475,heel,0.9998905062675476,0.9996557831764221,0.984002411365509,0.9896529912948608,0.9830527901649475,0.9876953363418579,True,78.07321234326967,80.992257390319,24.119638856125633,78.07321234326967,75.27225244629632,False,80.992257390319,77.13989459080868,False,24.119638856125633,22.77026857915079,False,16.62624182018385,14.420417358224446,False,4.574351988892431,6.482209076413966,False,False,-133.87957558338337,True
199,11.113877534866333,left,left,114.39224338021783,65.60775661978217,117.95065752938947,62.049342470610526,17.93984803959087,83.7972235721111,10.576154225494193,15.29548576087362,8.166992956324549,OK,0.9826239943504333,heel,0.9998900294303894,0.9996737241744995,0.984494686126709,0.9897469878196716,0.9826239943504333,0.9875950217247009,True,63.049416336510774,64.35392819508442,20.047659040392386,63.049416336510774,65.15584653784971,False,64.35392819508442,67.34658567880332,False,20.047659040392386,20.843392213866466,False,10.576154225494193,11.615066792778228,False,8.166992956324549,7.037586280134623,False,False,-139.05192510345898,True
200,11.17172884941101,left,left,123.0967487829599,56.90325121704009,125.61101427346736,54.38898572653264,16.255067744279863,86.73057346494865,7.642804332656638,15.499906699735961,8.37141389518689,OK,0.982660710811615,heel,0.9998930096626282,0.9996916651725769,0.9846315383911133,0.9898200631141663,0.982660710811615,0.9873650074005127,True,54.3449109337687,56.693571451006534,18.362878745081378,54.3449109337687,56.49469015571564,False,56.693571451006534,58.46548921547367,False,18.362878745081378,18.3558983506769,False,7.642804332656638,8.040721755678115,False,8.37141389518689,8.344377535240739,False,False,-116.18640995202736,True
201,11.228850603103638,left,left,125.35191651986116,54.64808348013884,127.95561772414383,52.044382275856165,14.549346265755418,88.47017108872177,5.903206708883516,15.623218558759866,8.494725754210776,OK,0.9833060503005981,heel,0.9998877644538879,0.9997089505195618,0.985372006893158,0.9903599619865417,0.9833060503005981,0.9878847599029541,True,52.089743196867445,54.34896800033006,16.657157266556933,52.089743196867445,52.95740725674648,False,54.34896800033006,54.59052397806346,False,16.657157266556933,16.829699797621743,False,5.903206708883516,6.854625964117848,False,8.494725754210776,8.34195711218691,False,False,-106.21999276505024,True
202,11.285744667053223,left,left,125.0040920771253,54.99590792287469,129.57555324162013,50.42444675837987,13.361252380425409,87.3555109467919,7.017866850813391,15.288224491712144,8.15973168716306,OK,0.9836974740028381,heel,0.9998885989189148,0.9997326135635376,0.9854287505149841,0.9907238483428955,0.9836974740028381,0.9882479310035706,True,52.4375676396033,52.72903248285377,15.469063381226924,52.4375676396033,47.170566265924435,False,52.72903248285377,48.22439355472253,False,15.469063381226924,14.780304808315025,False,7.017866850813391,5.9882927990789625,False,8.15973168716306,7.738184720437952,False,False,-127.4149907711796,True
203,11.342119693756104,left,left,140.45727175542604,39.542728244573965,144.70940554349013,35.290594456509865,10.106882776359704,89.3295729600653,5.04380483753998,13.688589524489108,6.56009671994002,OK,0.9835885763168335,heel,0.9998906254768372,0.9997372627258301,0.9857659935951233,0.9909564256668091,0.9835885763168335,0.9881874918937683,True,36.98438796130257,37.59518018098376,12.21469377716122,36.98438796130257,38.120223175908215,False,37.59518018098376,38.781960576264765,False,12.21469377716122,12.187901918305222,False,5.04380483753998,4.588273674826316,False,6.56009671994002,6.937890843122328,False,False,-149.66123734979033,True
204,11.399340867996216,left,left,152.50294578990983,27.49705421009017,156.28291665951713,23.717083340482873,6.772137595726009,92.67022846147971,1.703149336125577,13.222336926812991,6.093844122263903,OK,0.9822045564651489,heel,0.9998968839645386,0.9997433423995972,0.98554527759552,0.9907944798469543,0.9822045564651489,0.9873493313789368,True,24.938713926818778,26.02166906495677,8.879948596527523,24.938713926818778,27.943834151707264,False,26.02166906495677,28.366015045848695,False,8.879948596527523,9.207740176852935,False,1.703149336125577,2.4488595941846207,False,6.093844122263903,6.336699688526863,False,False,-148.02227672149385,True
205,11.465479373931885,left,left,155.53325914972817,24.466740850271833,160.82338983286834,19.176610167131656,4.4207671560685515,93.77375318871698,0.5996246088883055,13.484651027925729,6.356158223376667,OK,0.9793255925178528,heel,0.9999004006385803,0.999715268611908,0.9852257966995239,0.9899800419807434,0.9793255925178528,0.9860205054283142,True,21.90840056700044,21.481195891605555,6.528578156870066,21.90840056700044,20.35152279170259,False,21.481195891605555,20.33117044052743,False,6.528578156870066,6.3724685046381735,False,0.5996246088883055,0.27239056103887077,False,6.356158223376667,6.120430294774432,False,False,-133.91527786290243,True
206,11.51663064956665,left,left,163.23420583544006,16.765794164559935,168.81393935945394,11.18606064054606,1.601067759715415,95.85898005950256,-1.4856022618972702,13.039781343231814,5.911288538682726,OK,0.9747417569160461,heel,0.9999050498008728,0.9996875524520874,0.9834701418876648,0.9885850548744202,0.9747417569160461,0.9838058948516846,True,14.207453881288542,13.490646365019959,3.7088787605169293,14.207453881288542,13.432017489761293,False,13.490646365019959,13.028615109983628,False,3.7088787605169293,3.7627033219613235,False,-1.4856022618972702,-1.3049014081626022,False,5.911288538682726,5.471007109901564,False,False,-119.13432375115643,True
207,11.573237895965576,left,left,173.26146169573371,6.738538304266285,178.19058265114853,1.8094173488514684,-1.0571579523045394,97.40210436908413,-3.028726571478842,11.27406737219438,4.145574567645298,OK,0.9658052325248718,heel,0.999904990196228,0.9996146559715271,0.9780368804931641,0.9849600195884705,0.9658052325248718,0.9788472056388855,True,4.180198020994892,4.114003073325367,1.050653048496975,4.180198020994892,6.784540531691366,False,4.114003073325367,6.562289146763053,False,1.050653048496975,1.8072054645797613,False,-3.028726571478842,-1.9572312106690977,False,4.145574567645298,3.9866880601771393,False,False,-98.07708976783505,True
208,11.630720376968384,left,left,175.47569002393794,4.524309976062057,179.77763227746993,-0.2223677225300662,-1.4457264160761345,95.73074259623647,-1.3573647986311812,9.03169387875246,1.9032010742033947,OK,0.962598979473114,heel,0.9999122023582458,0.9996062517166138,0.9745292663574219,0.9829902648925781,0.962598979473114,0.9770825505256653,True,1.9659696927906638,2.0822180019438328,0.6620845847253798,1.9659696927906638,1.5608890166559048,False,2.0822180019438328,1.5169184906585578,False,0.6620845847253798,0.4435882119793691,False,-1.3573647986311812,-1.5995069255531054,False,1.9032010742033947,2.087065663529804,False,False,-66.15049977475309,True
209,11.6877920627594,left,left,178.90516038054645,1.094839619453552,176.04994867223257,-3.950051327767426,-2.4897839980857617,94.78580720415458,-0.4124294065492933,7.340914153289793,0.21242134874071894,OK,0.9591735005378723,heel,0.9999170899391174,0.9995476007461548,0.9708012342453003,0.9801062345504761,0.9591735005378723,0.9743937849998474,True,-1.463500663817841,-1.6454656032935269,-0.3819729972842474,-1.463500663817841,-0.4747030836935327,False,-1.6454656032935269,-0.6553422289475712,False,-0.3819729972842474,-0.14491213061897668,False,-0.4124294065492933,-0.35969192600129435,False,0.21242134874071894,0.39541894063635635,False,False,-36.21617740946933,True
210,11.743210554122925,left,left,179.36823799678203,0.6317620032179718,175.29263519003308,-4.7073648099669185,-2.8226589800995767,93.6826593704287,0.6907184271765914,6.1991272035140215,-0.9293656010350446,OK,0.95723557472229,heel,0.9999217987060547,0.9994807839393616,0.9662030935287476,0.9785218238830566,0.95723557472229,0.9733663201332092,True,-1.926578280053421,-2.4027790854930196,-0.7148479792980624,-1.926578280053421,-1.944288938650427,False,-2.4027790854930196,-2.8405639085272454,False,-0.7148479792980624,-0.9603168998838908,False,0.6907184271765914,0.6407433003947176,False,-0.9293656010350446,-0.7047852304017871,False,False,-14.868861689601808,True
211,11.801313638687134,left,left,179.88444758880863,0.1155524111913735,173.2219672387309,-6.778032761269088,-3.891940723870877,92.72943691704843,1.6439408805568547,5.731081365638031,-1.3974114389110355,OK,0.9534156918525696,heel,0.9999261498451233,0.9993582367897034,0.961212158203125,0.9753517508506775,0.9534156918525696,0.9705125093460083,True,-2.4427878720800194,-4.473447036795189,-1.7841297230693627,-2.4427878720800194,-2.048913196519139,False,-4.473447036795189,-3.879619124750544,False,-1.7841297230693627,-1.582931793238081,False,1.6439408805568547,1.5300204104896267,False,-1.3974114389110355,-1.2822462754963055,False,False,-2.043931102892208,True
212,11.868379354476929,left,left,179.21903315415258,0.7809668458474164,172.93278302356268,-7.067216976437322,-4.357628678148332,92.11797587386985,2.255401923735434,5.608531018006245,-1.5199617865428365,OK,0.9479319453239441,heel,0.9999291300773621,0.9991397261619568,0.9570903778076172,0.9718554019927979,0.9479319453239441,0.9667625427246094,True,-1.7773734374239765,-4.762631251963423,-2.249817677346818,-1.7773734374239765,-1.7837710257136017,False,-4.762631251963423,-4.550318598625055,False,-2.249817677346818,-2.146876274069383,False,2.255401923735434,2.1525648566766997,False,-1.5199617865428365,-1.532893557834626,False,False,7.955334598016204,True
213,11.924222230911255,left,left,178.57281148436542,1.4271885156345832,173.28053676840955,-6.719463231590453,-4.514492422593482,91.81502603186748,2.558351765737811,5.44718535649906,-1.6813074480500063,OK,0.941107988357544,heel,0.9999336004257202,0.9990231990814209,0.9502623081207275,0.9669702053070068,0.941107988357544,0.9617135524749756,True,-1.1311517676368097,-4.414877507116554,-2.4066814217919674,-1.1311517676368097,-1.2052214845087277,False,-4.414877507116554,-4.384228299360459,False,-2.4066814217919674,-2.312738720860722,False,2.558351765737811,2.5808890717437314,False,-1.6813074480500063,-1.7146209777527208,False,False,14.615960416961961,True
214,11.977281332015991,left,left,178.148798965194,1.851201034805996,173.7202381365247,-6.279761863475301,-4.389528064244896,91.44446427184734,2.928913525757949,5.185899105883761,-1.9425936986653198,OK,0.936307966709137,heel,0.9999376535415649,0.9989051222801208,0.9441226124763489,0.9619952440261841,0.936307966709137,0.9572170376777649,True,-0.7071392484653969,-3.9751761390014018,-2.2817170634433817,-0.7071392484653969,-0.11891027217569332,False,-3.9751761390014018,-3.907808298310704,False,-2.2817170634433817,-2.509497142906024,False,2.928913525757949,3.074920267468092,False,-1.9425936986653198,-1.7955193842390997,False,False,24.22478471699725,True
215,12.03527021408081,left,left,175.96009951715348,4.0399004828465195,174.36204302671194,-5.6379569732880555,-4.947903944284238,90.63588228669677,3.7374955109085164,5.365835798547096,-1.762657006001973,OK,0.9370449185371399,heel,0.9999423027038574,0.9989288449287415,0.9441806077957153,0.9618451595306396,0.9370449185371399,0.9577075839042664,True,1.4815601995751266,-3.3333712488141565,-2.8400929434827233,1.4815601995751266,1.1142876755136453,False,-3.3333712488141565,-3.389865150270667,False,-2.8400929434827233,-2.698294750122729,False,3.7374955109085164,3.549305026261995,False,-1.762657006001973,-1.7434469506004102,False,False,36.614686534038476,True
216,12.093652963638306,left,left,174.8732176412974,5.126782358702599,174.83436621252966,-5.165633787470341,-5.080885244243596,90.39187175548577,3.98150604211952,5.60340265741513,-1.5250901471339375,OK,0.9373470544815063,heel,0.9999464154243469,0.9989457130432129,0.9439239501953125,0.9613329172134399,0.9373470544815063,0.9577192664146423,True,2.568442075431206,-2.861048062996442,-2.973074243442082,2.568442075431206,4.114435550860713,False,-2.861048062996442,-1.149146393974269,False,-2.973074243442082,-2.3675659109518605,False,3.98150604211952,4.630388210844392,False,-1.5250901471339375,-1.7343721769612823,False,False,53.132871029154636,True
217,12.150327682495117,left,left,169.1483553391528,10.8516446608472,179.5576055945861,0.44239440541389285,-3.39734154673229,88.20121471810015,6.17216307950514,5.2131234268011335,-1.9153693777479361,OK,0.9367144703865051,heel,0.9999491572380066,0.9988269805908203,0.9427415728569031,0.9590145945549011,0.9367144703865051,0.9558065533638,True,8.293304377575806,2.746980129887792,-1.2895305459307758,8.293304377575806,7.175177044769993,False,2.746980129887792,1.8256334618368761,False,-1.2895305459307758,-1.5036577189657614,False,6.17216307950514,5.7446703902868235,False,-1.9153693777479361,-1.8987845263194743,False,False,78.07526512920549,True
218,12.205535888671875,left,left,166.77787503542564,13.222124964574363,176.71361740585462,3.2863825941453797,-2.3561793683259404,87.29303574836948,7.08034204923581,4.872598750472528,-2.255894054076549,OK,0.9366946816444397,heel,0.9999518990516663,0.9987401366233826,0.9418774247169495,0.9574402570724487,0.9366946816444397,0.9547179937362671,True,10.66378468130297,5.590968318619279,-0.24836836752442615,10.66378468130297,11.944273310239039,False,5.590968318619279,6.755896347077987,False,-0.24836836752442615,0.03721174236126649,False,7.08034204923581,7.066208204405659,False,-2.255894054076549,-1.8406194988833515,False,False,113.4116248349664,True
219,12.263206005096436,left,left,160.56592884489027,19.434071155109734,170.374845131747,9.625154868252991,-0.45827686026251296,86.42725831312926,7.946119484476029,5.777897739723493,-1.3505950648255691,OK,0.9356244802474976,heel,0.9999489188194275,0.9986490607261658,0.9412870407104492,0.9565204381942749,0.9356244802474976,0.953288733959198,True,16.875730871838343,11.92974059272689,1.6495341405390014,16.875730871838343,19.840729800679256,False,11.92974059272689,14.47050068822837,False,1.6495341405390014,2.3248610326412322,False,7.946119484476029,8.858254996999548,False,-1.3505950648255691,-1.1631648519074436,False,False,161.2657690054929,True
220,12.32731318473816,left,left,145.45898586783215,34.541014132167845,156.41379257113496,23.586207428865038,3.4656063241076063,82.82507434031848,11.548303457286806,7.245487367728877,0.11699456317978729,OK,0.9341921210289001,heel,0.999940812587738,0.9986505508422852,0.9377233386039734,0.9546449780464172,0.9341921210289001,0.9509187936782837,True,31.982673848896454,25.890793153338937,5.573417324909121,31.982673848896454,31.569699883232644,False,25.890793153338937,25.359086808295498,False,5.573417324909121,5.079104409536858,False,11.548303457286806,11.507172209654831,False,0.11699456317978729,-0.21745472518084816,False,False,196.98467453179592,True
221,12.37990951538086,left,left,131.59096478776547,48.40903521223453,144.04785904565324,35.95214095434676,5.906550762360937,79.34628411040363,15.027093687201656,7.7097291306523275,0.5812363261032374,OK,0.9360995292663574,heel,0.9999426603317261,0.9987715482711792,0.9394229054450989,0.9563472270965576,0.9360995292663574,0.9527577757835388,True,45.85069492896314,38.256726678820655,8.014361763162452,45.85069492896314,44.161872499570904,False,38.256726678820655,37.61579226907528,False,8.014361763162452,8.015093835101803,False,15.027093687201656,13.405107043238312,False,0.5812363261032374,1.1560670223590914,False,False,195.19537492615413,True
222,12.435241222381592,left,left,122.78941099587547,57.21058900412453,133.60472874940766,46.395271250592344,8.349691416432321,80.73345381237881,13.639923985226474,9.89846298234333,2.7699701777942494,OK,0.9401125907897949,heel,0.999941885471344,0.9988660216331482,0.9435484409332275,0.959388256072998,0.9401125907897949,0.9558982253074646,True,54.65224872085314,48.69985697506624,10.457502417233837,54.65224872085314,55.00732264786787,False,48.69985697506624,48.20385700370988,False,10.457502417233837,10.403314876884954,False,13.639923985226474,15.37159208747695,False,2.7699701777942494,1.8351884335659747,False,False,156.2726435549346,True
223,12.493467330932617,left,left,112.92263542294128,67.07736457705872,124.64959836723116,55.350401632768836,10.630269449457057,76.92561920760257,17.44775859000272,9.282851601349503,2.1543587968004374,OK,0.9447903633117676,heel,0.9999461770057678,0.9989771842956543,0.9486048221588135,0.9631586670875549,0.9447903633117676,0.9599955677986145,True,64.51902429378733,57.65498735724273,12.738080450258572,64.51902429378733,61.32341573101704,False,57.65498735724273,55.18054922670007,False,12.738080450258572,12.301641938317907,False,17.44775859000272,15.788726017199338,False,2.1543587968004374,2.6557824254355276,False,False,103.61026139615365,True
224,12.552502155303955,left,left,112.64268553831793,67.35731446168207,123.11778237668264,56.88221762331736,11.601531946659797,78.09488232123647,16.278495476368818,10.17151110626096,3.0430183017118964,OK,0.9492368102073669,heel,0.9999488592147827,0.9990772604942322,0.9532548785209656,0.9665743112564087,0.9492368102073669,0.9636872410774231,True,64.79897417841067,59.186803347791255,13.709342947461312,64.79897417841067,66.38684769276718,False,59.186803347791255,60.88200833513127,False,13.709342947461312,13.870302016553708,False,16.278495476368818,16.621859336397947,False,3.0430183017118964,2.7532820377916685,False,False,67.19706349806991,True
225,12.610249996185303,left,left,107.59911511062505,72.40088488937495,116.50035142411409,63.499648575885914,13.055671651139727,78.23405385478299,16.1393239428223,10.190961819411754,3.062469014862671,OK,0.953529953956604,heel,0.9999490976333618,0.9991633892059326,0.9575883150100708,0.9696352481842041,0.953529953956604,0.9670044183731079,True,69.84254460610356,65.80423430035981,15.16348265194124,69.84254460610356,68.42712768220186,False,65.80423430035981,64.5815680852417,False,15.16348265194124,15.437332815704819,False,16.1393239428223,16.063978673509464,False,3.062469014862671,3.2189137391554823,False,False,55.99349890493044,True
226,12.670127391815186,left,left,106.80179545463729,73.19820454536271,113.55091911689985,66.44908088310015,15.331361846910392,78.59926119626802,15.77411660133727,10.679746705440966,3.5512539008918793,OK,0.9575062394142151,heel,0.9999514222145081,0.9992415904998779,0.9614909291267395,0.9723981618881226,0.9575062394142151,0.9699533581733704,True,70.63986426209132,68.75366660757405,17.439172847711905,70.63986426209132,71.61429366362374,False,68.75366660757405,69.14040948653015,False,17.439172847711905,17.02303782368003,False,15.77411660133727,15.906372396370633,False,3.5512539008918793,3.590549604402971,False,False,60.66854936704494,True
227,12.726942539215088,left,left,103.08118759405227,76.91881240594773,109.4412581728173,70.5587418271827,16.35864697058544,78.56770115265296,15.805676644952328,11.286418702003433,4.157925897454362,OK,0.9609981775283813,heel,0.9999513626098633,0.9993100166320801,0.9648212194442749,0.9747887253761292,0.9609981775283813,0.9724730253219604,True,74.36047212267634,72.8633275516566,18.466457971386955,74.36047212267634,75.785808967743,False,72.8633275516566,74.07674200732652,False,18.466457971386955,18.618694270265692,False,15.805676644952328,16.04989112357106,False,4.157925897454362,4.277870107111075,False,False,70.2581152218231,True
228,12.7819344997406,left,left,95.0845691982673,84.9154308017327,101.69135386172498,78.30864613827502,17.8426409908967,77.8034976731817,16.56988012442359,12.252923327536056,5.124430522986984,OK,0.9641707539558411,heel,0.9999485611915588,0.9993708729743958,0.9675947427749634,0.9767910838127136,0.9641707539558411,0.9746603965759277,True,82.3570905184613,80.61323186274892,19.950451991698216,82.3570905184613,79.91817262694481,False,80.61323186274892,78.58671598463171,False,19.950451991698216,20.063821891101625,False,16.56988012442359,16.588259556591662,False,5.124430522986984,4.807018976823059,False,False,66.39110522388349,True
229,12.84104299545288,left,left,94.40470447703183,85.59529552296817,100.02099718498431,79.97900281501569,19.666744709418186,76.98415589720622,17.389221900399065,12.267193314576906,5.138700510027832,OK,0.9673333764076233,heel,0.9999493360519409,0.9994300007820129,0.9703528881072998,0.9788464903831482,0.9673333764076233,0.9769002199172974,True,83.03695523969678,82.28358853948959,21.7745557102197,83.03695523969678,84.08286680308213,False,82.28358853948959,82.99745611255054,False,21.7745557102197,21.456206287682814,False,17.389221900399065,17.434088453988256,False,5.138700510027832,5.107528524226126,False,False,51.82504691229685,True
230,12.893997192382812,left,left,90.58710506564033,89.41289493435967,96.2090377890608,83.7909622109392,20.535800160329014,76.03021446046317,18.343163337142116,12.187947344212636,5.059454539663562,OK,0.9699476957321167,heel,0.999947190284729,0.999479353427887,0.9725401997566223,0.9805189371109009,0.9699476957321167,0.9786824584007263,True,86.85455465108828,86.0955479354131,22.64361116113053,86.85455465108828,85.95973214336749,False,86.0955479354131,85.60079848923793,False,22.64361116113053,22.660068527178737,False,18.343163337142116,17.71052438367127,False,5.059454539663562,5.308477797637001,False,False,33.35111897306868,True
231,12.960729360580444,left,left,89.45397317741121,90.54602682258879,93.88132673166278,86.11867326833722,21.454227709384472,76.97418988413266,17.39918791347263,12.85577114776868,5.727278343219609,OK,0.9723460674285889,heel,0.9999454617500305,0.9995226860046387,0.9744883179664612,0.9820494651794434,0.9723460674285889,0.9803268909454346,True,87.9876865393174,88.42325899281111,23.562038710185988,87.9876865393174,87.59438823117739,False,88.42325899281111,87.82385671561018,False,23.562038710185988,23.479232296734512,False,17.39918791347263,17.59119788038898,False,5.727278343219609,5.658565931912733,False,False,18.682206555939114,True
232,13.017672538757324,left,left,89.50073621360208,90.49926378639792,93.35182250586759,86.64817749413241,22.124236018085515,77.34213540705309,17.031242390552194,13.317457717404107,6.1889649128550275,OK,0.974355936050415,heel,0.9999407529830933,0.9995596408843994,0.9760358929634094,0.9833199977874756,0.974355936050415,0.9816775321960449,True,87.94092350312653,88.95276321860631,24.23204701888703,87.94092350312653,88.24721375475322,False,88.95276321860631,89.12473887325827,False,24.23204701888703,24.17566821828123,False,17.031242390552194,17.026626324489524,False,6.1889649128550275,6.271516775286623,False,False,10.463154731733644,True
233,13.086496829986572,left,left,88.62862849491286,91.37137150508714,92.30639131611647,87.69360868388353,22.62510792496915,77.72392912816154,16.649448669443743,14.026799874334303,6.898307069785233,OK,0.976067304611206,heel,0.9999337196350098,0.9995905160903931,0.9771213531494141,0.984201967716217,0.976067304611206,0.9826102256774902,True,88.81303122181575,89.99819440835742,24.732918925770665,88.81303122181575,88.50696998872276,False,89.99819440835742,89.8641816829297,False,24.732918925770665,24.819782853571798,False,16.649448669443743,16.18292760755607,False,6.898307069785233,7.27964355180877,False,False,4.493925358927631,True
234,13.136876821517944,left,left,88.67470447550258,91.32529552449742,91.66299830264855,88.33700169735145,23.386571615256177,79.50528603493301,14.868091762672279,15.880151477335131,8.75165867278605,OK,0.9774535894393921,heel,0.999921977519989,0.9996001720428467,0.9779901504516602,0.985019326210022,0.9774535894393921,0.9833815097808838,True,88.76695524122603,90.64158742182535,25.494382616057692,88.76695524122603,88.88631206798163,False,90.64158742182535,90.64062807008797,False,25.494382616057692,25.30273949742975,False,14.868091762672279,15.326117564785259,False,8.75165867278605,8.222305930538122,False,False,-1.4020426972606497,True
235,13.18555760383606,left,left,88.36270997582551,91.63729002417449,91.02248334439278,88.97751665560722,23.573105949659382,79.91256553536553,14.460812262239756,16.14544485359217,9.016952049043084,OK,0.9784461259841919,heel,0.9999078512191772,0.9995988011360168,0.9784898161888123,0.9855657815933228,0.9784461259841919,0.9838161468505859,True,89.0789497409031,91.28210238008111,25.680916950460897,89.0789497409031,88.48969815546745,False,91.28210238008111,90.0982423424349,False,25.680916950460897,25.187040161392854,False,14.460812262239756,14.294734298350216,False,9.016952049043084,9.28376167607514,False,False,-19.777975324257614,True
236,13.2436363697052,left,left,89.81847023245541,90.18152976754459,93.93354849907566,86.06645150092434,22.278009916858462,80.81807892746667,13.555298870138614,17.211167110945365,10.082674306396285,OK,0.9795854091644287,heel,0.9999029636383057,0.9996225237846375,0.9796468019485474,0.9865042567253113,0.9795854091644287,0.9848775267601013,True,87.6231894842732,88.37103722539824,24.385820917659977,87.6231894842732,87.81806584290739,False,88.37103722539824,88.77481539849175,False,24.385820917659977,24.58245158248207,False,13.555298870138614,13.570741367128301,False,10.082674306396285,10.054960659769364,False,False,-43.012195389419624,True
237,13.290477752685547,left,left,90.68960141318273,89.31039858681727,95.63327913447797,84.36672086552203,21.572805878523823,81.67726482859875,12.696112969006535,18.193748428417813,11.065255623868723,OK,0.9805969595909119,heel,0.9998986721038818,0.99964439868927,0.9807004332542419,0.9873402714729309,0.9805969595909119,0.9858126640319824,True,86.75205830354588,86.67130658999592,23.68061687932534,86.75205830354588,84.09289221155234,False,86.67130658999592,84.43399158662372,False,23.68061687932534,23.790193231702034,False,12.696112969006535,13.292694717438664,False,11.065255623868723,10.15639913919197,False,False,-66.06589866866027,True
238,13.353074550628662,left,left,99.53823086989064,80.46176913010936,104.04495477999691,75.95504522000309,21.196330897319278,80.74670548443444,13.626672313170843,16.449760291859985,9.321267487310905,OK,0.9813116788864136,heel,0.9998967051506042,0.9996655583381653,0.9818524122238159,0.9880504012107849,0.9813116788864136,0.9865584373474121,True,77.90342884683797,78.25963094447698,23.304141898120793,77.90342884683797,80.48675831451015,False,78.25963094447698,80.7079715864473,False,23.304141898120793,23.15355564634657,False,13.626672313170843,13.532791630779954,False,9.321267487310905,9.399550743629428,False,False,-101.25968571967978,True
239,13.410996198654175,left,left,100.63687192358199,79.36312807641801,105.11160849960487,74.88839150039513,20.368097160792068,80.0977881874428,14.275589610162484,14.940621924257734,7.812129119708658,OK,0.9822759032249451,heel,0.9998990297317505,0.999688446521759,0.9828842282295227,0.9887141585350037,0.9822759032249451,0.9873195886611938,True,76.80478779314662,77.19297722486903,22.475908161593583,76.80478779314662,74.77937585200998,False,77.19297722486903,74.78426526497746,False,22.475908161593583,21.96326505582636,False,14.275589610162484,14.170830022783269,False,7.812129119708658,7.787545620075586,False,False,-153.76378391465641,True
240,13.459657907485962,left,left,107.81174880068326,72.18825119931674,113.40439809888753,66.59560190111247,18.001934106963194,79.76314965258881,14.610228145016478,13.357733057756272,6.229240253207195,OK,0.9831624031066895,heel,0.9998951554298401,0.999706506729126,0.9839193820953369,0.9894090294837952,0.9831624031066895,0.9880443215370178,True,69.62991091604535,68.90018762558637,20.10974510776471,69.62991091604535,64.94934043666473,False,68.90018762558637,65.47648622877728,False,20.10974510776471,19.94979303014706,False,14.610228145016478,12.94381130026999,False,6.229240253207195,6.478835937764501,False,False,-208.21815650501375,True
241,13.509843111038208,left,left,129.02833711592638,50.97166288407362,131.96829188859746,48.03170811140254,15.155914820281374,84.42776165197428,9.945616145631007,12.523631244926715,5.39513844037765,OK,0.9826020002365112,heel,0.9998999238014221,0.9997187852859497,0.984417200088501,0.9894963502883911,0.9826020002365112,0.9873982667922974,True,48.41332260080223,50.33629383587643,17.26372582108289,48.41332260080223,52.19668322397587,False,50.33629383587643,54.032446815442604,False,17.26372582108289,17.64713812528718,False,9.945616145631007,10.134051927957211,False,5.39513844037765,5.677322605863206,False,False,-216.54680102782223,True
242,13.558789014816284,left,left,138.8948435616486,41.1051564383514,139.44372673960888,40.55627326039112,13.460132446212429,88.52706630438114,5.84631149322415,12.536081928553843,5.407589124004772,OK,0.9828351140022278,heel,0.9998974800109863,0.9997338056564331,0.9848546385765076,0.9899166822433472,0.9828351140022278,0.9877603650093079,True,38.54681615508001,42.86085898486502,15.567943447013942,38.54681615508001,40.907770629649924,False,42.86085898486502,43.66735264664809,False,15.567943447013942,15.321393034435255,False,5.84631149322415,6.623490330482521,False,5.407589124004772,5.938320686954531,False,False,-180.8356739166195,True
243,13.60930585861206,left,left,141.67848658366108,38.32151341633892,144.49968060527107,35.50031939472893,11.02469883440742,90.29483444501288,4.078543352592405,14.140727301030257,7.01223449648117,OK,0.9829149842262268,heel,0.9998983144760132,0.999740719795227,0.9854758977890015,0.9903439879417419,0.9829149842262268,0.9878256916999817,True,35.763173133067525,37.80490511920283,13.132509835208936,35.763173133067525,34.48044025793406,False,37.80490511920283,36.96887093206075,False,13.132509835208936,13.034652836150785,False,4.078543352592405,4.569851675461838,False,7.01223449648117,5.976370486562227,False,False,-160.39684731609236,True
244,13.665060997009277,left,left,148.31032823107395,31.689671768926047,152.06373703235948,27.936262967640516,8.295694225427965,90.58867761703632,3.7847001805689615,12.63778064374982,5.509287839200738,OK,0.9812629818916321,heel,0.9999029040336609,0.9997450709342957,0.9852017164230347,0.989747941493988,0.9812629818916321,0.9859387278556824,True,29.131331485654655,30.240848692114415,10.40350522622948,29.131331485654655,28.17326235380585,False,30.240848692114415,29.052158034555287,False,10.40350522622948,9.867203348747635,False,3.7847001805689615,2.954531219363872,False,5.509287839200738,6.0337764486343035,False,False,-162.7238967352948,True
245,13.702836751937866,left,left,157.81637727403324,22.183622725966757,163.19386543212528,16.80613456787472,3.957783984002973,93.37302767267504,1.0003501249302502,12.708299814770081,5.579807010221003,OK,0.9768518209457397,heel,0.999904990196228,0.9997004866600037,0.983306348323822,0.9880383014678955,0.9768518209457397,0.9827477335929871,True,19.625282442695365,19.11072029234862,6.065594984804488,19.625282442695365,19.60409875051823,False,19.11072029234862,19.907708976847882,False,6.065594984804488,6.5596261896830415,False,1.0003501249302502,0.8601627676494038,False,5.579807010221003,5.395853195703988,False,False,-161.26602233756137,True
246,13.758822202682495,left,left,167.38597739352394,12.614022606476055,171.9330277783933,8.066972221606704,1.1019673572136433,96.57793980015629,-2.2045620025510004,12.226957542239289,5.098464737690222,OK,0.9705711603164673,heel,0.9999083280563354,0.9996688961982727,0.9809457063674927,0.9865782856941223,0.9705711603164673,0.9804832339286804,True,10.055682323204662,10.371557946080603,3.2097783580151575,10.055682323204662,12.477702358214833,False,10.371557946080603,12.251912299894803,False,3.2097783580151575,3.736178558232073,False,-2.2045620025510004,-0.8468516186553406,False,5.098464737690222,4.8088202352074445,False,False,-131.1766340064694,True
247,13.816675901412964,left,left,169.68951740798414,10.310482592015859,175.03112706321872,4.968872936781281,-0.1746486689249406,95.70972077595056,-1.3363429783452716,10.876681762260189,3.7481889577111076,OK,0.9665078520774841,heel,0.9999148845672607,0.9996575713157654,0.9784618616104126,0.9850209951400757,0.9665078520774841,0.9788756370544434,True,7.752142308744466,7.27345866125518,1.9331623318765736,7.752142308744466,6.423858321496173,False,7.27345866125518,6.491413268321114,False,1.9331623318765736,1.9767108491739052,False,-1.3363429783452716,-1.1891114606865993,False,3.7481889577111076,3.0982673630355557,False,False,-94.5532614030501,True
248,13.874272346496582,left,left,175.97790938418922,4.022090615810782,179.52463747315366,-0.4753625268463395,-1.3206191431715295,94.39980719876881,-0.026429401163525768,7.576641198254423,0.4481483937053383,OK,0.9627304077148438,heel,0.9999191164970398,0.9995977282524109,0.9743301868438721,0.9828945994377136,0.9627304077148438,0.9764307737350464,True,1.4637503325393895,1.8292231976275595,0.7871918576299848,1.4637503325393895,2.005552107455821,False,1.8292231976275595,2.3231459136193977,False,0.7871918576299848,0.9108113274558033,False,-0.026429401163525768,-0.7251866188524522,False,0.4481483937053383,1.3184041401446696,False,False,-73.33548255372769,True
249,13.920797109603882,left,left,179.359103964355,-0.6408960356449995,175.56217015750155,-4.437829842498445,-2.0957312079406627,95.18616527465385,-0.812787477048559,6.8873678735666335,-0.24112493098243704,OK,0.9578989148139954,heel,0.9999218583106995,0.9994932413101196,0.9677777290344238,0.9795917272567749,0.9578989148139954,0.9731374382972717,True,-3.1992363189163924,-2.133244118024546,0.01207979286085159,-3.1992363189163924,-1.5762339355497244,False,-2.133244118024546,-0.867987748087914,False,0.01207979286085159,0.22199537824017698,False,-0.812787477048559,-0.5113574715048989,False,-0.24112493098243704,0.02510666228326386,False,False,-47.041347865405726,True
250,13.969102144241333,left,left,179.56512446299922,-0.43487553700077797,175.39547195165935,-4.604528048340654,-2.2410965165718197,95.0682333339079,-0.6948555363026117,6.99678932867597,-0.1317034758731097,OK,0.9552956223487854,heel,0.9999232888221741,0.999387264251709,0.9633544087409973,0.9779439568519592,0.9552956223487854,0.9718455672264099,True,-2.993215820272171,-2.2999423238667553,-0.13328551577030545,-2.993215820272171,-2.8839494468592917,False,-2.2999423238667553,-2.4231297050257736,False,-0.13328551577030545,-0.2838872378034692,False,-0.6948555363026117,-0.4516126723694451,False,-0.1317034758731097,-0.2930943072675518,False,False,-19.008763941090475,True
251,14.016787767410278,left,left,179.90105591811792,0.09894408188208104,174.85921160234008,-5.140788397659918,-2.838266991302468,94.22057280136245,0.1528049962428355,6.622038289601957,-0.5064545149471087,OK,0.95196533203125,heel,0.9999251365661621,0.9992823600769043,0.9602587223052979,0.9757860898971558,0.95196533203125,0.9697412252426147,True,-2.459396201389312,-2.836202673186019,-0.7304559905009538,-2.459396201389312,-2.7241667483723275,False,-2.836202673186019,-2.75882097766963,False,-0.7304559905009538,-0.6103651907889941,False,0.1528049962428355,0.05182418932249296,False,-0.5064545149471087,-0.6275351508142061,False,False,1.7751476982951868,True
252,14.06614351272583,left,left,179.8384520598159,-0.16154794018410712,174.55509633956999,-5.444903660430015,-3.0751650668972372,93.67585468957803,0.697523108027255,5.884045342926682,-1.2444474616224,OK,0.9482250213623047,heel,0.9999281167984009,0.9990851879119873,0.9567316770553589,0.9728859066963196,0.9482250213623047,0.9668198823928833,True,-2.7198882234555,-3.1403179359561157,-0.9673540660957229,-2.7198882234555,-2.1687469950737714,False,-3.1403179359561157,-2.9824197906077514,False,-0.9673540660957229,-1.0465008865021355,False,0.697523108027255,0.8621357705228453,False,-1.2444474616224,-1.0949638614910195,False,False,8.414734637167907,True
253,14.118036270141602,left,left,178.7686162771051,1.2313837228948898,174.72467551284498,-5.275324487155018,-3.549503603711244,92.63729859030684,1.7360792072984452,5.594503196645534,-1.5339896079035498,OK,0.9426876306533813,heel,0.9999299049377441,0.9989095330238342,0.9512039422988892,0.9684358835220337,0.9426876306533813,0.9624821543693542,True,-1.326956560376503,-2.970738762681119,-1.44169260290973,-1.326956560376503,-1.7337622832837536,False,-2.970738762681119,-3.029588742505966,False,-1.44169260290973,-1.3014363084965253,False,1.7360792072984452,1.4800029185805101,False,-1.5339896079035498,-1.4856127678548414,False,False,7.41771912330874,True
254,14.167534351348877,left,left,178.59610178274787,1.4038982172521344,174.71770474664544,-5.282295253354562,-3.603073257285637,92.36697135718946,2.00640644041583,5.450091570510514,-1.6784012340385743,OK,0.938341498374939,heel,0.9999309182167053,0.998715341091156,0.9467729926109314,0.9650824069976807,0.938341498374939,0.9592461585998535,True,-1.1544420660192585,-2.9777095288806628,-1.4952622564841227,-1.1544420660192585,-1.3407173697403572,False,-2.9777095288806628,-3.330392323394502,False,-1.4952622564841227,-1.6271839763172455,False,2.00640644041583,2.123546363117228,False,-1.6784012340385743,-1.7610553857803382,False,False,4.787543196502417,True
255,14.213836908340454,left,left,178.98241319955392,1.0175868004460824,173.65268559690438,-6.3473144030956234,-4.052408070359399,91.74522435596788,2.6281534416374086,5.057717489150192,-2.0707753153988904,OK,0.9353054761886597,heel,0.9999336004257202,0.9985675811767578,0.9423768520355225,0.9619900584220886,0.9353054761886597,0.9564056992530823,True,-1.5407534828253104,-4.0427286786217245,-1.9445970695578847,-1.5407534828253104,-1.3044092682939155,False,-4.0427286786217245,-3.66625410037042,False,-1.9445970695578847,-1.7956370434351914,False,2.6281534416374086,2.5660349572481826,False,-2.0707753153988904,-1.9998271686068942,False,False,3.8921484667273085,True
256,14.282667398452759,left,left,178.65969197276578,1.3403080272342152,173.71709018191723,-6.282909818082771,-4.05486280506508,91.30983280791398,3.0635449896913087,4.8781878481658705,-2.250304956383218,OK,0.9326801896095276,heel,0.9999362826347351,0.9983895421028137,0.9378518462181091,0.9587812423706055,0.9326801896095276,0.9532070159912109,True,-1.2180322560371777,-3.9783240936088724,-1.947051804263566,-1.2180322560371777,-1.0486196725934618,False,-3.9783240936088724,-3.685306821730465,False,-1.947051804263566,-1.8540946722665028,False,3.0635449896913087,2.8833849207011704,False,-2.250304956383218,-2.1007924438306893,False,False,4.703196504042196,True
257,14.345401287078857,left,left,177.8287329956465,2.1712670043534956,174.6605465825653,-5.339453417434697,-3.778446143779572,91.41492146683049,2.958456330774794,5.147195744839122,-1.9812970597099593,OK,0.9284852743148804,heel,0.9999369978904724,0.9981555342674255,0.93514084815979,0.9560874700546265,0.9284852743148804,0.9501245617866516,True,-0.3870732789178972,-3.0348676929607983,-1.6706351429780577,-0.3870732789178972,-0.6051781196603433,False,-3.0348676929607983,-3.2702250645813122,False,-1.6706351429780577,-1.729071314891592,False,2.958456330774794,3.072289909721723,False,-1.9812970597099593,-2.136314279692357,False,False,5.457909461149161,True
258,14.408025026321411,left,left,177.65208854075456,2.347911459245438,174.89793086835184,-5.102069131648165,-3.6773379982346657,91.17850938890622,3.1948684086990653,4.951151981565194,-2.1773408229838935,OK,0.925289511680603,heel,0.9999396800994873,0.9980746507644653,0.9303719997406006,0.9522970914840698,0.925289511680603,0.9464030861854553,True,-0.21042882402595486,-2.7974834071742656,-1.5695269974331514,-0.21042882402595486,-0.2116247398209968,False,-2.7974834071742656,-2.793835393883196,False,-1.5695269974331514,-1.568847796339309,False,3.1948684086990653,3.12618388010227,False,-2.1773408229838935,-2.1128210223793835,False,False,4.851656827853426,True
259,14.46632695198059,left,left,177.47903183324775,2.5209681667522545,175.14625919401158,-4.853740805988423,-3.5741922494082323,91.14815089677234,3.2252269008329506,4.948667620104777,-2.1798251844442973,OK,0.9207930564880371,heel,0.9999373555183411,0.9979783296585083,0.9257434606552124,0.9484241604804993,0.9207930564880371,0.9434391856193542,True,-0.0373721165191383,-2.549155081514524,-1.466381248606718,-0.0373721165191383,-0.07680276895272338,False,-2.549155081514524,-2.6704334396033915,False,-1.466381248606718,-1.5711556143511924,False,3.2252269008329506,3.320952960539865,False,-2.1798251844442973,-2.298477904240381,False,False,4.592005056513094,True
260,14.524287462234497,left,left,177.42426708304168,2.575732916958316,175.03075244540472,-4.9692475545952846,-3.7853695978152224,90.8306142255177,3.54276357208758,4.590225099256113,-2.5382677052929523,OK,0.9185954332351685,heel,0.9999386072158813,0.9979737997055054,0.9244519472122192,0.9449969530105591,0.9185954332351685,0.9402577877044678,True,0.01739263368692301,-2.6646618301213856,-1.6775585970137081,0.01739263368692301,0.21197677780721694,False,-2.6646618301213856,-2.695433942522609,False,-1.6775585970137081,-1.8114673953894112,False,3.54276357208758,3.301486961768186,False,-2.5382677052929523,-2.205543636827779,False,False,5.32066987261107,True
261,14.576043367385864,left,left,176.78574990047474,3.214250099525259,174.82292935959418,-5.177070640405816,-4.398273341349321,91.23690738522126,3.1364704123840284,5.229954783803,-1.8985380207460878,OK,0.9188467860221863,heel,0.999939501285553,0.9979544878005981,0.9270696640014648,0.9428462386131287,0.9188467860221863,0.9369058609008789,True,0.6559098162538661,-2.872484915931917,-2.2904623405478066,0.6559098162538661,0.5594731684824349,False,-2.872484915931917,-2.796554179705089,False,-2.2904623405478066,-2.157063223124403,False,3.1364704123840284,3.2634235945437573,False,-1.8985380207460878,-2.0644594694806435,False,False,6.1561415812703215,True
262,14.620059490203857,left,left,176.4365426612221,3.5634573387779085,174.84289848246414,-5.157101517535864,-4.610979732613208,91.26234099844562,3.1110367991596632,5.371920122146197,-1.75657268240289,OK,0.9184924960136414,heel,0.9999406337738037,0.997934877872467,0.9290251731872559,0.9406701326370239,0.9184924960136414,0.9338844418525696,True,1.0051170555065156,-2.852515793061965,-2.5031687318116935,1.0051170555065156,0.8305134358801909,False,-2.852515793061965,-2.862500354496941,False,-2.5031687318116935,-2.39681553617975,False,3.1110367991596632,3.123753605771846,False,-1.75657268240289,-1.827555351574489,False,False,6.285606149234051,True
