frame,time_s,side,facing_direction,knee_internal_angle_deg,knee_flexion_deg,hip_internal_angle_deg,hip_flexion_deg,trunk_flexion_deg,ankle_internal_angle_deg,ankle_dorsiflexion_deg,foot_inclination_deg,foot_inclination_relative_deg,visibility,visibility_min,lowest_visibility_marker,shoulder_visibility,hip_visibility,knee_visibility,ankle_visibility,heel_visibility,foot_index_visibility,quality_valid,knee_flexion_relative_deg,hip_flexion_relative_deg,trunk_flexion_relative_deg,knee_flexion_interpolated_deg,knee_flexion_filtered_deg,knee_flexion_was_interpolated,hip_flexion_interpolated_deg,hip_flexion_filtered_deg,hip_flexion_was_interpolated,trunk_flexion_interpolated_deg,trunk_flexion_filtered_deg,trunk_flexion_was_interpolated,ankle_dorsiflexion_interpolated_deg,ankle_dorsiflexion_filtered_deg,ankle_dorsiflexion_was_interpolated,foot_inclination_interpolated_deg,foot_inclination_filtered_deg,foot_inclination_was_interpolated,any_signal_was_interpolated,knee_angular_velocity_deg_s,signal_processing_valid
0,0.0,left,left,178.04083089548607,1.9591691045139328,177.74034984355717,-2.259650156442831,-2.687784705086976,87.29660856417998,2.9860986112682326,-1.1723568799502198,-3.0161353580199375,OK,0.8676906228065491,foot_index,0.9999960660934448,0.9989389777183533,0.9202548265457153,0.8859126567840576,0.8716710805892944,0.8676906228065491,True,0.009825176691523607,0.3556126020873185,0.315750678644084,0.009825176691523607,-0.25716328163409935,False,0.3556126020873185,0.19395120787703402,False,0.315750678644084,0.28498330763506025,False,2.9860986112682326,1.8164635182697044,False,-3.0161353580199375,-1.9825947001457773,False,False,-1.7032561078730761,True
1,0.04768538475036621,left,left,178.34207612316698,1.6579238768330242,177.55930794124225,-2.4406920587577474,-2.72246296484524,88.18169674946694,2.101010425981272,-0.4421502797875313,-2.285928757857249,OK,0.8721058368682861,foot_index,0.9999961256980896,0.9989613890647888,0.9242093563079834,0.8901501893997192,0.8768822550773621,0.8721058368682861,True,-0.29142005098938495,0.17457069977240192,0.28107241888582024,-0.29142005098938495,-0.3405851584389741,False,0.17457069977240192,0.14108202194912334,False,0.28107241888582024,0.2756324462503724,False,2.101010425981272,1.2494277048926392,False,-2.285928757857249,-1.455462439030363,False,False,-1.8244920878543716,True
2,0.103363037109375,left,left,178.54055104278203,1.4594489572179725,177.43640756324123,-2.5635924367587677,-2.7454085583557837,89.9204256578886,0.3622815175596088,1.1980584935095706,-0.6457199845601451,OK,0.8708906173706055,foot_index,0.9999960064888,0.9989691376686096,0.9238086938858032,0.8892351984977722,0.8755290508270264,0.8708906173706055,True,-0.48989497060443665,0.051670321771381644,0.2581268253752764,-0.48989497060443665,-0.40111719246299093,False,0.051670321771381644,0.1036311281776241,False,0.2581268253752764,0.2702889738455405,False,0.3622815175596088,0.9382431555731984,False,-0.6457199845601451,-1.17270250236827,False,False,-1.690856822447384,True
3,0.15496563911437988,left,left,178.6415068610312,1.3584931389688109,177.36721170563524,-2.632788294364758,-2.755955521634751,90.73438691068677,-0.45167973523855665,1.9697128223855935,0.1259343443158798,OK,0.8697748780250549,foot_index,0.9999958276748657,0.9989733695983887,0.9237251281738281,0.8884972333908081,0.8744845390319824,0.8697748780250549,True,-0.5908507888535983,-0.017525535834608696,0.247579862096309,-0.5908507888535983,-0.539670007376859,False,-0.017525535834608696,0.019382751203266047,False,0.247579862096309,0.2574777651024959,False,-0.45167973523855665,0.2936068795471584,False,0.1259343443158798,-0.5951818730247851,False,False,-1.4279872060067542,True
4,0.21544551849365234,left,left,178.69390140073665,1.3060985992633505,177.33856479456148,-2.661435205438522,-2.754620299504847,90.58920221715277,-0.3064950417045651,1.802115722349817,-0.04166275571989786,OK,0.8731410503387451,foot_index,0.999995768070221,0.9989814162254333,0.9273197650909424,0.8919576406478882,0.8781519532203674,0.8731410503387451,True,-0.6432453285590587,-0.046172446908372855,0.2489150842262129,-0.6432453285590587,-0.6367969840571082,False,-0.046172446908372855,-0.05114193811939547,False,0.2489150842262129,0.2268037748688771,False,-0.3064950417045651,-0.009989757633550766,False,-0.04166275571989786,-0.34886151343528127,False,False,-1.1717815298975753,True
5,0.2743499279022217,left,left,178.7335949700554,1.2664050299445933,177.31910795868538,-2.680892041314621,-2.751840748802199,90.51978994431018,-0.237082768861967,1.7152462667672066,-0.12853221130251313,OK,0.8759276270866394,foot_index,0.9999957084655762,0.9989858865737915,0.9303568601608276,0.8948348164558411,0.8812375664710999,0.8759276270866394,True,-0.6829388978778159,-0.06562928278447178,0.2516946349288611,-0.6829388978778159,-0.6791142242516603,False,-0.06562928278447178,-0.10652449220351148,False,0.2516946349288611,0.19580217835911115,False,-0.237082768861967,-0.04577380263171449,False,-0.12853221130251313,-0.33101375105732134,False,False,-0.7846038750456682,True
6,0.31436657905578613,left,left,178.82771100656822,1.1722889934317777,177.20668449462895,-2.793315505371055,-2.875832916013334,89.69967993537048,0.5830272400777261,0.7894515181599753,-1.05432695990973,OK,0.8727798461914062,foot_index,0.9999957084655762,0.9989749789237976,0.9285773634910583,0.8918660879135132,0.8783798813819885,0.8727798461914062,True,-0.7770549343906314,-0.17805274684090566,0.1277024677177261,-0.7770549343906314,-0.6888220067784492,False,-0.17805274684090566,-0.15293621216832295,False,0.1277024677177261,0.16364018136064837,False,0.5830272400777261,0.020676196024402314,False,-1.05432695990973,-0.3929218092738779,False,False,-0.32925295811169075,True
7,0.37578868865966797,left,left,178.7521372437548,1.2478627562452118,177.15949479282065,-2.8405052071793477,-2.9004165409046134,90.09934588287942,0.1833612925687902,1.2872973053993757,-0.5564811726703454,OK,0.8730477094650269,foot_index,0.999995768070221,0.9989557266235352,0.9286048412322998,0.892134964466095,0.8783584833145142,0.8730477094650269,True,-0.7014811715771974,-0.2252424486491984,0.10311884282644668,-0.7014811715771974,-0.6913111041929573,False,-0.2252424486491984,-0.2082581925229258,False,0.10311884282644668,0.11178185321485774,False,0.1833612925687902,0.08226961982548175,False,-0.5564811726703454,-0.4535406782806547,False,False,-0.14391918391157787,True
8,0.4240281581878662,left,left,178.69004577366513,1.3099542263348667,177.13515310581118,-2.8648468941888154,-2.916765506627065,90.40213691740618,-0.11942974195797262,1.660172531302822,-0.18360594676690312,OK,0.8727135062217712,foot_index,0.999995768070221,0.9989389777183533,0.9282107353210449,0.8918127417564392,0.8777114748954773,0.8727135062217712,True,-0.6393897014875425,-0.2495841356586661,0.08676987710399509,-0.6393897014875425,-0.6881006600448959,False,-0.2495841356586661,-0.2686699622132446,False,0.08676987710399509,0.04442017451395719,False,-0.11942974195797262,0.14161314985802848,False,-0.18360594676690312,-0.5166236731757238,False,False,-0.16962738926753892,True
9,0.4743680953979492,left,left,178.7063468878092,1.2936531121908104,177.06195489278846,-2.9380451072115363,-3.0139119402338004,90.28123509814738,0.0014720773008320975,1.4990213773159307,-0.34475710075378174,OK,0.869973361492157,foot_index,0.9999957084655762,0.9989445209503174,0.9244228005409241,0.8888925909996033,0.8715851306915283,0.869973361492157,True,-0.6556908156315988,-0.322782348681387,-0.010376556502740275,-0.6556908156315988,-0.6824870058237115,False,-0.322782348681387,-0.3188485810806364,False,-0.010376556502740275,-0.0018381277338100689,False,0.0014720773008320975,0.013221579991980547,False,-0.34475710075378174,-0.3786981324688611,False,False,-0.2027079986453204,True
10,0.5178530216217041,left,left,178.7175427493151,1.2824572506848995,177.01704911023378,-2.982950889766215,-3.0886491423067017,90.22307229414744,0.05963488130076655,1.399831292291852,-0.4439471857778585,OK,0.8669918775558472,heel,0.9999956488609314,0.9989500641822815,0.9215031862258911,0.8868016600608826,0.8669918775558472,0.8680248260498047,True,-0.6668866771375097,-0.3676881312360658,-0.08511375857564163,-0.6668866771375097,-0.7052883788898132,False,-0.3676881312360658,-0.3721499631827223,False,-0.08511375857564163,-0.04710225804424528,False,0.05963488130076655,-0.05699553157071193,False,-0.4439471857778585,-0.3232451421806218,False,False,-0.18637732718055897,True
11,0.564500093460083,left,left,178.7996427354623,1.2003572645377005,176.955791400292,-3.044208599708014,-3.1071244272521703,90.34163778470072,-0.05893060925251348,1.4790792216943052,-0.3646992563754168,OK,0.8681057095527649,heel,0.9999957084655762,0.9989470839500427,0.9209614396095276,0.8882131576538086,0.8681057095527649,0.8697434663772583,True,-0.7489866632847086,-0.42894584117786483,-0.1035890435211102,-0.7489866632847086,-0.7335441225416479,False,-0.42894584117786483,-0.39785792689890603,False,-0.1035890435211102,-0.07705072323793286,False,-0.05893060925251348,0.01609492088579998,False,-0.3646992563754168,-0.4288318397664739,False,False,-0.1412336672702434,True
12,0.6088166236877441,left,left,178.8661441090853,1.1338558909147025,176.89298788231022,-3.107012117689777,-3.1267371924567895,90.45043144069288,-0.1677242652446722,1.564562256840575,-0.2792162212291487,OK,0.8687920570373535,heel,0.999995768070221,0.9989425539970398,0.9202205538749695,0.8892233371734619,0.8687920570373535,0.8710681200027466,True,-0.8154880369077067,-0.4917493591596278,-0.12320180872572939,-0.8154880369077067,-0.7364110355671674,False,-0.4917493591596278,-0.40672592569215543,False,-0.12320180872572939,-0.09506510180718548,False,-0.1677242652446722,0.049947890656864044,False,-0.2792162212291487,-0.47469810233906173,False,False,-0.02360466440157758,True
13,0.6473755836486816,left,left,178.8313244919243,1.1686755080756939,177.00661328723027,-2.993386712769734,-3.066507832595503,90.03668465512362,0.24602252032458694,1.1322390433735658,-0.7115394346961637,OK,0.8710046410560608,heel,0.999995768070221,0.9989340901374817,0.9204840064048767,0.8910593390464783,0.8710046410560608,0.8733034729957581,True,-0.7806684197467153,-0.37812395423958467,-0.06297244886444275,-0.7806684197467153,-0.726950279667543,False,-0.37812395423958467,-0.40856550356724686,False,-0.06297244886444275,-0.10420980804224911,False,0.24602252032458694,0.04399630000691559,False,-0.7115394346961637,-0.4665908841494627,False,False,0.1843399591917912,True
14,0.6952717304229736,left,left,178.7206814529368,1.2793185470632125,177.01761489882222,-2.9823851011777833,-3.1039838330800635,90.11197024929206,0.17073692615615244,1.2696900644530018,-0.574088413616721,OK,0.8729334473609924,heel,0.9999956488609314,0.9989163875579834,0.9217043519020081,0.8919836282730103,0.8729334473609924,0.8744624257087708,True,-0.6700253807591967,-0.367122342647634,-0.10044844934900343,-0.6700253807591967,-0.7077977853052377,False,-0.367122342647634,-0.4199860908833509,False,-0.10044844934900343,-0.127402379795409,False,0.17073692615615244,0.08770596689987258,False,-0.574088413616721,-0.50292004111717,False,False,0.3301689507954448,True
15,0.7516293525695801,left,left,178.67023896981698,1.3297610301830218,177.00785122085833,-2.9921487791416723,-3.13437267348202,90.25283024739718,0.029876928051024265,1.4403673832398445,-0.40341109482986326,OK,0.8748263716697693,heel,0.9999955296516418,0.9988998174667358,0.9230175018310547,0.8930378556251526,0.8748263716697693,0.8757032155990601,True,-0.6195828976393873,-0.376886020611523,-0.13083728975095976,-0.6195828976393873,-0.6903375779456813,False,-0.376886020611523,-0.44243302254465194,False,-0.13083728975095976,-0.16893961610289318,False,0.029876928051024265,0.13876533810418437,False,-0.40341109482986326,-0.5556095096081037,False,False,0.43330632557463067,True
16,0.7913527488708496,left,left,178.70388026365077,1.296119736349226,176.89868846371147,-3.1013115362885344,-3.22308728601797,90.12308945023594,0.15961772521227147,1.297433436855757,-0.5463450412139537,OK,0.8760835528373718,foot_index,0.9999955892562866,0.9988909363746643,0.9231482148170471,0.8933413624763489,0.8762308955192566,0.8760835528373718,True,-0.6532241914731831,-0.48604877775838506,-0.21955190228690968,-0.6532241914731831,-0.6667688361170381,False,-0.48604877775838506,-0.4757713887640998,False,-0.21955190228690968,-0.211576829526257,False,0.15961772521227147,0.20528150466032002,False,-0.5463450412139537,-0.6078557815395129,False,False,0.4252199671786524,True
17,0.8419668674468994,left,left,178.77884307228751,1.2211569277124852,176.78075322400372,-3.2192467759962824,-3.3344233739942104,90.19513458467132,0.08757259077688673,1.3011149143858933,-0.5426635636838171,OK,0.8753546476364136,foot_index,0.9999956488609314,0.9988861680030823,0.9233748316764832,0.8927343487739563,0.876691460609436,0.8753546476364136,True,-0.728187000109924,-0.6039840174661331,-0.3308879902631503,-0.728187000109924,-0.6588913146753475,False,-0.6039840174661331,-0.4972033910231014,False,-0.3308879902631503,-0.23264344246719215,False,0.08757259077688673,0.30882537445825164,False,-0.5426635636838171,-0.7031567405776912,False,False,0.18892621330652518,True
18,0.8917930126190186,left,left,178.7134807827811,1.2865192172189097,176.83992145613303,-3.160078543866973,-3.279693899712322,89.70410382234294,0.5786033531052652,0.871007683716509,-0.9727707943532096,OK,0.8742698431015015,heel,0.9999958872795105,0.9988651871681213,0.9168827533721924,0.8920310139656067,0.8742698431015015,0.8755322098731995,True,-0.6628247106034995,-0.5448157853368238,-0.27615851598126184,-0.6628247106034995,-0.6055393715061743,False,-0.5448157853368238,-0.47319131959107585,False,-0.27615851598126184,-0.23552258649824465,False,0.5786033531052652,0.2923511216461776,False,-0.9727707943532096,-0.6602217600595225,False,False,-0.2711180389236258,True
19,0.9410135746002197,left,left,178.68129384572833,1.3187061542716663,176.9104548875272,-3.0895451124727913,-3.2093168977847393,89.5942509003024,0.6884562751458105,0.793185269262104,-1.0505932088076122,OK,0.8730847835540771,heel,0.9999960660934448,0.9988543391227722,0.9114006161689758,0.8920527100563049,0.8730847835540771,0.8763412237167358,True,-0.6306377735507429,-0.47428235394264195,-0.20578151405367917,-0.6306377735507429,-0.6308089206123871,False,-0.47428235394264195,-0.4572288816914645,False,-0.20578151405367917,-0.23049674158359953,False,0.6884562751458105,0.2404954585070868,False,-1.0505932088076122,-0.6445722390116145,False,False,-0.7932589299816748,True
20,0.9872562885284424,left,left,178.4034792539711,1.5965207460288866,177.12791157801846,-2.8720884219815446,-3.1487683936372823,90.33520151145756,-0.05249433600934594,1.655042285830709,-0.18873619223901983,OK,0.8744329810142517,heel,0.9999961853027344,0.9988422393798828,0.9091339111328125,0.8943033814430237,0.8744329810142517,0.879139244556427,True,-0.35282318179352257,-0.25682566345139524,-0.14523300990622223,-0.35282318179352257,-0.6823148750939172,False,-0.25682566345139524,-0.4439002492910058,False,-0.14523300990622223,-0.21598129276765815,False,-0.05249433600934594,0.16927017452272253,False,-0.18873619223901983,-0.6236660930932999,False,False,-1.4278668317722203,True
21,1.0238313674926758,left,left,178.83022800918184,1.1697719908181625,176.97850065320952,-3.0214993467904776,-3.1979580614447443,90.38236776593139,-0.09966059048318243,1.3756810420953063,-0.4680974359744141,OK,0.8785830736160278,heel,0.9999963641166687,0.9988482594490051,0.9081969857215881,0.8981383442878723,0.8785830736160278,0.8840093612670898,True,-0.7795719370042467,-0.40623658826032827,-0.19442267771368416,-0.7795719370042467,-0.7695798184043245,False,-0.40623658826032827,-0.46236582543206256,False,-0.19442267771368416,-0.21929327202014068,False,-0.09966059048318243,-0.04109886178467263,False,-0.4680974359744141,-0.485408403207731,False,False,-1.8505478243329379,True
22,1.0775189399719238,left,left,179.03637284469517,0.9636271553048346,176.847396386006,-3.152603613993989,-3.2618461299145034,90.55126100459314,-0.26855382914493475,1.4056456439774672,-0.4381328340922437,OK,0.8815410137176514,heel,0.9999964833259583,0.998848557472229,0.9065122008323669,0.901176393032074,0.8815410137176514,0.8880102038383484,True,-0.9857167725175746,-0.5373408554638397,-0.2583107461834433,-0.9857167725175746,-0.8743453161635533,False,-0.5373408554638397,-0.4991697157459393,False,-0.2583107461834433,-0.23487308757909098,False,-0.26855382914493475,-0.33329571869554114,False,-0.4381328340922437,-0.2767529693011568,False,False,-1.6687985227112339,True
23,1.1196324825286865,left,left,179.14980549933313,0.8501945006668734,176.74759357542774,-3.252406424572257,-3.2962537959747347,90.75594900387992,-0.4732418284317106,1.5622961331443397,-0.28148234492536517,OK,0.8823327422142029,heel,0.9999964833259583,0.9988206624984741,0.9026753306388855,0.9019749760627747,0.8823327422142029,0.8898351192474365,True,-1.0991494271555358,-0.6371436660421077,-0.29271841224367456,-1.0991494271555358,-1.0019792938799217,False,-0.6371436660421077,-0.5576435403257969,False,-0.29271841224367456,-0.26394857651515125,False,-0.4732418284317106,-0.49100230886151336,False,-0.28148234492536517,-0.21728202120775678,False,False,-1.0064117261028394,True
24,1.1593897342681885,left,left,179.20512133452448,0.7948786654755224,176.72643543595782,-3.273564564042175,-3.2872159755794907,91.05523518485674,-0.7725280094085321,1.8364624387949746,-0.007316039274741115,OK,0.88243567943573,heel,0.9999964833259583,0.9987941384315491,0.8990187048912048,0.9023870825767517,0.88243567943573,0.891253650188446,True,-1.1544652623468867,-0.6583018055120258,-0.28368059184843064,-1.1544652623468867,-1.0304082149611848,False,-0.6583018055120258,-0.5703164071282126,False,-0.28368059184843064,-0.2806825584304849,False,-0.7725280094085321,-0.683551672786163,False,-0.007316039274741115,-0.0572226934772857,False,False,-0.2108472077602249,True
25,1.2140660285949707,left,left,179.04164914255296,0.9583508574470443,176.83554245511917,-3.1644575448808325,-3.2941458383175837,91.12373446228742,-0.841027286839207,1.9523970262977004,0.10861854822798023,OK,0.8824359774589539,heel,0.9999966025352478,0.9987912774085999,0.8965411186218262,0.9034591317176819,0.8824359774589539,0.8929433822631836,True,-0.9909930703753649,-0.5491947863506832,-0.29061045458652357,-0.9909930703753649,-0.9655002602434454,False,-0.5491947863506832,-0.5529927269580137,False,-0.29061045458652357,-0.29424183283058475,False,-0.841027286839207,-0.8598000108619374,False,0.10861854822798023,0.1530506447459345,False,False,0.6215430142250256,True
26,1.258286714553833,left,left,178.97237261458815,1.0276273854118472,176.91513631919744,-3.084863680802556,-3.2816279710214125,91.34511458555464,-1.062407410106431,2.1759776807476676,0.33219920267794123,OK,0.8813972473144531,heel,0.9999966621398926,0.9987812042236328,0.8934664130210876,0.9035848379135132,0.8813972473144531,0.8935920596122742,True,-0.921716542410562,-0.4696009222724067,-0.27809258729035236,-0.921716542410562,-0.8889538292089103,False,-0.4696009222724067,-0.5077502492841811,False,-0.27809258729035236,-0.29594069056328526,False,-1.062407410106431,-0.799190277718617,False,0.33219920267794123,0.12204600723060821,False,False,1.3755483216335396,True
27,1.3015785217285156,left,left,178.71183307110647,1.2881669288935313,176.934014786857,-3.0659852131429943,-3.3296425019150027,91.43250269497202,-1.1497955195238063,2.457012335093576,0.6132338570238574,OK,0.8805912733078003,heel,0.9999967217445374,0.9987932443618774,0.8908483386039734,0.9042463898658752,0.8805912733078003,0.8943885564804077,True,-0.6611769989288778,-0.450722454612845,-0.32610711818394256,-0.6611769989288778,-0.8108478090244067,False,-0.450722454612845,-0.4528004212981509,False,-0.32610711818394256,-0.2954879611360147,False,-1.1497955195238063,-0.5980843902437215,False,0.6132338570238574,-0.05545095861854747,False,False,1.7151987737224768,True
28,1.357224702835083,left,left,178.76707334416045,1.2329266558395489,176.9738059637969,-3.026194036203094,-3.3047480846382373,90.45290033816332,-0.17019316271510831,1.4072729455677264,-0.43650553250199664,OK,0.8781917095184326,heel,0.9999967813491821,0.9987938404083252,0.8869814276695251,0.9032752513885498,0.8781917095184326,0.8937885165214539,True,-0.7164172719828603,-0.4109312776729448,-0.3012127009071772,-0.7164172719828603,-0.73569272110411,False,-0.4109312776729448,-0.4152898209628185,False,-0.3012127009071772,-0.2980059366535418,False,-0.17019316271510831,-0.3716445230084389,False,-0.43650553250199664,-0.2467643137863888,False,False,1.7363064139449158,True
29,1.3940761089324951,left,left,178.81459123360196,1.1854087663980408,177.00118457588798,-2.998815424112024,-3.284952328443138,90.04970574748226,0.23300142796594514,0.9489776095492104,-0.8948008685205195,OK,0.8753907680511475,heel,0.9999968409538269,0.9987905025482178,0.8829396963119507,0.9018614292144775,0.8753907680511475,0.8927018642425537,True,-0.7639351614243683,-0.38355266558187484,-0.281416944712078,-0.7639351614243683,-0.6504008253325286,False,-0.38355266558187484,-0.38974589486135275,False,-0.281416944712078,-0.3055785739421227,False,0.23300142796594514,-0.09211457564612147,False,-0.8948008685205195,-0.4741189287671716,False,False,1.8014728122172046,True
30,1.443587064743042,left,left,178.66587370295147,1.3341262970485275,177.02309545679583,-2.9769045432041707,-3.306735715905219,89.991535126111,0.29117204933720586,0.9958302504585036,-0.8479482276112265,OK,0.8740008473396301,heel,0.9999969601631165,0.9988123774528503,0.8795467615127563,0.9022199511528015,0.8740008473396301,0.8928418159484863,True,-0.6152176307738817,-0.3616417846740214,-0.30320033217415876,-0.6152176307738817,-0.5973573436782065,False,-0.3616417846740214,-0.34489679752141544,False,-0.30320033217415876,-0.28962326089375495,False,0.29117204933720586,0.05707078982688074,False,-0.8479482276112265,-0.599154596877429,False,False,1.858875888016159,True
31,1.481982707977295,left,left,178.54591313573025,1.4540868642697546,177.04285594970477,-2.957144050295227,-3.319491157464317,89.94746484874305,0.3352423267051563,1.039204605843736,-0.8045738722259728,OK,0.8726029992103577,heel,0.9999970197677612,0.9988306164741516,0.8764061331748962,0.902432382106781,0.8726029992103577,0.8928346037864685,True,-0.49525706355265453,-0.34188129176507775,-0.3159557737332568,-0.49525706355265453,-0.5206360621180101,False,-0.34188129176507775,-0.2933809698188904,False,-0.3159557737332568,-0.26938979220469833,False,0.3352423267051563,-0.08055768421001801,False,-0.8045738722259728,-0.41608720029379354,False,False,1.8202982027736383,True
32,1.522378921508789,left,left,178.44661566283486,1.5533843371651415,177.1582602735567,-2.8417397264433077,-3.249865936673164,90.686575867607,-0.4038686921587953,1.8318339945422957,-0.011944483527429384,OK,0.8715522289276123,heel,0.9999970197677612,0.998820424079895,0.8751498460769653,0.901455819606781,0.8715522289276123,0.891769289970398,True,-0.3959595906572677,-0.2264769679131584,-0.24633055294210404,-0.3959595906572677,-0.4319893183659051,False,-0.2264769679131584,-0.2259395402751247,False,-0.24633055294210404,-0.2442727137393687,False,-0.4038686921587953,-0.2736279622560147,False,-0.011944483527429384,-0.1766945295741323,False,False,2.0014260774096355,True
33,1.5597436428070068,left,left,178.38346693635947,1.6165330636405315,177.23138510230953,-2.768614897690469,-3.203580741192954,91.14104270834781,-0.8583355328996021,2.32260992848589,0.47883145041618036,OK,0.8705167770385742,heel,0.9999970197677612,0.998812735080719,0.8740688562393188,0.9006751775741577,0.8705167770385742,0.8908829092979431,True,-0.33281086418187766,-0.15335213916031964,-0.2000453574618941,-0.33281086418187766,-0.37169596055329956,False,-0.15335213916031964,-0.14867455586628556,False,-0.2000453574618941,-0.2086799163843179,False,-0.8583355328996021,-0.45294469989982816,False,0.47883145041618036,0.021243378828495453,False,False,2.1188953682192864,True
34,1.605036973953247,left,left,178.37135751484143,1.628642485158565,177.3383917236068,-2.6616082763931956,-3.15936693611649,91.01505713771225,-0.7323499622640384,2.145940963147507,0.30216248507778687,OK,0.8637031316757202,heel,0.9999969005584717,0.9987558126449585,0.8666871190071106,0.8947071433067322,0.8637031316757202,0.8853976130485535,True,-0.32070144266384415,-0.046345517863046304,-0.1558315523854299,-0.32070144266384415,-0.2861911274622433,False,-0.046345517863046304,-0.025880990538593985,False,-0.1558315523854299,-0.15681001433498834,False,-0.7323499622640384,-0.5669710036089726,False,0.30216248507778687,0.14985085235032897,False,False,1.8621227933456344,True
35,1.6343038082122803,left,left,178.36440691388844,1.6355930861115553,177.40942037884003,-2.590579621159975,-3.128771729129965,90.88811881433007,-0.6054116388818613,1.985519792471641,0.14174131440191218,OK,0.857560932636261,heel,0.9999967813491821,0.9987046718597412,0.8600442409515381,0.889318585395813,0.857560932636261,0.8804185390472412,True,-0.3137508417108539,0.024683137370174357,-0.1252363453989047,-0.3137508417108539,-0.19230889721231717,False,0.024683137370174357,0.1033457314205796,False,-0.1252363453989047,-0.11073800099796376,False,-0.6054116388818613,-0.509493102389061,False,0.14174131440191218,0.10310047275819442,False,False,1.8991725065979803,True
36,1.6819357872009277,left,left,178.11838897027496,1.8816110297250361,177.65682377634323,-2.3431762236567693,-3.060141647217669,90.51759636728877,-0.23488919184056556,1.682241973452924,-0.16153650461680513,OK,0.8613801002502441,heel,0.9999969005584717,0.9987327456474304,0.8615725040435791,0.8924162983894348,0.8613801002502441,0.883465051651001,True,-0.06773289809737304,0.2720865348733801,-0.05660626348660891,-0.06773289809737304,-0.16805960800448116,False,0.2720865348733801,0.19237493796745664,False,-0.05660626348660891,-0.07451921995171747,False,-0.23488919184056556,-0.4387520447881542,False,-0.16153650461680513,0.0037982788644853826,False,False,2.0638137939142838,True
37,1.7348964214324951,left,left,177.97720451158523,2.022795488414772,177.80439388335256,-2.19560611664744,-3.0195058699880413,90.39918636150745,-0.11647918605923735,1.5980820965816256,-0.24569638148810213,OK,0.8629969954490662,knee,0.9999970197677612,0.9987574219703674,0.8629969954490662,0.8951841592788696,0.8647006154060364,0.886203408241272,True,0.07345156059236291,0.41965664188270946,-0.015970486256981165,0.07345156059236291,-0.107448280337977,False,0.41965664188270946,0.2763086163100629,False,-0.015970486256981165,-0.04987319008163338,False,-0.11647918605923735,-0.3512176528729981,False,-0.24569638148810213,-0.08241243385668326,False,False,2.22194051003419,True
38,1.7678718566894531,left,left,178.2622204903203,1.7377795096797115,177.67653113504392,-2.3234688649560837,-3.0224868359617227,90.78733742034328,-0.5046302448950684,1.8260989590173442,-0.017679519052364867,OK,0.8617843985557556,knee,0.9999970197677612,0.9987485408782959,0.8617843985557556,0.8943077325820923,0.8641716241836548,0.8855735659599304,True,-0.21156441814269766,0.2917938935740656,-0.018951452230662635,-0.21156441814269766,-0.019759870710877127,False,0.2917938935740656,0.3581290939998828,False,-0.018951452230662635,-0.03345552877203417,False,-0.5046302448950684,-0.2505530246666524,False,-0.017679519052364867,-0.16079146881614292,False,False,3.168897281090841,True
39,1.8228304386138916,left,left,178.0683008765089,1.9316991234910859,177.75806011531984,-2.241939884680164,-3.0361367867660696,90.57738517813647,-0.29467800268825783,1.7148873995416622,-0.12889107852805637,OK,0.8644611239433289,knee,0.9999971389770508,0.9987838268280029,0.8644611239433289,0.8975746035575867,0.8669291734695435,0.8886931538581848,True,-0.017644804331323316,0.3733228738499852,-0.03260140303500947,-0.017644804331323316,0.11196173346666813,False,0.3733228738499852,0.45290211977192507,False,-0.03260140303500947,-0.02887624464991445,False,-0.29467800268825783,-0.1344089116934697,False,-0.12889107852805637,-0.23540771926169554,False,False,4.808494087742291,True
40,1.8607265949249268,left,left,177.92596486575295,2.0740351342470547,177.81852276728912,-2.1814772327108756,-3.046683422581969,90.38479567329834,-0.10208849785013285,1.5936246176743258,-0.2501538603953861,OK,0.86699378490448,knee,0.9999972581863403,0.9988169074058533,0.86699378490448,0.9006998538970947,0.8695119619369507,0.8916706442832947,True,0.12469120642464548,0.43378552581927377,-0.043148038850908677,0.12469120642464548,0.2721661399155575,False,0.43378552581927377,0.5547708077568065,False,-0.043148038850908677,-0.033078842095540836,False,-0.10208849785013285,0.010974847126394138,False,-0.2501538603953861,-0.32665835706317237,False,False,7.469701928771426,True
41,1.8973255157470703,left,left,177.45978094938724,2.5402190506127624,178.13068890520344,-1.8693110947965579,-3.0372452266070704,89.93687580242286,0.34583137302534794,1.3091607212251417,-0.5346177568445682,OK,0.8674492239952087,knee,0.9999973177909851,0.9988307356834412,0.8674492239952087,0.9031009674072266,0.8732262849807739,0.8941462635993958,True,0.5908751227903533,0.7459516637335915,-0.03370984287601031,0.5908751227903533,0.6202769718538288,False,0.7459516637335915,0.7362101515018358,False,-0.03370984287601031,-0.03754909409697822,False,0.34583137302534794,0.29041162163860007,False,-0.5346177568445682,-0.4438938953835702,False,False,11.159863671086176,True
42,1.9456961154937744,left,left,177.17618247934078,2.823817520659219,178.31373732327697,-1.6862626767230324,-3.040518857216173,89.67226756740813,0.6104396080400818,1.14182890757422,-0.7019495704954863,OK,0.8678072094917297,knee,0.9999973773956299,0.9988428950309753,0.8678072094917297,0.9053118228912354,0.876439094543457,0.8964163661003113,True,0.8744735928368097,0.9290000818071169,-0.036983473485113105,0.8744735928368097,1.0238035704448205,False,0.9290000818071169,0.9432434058239257,False,-0.036983473485113105,-0.03679963154554082,False,0.6104396080400818,0.5788129333859559,False,-0.7019495704954863,-0.5350524003105932,False,False,18.25171666870373,True
43,1.9844145774841309,left,left,176.52166633062893,3.478333669371068,178.58372785376906,-1.4162721462309378,-3.0448380959689096,89.39015354778225,0.8925536276659614,1.2399212674153697,-0.603857210654354,OK,0.8687149286270142,knee,0.9999973773956299,0.9988458156585693,0.8687149286270142,0.9066722393035889,0.8771286606788635,0.8976952433586121,True,1.5289897415486589,1.1989906122992116,-0.04130271223784954,1.5289897415486589,1.8376847531513387,False,1.1989906122992116,1.47050130361249,False,-0.04130271223784954,0.036528088949352444,False,0.8925536276659614,0.9723531924557676,False,-0.603857210654354,-0.5686416539675634,False,False,30.77393107380585,True
44,2.0276966094970703,left,left,176.05066788355396,3.949332116446044,178.7932263869303,-1.2067736130697142,-3.0323894740088826,89.13537861939969,1.147328556048521,1.2590948749065598,-0.584683603163171,OK,0.869921863079071,knee,0.9999973773956299,0.998851478099823,0.869921863079071,0.9082595109939575,0.8782840371131897,0.8992050290107727,True,1.9999881886236348,1.4084891454604351,-0.028854090277822486,1.9999881886236348,2.746678218033863,False,1.4084891454604351,2.083554111486108,False,-0.028854090277822486,0.14325231868363275,False,1.147328556048521,1.3242195739391747,False,-0.584683603163171,-0.5178431487077944,False,False,48.91420899668503,True
45,2.0744731426239014,left,left,173.85655895222035,6.143441047779646,179.54518774376805,0.4548122562319463,-2.6800448201075024,88.41709437794928,1.865612797498926,1.425678349389483,-0.41810012868023705,OK,0.8724306225776672,knee,0.9999971389770508,0.9987958073616028,0.8724306225776672,0.9095726609230042,0.8804351687431335,0.9005736112594604,True,4.194097119957237,3.0700750147620957,0.32349056362355766,4.194097119957237,5.474955421205616,False,3.0700750147620957,4.325846229661368,False,0.32349056362355766,0.7010352212371604,False,1.865612797498926,2.301746438079121,False,-0.41810012868023705,-0.45160202529773413,False,False,65.67235735767646,True
46,2.1227598190307617,left,left,172.9148136249746,7.085186375025387,178.80404705542847,1.1959529445715305,-2.503624077935669,88.17754389500583,2.105163280442383,1.5631532475239875,-0.2806252305457235,OK,0.874272346496582,knee,0.9999969601631165,0.998758852481842,0.874272346496582,0.9108985662460327,0.8821106553077698,0.9018936157226562,True,5.135842447202978,3.81121570310168,0.4999113057953912,5.135842447202978,9.390471951234995,False,3.81121570310168,8.006203839197974,False,0.4999113057953912,1.7940761934222542,False,2.105163280442383,3.3680228295635883,False,-0.2806252305457235,-0.18967852410434033,False,False,80.60325810252132,True
47,2.1616404056549072,left,left,163.53479646348202,16.465203536517976,170.47480208584673,9.525197914153267,-0.25160434444853474,84.7846332467084,5.498073928739814,1.4730345246245409,-0.37074395344518507,OK,0.8782687187194824,knee,0.9999970197677612,0.9987825751304626,0.8782687187194824,0.9132466316223145,0.884006917476654,0.9040232300758362,True,14.515859608695566,12.140460672683417,2.7519310392825256,14.515859608695566,13.850172340339387,False,12.140460672683417,12.270935901944153,False,2.7519310392825256,3.1387601430936853,False,5.498073928739814,4.6617813716842615,False,-0.37074395344518507,0.056215209804634014,False,False,94.70631071294085,True
48,2.235074281692505,left,left,156.94408368048204,23.055916319517962,163.0144840985479,16.98551590145209,2.4203667649565586,84.05877159035991,6.223935585088299,2.5495387733823263,0.705760295312615,OK,0.8851025700569153,knee,0.999997079372406,0.9988330602645874,0.8851025700569153,0.9178719520568848,0.8911618590354919,0.9096238613128662,True,21.106572391695554,19.60077865998224,5.423902148687619,21.106572391695554,18.979340505429043,False,19.60077865998224,17.491057758549214,False,5.423902148687619,4.8227553277809205,False,6.223935585088299,5.038649118666632,False,0.705760295312615,1.272388955994097,False,False,101.34626331827698,True
49,2.2836415767669678,left,left,153.752165938032,26.247834061968007,159.88311329933882,20.116886700661183,3.691030274348274,82.66658590879632,7.616121266651888,2.488563544451418,0.6447850663817007,OK,0.8906848430633545,knee,0.9999971389770508,0.9988859295845032,0.8906848430633545,0.9216002821922302,0.8976828455924988,0.9142748713493347,True,24.2984901341456,22.732149459191334,6.694565658079334,24.2984901341456,24.45490930659795,False,22.732149459191334,23.127416432863726,False,6.694565658079334,6.660771596182741,False,7.616121266651888,4.590967709964346,False,0.6447850663817007,3.3972967599525985,False,False,108.52526035175583,True
50,2.3292429447174072,left,left,148.21071812677206,31.789281873227935,153.44457846074275,26.555421539257253,5.739931103328674,86.53275564303743,3.749951532410776,7.506547080336797,5.662768602267079,OK,0.8938037157058716,knee,0.9999961853027344,0.9988495111465454,0.8938037157058716,0.9216533899307251,0.8991790413856506,0.9133879542350769,True,29.839937945405527,29.170684297787403,8.743466487059735,29.839937945405527,29.305458443301283,False,29.170684297787403,28.475728045204697,False,8.743466487059735,8.45608092745403,False,3.749951532410776,3.2403658000845494,False,5.662768602267079,6.04544552546605,False,False,119.51655910644203,True
51,2.3741869926452637,left,left,145.53696961913008,34.463030380869924,150.62225368385592,29.377746316144083,6.686457264073433,90.41595093851726,-0.1332437630690464,12.18769226731651,10.343913789246784,OK,0.8975714445114136,knee,0.9999961256980896,0.9989195466041565,0.8975714445114136,0.9226579666137695,0.9017301201820374,0.9125139713287354,True,32.51368645304751,31.993009074674234,9.689992647804493,32.51368645304751,33.76106068833997,False,31.993009074674234,33.09898315827739,False,9.689992647804493,9.905770814235307,False,-0.1332437630690464,-0.22399465183509334,False,10.343913789246784,10.79184299613296,False,False,131.84043373293758,True
52,2.4158530235290527,left,left,139.28205077996535,40.717949220034654,143.73324402414187,36.26675597585813,8.724942311907913,91.53764279610738,-1.2549356206591682,14.713778352191806,12.869999874122072,OK,0.9036633372306824,knee,0.9999960660934448,0.9989940524101257,0.9036633372306824,0.9270209074020386,0.9069838523864746,0.9164491295814514,True,38.76860529221224,38.88201873438828,11.728477695638974,38.76860529221224,40.81979391486799,False,38.88201873438828,39.887309803139395,False,11.728477695638974,11.515337091922543,False,-1.2549356206591682,-2.554976583044038,False,12.869999874122072,15.002797786695158,False,False,140.64860209462182,True
53,2.4678828716278076,left,left,134.66607245528863,45.33392754471137,139.89820853318446,40.10179146681554,9.668816198862938,101.38057384995813,-11.097866674509916,26.281526126716887,24.43774764864716,OK,0.9104036688804626,knee,0.9999954700469971,0.9990568161010742,0.9104036688804626,0.9320862293243408,0.9122427701950073,0.9213879108428955,True,43.38458361688896,42.71705422534569,12.672351582593999,43.38458361688896,47.846393004854875,False,42.71705422534569,46.57594905492116,False,12.672351582593999,13.067033514022915,False,-11.097866674509916,-3.4937130008208213,False,24.43774764864716,17.83119046477743,False,False,144.1776592731866,True
54,2.504873514175415,left,left,118.45849980539187,61.54150019460813,125.94148007502878,54.05851992497122,11.738861662784458,94.32149556484104,-4.038788389392835,23.543337497262424,21.69955901919269,OK,0.9184984564781189,knee,0.999993622303009,0.9991410374641418,0.9184984564781189,0.9383562803268433,0.9195050597190857,0.9285125136375427,True,59.59215626678572,56.67378268350137,14.742397046515519,59.59215626678572,54.2492592825084,False,56.67378268350137,52.793605581991336,False,14.742397046515519,14.545581947594505,False,-4.038788389392835,-2.931398464797732,False,21.69955901919269,18.932634112909277,False,False,134.48087417685122,True
55,2.559858560562134,left,left,113.07772267683765,66.92227732316235,120.00138220183393,59.998617798166066,13.498413213830524,91.22643773192135,-0.9437305564731417,21.648510470748153,19.804731992678427,OK,0.9260112047195435,knee,0.9999895691871643,0.999222457408905,0.9260112047195435,0.9439767599105835,0.9263743758201599,0.9349389672279358,True,64.97293339533994,62.613880556696216,16.501948597561583,64.97293339533994,61.08737842584878,False,62.613880556696216,59.29889867492479,False,16.501948597561583,15.865262126853661,False,-0.9437305564731417,-0.9864796783164451,False,19.804731992678427,18.640221556094083,False,False,112.54870252355416,True
56,2.6091272830963135,left,left,113.52263823086247,66.47736176913753,119.53397104850504,60.46602895149496,14.079199431931393,87.60437825840181,2.6783289170464,17.694910507975766,15.85113202990604,OK,0.9327362179756165,knee,0.9999825358390808,0.9992882013320923,0.9327362179756165,0.949103057384491,0.9328005909919739,0.940800666809082,True,64.52801784131512,63.08129171002511,17.08273481566245,64.52801784131512,66.84171618596577,False,63.08129171002511,65.26256770660477,False,17.08273481566245,17.218112899077788,False,2.6783289170464,3.067036871487167,False,15.85113202990604,15.73022450695159,False,False,90.57658612664515,True
57,2.661184549331665,left,left,105.09145506326338,74.90854493673662,111.20677855947457,68.79322144052543,15.323343208203687,81.81304886370094,8.469658311747267,13.251715568115813,11.40793709004609,OK,0.9382189512252808,heel,0.9999717473983765,0.9993391036987305,0.938369870185852,0.953315258026123,0.9382189512252808,0.9456561207771301,True,72.9592010089142,71.40848419905558,18.326878591934747,72.9592010089142,69.74475630897213,False,71.40848419905558,69.05325701218051,False,18.326878591934747,18.451022617226236,False,8.469658311747267,5.8539531613545055,False,11.40793709004609,13.288568752663332,False,False,69.15184841078239,True
58,2.7093279361724854,left,left,105.89438365470377,74.10561634529623,110.07986337478454,69.92013662521546,16.433070059983574,81.11299110094006,9.169716074508145,11.73154088100441,9.887762402934698,OK,0.9428884387016296,heel,0.9999606609344482,0.9993875622749329,0.9432849287986755,0.9569903612136841,0.9428884387016296,0.949758768081665,True,72.15627241747382,72.53539938374561,19.436605443714633,72.15627241747382,71.38277513919323,False,72.53539938374561,71.74547659552734,False,19.436605443714633,19.583642640714622,False,9.169716074508145,6.870261851464434,False,9.887762402934698,12.350679332916053,False,False,55.7300314667026,True
59,2.753757953643799,left,left,103.94329919036007,76.05670080963993,106.98803354715014,73.01196645284986,17.903410253526697,80.38691411550435,9.895793059943855,11.335058725821133,9.491280247751405,OK,0.9479585289955139,heel,0.9999589323997498,0.9994422793388367,0.9481545686721802,0.9608849883079529,0.9479585289955139,0.9542872905731201,True,74.10735688181752,75.62722921138001,20.906945637257756,74.10735688181752,74.03935092948556,False,75.62722921138001,75.20810461005343,False,20.906945637257756,20.81701368501128,False,9.895793059943855,7.182617110825646,False,9.491280247751405,12.465642893617758,False,False,51.894883351026806,True
60,2.7911694049835205,left,left,104.88762852573214,75.11237147426786,106.54028428509972,73.45971571490028,19.161513331272477,86.1448942813717,4.137812894076504,16.959063372011748,15.115284893942032,OK,0.9525197148323059,heel,0.9999555945396423,0.9994913935661316,0.9526405334472656,0.9643866419792175,0.9525197148323059,0.9583750367164612,True,73.16302754644545,76.07497847343043,22.165048715003536,73.16302754644545,75.35143057058903,False,76.07497847343043,77.31211058155843,False,22.165048715003536,21.981795751528217,False,4.137812894076504,6.60640275158421,False,15.115284893942032,13.414712988974589,False,False,57.852683106891185,True
61,2.8275063037872314,left,left,100.23975927940076,79.76024072059924,102.22083097587462,77.77916902412538,20.246054653414653,86.04260196159575,4.240105213852459,18.26972831148428,16.425949833414563,OK,0.9566464424133301,knee,0.9999522566795349,0.9995361566543579,0.9566464424133301,0.9675351977348328,0.9566687941551208,0.9620534777641296,True,77.81089679277683,80.39443178265553,23.249590037145712,77.81089679277683,77.9288415384352,False,80.39443178265553,80.46134030993427,False,23.249590037145712,23.17052278972228,False,4.240105213852459,6.036474148173045,False,16.425949833414563,14.601549870050167,False,False,60.94179181601787,True
62,2.8702139854431152,left,left,98.53105685774612,81.46894314225388,100.68674870194958,79.31325129805042,21.147253540788377,84.69412065990812,5.5885865155400865,17.997066044899952,16.153287566830244,OK,0.9603028297424316,knee,0.9999487400054932,0.9995749592781067,0.9603028297424316,0.9704338908195496,0.9605098366737366,0.9654465913772583,True,79.51959921443147,81.92851405658057,24.150788924519436,79.51959921443147,80.6807004512876,False,81.92851405658057,83.61264092108375,False,24.150788924519436,24.227062290167673,False,5.5885865155400865,5.7715501858811225,False,16.153287566830244,15.5235716344904,False,False,57.69446303602649,True
63,2.9065678119659424,left,left,93.00732881547286,86.99267118452714,94.33371473290536,85.66628526709464,22.376705250953915,83.96263411799589,6.320073057452319,17.665725286382308,15.821946808312589,OK,0.9632854461669922,knee,0.9999399781227112,0.9996058940887451,0.9632854461669922,0.9726296663284302,0.9635722637176514,0.9680770635604858,True,85.04332725670473,88.28154802562479,25.380240634684974,85.04332725670473,83.68433886181825,False,88.28154802562479,86.67492111907357,False,25.380240634684974,25.052555678613494,False,6.320073057452319,6.42927610956188,False,15.821946808312589,15.632697311796283,False,False,47.475214835487506,True
64,2.9609405994415283,left,left,90.18400462609802,89.81599537390198,91.23153049140268,88.76846950859732,23.186107755753657,81.71153392696397,8.571173248484243,15.94516754802229,14.101389069952575,OK,0.9662735462188721,knee,0.9999346733093262,0.9996342062950134,0.9662735462188721,0.9747201204299927,0.9663516879081726,0.9704516530036926,True,87.86665144607957,91.38373226712747,26.189643139484716,87.86665144607957,85.49649527977355,False,91.38373226712747,88.58783485880522,False,26.189643139484716,25.732346370942594,False,8.571173248484243,4.115650502381411,False,14.101389069952575,18.52535628952952,False,False,26.05035674070741,True
65,3.0140721797943115,left,left,89.86943647307892,90.13056352692108,91.22888329515061,88.77111670484939,23.28898027350156,82.85626466296792,7.426442512480293,17.504691758541163,15.660913280471448,OK,0.9684886336326599,heel,0.999924898147583,0.9996488690376282,0.9687471985816956,0.9763832092285156,0.9684886336326599,0.9722669720649719,True,88.18121959909867,91.38637946337954,26.29251565723262,88.18121959909867,86.93185532846101,False,91.38637946337954,90.16640835893115,False,26.29251565723262,26.288488622575983,False,7.426442512480293,0.02496695952700918,False,15.660913280471448,23.02896863257883,False,False,-3.5350004574751437,True
66,3.060030698776245,left,left,91.17897718962425,88.82102281037575,92.65626227721647,87.34373772278353,23.645008115060147,97.6107299974981,-7.328022822049888,32.733023200150456,30.889244722080747,OK,0.9699100852012634,heel,0.9998972415924072,0.9996339678764343,0.9704674482345581,0.9776358008384705,0.9699100852012634,0.9735578894615173,True,86.87167888255334,89.95900048131368,26.648543498791206,86.87167888255334,86.04357436780406,False,89.95900048131368,89.0964016881712,False,26.648543498791206,26.40881126785403,False,-7.328022822049888,-3.858797740636729,False,30.889244722080747,27.214781688123622,False,False,-32.58288958506072,True
67,3.1134989261627197,left,left,91.35425661430885,88.64574338569115,92.79388120131988,87.20611879868012,23.927964798955344,105.14753837418013,-14.86483119873192,40.5151277601465,38.67134928207679,OK,0.9709176421165466,heel,0.9998617172241211,0.999596893787384,0.9719579815864563,0.9786342978477478,0.9709176421165466,0.9744265079498291,True,86.69639945786874,89.82138155721027,26.931500182686403,86.69639945786874,82.71382842088524,False,89.82138155721027,85.14923499347546,False,26.931500182686403,25.75220929839073,False,-14.86483119873192,-7.838964309899626,False,38.67134928207679,31.155767035700126,False,False,-63.37641418218169,True
68,3.1560311317443848,left,left,97.44873361875759,82.55126638124241,99.68374808670514,80.31625191329486,22.978318477344146,103.38145761881458,-13.09875044336637,38.59479056410626,36.75101208603655,OK,0.972632646560669,heel,0.9998572468757629,0.9996137619018555,0.9740697145462036,0.9801942706108093,0.972632646560669,0.9762171506881714,True,80.60192245342,82.93151467182501,25.981853861075205,80.60192245342,79.19516004191658,False,82.93151467182501,81.19235621172793,False,25.981853861075205,25.074269257322616,False,-13.09875044336637,-10.968699403813423,False,36.75101208603655,34.04577249132469,False,False,-94.81154042739033,True
69,3.2190539836883545,left,left,106.83273436069214,73.16726563930786,110.96736396488132,69.03263603511868,19.903097908437175,101.61236677327845,-11.329659597830243,35.6500942859048,33.80631580783509,OK,0.9741156697273254,heel,0.9998471140861511,0.9996333718299866,0.9759296774864197,0.9815688729286194,0.9741156697273254,0.9778406023979187,True,71.21792171148545,71.64789879364884,22.906633292168234,71.21792171148545,74.03769394160076,False,71.64789879364884,75.6802732165262,False,22.906633292168234,23.919204110150172,False,-11.329659597830243,-11.10305195622134,False,33.80631580783509,33.37967679144608,False,False,-113.15765297302065,True
70,3.255518674850464,left,left,107.4627783679222,72.5372216320778,111.01327720388832,68.98672279611168,19.899280068160973,98.5049401325369,-8.222232957088693,31.954719036663985,30.11094055859428,OK,0.9756850600242615,heel,0.9998442530632019,0.9996582269668579,0.9775226712226868,0.9828696250915527,0.9756850600242615,0.9794043898582458,True,70.58787770425539,71.60198555464183,22.90281545189203,70.58787770425539,68.63611450254207,False,71.60198555464183,69.87051863906814,False,22.90281545189203,22.487849617307074,False,-8.222232957088693,-8.853962066344966,False,30.11094055859428,30.107407547125955,False,False,-121.89591710674654,True
71,3.2939863204956055,left,left,116.96630769120331,63.03369230879669,120.21667725322514,59.78332274677486,17.869682379197933,98.28249275953767,-7.999785584089466,29.40254470075742,27.558766222687694,OK,0.9768752455711365,heel,0.9998427033424377,0.999679446220398,0.9789974689483643,0.984034538269043,0.9768752455711365,0.9806808233261108,True,61.084348380974276,62.39858550530501,20.87321776292899,61.084348380974276,62.39417375684436,False,62.39858550530501,63.62680568001881,False,20.87321776292899,20.911091353518426,False,-7.999785584089466,-6.736330790615054,False,27.558766222687694,26.414790220959013,False,False,-135.4997530472271,True
72,3.3475916385650635,left,left,118.36215380960233,61.63784619039767,121.84265408861009,58.15734591138991,16.771192334739844,93.90208892479826,-3.6193817493500546,24.153781538545868,22.310003060476163,OK,0.9781202077865601,heel,0.9998392462730408,0.9997007250785828,0.980205237865448,0.9851731061935425,0.9781202077865601,0.981945276260376,True,59.688502262575255,60.77260866992006,19.774727718470903,59.688502262575255,57.71886775050264,False,60.77260866992006,59.119363981261984,False,19.774727718470903,19.591715380640743,False,-3.6193817493500546,-3.898850180236778,False,22.310003060476163,22.090069330118162,False,False,-149.8564815462242,True
73,3.4010350704193115,left,left,128.65843734724618,51.34156265275382,130.90231288195181,49.097687118048185,15.09452715840091,92.79330124016502,-2.5105940647168126,20.131703933271577,18.287925455201844,OK,0.9790236949920654,heel,0.9998313188552856,0.999707818031311,0.9814627766609192,0.9861449003219604,0.9790236949920654,0.9828447699546814,True,49.39221872493141,51.712949876578335,18.09806254213197,49.39221872493141,49.84081313060624,False,51.712949876578335,51.29347505919503,False,18.09806254213197,17.43928730366555,False,-2.5105940647168126,-2.376612278695916,False,18.287925455201844,18.36323765377267,False,False,-156.06184576664563,True
74,3.453245162963867,left,left,130.20926439240077,49.79073560759923,133.50457245866548,46.49542754133452,13.306218044048752,87.42496372138707,2.8577434540611364,14.026489831700554,12.182711353630822,OK,0.9797236323356628,heel,0.9998198747634888,0.9997177124023438,0.9821984767913818,0.9868844151496887,0.9797236323356628,0.9834865927696228,True,47.84139167977682,49.11069029986467,16.30975342777981,47.84139167977682,41.837088040913414,False,49.11069029986467,43.246802479881126,False,16.30975342777981,15.076293575391864,False,2.8577434540611364,-0.8667329638719281,False,12.182711353630822,14.533312100296076,False,False,-159.88223036803137,True
75,3.490442991256714,left,left,146.85305146740413,33.14694853259587,150.14272181422305,29.85727818577695,9.137139683285023,90.89375062483259,-0.6110434493843826,13.320560654936541,11.476782176866834,OK,0.979302704334259,heel,0.9998317360877991,0.9997217059135437,0.9825036525726318,0.9871262311935425,0.979302704334259,0.9833917617797852,True,31.197604604773463,32.4725409443071,12.140675067016083,31.197604604773463,33.439096689962966,False,32.4725409443071,34.62477122547877,False,12.140675067016083,12.507623339002343,False,-0.6110434493843826,0.7554126518677293,False,11.476782176866834,10.5665361516188,False,False,-165.61554634992254,True
76,3.565077304840088,left,left,156.98493313966748,23.015066860332524,160.45004014979472,19.549959850205283,6.054713737829483,90.73309618541774,-0.4503890099695269,10.252916933374427,8.409138455304713,OK,0.9779775738716125,heel,0.9998450875282288,0.9997087121009827,0.9824408888816833,0.9867531657218933,0.9779775738716125,0.9819896817207336,True,21.065722932510116,22.165222608735434,9.058249121560543,21.065722932510116,25.503802348414567,False,22.165222608735434,26.245522677176204,False,9.058249121560543,9.79179040615421,False,-0.4503890099695269,1.5506618017427116,False,8.409138455304713,7.499408275649853,False,False,-155.48389218498647,True
77,3.608870029449463,left,left,160.35211056435458,19.647889435645425,164.95281036062184,15.04718963937816,3.9278411527922437,85.79136084609998,4.491346329348232,4.319901795159498,2.4761233170897867,OK,0.9757300615310669,heel,0.9998550415039062,0.9996644854545593,0.9819892048835754,0.9861974716186523,0.9757300615310669,0.9807454347610474,True,17.698545507823017,17.66245239790831,6.931376536523304,17.698545507823017,17.81170953350413,False,17.66245239790831,18.131049808260123,False,6.931376536523304,7.272448748768538,False,4.491346329348232,1.446574119026573,False,2.4761233170897867,5.506534354985962,False,False,-132.37911973218462,True
78,3.6550610065460205,left,left,168.33490905498817,11.665090945011826,172.79855562346464,7.201444376535363,1.5153624941602433,88.81705549079011,1.4656516846580985,4.796064553426822,2.952286075357108,OK,0.9709911942481995,heel,0.9998597502708435,0.9995678067207336,0.9783589839935303,0.9839972257614136,0.9709911942481995,0.9776358008384705,True,9.715747017189416,9.816707135065514,4.518897877891304,9.715747017189416,12.509879452035708,False,9.816707135065514,12.451318422786397,False,4.518897877891304,5.320218668410892,False,1.4656516846580985,2.0440863171559074,False,2.952286075357108,3.334693380504285,False,False,-106.07928501283263,True
79,3.6946516036987305,left,left,168.66972846695296,11.33027153304704,174.0769368032459,5.9230631967541,0.7095097571203939,87.94540213496776,2.3373050404804445,4.062120228381073,2.2183417503113674,OK,0.9667099118232727,heel,0.9998686909675598,0.9995340704917908,0.9742974042892456,0.9816504120826721,0.9667099118232727,0.9748002290725708,True,9.38092760522463,8.53832595528425,3.713045140851454,9.38092760522463,9.072233600391346,False,8.53832595528425,8.699667086849605,False,3.713045140851454,3.9666937459347813,False,2.3373050404804445,2.3857746619416162,False,2.2183417503113674,1.9534855975349046,False,False,-83.72030825307965,True
80,3.738220453262329,left,left,173.36220187474623,6.637798125253767,178.54137874159167,1.4586212584083285,-0.6240107185032119,87.90618963418592,2.376517541262288,2.4613557825281656,0.6175773044584503,OK,0.9633620381355286,heel,0.9998778104782104,0.9994603991508484,0.9696164131164551,0.9789950847625732,0.9633620381355286,0.9714420437812805,True,4.688454197431358,4.073884016938478,2.3795246652278483,4.688454197431358,5.90577038598175,False,4.073884016938478,5.269674656764663,False,2.3795246652278483,2.834985227137093,False,2.376517541262288,1.5931154383368409,False,0.6175773044584503,1.8779655180173336,False,False,-59.740428763908405,True
81,3.777059555053711,left,left,174.17316239788929,5.826837602110714,179.20829682947868,0.7917031705213162,-0.712910874551068,89.02465446148919,1.2580527139590174,3.3468780185275357,1.5030995404578107,OK,0.9592804908752441,heel,0.9998865723609924,0.9993327260017395,0.9641245007514954,0.9760792851448059,0.9592804908752441,0.9679809808731079,True,3.8774936742883055,3.4069659290514656,2.290624509179992,3.8774936742883055,4.415668297033689,False,3.4069659290514656,3.2127069939552646,False,2.290624509179992,2.0566017573252693,False,1.2580527139590174,1.6043792325094586,False,1.5030995404578107,1.6551838278942284,False,False,-41.75568921266479,True
82,3.8200159072875977,left,left,176.18442663640255,3.8155733635974514,177.89722748895346,-2.1027725110465383,-1.7307014411961987,89.75465696412385,0.5280502113243557,3.9423013975716508,2.0985229195019315,OK,0.9562278985977173,heel,0.9998932480812073,0.999273955821991,0.9573977589607239,0.972295880317688,0.9562278985977173,0.9647237062454224,True,1.8662294357750422,0.512490247483611,1.2728339425348614,1.8662294357750422,2.781063153734257,False,0.512490247483611,1.2556343769244669,False,1.2728339425348614,1.3788561346624548,False,0.5280502113243557,1.4341576673515022,False,2.0985229195019315,1.4701272441207323,False,False,-26.034104150587886,True
83,3.8733301162719727,left,left,175.78541949972848,4.2145805002715235,176.91660606248837,-3.08339393751163,-2.3765548548988726,88.76073651992702,1.5219706555211872,3.682156102811299,1.8383776247415824,OK,0.9532657265663147,knee,0.9999011754989624,0.9992620348930359,0.9532657265663147,0.9707207083702087,0.9548161625862122,0.9640685319900513,True,2.2652365724491146,-0.4681311789814808,0.6269805288321875,2.2652365724491146,2.1773720670391272,False,-0.4681311789814808,0.2754749057414349,False,0.6269805288321875,0.9408136281225431,False,1.5219706555211872,1.5862717885148157,False,1.8383776247415824,1.2564390009054023,False,False,-14.48595919330992,True
84,3.9210476875305176,left,left,176.84275418345013,3.1572458165498745,176.1377001116001,-3.862299888399889,-2.6792183561936795,88.79650996075755,1.4861972146906623,3.1368373095136066,1.2930588314438864,OK,0.9485177993774414,knee,0.9999070763587952,0.9991816282272339,0.9485177993774414,0.9677196741104126,0.9502671957015991,0.9613375067710876,True,1.2079018887274653,-1.2470371298697396,0.32431702753738056,1.2079018887274653,1.7742330123910928,False,-1.2470371298697396,-0.5248477485197848,False,0.32431702753738056,0.4892294433092987,False,1.4861972146906623,2.2034230016391745,False,1.2930588314438864,0.5848872025809897,False,False,-5.619959024959144,True
85,3.9558606147766113,left,left,176.38065730822188,3.6193426917781153,176.55782390249317,-3.442176097506831,-2.8142232512027703,87.14561902836935,3.137088147078856,1.3929145664515168,-0.4508639116181996,OK,0.9435638189315796,knee,0.9999115467071533,0.999018132686615,0.9435638189315796,0.9643713235855103,0.9468137621879578,0.9579544067382812,True,1.6699987639557061,-0.8269133389766816,0.18931213252828982,1.6699987639557061,1.8994464052202684,False,-0.8269133389766816,-0.6013907400317985,False,0.18931213252828982,0.26346629686629075,False,3.137088147078856,3.0951148115431977,False,-0.4508639116181996,-0.33081136942485045,False,False,1.3320143279269463,True
86,3.9959306716918945,left,left,176.18885767112945,3.8111423288705453,176.79008989921522,-3.209910100784782,-2.970831798617289,85.9388983958674,4.343808779580812,-0.010880973094533716,-1.8546594511642525,OK,0.9393691420555115,knee,0.9999164342880249,0.9988924264907837,0.9393691420555115,0.9614699482917786,0.9440187215805054,0.9550405144691467,True,1.861798401048136,-0.5946473422546328,0.03270358511377092,1.861798401048136,2.0096935805116485,False,-0.5946473422546328,-0.39345827340814116,False,0.03270358511377092,0.18261772714605745,False,4.343808779580812,3.858597735499393,False,-1.8546594511642525,-1.2728281544335516,False,False,7.564044285336637,True
87,4.037893533706665,left,left,175.55835967225667,4.441640327743329,177.5145125313934,-2.485487468606607,-2.8595171734112386,85.29619791460374,4.986509260844471,-0.6361914624575445,-2.479969940527269,OK,0.934946596622467,knee,0.9999213814735413,0.9988080859184265,0.934946596622467,0.9577067494392395,0.9401684403419495,0.9517207145690918,True,2.49229639992092,0.12977528992354248,0.14401821031982154,2.49229639992092,2.413918686869144,False,0.12977528992354248,0.013178029707409245,False,0.14401821031982154,0.14805879543228154,False,4.986509260844471,4.763245381106378,False,-2.479969940527269,-2.214445928512356,False,False,14.176974980738413,True
88,4.093831539154053,left,left,175.23418362327158,4.765816376728424,177.95626839560666,-2.0437316043933436,-2.7807977035000393,84.94332190014605,5.339385275302163,-1.027927822232216,-2.8717063003019234,OK,0.9301034808158875,knee,0.9999258518218994,0.998727023601532,0.9301034808158875,0.9536852240562439,0.9358505606651306,0.94815993309021,True,2.8164724489060147,0.5715311541368058,0.2227376802310208,2.8164724489060147,2.8223947955612085,False,0.5715311541368058,0.4085007865509501,False,0.2227376802310208,0.15079901070692064,False,5.339385275302163,5.4075729109379465,False,-2.8717063003019234,-2.8428798912207585,False,False,24.862947526093368,True
89,4.133190393447876,left,left,174.82162865166265,5.17837134833735,178.17088162717786,-1.829118372822137,-2.852013014762559,84.27327173272262,6.009435442725589,-1.5712515608804254,-3.4150300389501353,OK,0.9254125952720642,knee,0.9999310374259949,0.9986984729766846,0.9254125952720642,0.9503413438796997,0.9340997934341431,0.945399820804596,True,3.2290274205149414,0.7861443857080124,0.15152236896850102,3.2290274205149414,4.051999272934589,False,0.7861443857080124,1.6687550658643935,False,0.15152236896850102,0.4447100710595577,False,6.009435442725589,6.303587768015527,False,-3.4150300389501353,-3.4756334898857686,False,False,43.10649106722217,True
90,4.176652431488037,left,left,174.33827676476156,5.661723235238441,178.53443768671087,-1.4655623132891265,-2.8005221748295748,83.92398137921151,6.358725796236698,-1.7492552470904996,-3.593033725160211,OK,0.9211114048957825,knee,0.9999358654022217,0.9986721873283386,0.9211114048957825,0.9473887085914612,0.9327023029327393,0.9429483413696289,True,3.7123793074160316,1.1497004452410229,0.20301320890148533,3.7123793074160316,5.440853758206858,False,1.1497004452410229,3.082530671859148,False,0.20301320890148533,0.8119420729249214,False,6.358725796236698,6.708557885841546,False,-3.593033725160211,-3.5382927265689146,False,False,64.8718929396406,True
91,4.223079442977905,left,left,170.04083528426256,9.959164715737444,176.90863870421757,3.091361295782434,-1.501276496854104,81.4588241104795,8.823883064968712,-3.1746489664195967,-5.018427444489305,OK,0.9160873889923096,knee,0.9999399781227112,0.9986577033996582,0.9160873889923096,0.9437550902366638,0.9305222034454346,0.939575731754303,True,8.009820787915034,5.7066240543125835,1.5022588868769562,8.009820787915034,9.294070076908614,False,5.7066240543125835,6.79126391603383,False,1.5022588868769562,1.8742839706239145,False,8.823883064968712,7.949973895291651,False,-5.018427444489305,-3.5728837637929587,False,False,93.25633909873325,True
92,4.274475574493408,left,left,168.61408724589532,11.38591275410468,175.41660943863283,4.5833905613671675,-1.0233571640844201,83.27134732547364,7.011359849974568,-0.9494876458732803,-2.793266123942999,OK,0.9133676290512085,knee,0.999944269657135,0.9986876845359802,0.9133676290512085,0.9428074955940247,0.92897629737854,0.9386758804321289,True,9.43656882628227,7.198653319897317,1.98017821964664,9.43656882628227,15.112118301977912,False,7.198653319897317,12.146604863246939,False,1.98017821964664,3.3225898802676257,False,7.011359849974568,9.54865663725784,False,-2.793266123942999,-3.260553318259258,False,False,124.20593860255819,True
93,4.326792001724243,left,left,155.9681020297628,24.031897970237196,163.50006538351994,16.49993461648006,2.5309117849949256,78.73624185289552,11.546465322552692,-1.200883008352423,-3.044661486422143,OK,0.9160417914390564,knee,0.9999457597732544,0.9987673759460449,0.9160417914390564,0.9453466534614563,0.9321253299713135,0.9412299990653992,True,22.082554042414788,19.11519737501021,5.534447168725986,22.082554042414788,21.48416030704788,False,19.11519737501021,18.291457866177627,False,5.534447168725986,5.085221917105826,False,11.546465322552692,10.658505585027049,False,-3.044661486422143,-2.380581227050982,False,False,151.0823295880753,True
94,4.36422061920166,left,left,145.73138752631615,34.268612473683845,155.0524136367566,24.947586363243403,4.3895165334559945,76.27985802289167,14.002849152556536,-0.009599333211906605,-1.8533778112816321,OK,0.9190177321434021,knee,0.9999426007270813,0.9987970590591431,0.9190177321434021,0.9474887847900391,0.935404360294342,0.9432724714279175,True,32.31926854586143,27.562849121773553,7.393051917187055,32.31926854586143,28.706037796996668,False,27.562849121773553,25.34895682514686,False,7.393051917187055,7.039633648586387,False,14.002849152556536,9.579862694415786,False,-1.8533778112816321,0.8168519260203994,False,False,165.58290178862916,True
95,4.406818866729736,left,left,142.47806673941173,37.52193326058827,150.7412972986357,29.258702701364314,6.012638009361427,78.37473664036547,11.90797053508274,2.6506052089508865,0.8068267308811699,OK,0.9191473722457886,knee,0.9999370574951172,0.998790442943573,0.9191473722457886,0.9477184414863586,0.9358914494514465,0.9429911971092224,True,35.57258933276586,31.873965459894464,9.016173393092487,35.57258933276586,36.322250124181856,False,31.873965459894464,32.880198440664415,False,9.016173393092487,9.138847069460969,False,11.90797053508274,8.486030977171344,False,0.8068267308811699,4.0948677758070575,False,False,166.86874395361514,True
96,4.442097425460815,left,left,133.9314478345186,46.06855216548141,141.6211439093714,38.3788560906286,8.270782160548702,86.85203856353581,3.4306686119123952,12.812516798937326,10.968738320867601,OK,0.9238226413726807,knee,0.9999343752861023,0.9988086819648743,0.9238226413726807,0.9507006406784058,0.9389119148254395,0.945862889289856,True,44.119208237658995,40.99411884915875,11.274317544279763,44.119208237658995,43.41814337032455,False,40.99411884915875,39.71337697309028,False,11.274317544279763,10.75415965000968,False,3.4306686119123952,6.879684698646261,False,10.968738320867601,7.5792413485976855,False,False,158.2141796382432,True
97,4.484331369400024,left,left,130.5330256099694,49.4669743900306,137.76040136104507,42.23959863895493,9.472709940288484,88.74050591169585,1.5422012637523608,15.440591603060023,13.596813124990291,OK,0.9290068745613098,knee,0.9999350905418396,0.998866856098175,0.9290068745613098,0.9540057182312012,0.9423108100891113,0.9491345286369324,True,47.51763046220819,44.85486139748508,12.476245324019544,47.51763046220819,49.00804153444757,False,44.85486139748508,45.48285453908775,False,12.476245324019544,12.274820468563744,False,1.5422012637523608,4.676409987190317,False,13.596813124990291,11.123597476733256,False,False,151.17505677484647,True
98,4.535702466964722,left,left,120.48863579904933,59.511364200950666,129.33417272139062,50.665827278609385,10.607474687738494,86.76797324552093,3.5147339299272744,16.22098485560071,14.377206377530996,OK,0.9341995716094971,knee,0.999928891658783,0.998948335647583,0.9341995716094971,0.9573397636413574,0.9454888701438904,0.9525200128555298,True,57.562020273128255,53.281090037139535,13.611010071469554,57.562020273128255,54.84345503272715,False,53.281090037139535,51.50692938202419,False,13.611010071469554,13.754904638142875,False,3.5147339299272744,3.25839296025199,False,14.377206377530996,13.833037328593832,False,False,141.40096466435162,True
99,4.570064544677734,left,left,117.78189670570103,62.21810329429897,126.20502580676926,53.79497419323074,11.992820626226312,87.2962315801714,2.986475595276815,17.712181307465944,15.868402829396217,OK,0.9400665760040283,knee,0.9999324679374695,0.9990484118461609,0.9400665760040283,0.9612597227096558,0.9499631524085999,0.9568622708320618,True,60.26875936647656,56.41023695176089,14.996356009957372,60.26875936647656,59.11435134309145,False,56.41023695176089,56.02513523690267,False,14.996356009957372,14.944803416176432,False,2.986475595276815,2.1286487296630012,False,15.868402829396217,15.905370792702206,False,False,124.58553558853077,True
100,4.601711988449097,left,left,113.30099924801384,66.69900075198616,120.62092308395343,59.37907691604657,13.41305885725708,85.4648217750571,4.817885400391106,16.19780446825377,14.354025990184056,OK,0.9455106258392334,knee,0.9999340176582336,0.999131441116333,0.9455106258392334,0.9646742343902588,0.9539822340011597,0.9605776071548462,True,64.74965682416375,61.99433967457672,16.41659424098814,64.74965682416375,64.67968977472631,False,61.99433967457672,61.74330476077307,False,16.41659424098814,16.298993162069998,False,4.817885400391106,2.7445687327042747,False,14.354025990184056,16.49080944331896,False,False,115.6791864955319,True
101,4.660633563995361,left,left,112.57696628269707,67.42303371730293,119.03011463497903,60.96988536502097,14.220276050716482,92.50075971648076,-2.2180525410325487,23.174184119479204,21.33040564140947,OK,0.9501171112060547,knee,0.9999328851699829,0.9991941452026367,0.9501171112060547,0.9674527049064636,0.9571149349212646,0.9635332226753235,True,65.47368978948052,63.58514812355112,17.22381143444754,65.47368978948052,69.35717461114807,False,63.58514812355112,66.91381024140524,False,17.22381143444754,17.659329039378463,False,-2.2180525410325487,3.954460071598376,False,21.33040564140947,16.148233337522896,False,False,105.97747980499358,True
102,4.700942754745483,left,left,102.7063334517951,77.2936665482049,109.16955374169308,70.83044625830692,16.24365866975633,85.66090589648948,4.621801278958728,18.367784856143775,16.524006378074063,OK,0.9543029069900513,knee,0.9999315142631531,0.9992532730102539,0.9543029069900513,0.9701828956604004,0.960355281829834,0.9665246605873108,True,75.34432262038248,73.44570901683707,19.247194053487387,75.34432262038248,72.98963189749642,False,73.44570901683707,71.28064522192676,False,19.247194053487387,19.137069140350846,False,4.621801278958728,5.447756700331436,False,16.524006378074063,15.39829911558906,False,False,87.10314802773576,True
103,4.750094175338745,left,left,97.10121161694056,82.89878838305944,103.48164531822972,76.51835468177028,17.4091540742808,80.71851655105043,9.564190624397781,14.5081043266204,12.664325848550675,OK,0.9582139849662781,knee,0.9999327063560486,0.9993209838867188,0.9582139849662781,0.9727771282196045,0.9637153744697571,0.9694838523864746,True,80.94944445523703,79.13361744030043,20.412689458011858,80.94944445523703,76.24554335453715,False,79.13361744030043,75.32282246676482,False,20.412689458011858,20.72747317504629,False,9.564190624397781,3.7642230640674343,False,12.664325848550675,17.88597099875117,False,False,64.17287035976737,True
104,4.79286789894104,left,left,99.61961027395924,80.38038972604076,104.37085090416164,75.62914909583836,19.38152113108825,79.8297484365061,10.452958738942115,13.962510197796755,12.118731719727037,OK,0.961925745010376,knee,0.9999340772628784,0.9993839263916016,0.961925745010376,0.9752395153045654,0.9668377041816711,0.9722445011138916,True,78.43104579821835,78.24441185436851,22.385056514819308,78.43104579821835,79.49915241272898,False,78.24441185436851,79.23996095457372,False,22.385056514819308,22.26818589929444,False,10.452958738942115,4.022483293556664,False,12.118731719727037,18.504894063893026,False,False,50.87807237989,True
105,4.835824966430664,left,left,97.02144196281023,82.97855803718977,100.41003685976315,79.58996314023685,21.365079030734275,93.88248995637711,-3.599782780928905,28.636163884064306,26.792385405994594,OK,0.9650716185569763,knee,0.9999309778213501,0.9994372129440308,0.9650716185569763,0.9772945046424866,0.9694149494171143,0.9745540022850037,True,81.02921410936736,82.205225898767,24.368614414465334,81.02921410936736,81.10463537497807,False,82.205225898767,81.52866438917508,False,24.368614414465334,23.45089398086284,False,-3.599782780928905,0.9476177137198846,False,26.792385405994594,22.079247252945954,False,False,38.634470552904716,True
106,4.8828651905059814,left,left,96.30892099173796,83.69107900826204,99.4444221959346,80.5555778040654,21.923839671957253,91.20945856903461,-0.9267513935864002,26.268799445188492,24.42502096711877,OK,0.9679494500160217,knee,0.9999268651008606,0.9994844198226929,0.9679494500160217,0.9791678190231323,0.9719031453132629,0.9766525030136108,True,81.74173508043962,83.17084056259554,24.927375055688312,81.74173508043962,81.88898947082984,False,83.17084056259554,82.96064170299681,False,24.927375055688312,24.487180904429064,False,-0.9267513935864002,-4.967697196176809,False,24.42502096711877,28.383225868438892,False,False,26.439697084723072,True
107,4.932525873184204,left,left,94.67891864054957,85.32108135945043,97.72603656868627,82.27396343131373,22.157199077598328,101.03523379567338,-10.752526620225169,36.2395508014084,34.39577232333869,OK,0.9704734683036804,knee,0.999920666217804,0.9995254874229431,0.9704734683036804,0.9808588027954102,0.9740499258041382,0.9785170555114746,True,83.37173743162802,84.88922618984388,25.160734461329387,83.37173743162802,82.9832905278316,False,84.88922618984388,84.39796106683495,False,25.160734461329387,25.17689440626968,False,-10.752526620225169,-10.673770480624189,False,34.39577232333869,34.43599434789049,False,False,13.64875542872726,True
108,4.971363306045532,left,left,93.17944113768175,86.82055886231825,96.32175874912103,83.67824125087897,22.59058869211192,110.2950911005339,-20.012383925085686,46.02799740408509,44.184218926015376,OK,0.9727199673652649,knee,0.9999157190322876,0.9995587468147278,0.9727199673652649,0.9823773503303528,0.975982666015625,0.9801983833312988,True,84.87121493449584,86.29350400940912,25.594124075842977,84.87121493449584,83.56951082879205,False,86.29350400940912,85.05084210316139,False,25.594124075842977,25.50371286200671,False,-20.012383925085686,-13.310613211336028,False,44.184218926015376,37.332994798973374,False,False,3.3149981693005657,True
109,5.016043186187744,left,left,94.14810498895042,85.85189501104958,97.18425408497087,82.81574591502913,22.830088640291326,108.36011485874299,-18.07740768329478,44.22635259505477,42.38257411698504,OK,0.9745417237281799,knee,0.9999061822891235,0.999584972858429,0.9745417237281799,0.9835821986198425,0.9775787591934204,0.9815358519554138,True,83.90255108322717,85.43100867355928,25.833624024022384,83.90255108322717,83.8045125324442,False,85.43100867355928,84.98825769070336,False,25.833624024022384,25.531536483248086,False,-18.07740768329478,-15.099453390720928,False,42.38257411698504,39.44724471570986,False,False,-10.41764920361759,True
110,5.060892820358276,left,left,94.09034045800804,85.90965954199196,97.145631678131,82.854368321869,22.999171309419424,107.06670360993631,-16.783996434488103,43.1211661394787,41.277387661408994,OK,0.976218044757843,knee,0.999902606010437,0.9996126294136047,0.976218044757843,0.984674870967865,0.9790568351745605,0.9827675819396973,True,83.96031561416955,85.46963108039915,26.002706693150483,83.96031561416955,82.92124698310586,False,85.46963108039915,83.70821185517707,False,26.002706693150483,25.38345979705415,False,-16.783996434488103,-14.98796074182388,False,41.277387661408994,39.584455666806846,False,False,-27.12848502452489,True
111,5.108372449874878,left,left,95.13391247347708,84.86608752652292,99.75734425822475,80.24265574177525,22.06295777816414,100.15365946595911,-9.8709522905109,36.840049028870915,34.9962705508012,OK,0.9780194759368896,knee,0.9998942613601685,0.9996367692947388,0.9780194759368896,0.9857485294342041,0.9803151488304138,0.9839447736740112,True,82.9167435987005,82.8579185003054,25.0664931618952,82.9167435987005,81.54818258710571,False,82.8579185003054,81.92129417241767,False,25.0664931618952,25.056096088242963,False,-9.8709522905109,-13.022428336110867,False,34.9962705508012,37.70541283904187,False,False,-48.734912329252964,True
112,5.152247190475464,left,left,99.0952463872413,80.9047536127587,104.1262657463178,75.8737342536822,21.41681564662865,100.47777055118814,-10.195063375739934,36.92560555689331,35.08182707882361,OK,0.9797639846801758,knee,0.9998971223831177,0.9996646046638489,0.9797639846801758,0.986816942691803,0.9815307855606079,0.9851236343383789,True,78.95540968493628,78.48899701221235,24.420351030359708,78.95540968493628,78.5519991231774,False,78.48899701221235,78.61246821249298,False,24.420351030359708,24.373327729342083,False,-10.195063375739934,-10.660610621312362,False,35.08182707882361,34.97346926133885,False,False,-68.31292651204913,True
113,5.205424785614014,left,left,100.0447631176825,79.9552368823175,105.25634716291793,74.74365283708207,20.95377014805599,100.46742907196882,-10.184721896520614,36.63278326526023,34.78900478719052,OK,0.9812405705451965,knee,0.9998969435691833,0.9996864199638367,0.9812405705451965,0.9877167344093323,0.9825663566589355,0.9861194491386414,True,78.00589295449508,77.35891559561222,23.95730553178705,78.00589295449508,75.25880227515592,False,77.35891559561222,75.06783887734287,False,23.95730553178705,23.62679927852103,False,-10.184721896520614,-6.801333541899834,False,34.78900478719052,30.619096218233928,False,False,-85.07514321080767,True
114,5.242244482040405,left,left,109.12902230859206,70.87097769140794,113.72838388459432,66.27161611540568,19.416246845786905,96.55102628475046,-6.268319109302254,30.56663470653965,28.722856228469936,OK,0.982629120349884,knee,0.9998937249183655,0.9997034668922424,0.982629120349884,0.9885676503181458,0.9833190441131592,0.9869656562805176,True,68.92163376358553,68.88687887393583,22.419782229517963,68.92163376358553,70.76133109446923,False,68.88687887393583,70.66533938445474,False,22.419782229517963,22.647750316794625,False,-6.268319109302254,-3.9149377164008796,False,28.722856228469936,26.65867974321002,False,False,-98.893290827293,True
115,5.29339599609375,left,left,110.55632469811542,69.44367530188458,114.86877835388162,65.13122164611838,19.266529055314177,87.77031821287368,2.5123889625745335,21.349300923954083,19.505522445884367,OK,0.9836969375610352,knee,0.9998857378959656,0.9997202754020691,0.9836969375610352,0.9892736077308655,0.9840999245643616,0.9877120852470398,True,67.49433137406217,67.74648440464853,22.270064439045235,67.49433137406217,66.59881815569472,False,67.74648440464853,66.63010538378869,False,22.270064439045235,21.57019419218442,False,2.5123889625745335,-0.7000056107568298,False,19.505522445884367,22.238912574847298,False,False,-112.6148591897874,True
116,5.338558673858643,left,left,117.62126837691045,62.37873162308955,121.76984172266538,58.230158277334624,17.167712969532104,85.72168033846434,4.561026836983871,17.037966653751376,15.19418817568166,OK,0.9848740696907043,knee,0.9998871088027954,0.9997385144233704,0.9848740696907043,0.9900310039520264,0.9849050641059875,0.9884861707687378,True,60.42938769526714,60.845421035864774,20.171248353263163,60.42938769526714,60.66079824882415,False,60.845421035864774,60.910228506828616,False,20.171248353263163,20.158830591034032,False,4.561026836983871,2.491249299718851,False,15.19418817568166,17.41815103331072,False,False,-125.02618684396612,True
117,5.379089117050171,left,left,119.9078110811139,60.092188918886094,124.3024357496481,55.6975642503519,16.029035023577634,84.4031100229679,5.879597152480315,14.826769715079712,12.982991237009998,OK,0.9850008487701416,heel,0.9998666644096375,0.9997339844703674,0.9852395057678223,0.9903115630149841,0.9850008487701416,0.988469660282135,True,58.14284499106368,58.31282700888205,19.032570407308693,58.14284499106368,56.33226170134519,False,58.31282700888205,56.66507815737157,False,19.032570407308693,18.923994695244538,False,5.879597152480315,4.721946815870206,False,12.982991237009998,13.869231423347946,False,False,-136.1584007131497,True
118,5.423459768295288,left,left,129.73486265203536,50.26513734796464,133.85573154771828,46.14426845228172,13.89695214230404,84.51115451959042,5.771552655857789,12.528975557577356,10.685197079507645,OK,0.9849230051040649,heel,0.9998680949211121,0.999747097492218,0.9854993224143982,0.9904286861419678,0.9849230051040649,0.9879736304283142,True,48.31579342014223,48.75953121081187,16.9004875260351,48.31579342014223,49.0632173223641,False,48.75953121081187,49.42451768224064,False,16.9004875260351,16.85267375657892,False,5.771552655857789,4.51036955261512,False,10.685197079507645,11.981003844087258,False,False,-149.77847158654944,True
119,5.475094556808472,left,left,130.7717050459869,49.22829495401311,134.95413563187955,45.04586436812045,13.24206736683944,85.39753870399369,4.88516847145452,12.822036656725777,10.978258178656063,OK,0.9850257635116577,heel,0.9998327493667603,0.999745786190033,0.9858742356300354,0.9906600713729858,0.9850257635116577,0.9879321455955505,True,47.2789510261907,47.6611271266506,16.245602750570498,47.2789510261907,41.07980038433719,False,47.6611271266506,41.3032554452861,False,16.245602750570498,14.495855866825474,False,4.88516847145452,3.523522123756581,False,10.978258178656063,10.74887868211997,False,False,-164.2539302419418,True
120,5.5229597091674805,left,left,146.9015465930208,33.09845340697919,151.07158072953627,28.928419270463735,8.909924361986084,88.8282045291491,1.4545026462991046,11.908163027650648,10.064384549580922,OK,0.9815902709960938,heel,0.9998363852500916,0.9997144937515259,0.985124409198761,0.9895359873771667,0.9815902709960938,0.9857310056686401,True,31.14910947915678,31.543682028993885,11.913459745717145,31.14910947915678,33.11367750152679,False,31.543682028993885,33.02039341450726,False,11.913459745717145,11.983490774343224,False,1.4545026462991046,2.8545916319106284,False,10.064384549580922,9.2221832294521,False,False,-168.2323816320698,True
121,5.56385350227356,left,left,157.53835306704502,22.461646932954977,162.3761529074381,17.623847092561903,5.383623520764867,90.65591748275703,-0.373210307308824,10.877340843914961,9.033562365845228,OK,0.9797849059104919,heel,0.9998489618301392,0.9996829628944397,0.9852509498596191,0.9891310930252075,0.9797849059104919,0.9843471050262451,True,20.51230300513257,20.239109851092053,8.387158904495926,20.51230300513257,25.57539967576922,False,20.239109851092053,24.95745003021513,False,8.387158904495926,9.312610792173896,False,-0.373210307308824,1.4713379329144232,False,9.033562365845228,8.459222504813544,False,False,-152.8384868373126,True
122,5.6017889976501465,left,left,159.73842549516593,20.261574504834073,165.71674590354226,14.283254096457739,3.4672095611663845,87.74776248219766,2.5349446932505515,7.193292451740367,5.349513973670639,OK,0.9775443077087402,heel,0.999855101108551,0.9996342062950134,0.9841498136520386,0.9882494211196899,0.9775443077087402,0.9829389452934265,True,18.312230577011665,16.89851685498789,6.470744944897445,18.312230577011665,18.106311106613596,False,16.89851685498789,16.867529126285625,False,6.470744944897445,6.6392116398158745,False,2.5349446932505515,1.0129023769916927,False,5.349513973670639,6.865091243152136,False,False,-134.9852943529706,True
123,5.660776138305664,left,left,167.4262517808232,12.573748219176792,174.17044846917892,5.829551530821078,0.5425522314574068,91.42742301457145,-1.1447158391232364,8.714171934384591,6.870393456314872,OK,0.9680497646331787,heel,0.9998487830162048,0.9994344711303711,0.9767478108406067,0.982254683971405,0.9680497646331787,0.9751237630844116,True,10.624404291354383,8.444814289351228,3.546087615188467,10.624404291354383,12.969114198331422,False,8.444814289351228,11.014935932750877,False,3.546087615188467,4.510617829440001,False,-1.1447158391232364,1.3187493358938867,False,6.870393456314872,5.146046759126648,False,False,-110.30036001464177,True
124,5.702981948852539,left,left,168.117147891765,11.882852108235,175.40374015152707,4.596259848472926,-0.12492839495066864,87.68971648360734,2.5929906918408676,4.851380348418736,3.0076018703490206,OK,0.9656453132629395,heel,0.9998555779457092,0.9994061589241028,0.9734405279159546,0.9808179140090942,0.9656453132629395,0.9736430048942566,True,9.93350818041259,7.211522607003075,2.8786069887803913,9.93350818041259,9.618627466101028,False,7.211522607003075,7.078013583014848,False,2.8786069887803913,2.994813026673078,False,2.5929906918408676,1.7528062615115005,False,3.0076018703490206,3.7826206482477516,False,False,-83.19311670569564,True
125,5.757827043533325,left,left,172.58753113443169,7.412468865568314,179.66545330278998,-0.3345466972100155,-1.7330446898932872,87.29896973463813,2.9837374408100743,3.312940607523187,1.4691621294534798,OK,0.9629377126693726,heel,0.9998642206192017,0.9993768334388733,0.9699303507804871,0.9791839718818665,0.9629377126693726,0.9714264869689941,True,5.4631249377459055,2.280716061320134,1.270490693837773,5.4631249377459055,6.261819172577107,False,2.280716061320134,3.2283997834026588,False,1.270490693837773,1.627322999018195,False,2.9837374408100743,1.5318815087863016,False,1.4691621294534798,3.1288608794063464,False,False,-61.964264527962634,True
126,5.804655313491821,left,left,174.290786728197,5.709213271803009,177.93923534388176,-2.060764656118238,-2.1954004930697484,88.48563285466896,1.7970743207792452,4.060210289520471,2.2164318114507466,OK,0.9583612680435181,heel,0.9998686909675598,0.9992356896400452,0.9645219445228577,0.975932776927948,0.9583612680435181,0.9674180746078491,True,3.7598693439805997,0.5544981024119116,0.8081348906613117,3.7598693439805997,4.137349131792998,False,0.5544981024119116,0.7821091746976483,False,0.8081348906613117,0.7399262319066974,False,1.7970743207792452,1.938120781733693,False,2.2164318114507466,2.1570454072683503,False,False,-49.90459524278738,True
127,5.837458372116089,left,left,176.52246696278553,3.477533037214471,175.0351850983968,-4.964814901603205,-3.37024057710803,88.85238624582365,1.430320929624557,3.9244936075333205,2.080715129463613,OK,0.9547967910766602,heel,0.9998763799667358,0.9991840720176697,0.9592462182044983,0.9732914566993713,0.9547967910766602,0.9651457071304321,True,1.5281891093920617,-2.3495521430730557,-0.36670519337697005,1.5281891093920617,2.094383792669751,False,-2.3495521430730557,-1.44175845036881,False,-0.36670519337697005,-0.036455143219767505,False,1.430320929624557,1.6581587362615835,False,2.080715129463613,1.8415283635572053,False,False,-38.410513879411084,True
128,5.8941850662231445,left,left,178.04860198474375,1.9513980152562453,173.59809848729603,-6.401901512703972,-3.894431604100083,89.39622664983449,0.8864805256137203,3.8550945736946196,2.011316095624892,OK,0.9517755508422852,heel,0.9998847842216492,0.9991163015365601,0.9551869630813599,0.9710656404495239,0.9517755508422852,0.9632385969161987,True,0.0020540874338361714,-3.786638754173823,-0.8908962203690227,0.0020540874338361714,0.8079887596404571,False,-3.786638754173823,-2.757116593263789,False,-0.8908962203690227,-0.5521127010513539,False,0.8864805256137203,1.5710576333472743,False,2.011316095624892,1.441935018505609,False,False,-28.276582241550244,True
129,5.938708782196045,left,left,178.33197458738124,1.6680254126187606,173.47692172314063,-6.523078276859366,-4.006835270582993,89.08952671096789,1.1931804644803208,3.27379512986301,1.430016651793295,OK,0.9470601081848145,heel,0.9998904466629028,0.9990262985229492,0.9476115703582764,0.966092586517334,0.9470601081848145,0.9590147733688354,True,-0.2813185152036486,-3.9078155183292163,-1.003299886851933,-0.2813185152036486,-0.17171519397617527,False,-3.9078155183292163,-3.697402126779049,False,-1.003299886851933,-0.9907646894447731,False,1.1931804644803208,1.8594673874266363,False,1.430016651793295,0.6754548559314628,False,False,-16.17217918689379,True
130,5.975807428359985,left,left,179.01950629957815,0.9804937004218459,173.0886625883151,-6.911337411684912,-4.311332479051219,87.73447524920968,2.548231926238529,1.314973882265209,-0.5288045958045018,OK,0.9403635859489441,knee,0.9998964071273804,0.9989619851112366,0.9403635859489441,0.9613696336746216,0.9416204690933228,0.9549800157546997,True,-0.9688502274005633,-4.296074653154762,-1.3077970953201592,-0.9688502274005633,-0.4442355720032797,False,-4.296074653154762,-3.8883183538932897,False,-1.3077970953201592,-1.176896525658216,False,2.548231926238529,2.2673784354264113,False,-0.5288045958045018,-0.00019217919461880228,False,False,-4.641946111257728,True
131,6.017902135848999,left,left,179.18930649628015,0.8106935037198468,173.23780767630547,-6.762192323694535,-4.3886604350368446,87.04358408427215,3.2391230911760545,0.22780947664973641,-1.615969001419984,OK,0.9339266419410706,knee,0.9999017119407654,0.9989302158355713,0.9339266419410706,0.9568082690238953,0.9371976256370544,0.9514714479446411,True,-1.1386504241025623,-4.146929565164386,-1.3851250513057844,-1.1386504241025623,-0.2723876045585176,False,-4.146929565164386,-3.6841568118543884,False,-1.3851250513057844,-1.2364781158026628,False,3.2391230911760545,2.8477420364464394,False,-1.615969001419984,-0.672450944953232,False,False,4.618480674650728,True
132,6.0649638175964355,left,left,177.88506885292105,2.1149311470789485,174.0806039628256,-5.919396037174408,-4.300899758175245,86.81283100582478,3.469876169623433,0.5462584319029127,-1.2975200461667953,OK,0.9309705495834351,knee,0.9999078512191772,0.9988551735877991,0.9309705495834351,0.9546862244606018,0.9365273118019104,0.9497157335281372,True,0.1655872192565393,-3.304133278644259,-1.2973643744441845,0.1655872192565393,0.03204755774755443,False,-3.304133278644259,-3.3488095892139547,False,-1.2973643744441845,-1.2377951987583447,False,3.469876169623433,3.385941260809696,False,-1.2975200461667953,-1.2428793126065272,False,False,14.552206391268905,True
133,6.1037373542785645,left,left,177.18936214751994,2.810637852480056,174.61890619749053,-5.381093802509469,-4.192339554822316,86.49440864473435,3.7882985307138597,0.4938007449015545,-1.3499777331681742,OK,0.9287258386611938,knee,0.9999139904975891,0.9987971782684326,0.9287258386611938,0.9529917240142822,0.9357830286026001,0.9484205842018127,True,0.861293924657647,-2.7658310439793192,-1.1888041710912556,0.861293924657647,0.5242104823179741,False,-2.7658310439793192,-2.8612057860713502,False,-1.1888041710912556,-1.1521333522828783,False,3.7882985307138597,3.7244295256761206,False,-1.3499777331681742,-1.4911466095696653,False,False,28.705405125496913,True
134,6.142637491226196,left,left,176.80979877585088,3.1902012241491207,175.1536578363428,-4.846342163657198,-4.013420685361403,86.3985305891516,3.8841765862966042,0.421653291596539,-1.4221251864731812,OK,0.924814760684967,knee,0.999920129776001,0.9987403154373169,0.924814760684967,0.9504434466362,0.9345312714576721,0.9461848735809326,True,1.2408572963267115,-2.2310794051270486,-1.009885301630343,1.2408572963267115,1.8992475993978157,False,-2.2310794051270486,-1.656569864866254,False,-1.009885301630343,-0.8718743658897653,False,3.8841765862966042,4.227172540213237,False,-1.4221251864731812,-1.543229441838929,False,False,50.65313945365769,True
135,6.1837241649627686,left,left,176.55869167672606,3.441308323273944,175.5266816040281,-4.473318395971887,-3.8830232466738877,86.04203392487756,4.2406732505706515,0.07363739744952837,-1.770141080620192,OK,0.9215110540390015,knee,0.9999255537986755,0.9986955523490906,0.9215110540390015,0.9483179450035095,0.9334712028503418,0.9443513751029968,True,1.4919643954515347,-1.8580556374417379,-0.8794878629428275,1.4919643954515347,3.3779762119004118,False,-1.8580556374417379,-0.2989992379910527,False,-0.8794878629428275,-0.5325748582161947,False,4.2406732505706515,4.825809455758619,False,-1.770141080620192,-1.6814088640833575,False,False,74.56119717356283,True
136,6.221496343612671,left,left,172.31412091088094,7.685879089119055,179.26098728233094,-0.7390127176690555,-2.9873655030712793,84.52986901158657,5.7528381638616395,-0.03260468469657715,-1.8763831627663023,OK,0.9201966524124146,knee,0.9999310970306396,0.9987121224403381,0.9201966524124146,0.9464817047119141,0.9327219724655151,0.9427830576896667,True,5.736535161296646,1.8762500408610938,0.016169880659780755,5.736535161296646,7.114115752756495,False,1.8762500408610938,3.0824266377169005,False,0.016169880659780755,0.33854764207506377,False,5.7528381638616395,6.583014440565213,False,-1.8763831627663023,-2.2127776834505597,False,False,100.32211344988414,True
137,6.265184640884399,left,left,170.49142579040807,9.508574209591927,179.1315429027984,0.868457097201599,-2.6044022198073917,83.81964642809787,6.46306074735034,-0.1446386793192249,-1.9884171573889375,OK,0.9194355010986328,knee,0.9999364018440247,0.9987167716026306,0.9194355010986328,0.9445681571960449,0.9316514730453491,0.9406638145446777,True,7.559230281769518,3.4837198557317484,0.3991331639236684,7.559230281769518,12.94627398691163,False,3.4837198557317484,8.303975329415561,False,0.3991331639236684,1.6616298103052827,False,6.46306074735034,8.440189014029267,False,-1.9884171573889375,-2.1362605462279305,False,False,125.5837650555015,True
138,6.315410852432251,left,left,158.50866444323952,21.491335556760475,168.4739644239697,11.526035576030296,0.16327294663397673,77.70838372070138,12.574323454746832,-2.1630433519344767,-4.006821830004185,OK,0.918368935585022,knee,0.9999384880065918,0.9987556338310242,0.918368935585022,0.9434340596199036,0.9320005774497986,0.939409613609314,True,19.541991628938067,14.141298334560446,3.1668083303650367,19.541991628938067,19.21146501828563,False,14.141298334560446,13.997864858845247,False,3.1668083303650367,3.143025458692511,False,12.574323454746832,9.737875490175531,False,-4.006821830004185,-1.381249872042656,False,False,142.8556241826784,True
139,6.3529322147369385,left,left,147.6490076050752,32.35099239492479,158.7385987051639,21.261401294836105,2.6019901557896916,77.11265772183134,13.170049453616869,0.8042389777096945,-1.0395395003600356,OK,0.9219281077384949,knee,0.9999380707740784,0.9988154172897339,0.9219281077384949,0.9463891386985779,0.9357946515083313,0.9422731995582581,True,30.40164846710238,23.876664053366255,5.605525539520752,30.40164846710238,25.731711030712223,False,23.876664053366255,20.01975996046025,False,5.605525539520752,4.764400229411912,False,13.170049453616869,8.74404995462989,False,-1.0395395003600356,1.7323013450339715,False,False,145.7288915315152,True
140,6.395228862762451,left,left,145.23273651985605,34.76726348014395,156.00387074882346,23.99612925117654,3.5239549952622533,79.55360154414623,10.729105631301977,3.8486907683758975,2.00491229030618,OK,0.9242584109306335,knee,0.9999358057975769,0.998838484287262,0.9242584109306335,0.948559045791626,0.9379026889801025,0.9444555640220642,True,32.81791955232154,26.61139200970669,6.527490378993313,32.81791955232154,32.01955516284903,False,26.61139200970669,26.10822636856803,False,6.527490378993313,6.597353226918152,False,10.729105631301977,7.673333715257496,False,2.00491229030618,4.835348305941636,False,False,138.90258457096687,True
141,6.432615518569946,left,left,139.71289084874797,40.287109151252025,150.62953720959405,29.370462790405952,5.119508350525726,89.49899668931478,0.7837104861334296,15.535151400686562,13.691372922616836,OK,0.9270025491714478,knee,0.9999353289604187,0.9988741278648376,0.9270025491714478,0.9507328867912292,0.9406174421310425,0.9465468525886536,True,38.337765223429614,31.985725548936102,8.123043734256786,38.337765223429614,38.03335766708074,False,31.985725548936102,32.34414502383562,False,8.123043734256786,8.325662211770311,False,0.7837104861334296,4.600591624148445,False,13.691372922616836,9.41428323086696,False,False,129.7815480661217,True
142,6.476879596710205,left,left,139.05220512972403,40.94779487027597,148.6892108622595,31.3107891377405,6.56036276772381,89.17322762495984,1.1094795504883734,15.37059612521911,13.526817647149386,OK,0.9316681027412415,knee,0.9999389052391052,0.9989387392997742,0.9316681027412415,0.9530414342880249,0.9429748058319092,0.948752224445343,True,38.99845094245356,33.92605189627065,9.56389815145487,38.99845094245356,42.104420545638774,False,33.92605189627065,36.854864628731555,False,9.56389815145487,9.724924530167069,False,1.1094795504883734,1.554422224095228,False,13.526817647149386,13.420058222979042,False,False,119.98849411387701,True
143,6.528791666030884,left,left,128.43965192208097,51.56034807791903,137.29437114763172,42.70562885236828,8.804817870894764,93.07209417624664,-2.7893870007984276,20.73163127269216,18.887852794622432,OK,0.937239944934845,knee,0.999937117099762,0.9990125298500061,0.937239944934845,0.956905722618103,0.9466473460197449,0.9529109001159668,True,49.61100415009662,45.32089161089843,11.808353254625825,49.61100415009662,47.25315347384431,False,45.32089161089843,42.32582049254007,False,11.808353254625825,11.23710077594695,False,-2.7893870007984276,-0.13318397141073035,False,18.887852794622432,16.297617728661912,False,False,110.96258714381497,True
144,6.566403388977051,left,left,127.29369321228508,52.70630678771492,136.18500068068425,43.814999319315746,9.598301747773485,92.34350472209742,-2.060797546649212,20.833113938270085,18.98933546020038,OK,0.9414198398590088,knee,0.9999394416809082,0.9990772008895874,0.9414198398590088,0.9597944617271423,0.9494287967681885,0.955836832523346,True,50.75696285989251,46.430262077845896,12.601837131504546,50.75696285989251,51.503729515568565,False,46.430262077845896,47.247247952524525,False,12.601837131504546,12.673458144395454,False,-2.060797546649212,0.9642728325198391,False,18.98933546020038,15.965666874919645,False,False,109.65591274871943,True
145,6.615517854690552,left,left,119.48907187882834,60.51092812117166,128.6490914297809,51.350908570219104,11.084836224161661,87.99163252167602,2.291074653772185,18.236488296790252,16.392709818720533,OK,0.9463273882865906,knee,0.9999406337738037,0.9991576075553894,0.9463273882865906,0.9632868766784668,0.9532520771026611,0.9595876932144165,True,58.56158419334925,53.966171328749255,14.088371607892721,58.56158419334925,57.053276823516015,False,53.966171328749255,53.137026682894906,False,14.088371607892721,14.088973288674982,False,2.291074653772185,2.347253869341043,False,16.392709818720533,15.657969559955045,False,False,113.69420331778474,True
146,6.650660276412964,left,left,118.4600106401267,61.5399893598733,126.02239990967173,53.977600090328266,12.301295192768247,84.01171266966193,6.270994505786277,13.87539713197521,12.031618653905497,OK,0.9511846899986267,knee,0.9999424815177917,0.9992353320121765,0.9511846899986267,0.9666886925697327,0.9570248126983643,0.9632912278175354,True,59.59064543205089,56.59286284885842,15.304830576499308,59.59064543205089,60.843920688344284,False,56.59286284885842,57.29666504511952,False,15.304830576499308,15.310832355745612,False,6.270994505786277,4.65066718372884,False,12.031618653905497,14.207420815241539,False,False,111.72323682018609,True
147,6.689211845397949,left,left,111.30446858998675,68.69553141001325,119.24031721040761,60.75968278959239,13.63793848912145,82.25832244085382,8.024384734594392,13.832109550396096,11.988331072326389,OK,0.9557257890701294,knee,0.9999449253082275,0.9993056654930115,0.9557257890701294,0.9698018431663513,0.9607144594192505,0.9667180180549622,True,66.74618748219083,63.37494554812254,16.641473872852508,66.74618748219083,66.20811545377214,False,63.37494554812254,62.987076157536976,False,16.641473872852508,16.647820453263684,False,8.024384734594392,7.348506755500469,False,11.988331072326389,12.520352993998369,False,False,106.67229269426723,True
148,6.741657257080078,left,left,109.48643259793965,70.51356740206035,116.4961793365087,63.5038206634913,14.914113206247913,81.55502760430765,8.727679571140555,13.478887549124618,11.635109071054899,OK,0.9598093032836914,knee,0.9999465942382812,0.9993667602539062,0.9598093032836914,0.9725801944732666,0.9640796184539795,0.969760537147522,True,68.56422347423793,66.11908342202145,17.917648589978974,68.56422347423793,70.57643303321609,False,66.11908342202145,67.82471918870216,False,17.917648589978974,17.985303630726257,False,8.727679571140555,8.843261188834711,False,11.635109071054899,11.893756286405477,False,False,96.92253510842477,True
149,6.780469179153442,left,left,100.47271938514578,79.52728061485422,107.73294511859693,72.26705488140307,16.283242235363836,78.85430686323927,11.428400312208936,12.397774832054258,10.55399635398453,OK,0.9632400870323181,knee,0.9999452233314514,0.9994179010391235,0.9632400870323181,0.9749229550361633,0.9669119715690613,0.9723246097564697,True,77.57793668703181,74.88231763993322,19.286777619094895,77.57793668703181,74.75831172184704,False,74.88231763993322,72.43688861694187,False,19.286777619094895,19.449182461827306,False,11.428400312208936,9.414376046631014,False,10.55399635398453,12.35622952010146,False,False,80.785515919152,True
150,6.826556205749512,left,left,97.64748398160859,82.35251601839141,104.46087627395501,75.53912372604499,17.77225211147455,80.51786035500481,9.764846820443395,15.10350475882579,13.25972628075607,OK,0.9665056467056274,knee,0.9999479651451111,0.9994699954986572,0.9665056467056274,0.9770994186401367,0.9696453809738159,0.9747328758239746,True,80.403172090569,78.15438648457514,20.77578749520561,80.403172090569,77.70794580448673,False,78.15438648457514,76.1206741316665,False,20.77578749520561,20.89857700090362,False,9.764846820443395,6.275671360586353,False,13.25972628075607,16.21017731313749,False,False,62.07144695990735,True
151,6.874357461929321,left,left,97.55061719697194,82.44938280302806,102.96155276847317,77.03844723152683,19.62068934827349,81.15613838068042,9.126568794767792,16.187763300455135,14.343984822385409,OK,0.9693834781646729,knee,0.9999473094940186,0.9995176196098328,0.9693834781646729,0.9790849089622498,0.9721148610115051,0.9769185185432434,True,80.50003887520565,79.65370999005698,22.62422473200455,80.50003887520565,80.49982519446525,False,79.65370999005698,79.63820847467755,False,22.62422473200455,22.260414043850883,False,9.126568794767792,3.9031327422696394,False,14.343984822385409,19.218898021368926,False,False,46.982332827210165,True
152,6.919819116592407,left,left,96.55629817678839,83.44370182321161,100.82138963678449,79.17861036321551,20.88491118450302,97.95184587107713,-7.6691386956289165,33.10184851557626,31.258070037506542,OK,0.9717165231704712,knee,0.9999384880065918,0.999555766582489,0.9717165231704712,0.9807604551315308,0.9742041826248169,0.9787549376487732,True,81.4943578953892,81.79387312174566,23.88844656823408,81.4943578953892,81.7083646353162,False,81.79387312174566,81.81781512348498,False,23.88844656823408,23.57328995033122,False,-7.6691386956289165,1.7178756640001667,False,31.258070037506542,21.74596379816225,False,False,34.99707202130016,True
153,6.964470386505127,left,left,95.52703564804702,84.47296435195298,98.90850762145338,81.09149237854662,21.72329842098421,93.41772069589122,-3.1350135204430103,28.5224910902818,26.67871261221208,OK,0.9739595055580139,knee,0.9999331831932068,0.9995898604393005,0.9739595055580139,0.9822953939437866,0.9761871099472046,0.9804491400718689,True,82.52362042413057,83.70675513707677,24.72683380471527,82.52362042413057,82.48183381630524,False,83.70675513707677,83.36992207831096,False,24.72683380471527,24.58566336951004,False,-3.1350135204430103,-1.4059790473021934,False,26.67871261221208,25.103554154806496,False,False,28.13654637952923,True
154,7.011115312576294,left,left,94.43002218089104,85.56997781910896,96.83491187455977,83.16508812544023,22.84762176776552,89.78059225458664,0.5021149208615725,25.033103716020868,23.189325237951152,OK,0.9759730696678162,knee,0.9999322891235352,0.9996230006217957,0.9759730696678162,0.9837623238563538,0.9780453443527222,0.982048749923706,True,83.62063389128654,85.78035088397039,25.85115715149658,83.62063389128654,83.72651627813391,False,85.78035088397039,85.21003142982768,False,25.85115715149658,25.355401319834776,False,0.5021149208615725,-3.937136193740693,False,23.189325237951152,27.809022361881688,False,False,23.429778356819746,True
155,7.051734447479248,left,left,93.78013807666333,86.21986192333667,96.70034149982507,83.29965850017493,22.83411920736866,96.13713391151661,-5.854426736068405,31.891456542047006,30.047678063977287,OK,0.9777576923370361,knee,0.9999297261238098,0.9996520280838013,0.9777576923370361,0.9850027561187744,0.9796923398971558,0.9834160208702087,True,84.27051799551425,85.91492125870508,25.837654591099717,84.27051799551425,84.89689460829024,False,85.91492125870508,86.60412880123094,False,25.837654591099717,25.801637022801827,False,-5.854426736068405,-4.211818744478575,False,30.047678063977287,28.30622157433969,False,False,20.256752013377536,True
156,7.09094500541687,left,left,91.32720488782866,88.67279511217134,93.76100601088963,86.23899398911037,23.469379099897182,93.81192411287292,-3.5292169374247067,29.715104335831086,27.871325857761377,OK,0.97917640209198,knee,0.9999219179153442,0.999669075012207,0.97917640209198,0.9858934283256531,0.9808480143547058,0.9843416213989258,True,86.72345118434893,88.85425674764052,26.47291448362824,86.72345118434893,85.88325032057121,False,88.85425674764052,87.5595427066195,False,26.47291448362824,26.04789557460658,False,-3.5292169374247067,-5.973850533834937,False,27.871325857761377,30.345453722393234,False,False,14.485451041960323,True
157,7.155232906341553,left,left,90.70440652600672,89.29559347399328,93.85090277976819,86.14909722023181,23.11608969933827,99.32525862476653,-9.042551449318324,35.58784457786626,33.744066099796555,OK,0.98030024766922,knee,0.9999102354049683,0.9996839761734009,0.98030024766922,0.9865667223930359,0.9817318320274353,0.9850141406059265,True,87.34624954617087,88.76435997876196,26.11962508306933,87.34624954617087,86.38157438213753,False,88.76435997876196,87.71207458995019,False,26.11962508306933,25.97605493958961,False,-9.042551449318324,-6.835378532847517,False,33.744066099796555,31.480933264624458,False,False,4.768211889578538,True
158,7.202533721923828,left,left,90.5952570866421,89.4047429133579,94.13143809451063,85.86856190548937,22.954591180007963,102.22787964267303,-11.945172467224822,38.718651830549504,36.874873352479796,OK,0.9814532399177551,knee,0.9998999238014221,0.9996993541717529,0.9814532399177551,0.9873697757720947,0.9827361106872559,0.9858761429786682,True,87.45539898553548,88.48382466401952,25.95812656373902,87.45539898553548,86.60822658174739,False,88.48382466401952,87.66844185051443,False,25.95812656373902,25.875265327971192,False,-11.945172467224822,-5.48411395379708,False,36.874873352479796,30.299164013001235,False,False,-11.811378740258714,True
159,7.25041937828064,left,left,91.9384018730595,88.0615981269405,96.07225245790632,83.92774754209368,22.488418592680656,94.08823224964954,-3.805525074201327,30.710501427177004,28.86672294910727,OK,0.9825279712677002,knee,0.99989253282547,0.9997106194496155,0.9825279712677002,0.9881125092506409,0.9836243987083435,0.9866840243339539,True,86.11225419911808,86.54301030062383,25.491953976411715,86.11225419911808,85.70568902510334,False,86.54301030062383,86.3073522521501,False,25.491953976411715,25.55227067324978,False,-3.805525074201327,-3.899297575497445,False,28.86672294910727,28.849905021700472,False,False,-35.33846513980236,True
160,7.299403667449951,left,left,92.64687707861404,87.35312292138596,96.91850519700392,83.08149480299608,22.330171149276584,89.38081101626443,0.901896159183778,25.98261028393088,24.138831805861173,OK,0.9835949540138245,knee,0.9998893737792969,0.9997231364250183,0.9835949540138245,0.9888508319854736,0.9845253229141235,0.9874925017356873,True,85.40377899356355,85.69675756152623,25.333706533007643,85.40377899356355,84.59257565850393,False,85.69675756152623,84.82301637592586,False,25.333706533007643,25.23314737194776,False,0.901896159183778,-3.6878131281731754,False,24.138831805861173,28.69051978269901,False,False,-64.60481934468007,True
161,7.346041917800903,left,left,95.8398926710488,84.1601073289512,100.5664540027112,79.4335459972888,21.854405826290133,85.88784222137474,4.394864954073469,22.46880937932727,20.62503090125756,OK,0.9845352172851562,knee,0.9998860359191895,0.9997305870056152,0.9845352172851562,0.9895069003105164,0.9851619005203247,0.9882116913795471,True,82.21076340112879,82.04880875581895,24.857941210021192,82.21076340112879,80.50815561699972,False,82.04880875581895,80.54424807773528,False,24.857941210021192,24.50531913464788,False,4.394864954073469,-1.8921457277404214,False,20.62503090125756,26.361372401652726,False,False,-93.92230037978547,True
162,7.398449897766113,left,left,96.26997335900379,83.73002664099621,101.2725821608894,78.7274178391106,21.520473192828177,98.26783638814518,-7.985129212696975,34.790918382858976,32.94713990478925,OK,0.9854095578193665,knee,0.9998851418495178,0.9997424483299255,0.9854095578193665,0.9900925755500793,0.9857993125915527,0.9888827800750732,True,81.7806827131738,81.34268059764075,24.524008576559236,81.7806827131738,74.63883660636229,False,81.34268059764075,74.60171447498975,False,24.524008576559236,23.32586030742778,False,-7.985129212696975,-1.7364532288035122,False,32.94713990478925,25.09943566760383,False,False,-125.6267815791221,True
163,7.437694787979126,left,left,111.01735729416326,68.98264270583674,115.52527958546355,64.47472041453645,19.315449993508548,93.24954264050926,-2.9668354650610524,27.072914925318095,25.22913644724838,OK,0.9861552119255066,heel,0.9998875856399536,0.9997550845146179,0.9863665699958801,0.9907322525978088,0.9861552119255066,0.9894692897796631,True,67.03329877801433,67.0899831730666,22.318985377239606,67.03329877801433,68.3018876434888,False,67.0899831730666,68.32037327387064,False,22.318985377239606,21.867871373555374,False,-2.9668354650610524,-1.4274368966467592,False,25.22913644724838,23.276822639820285,False,False,-151.3354503083486,True
164,7.492392539978027,left,left,121.28499692624658,58.71500307375342,125.78492047163392,54.215079528366076,16.591124456580165,93.30976975496499,-3.0270625795167803,24.4008177569325,22.55703927886279,OK,0.9867262244224548,heel,0.9998913407325745,0.999771237373352,0.9872748255729675,0.9913563132286072,0.9867262244224548,0.9900702834129333,True,56.76565914593101,56.830342286896226,19.594659840311223,56.76565914593101,60.50792168838982,False,56.830342286896226,60.44068923258867,False,19.594659840311223,19.882213168056012,False,-3.0270625795167803,-1.5787146653948185,False,22.55703927886279,21.528160289251968,False,False,-159.56816639760305,True
165,7.530653953552246,left,left,124.33162189298152,55.66837810701848,128.32521120259946,51.67478879740054,15.040226479914553,87.83572935548067,2.446977819967543,16.869545145013156,15.02576666694344,OK,0.9864274263381958,heel,0.9998760223388672,0.9997562766075134,0.9871699213981628,0.991256594657898,0.9864274263381958,0.9895482063293457,True,53.71903417919607,54.29005155593069,18.043761863645614,53.71903417919607,52.66339875137262,False,54.29005155593069,52.589172654203914,False,18.043761863645614,17.92163770228267,False,2.446977819967543,0.9698164062805745,False,15.02576666694344,17.026047393170785,False,False,-157.2493460172725,True
166,7.5721755027771,left,left,134.8097224465437,45.1902775534563,139.96487420912106,40.035125790878936,11.926114798793314,86.64423106511504,3.6384761103331726,13.725497626485707,11.881719148415982,OK,0.985894501209259,heel,0.999876856803894,0.9997590780258179,0.9875579476356506,0.991349995136261,0.985894501209259,0.9892584085464478,True,43.240933625633886,42.65038854940909,14.929650182524375,43.240933625633886,45.928430112732165,False,42.65038854940909,45.75302760825864,False,14.929650182524375,15.986219897100138,False,3.6384761103331726,2.1669699453302855,False,11.881719148415982,13.994652456243363,False,False,-152.32533002533495,True
167,7.613786458969116,left,left,135.49258804408979,44.507411955910214,140.53016505281317,39.469834947186826,11.717595863961467,85.52518102976822,4.757526145679989,12.280353902453063,10.436575424383335,OK,0.9856323599815369,heel,0.9998728632926941,0.9997580051422119,0.9881516098976135,0.9914695620536804,0.9856323599815369,0.9889897108078003,True,42.5580680280878,42.085097705716976,14.721131247692528,42.5580680280878,41.00906503369752,False,42.085097705716976,40.674282469732326,False,14.721131247692528,14.463296489864158,False,4.757526145679989,3.5716881271001086,False,10.436575424383335,11.226390926729227,False,False,-140.88711131113055,True
168,7.656627178192139,left,left,144.69220048736554,35.30779951263446,149.70600481518994,30.293995184810058,9.638360967595894,87.2637749452607,3.0189322301875023,11.915940240681001,10.072161762611273,OK,0.9834112524986267,heel,0.9998757839202881,0.9997430443763733,0.9877797365188599,0.9906947016716003,0.9834112524986267,0.9871223568916321,True,33.35845558481205,32.90925794334021,12.641896351326954,33.35845558481205,35.03410050015258,False,32.90925794334021,34.07757571877291,False,12.641896351326954,12.410291545927379,False,3.0189322301875023,3.625899600191943,False,10.072161762611273,9.740916727115092,False,False,-127.21913123018115,True
169,7.693357706069946,left,left,145.88182232141983,34.11817767858017,151.1786461642655,28.8213538357345,8.976507420400255,86.28617884611587,3.9965283293323353,10.559510109361806,8.715731631292101,OK,0.9822698831558228,heel,0.9998814463615417,0.9997395873069763,0.9875485301017761,0.9903059601783752,0.9822698831558228,0.9858261942863464,True,32.168833750757756,31.43661659426465,11.980042804131315,32.168833750757756,30.630830990725322,False,31.43661659426465,29.425700834965784,False,11.980042804131315,10.86592734855832,False,3.9965283293323353,2.9107735228864273,False,8.715731631292101,9.160283981431423,False,False,-122.07173958223193,True
170,7.74023962020874,left,left,154.2064445607062,25.79355543929381,161.3087449573965,18.6912550426035,4.77520176023066,87.5646719900215,2.7180351854267144,9.442174146942499,7.598395668872769,OK,0.9810251593589783,heel,0.9998885989189148,0.9997149109840393,0.9865047335624695,0.9896233677864075,0.9810251593589783,0.9841448068618774,True,23.844211511471403,21.30651780113365,7.77873714396172,23.844211511471403,24.7742463266218,False,21.30651780113365,23.319295442128283,False,7.77873714396172,8.849986896796539,False,2.7180351854267144,1.472144310616565,False,7.598395668872769,8.832793470673483,False,False,-119.65020915954854,True
171,7.779510498046875,left,left,156.82606999368,23.173930006320006,163.22424862815672,16.775751371843285,4.204293811948015,90.21986145164261,0.06284572380559439,10.822333898067338,8.978555419997633,OK,0.9782668352127075,heel,0.9998940825462341,0.9996935725212097,0.983798623085022,0.9878736734390259,0.9782668352127075,0.9811146855354309,True,21.224586078497598,19.391014130373435,7.207829195679075,21.224586078497598,20.50154821286751,False,19.391014130373435,18.821873034960976,False,7.207829195679075,7.186524371804592,False,0.06284572380559439,0.6060702234262209,False,8.978555419997633,8.260129326284908,False,False,-118.04735093992902,True
172,7.824655532836914,left,left,164.7755113646074,15.22448863539259,171.06219201700068,8.937807982999317,1.6378936051525605,92.71832709111753,-2.435619915669321,10.642901348663356,8.799122870593635,OK,0.9714762568473816,heel,0.99989253282547,0.9996182322502136,0.9785425662994385,0.9840173721313477,0.9714762568473816,0.9765861630439758,True,13.27514470757018,11.553070741529467,4.641428988883621,13.27514470757018,15.036640150814478,False,11.553070741529467,13.14157568564097,False,4.641428988883621,5.170788471677997,False,-2.435619915669321,-0.07787257236963399,False,8.799122870593635,7.143725509221133,False,False,-113.23378683713767,True
173,7.865842580795288,left,left,166.05569105613696,13.944308943863035,172.19311685102647,7.806883148973526,1.3210483426361692,91.59414538121243,-1.3114382057642189,9.052619518738137,7.208841040668403,OK,0.969078779220581,heel,0.999899685382843,0.9995970726013184,0.975273847579956,0.9818143248558044,0.969078779220581,0.974017322063446,True,11.994965016040625,10.422145907503676,4.324583726367229,11.994965016040625,10.40281113946036,False,10.422145907503676,8.674125193638009,False,4.324583726367229,3.7840513511783733,False,-1.3114382057642189,-0.8304070379639767,False,7.208841040668403,6.343144334964694,False,False,-100.04403645159505,True
174,7.898843050003052,left,left,173.206362631685,6.7936373683149895,179.58013291086553,0.41986708913447046,-1.1021720802327204,89.70589282509515,0.576814350353061,4.977491024042953,3.133712545973225,OK,0.9662407636642456,heel,0.9999019503593445,0.9995449185371399,0.9717158675193787,0.9800862073898315,0.9662407636642456,0.9717508554458618,True,4.844293440492581,3.03512984766462,1.9013633034983397,4.844293440492581,6.190631468502678,False,3.03512984766462,4.370769492234279,False,1.9013633034983397,2.4029469292070336,False,0.576814350353061,-0.947486065508403,False,3.133712545973225,5.170294970983821,False,False,-85.12752370878286,True
175,7.957540035247803,left,left,177.37558961747678,2.624410382523223,176.3540025825887,-3.6459974174113086,-2.1584838422674584,91.32734431799321,-1.0446371425449996,5.4392682756603,3.5954897975905737,OK,0.9633418917655945,heel,0.9999047517776489,0.9995030164718628,0.9673885107040405,0.9781724810600281,0.9633418917655945,0.9701129198074341,True,0.6750664547008138,-1.0307346588811592,0.8450515414636017,0.6750664547008138,3.5283618806504498,False,-1.0307346588811592,1.339729210487763,False,0.8450515414636017,1.3362650884996312,False,-1.0446371425449996,-0.40293409974954386,False,3.5954897975905737,3.9278318584118552,False,False,-65.5587854527275,True
176,8.003051280975342,left,left,177.8869683484684,2.1130316515315997,175.25897286482464,-4.741027135175358,-2.701228297908688,90.80525658936475,-0.5225494139165363,4.9580870781629995,3.114308600093267,OK,0.9605066776275635,heel,0.999908983707428,0.9994214773178101,0.9623435735702515,0.9756553173065186,0.9605066776275635,0.9682202339172363,True,0.1636877237091905,-2.1257643766452086,0.3023070858223722,0.1636877237091905,1.0727293773435886,False,-2.1257643766452086,-1.5742608793459179,False,0.3023070858223722,0.25414304598141896,False,-0.5225494139165363,-0.09032390705617672,False,3.114308600093267,2.9914572097270877,False,False,-42.72161121394111,True
177,8.041332721710205,left,left,178.08685930386855,1.9131406961314497,173.78260657426674,-6.217393425733263,-3.69551559838445,89.99556726232323,0.28713991312497456,4.430585785803518,2.5868073077338067,OK,0.9552499055862427,heel,0.9999125599861145,0.9993143677711487,0.9566003084182739,0.971890926361084,0.9552499055862427,0.9647466540336609,True,-0.036203231690959514,-3.602130667203114,-0.6919802146533898,-0.036203231690959514,-0.0033179807169720467,False,-3.602130667203114,-3.1577021608197704,False,-0.6919802146533898,-0.48524419196421364,False,0.28713991312497456,-0.12861175585160822,False,2.5868073077338067,2.7977517439901702,False,False,-23.943159912766646,True
178,8.081198453903198,left,left,178.33385357267127,1.6661464273287265,173.23693269980512,-6.7630673001948765,-4.089561869954893,90.03109441774559,0.2516127577026168,4.370746275314287,2.5269677972445663,OK,0.9484899044036865,knee,0.9999162554740906,0.9992221593856812,0.9484899044036865,0.9649853706359863,0.9488263130187988,0.9585217237472534,True,-0.28319750049368264,-4.147804541664727,-1.0860264862238327,-0.28319750049368264,-0.36145025238030015,False,-4.147804541664727,-3.9885345502701868,False,-1.0860264862238327,-1.0572233530925335,False,0.2516127577026168,0.22483137449727905,False,2.5269677972445663,2.3450295703000505,False,False,-14.38456468390738,True
179,8.13910984992981,left,left,178.5865994219878,1.4134005780121868,172.5026606817652,-7.497339318234793,-4.799108269960883,89.8973320690723,0.38537510637590344,4.0089636953583625,2.165185217288638,OK,0.9403128027915955,heel,0.9999138116836548,0.9991161823272705,0.9408751130104065,0.9588541984558105,0.9403128027915955,0.9525035619735718,True,-0.5359433498102224,-4.882076559704644,-1.7955728862298233,-0.5359433498102224,-0.5605637936461537,False,-4.882076559704644,-4.560742443614994,False,-1.7955728862298233,-1.5081464508736488,False,0.38537510637590344,0.6982393581543164,False,2.165185217288638,1.793792840940864,False,False,-5.140810861492473,True
180,8.183370113372803,left,left,179.16625097579342,0.8337490242065826,172.1998406353366,-7.800159364663386,-5.018379647909057,89.56012866624877,0.7225785091994368,3.1756574072096844,1.3318789291399753,OK,0.9336825013160706,heel,0.9999110102653503,0.9988924860954285,0.9342208504676819,0.9540932774543762,0.9336825013160706,0.9473655223846436,True,-1.1155949036158266,-5.184896606133237,-2.0148442641779973,-1.1155949036158266,-0.7671553981394287,False,-5.184896606133237,-4.869372632267142,False,-2.0148442641779973,-1.7696930284882868,False,0.7225785091994368,0.9642055537073958,False,1.3318789291399753,1.3683186519320203,False,False,3.153778163193045,True
181,8.225404739379883,left,left,178.88253605479767,1.1174639452023314,172.3979333981006,-7.602066601899395,-4.955843786814265,88.43821667107956,1.8444905043686504,2.201903431367041,0.3581249532973345,OK,0.9286867380142212,knee,0.9999085664749146,0.9987870454788208,0.9286867380142212,0.9496113657951355,0.9305838346481323,0.9431974291801453,True,-0.8318799826200778,-4.986803843369246,-1.952308403083205,-0.8318799826200778,-0.778128420644217,False,-4.986803843369246,-4.946281060143958,False,-1.952308403083205,-1.9561003562456591,False,1.8444905043686504,1.4739605143752783,False,0.3581249532973345,0.7380917688788031,False,False,11.523463041434866,True
182,8.279706239700317,left,left,179.11981732633492,0.8801826736650753,172.239455631006,-7.760544368994005,-5.003248486457639,88.66573628455784,1.6169708908903715,2.303214840759296,0.459436362689587,OK,0.9213263392448425,knee,0.9999071955680847,0.9986433386802673,0.9213263392448425,0.9436105489730835,0.9261960983276367,0.9376787543296814,True,-1.0691612541573339,-5.145281610463855,-1.9997131027265787,-1.0691612541573339,0.024358139629745423,False,-5.145281610463855,-4.125792292830586,False,-1.9997131027265787,-1.8409715253674144,False,1.6169708908903715,2.2292490181301274,False,0.459436362689587,0.07992988896279485,False,False,23.33444905681052,True
183,8.325730323791504,left,left,178.38871868519522,1.6112813148047849,172.85239056042104,-7.147609439578957,-5.0215985087417545,87.48231961440618,2.8003875610420295,1.2196118600481862,-0.6241666180215191,OK,0.9195090532302856,knee,0.9999141693115234,0.9985888600349426,0.9195090532302856,0.9416223764419556,0.9252321720123291,0.9358599185943604,True,-0.3380626130176243,-4.532346681048808,-2.0180631250106944,-0.3380626130176243,1.3809154422464556,False,-4.532346681048808,-2.8468030490755787,False,-2.0180631250106944,-1.593970711946446,False,2.8003875610420295,3.0554763716178286,False,-0.6241666180215191,-0.421728592242232,False,False,39.08196324471263,True
184,8.387672424316406,left,left,174.574166620618,5.425833379381999,176.60510451833207,-3.3948954816679304,-4.22346411556966,86.12088955029806,4.1618176251501495,0.7181542957783285,-1.1256241822914035,OK,0.9143127799034119,knee,0.9999201893806458,0.9985690116882324,0.9143127799034119,0.9368853569030762,0.9234044551849365,0.9322524070739746,True,3.4764894515595897,-0.7796327231377811,-1.2199287318386003,3.4764894515595897,4.027776958562905,False,-0.7796327231377811,-0.4337057538531791,False,-1.2199287318386003,-1.048472874814039,False,4.1618176251501495,4.163167496151411,False,-1.1256241822914035,-0.7501576585493694,False,False,58.39029150136978,True
185,8.437479257583618,left,left,172.38346446270987,7.616535537290133,178.59478685411165,-1.4052131458883537,-3.783375580804215,85.42899189881027,4.853715276637942,0.6673650011845607,-1.176413476885159,OK,0.9106980562210083,knee,0.9999257326126099,0.9985654950141907,0.9106980562210083,0.9334693551063538,0.9223023056983948,0.929807722568512,True,5.667191609467724,1.2100496126417957,-0.7798401970731548,5.667191609467724,7.251303517338371,False,1.2100496126417957,2.517776915732383,False,-0.7798401970731548,-0.341869115925149,False,4.853715276637942,5.447931865578747,False,-1.176413476885159,-1.056274379897917,False,False,77.60778471443494,True
186,8.493915557861328,left,left,165.64822847321543,14.351771526784574,175.5365801257874,4.4634198742126046,-2.228354601152231,82.89976104841165,7.382946127036561,0.5597580998313537,-1.2840203782383526,OK,0.9109105467796326,knee,0.9999297261238098,0.9985642433166504,0.9109105467796326,0.93398517370224,0.9241117835044861,0.9310300946235657,True,12.402427598962165,7.078682632742754,0.775180782578829,12.402427598962165,12.301493769346436,False,7.078682632742754,7.36189518395741,False,0.775180782578829,0.9232777068569072,False,7.382946127036561,6.088595209536782,False,-1.2840203782383526,-0.22571891729086246,False,False,96.4385881157782,True
187,8.547525405883789,left,left,163.0021845324576,16.99781546754241,173.0031310210662,6.996868978933804,-1.4702296920131883,82.24191443742116,8.04079273802705,0.7726312340165751,-1.0711472440531509,OK,0.9127750992774963,knee,0.9999344944953918,0.9986357688903809,0.9127750992774963,0.9357325434684753,0.9269274473190308,0.9331713914871216,True,15.04847153972,9.612131737463955,1.5333056917178718,15.04847153972,18.495134599066684,False,9.612131737463955,13.024608595514815,False,1.5333056917178718,2.410721774706742,False,8.04079273802705,6.471930945825588,False,-1.0711472440531509,1.4093168324330065,False,False,114.33678983851817,True
188,8.597439765930176,left,left,153.1377674251549,26.86223257484511,162.92701809845383,17.07298190154617,1.304135605168527,84.279002894616,6.00370428083221,5.372389173083469,3.5286106950137537,OK,0.9175387620925903,knee,0.9999255537986755,0.9986399412155151,0.9175387620925903,0.9390918016433716,0.9302340745925903,0.9359447956085205,True,24.9128886470227,19.68824466007632,4.307670988899587,24.9128886470227,24.578812027896575,False,19.68824466007632,18.852633669950535,False,4.307670988899587,4.061694903990978,False,6.00370428083221,6.052370023453665,False,3.5286106950137537,3.735503238483335,False,False,132.3315205728095,True
189,8.645941972732544,left,left,143.60596247201676,36.394037527983244,155.0813284238809,24.918671576119095,3.2137562236795123,84.20421086885403,6.078496306594175,8.893333044397668,7.0495545663279415,OK,0.921105146408081,knee,0.9999247789382935,0.9986725449562073,0.921105146408081,0.941853404045105,0.9338032603263855,0.9392072558403015,True,34.44469360016083,27.533934334649246,6.217291607410573,34.44469360016083,31.197818906783613,False,27.533934334649246,25.312868197078313,False,6.217291607410573,5.8221171738384525,False,6.078496306594175,5.260155733593365,False,7.0495545663279415,6.446912149950373,False,False,141.5409425162966,True
190,8.693816423416138,left,left,141.96507731856042,38.03492268143958,152.26508777370975,27.73491222629025,4.47149006561697,87.52679651066988,2.7559106647783267,12.29829703143619,10.454518553366484,OK,0.9221204519271851,knee,0.9999223947525024,0.9986793398857117,0.9221204519271851,0.9415698051452637,0.9342531561851501,0.9387379288673401,True,36.08557875361717,30.3501749848204,7.4750254493480295,36.08557875361717,38.48674027599999,False,30.3501749848204,32.54806856324235,False,7.4750254493480295,7.807862091663135,False,2.7559106647783267,5.000300121306415,False,10.454518553366484,8.746233683114344,False,False,145.55289754065467,True
191,8.738096475601196,left,left,132.55319407878022,47.44680592121978,143.2354074901485,36.7645925098515,6.573756748085136,86.86083249771315,3.4218746777350617,14.116802657166556,12.273024179096836,OK,0.9252665638923645,knee,0.9999181628227234,0.9986740946769714,0.9252665638923645,0.943507730960846,0.9367563128471375,0.9405177235603333,True,45.497461993397366,39.37985526838165,9.577292131816197,45.497461993397366,46.426222321572766,False,39.37985526838165,40.58424351046804,False,9.577292131816197,9.792344183640049,False,3.4218746777350617,3.443255239727148,False,12.273024179096836,12.191067755017604,False,False,147.1278524982734,True
192,8.808646440505981,left,left,126.55757768637568,53.44242231362432,136.82712919024598,43.172870809754016,8.458494897110226,83.5411924988559,6.741514676592303,12.269238899836408,10.4254604217667,OK,0.9306058883666992,knee,0.9999207854270935,0.9987648725509644,0.9306058883666992,0.9475980997085571,0.940335750579834,0.9446484446525574,True,51.49307838580191,45.78813356828417,11.462030280841287,51.49307838580191,53.51197689905702,False,45.78813356828417,48.65168959883858,False,11.462030280841287,11.826214683560444,False,6.741514676592303,0.3115081308875943,False,10.4254604217667,16.374993852891272,False,False,140.91574910778385,True
193,8.849556684494019,left,left,113.44035719729104,66.55964280270896,122.7461433623254,57.2538566376746,11.226546065053089,92.06422730251234,-1.7815201270641268,22.596559532599777,20.75278105453006,OK,0.9367203712463379,knee,0.9999225735664368,0.998870313167572,0.9367203712463379,0.952373743057251,0.9451183676719666,0.9496119022369385,True,64.61029887488655,59.86911939620475,14.23008144878415,64.61029887488655,60.105604948012015,False,59.86911939620475,56.10339947059833,False,14.23008144878415,13.818601858653855,False,-1.7815201270641268,-0.4904931148228542,False,20.75278105453006,18.31130045089037,False,False,127.63716107589308,True
194,8.916958332061768,left,left,108.17718958459551,71.82281041540449,114.74409798202822,65.25590201797178,13.383108723281495,99.8629464130518,-9.580239237603593,29.81296353376598,27.969185055696272,OK,0.9424782395362854,knee,0.9999255537986755,0.9989723563194275,0.9424782395362854,0.9568390846252441,0.9495649933815002,0.954273521900177,True,69.87346648758208,67.87116477650193,16.386644107012554,69.87346648758208,66.68287256459159,False,67.87116477650193,63.488599155916994,False,16.386644107012554,15.668594136985671,False,-9.580239237603593,-0.42339712330170587,False,27.969185055696272,19.286264668961955,False,False,110.92014859977766,True
195,8.959823846817017,left,left,108.99693707378543,71.00306292621457,115.00653841491099,64.99346158508901,14.433425941084028,91.53680273922213,-1.254095563773916,21.979830021431702,20.136051543361987,OK,0.9479091167449951,knee,0.9999299049377441,0.9990679025650024,0.9479091167449951,0.9609457850456238,0.954028308391571,0.958602249622345,True,69.05371899839216,67.60872434361916,17.436961324815087,69.05371899839216,71.97152545717474,False,67.60872434361916,69.67663791089312,False,17.436961324815087,17.588496460250116,False,-1.254095563773916,-1.1225634359344383,False,20.136051543361987,21.005947442466162,False,False,97.53112899351773,True
196,9.011659383773804,left,left,99.66685599588229,80.33314400411771,106.30940906355515,73.69059093644485,15.823718139744214,86.5253525401074,3.7573546353408034,18.991623747524475,17.147845269454763,OK,0.9525298476219177,knee,0.9999316334724426,0.9991530179977417,0.9525298476219177,0.9643400311470032,0.9575572609901428,0.9622352719306946,True,78.3838000762953,76.305853694975,18.827253523475274,78.3838000762953,75.67947767248877,False,76.305853694975,74.27178526546167,False,18.827253523475274,19.310510927037768,False,3.7573546353408034,-2.7307494301823625,False,17.147845269454763,23.448952764247206,False,False,82.63543533780555,True
197,9.0607008934021,left,left,100.11431322345997,79.88568677654003,105.8869354153654,74.1130645846346,18.058006513432456,87.03702406201957,3.2456831134286404,20.867652767357438,19.023874289287733,OK,0.9566949009895325,knee,0.9999282360076904,0.9992192983627319,0.9566949009895325,0.9674542546272278,0.9609181880950928,0.9654310941696167,True,77.93634284871762,76.72832734316475,21.061541897163515,77.93634284871762,78.59314888502358,False,76.72832734316475,77.76746893542634,False,21.061541897163515,20.8679460837763,False,3.2456831134286404,-2.3594368362577853,False,19.023874289287733,24.053062869631326,False,False,68.56300409319348,True
198,9.098681211471558,left,left,94.90059612072093,85.09940387927907,99.77040658948262,80.22959341051738,19.83661839899134,100.10515727375196,-9.822450098303747,34.81158614150499,32.96780766343528,OK,0.9604364633560181,knee,0.9999279379844666,0.9992876648902893,0.9604364633560181,0.9703128337860107,0.9640102982521057,0.9684394598007202,True,83.15005995145665,82.84485616904753,22.8401537827224,83.15005995145665,81.69360814731651,False,82.84485616904753,81.38618983282583,False,22.8401537827224,22.33731723882895,False,-9.822450098303747,-4.9073836433455025,False,32.96780766343528,27.55211919666512,False,False,55.29642134257067,True
199,9.14789342880249,left,left,93.60883352192143,86.39116647807857,97.26567963220494,82.73432036779506,21.170284506974163,98.00638344342892,-7.723676267980707,32.833514060686596,30.989735582616873,OK,0.9638979434967041,knee,0.9999274611473083,0.9993520975112915,0.9638979434967041,0.9729453325271606,0.9669605493545532,0.9712123274803162,True,84.44182255025616,85.34958312632521,24.17381989070522,84.44182255025616,83.56922710335026,False,85.34958312632521,83.96279074618792,False,24.17381989070522,23.699074172561232,False,-7.723676267980707,-8.323284025168078,False,30.989735582616873,31.62879455489165,False,False,45.238135387419405,True
200,9.190507650375366,left,left,93.4946407623208,86.5053592376792,96.9129339279135,83.0870660720865,21.780281716347268,104.27653677466071,-13.993829599212503,39.475111656600674,37.63133317853095,OK,0.9669879078865051,knee,0.9999260902404785,0.9994101524353027,0.9669879078865051,0.9753829836845398,0.9697924256324768,0.9737784266471863,True,84.55601530985679,85.70232883061665,24.783817100078327,84.55601530985679,85.58103829473289,False,85.70232883061665,86.47335760575677,False,24.783817100078327,24.637200475461107,False,-13.993829599212503,-11.855655740355896,False,37.63133317853095,35.6005369047931,False,False,32.18344701523817,True
201,9.239899635314941,left,left,90.28876121571354,89.71123878428646,93.42640449674474,86.57359550325526,22.632502808405636,103.60485444922028,-13.322147273772075,39.37500053865712,37.531222060587396,OK,0.9693194627761841,knee,0.9999163150787354,0.9994447231292725,0.9693194627761841,0.9771945476531982,0.9717307090759277,0.9755859375,True,87.76189485646405,89.18885826178541,25.636038192136695,87.76189485646405,86.45911294705616,False,89.18885826178541,87.7943492561208,False,25.636038192136695,25.341598935370186,False,-13.322147273772075,-12.281549946528155,False,37.531222060587396,36.28791257283369,False,False,14.677419623152627,True
202,9.287549495697021,left,left,90.05525726654683,89.94474273345317,93.33410111752107,86.66589888247893,22.748638027931836,104.69888263795866,-14.416175462510452,40.72636451686472,38.88258603879501,OK,0.9713932871818542,knee,0.9999036192893982,0.9994750022888184,0.9713932871818542,0.9787965416908264,0.973543643951416,0.9772148728370667,True,87.99539880563076,89.28116164100908,25.752173411662895,87.99539880563076,87.04742752742423,False,89.28116164100908,88.70043619445411,False,25.752173411662895,25.86079803029321,False,-14.416175462510452,-12.311662304026484,False,38.88258603879501,36.5194516672898,False,False,-3.2294146942885846,True
203,9.346702575683594,left,left,90.51022285910454,89.48977714089546,93.1654483376625,86.8345516623375,23.358610698536722,102.23462830461325,-11.951921129165044,38.24846448170793,36.404686003638204,OK,0.9734960794448853,knee,0.9999008178710938,0.9995089173316956,0.9734960794448853,0.9803984761238098,0.9754178524017334,0.9789003729820251,True,87.54043321307304,89.44981442086765,26.36214608226778,87.54043321307304,87.02401517158393,False,89.44981442086765,88.79132953715302,False,26.36214608226778,26.11942283859175,False,-11.951921129165044,-8.739228236625092,False,36.404686003638204,33.09133670964772,False,False,-22.259110643991107,True
204,9.39561414718628,left,left,90.6672606200811,89.3327393799189,92.7352449405384,87.2647550594616,23.7662799815893,98.15694523092056,-7.874238055472347,33.991209532967154,32.147431054897424,OK,0.9754261374473572,knee,0.9998987317085266,0.999541163444519,0.9754261374473572,0.981855034828186,0.9771526455879211,0.9804194569587708,True,87.3833954520965,89.88001781799176,26.76981536532036,87.3833954520965,84.81920224003605,False,89.88001781799176,86.5730817772856,False,26.76981536532036,26.10990872972054,False,-7.874238055472347,-4.786671581135375,False,32.147431054897424,29.142700773606343,False,False,-41.26924827252519,True
205,9.44468903541565,left,left,93.6117025415223,86.3882974584777,96.45846721441889,83.54153278558111,23.073405757839954,86.41436643765375,3.8683407377944548,22.334536868390273,20.490758390320565,OK,0.9772840738296509,knee,0.99988853931427,0.9995595216751099,0.9772840738296509,0.983165442943573,0.9782814979553223,0.981737494468689,True,84.43895353065528,86.15679554411126,26.076941141571012,84.43895353065528,82.4626583400866,False,86.15679554411126,84.09260801240552,False,26.076941141571012,25.991683588756405,False,3.8683407377944548,-2.559989995666592,False,20.490758390320565,26.92172391210405,False,False,-65.8970116889332,True
206,9.493761539459229,left,left,101.31282587345297,78.68717412654703,104.51764329608191,75.48235670391809,22.584932264049613,83.84207117177169,6.4406360036765165,19.631820858450244,17.788042380380517,OK,0.9790898561477661,knee,0.9998879432678223,0.9995827078819275,0.9790898561477661,0.9844743609428406,0.9795526266098022,0.9830998182296753,True,76.73783019872462,78.09761946244824,25.58846764778067,76.73783019872462,78.77626966771655,False,78.09761946244824,80.36854023654584,False,25.58846764778067,25.554138299836936,False,6.4406360036765165,-1.2502447321464785,False,17.788042380380517,25.212112463154103,False,False,-84.07532038008227,True
207,9.536422491073608,left,left,101.837976766294,78.162023233706,105.73646994192138,74.26353005807862,22.15751232311114,93.56547471061475,-3.282767535166542,29.621480209353273,27.777701731283543,OK,0.9806172847747803,knee,0.9998895525932312,0.999610185623169,0.9806172847747803,0.9855949282646179,0.9807094931602478,0.9842835664749146,True,76.21267930588358,76.87879281660877,25.161047706842197,76.21267930588358,75.17948150757968,False,76.87879281660877,76.58630793795848,False,25.161047706842197,24.950529625621083,False,-3.282767535166542,-0.5224866298026513,False,27.777701731283543,24.066189825044905,False,False,-98.17313907023842,True
208,9.570588827133179,left,left,108.94216622095483,71.05783377904517,111.78578721696097,68.21421278303903,21.17088425393937,95.68590198701268,-5.403194811564475,29.700407236958185,27.856628758888462,OK,0.9819327592849731,heel,0.9998935461044312,0.9996396899223328,0.9822372794151306,0.9867582321166992,0.9819327592849731,0.9855016469955444,True,69.10848985122276,70.82947554156918,24.17441963767043,69.10848985122276,70.31971423041328,False,70.82947554156918,71.92880174018231,False,24.17441963767043,24.05364042779004,False,-5.403194811564475,-1.5913148420217254,False,27.856628758888462,24.03586776004273,False,False,-111.56988437931568,True
209,9.62078046798706,left,left,108.65120142076543,71.34879857923457,111.64640643347512,68.35359356652488,20.748236610510045,94.51815471920142,-4.23544754375321,28.26159634242115,26.417817864351434,OK,0.9829531908035278,heel,0.9998922348022461,0.9996654391288757,0.9834011197090149,0.9876347780227661,0.9829531908035278,0.9864131808280945,True,69.39945465141216,70.96885632505503,23.751771994241103,69.39945465141216,66.46367527715292,False,70.96885632505503,68.3463425852901,False,23.751771994241103,23.025205162724323,False,-4.23544754375321,-2.7715868133247623,False,26.417817864351434,23.914124667911874,False,False,-124.34862538325373,True
210,9.659030675888062,left,left,117.91053892735427,62.08946107264573,119.74599820329982,60.25400179670018,18.588959768684738,91.75850749874913,-1.4758003233009163,22.18292654337941,20.3391480653097,OK,0.9839163422584534,heel,0.9998958706855774,0.9996932744979858,0.9846005439758301,0.9885667562484741,0.9839163422584534,0.9873530268669128,True,60.14011714482332,62.86926455523033,21.592495152415797,60.14011714482332,60.81498010431653,False,62.86926455523033,63.22551758403226,False,21.592495152415797,21.70463161480709,False,-1.4758003233009163,-1.7507497749678067,False,20.3391480653097,21.044843910059143,False,False,-136.08801662047068,True
211,9.698671340942383,left,left,120.59302063975483,59.406979360245174,122.4299390705429,57.5700609294571,17.442755938721017,89.74343102828688,0.5392761471613312,19.02310539779597,17.179326919726236,OK,0.9845733046531677,heel,0.9998922944068909,0.9997125864028931,0.9853858351707458,0.9892835021018982,0.9845733046531677,0.9879843592643738,True,57.45763543242276,60.18532368798725,20.446291322452076,57.45763543242276,56.50461030049753,False,60.18532368798725,59.03812185509673,False,20.446291322452076,20.372893917759843,False,0.5392761471613312,0.2711085223350409,False,17.179326919726236,17.568273840825594,False,False,-150.12868973708518,True
212,9.73979115486145,left,left,130.08145263047595,49.91854736952405,131.3405949482106,48.659405051789406,15.554644583524995,88.46128951882997,1.8214176566182374,15.275076420089604,13.431297942019881,OK,0.9846652150154114,heel,0.9998891353607178,0.9997220635414124,0.9860108494758606,0.9897026419639587,0.9846652150154114,0.9879968166351318,True,47.96920344170164,51.274667810319556,18.558179967256056,47.96920344170164,49.08498422895303,False,51.274667810319556,51.804151916580466,False,18.558179967256056,18.26520659048655,False,1.8214176566182374,1.5185750764661663,False,13.431297942019881,14.027463826392943,False,False,-160.6295710264116,True
213,9.786491870880127,left,left,130.4940152400498,49.505984759950195,132.7227658616387,47.27723413836131,14.512195768703112,85.57661050049845,4.706096674949762,12.317556890790435,10.47377841272072,OK,0.9843388795852661,heel,0.9998406767845154,0.9997155666351318,0.9859958291053772,0.9897245764732361,0.9843388795852661,0.9874560236930847,True,47.55664083212778,49.89249689689146,17.51573115243417,47.55664083212778,41.183479054147,False,49.89249689689146,43.581255724756176,False,17.51573115243417,15.766900716960501,False,4.706096674949762,1.608335234046919,False,10.47377841272072,11.760788812304384,False,False,-164.45659081879484,True
214,9.82579255104065,left,left,145.7493317784879,34.250668221512086,147.81625612605646,32.18374387394354,10.209799974143586,88.28082194854579,2.0018852269024165,10.557546270257909,8.713767792188179,OK,0.9830338954925537,heel,0.99984210729599,0.9996960163116455,0.985401451587677,0.9890251755714417,0.9830338954925537,0.9860741496086121,True,32.301324293689675,34.79900663247369,13.213335357874646,32.301324293689675,33.32144212183044,False,34.79900663247369,35.184370315311526,False,13.213335357874646,13.139721911846133,False,2.0018852269024165,2.245344505178082,False,8.713767792188179,9.031449213186942,False,False,-164.04987135270295,True
215,9.886581182479858,left,left,157.41806480138445,22.581935198615554,160.86047916242123,19.13952083757877,6.097430401054484,91.30970671084536,-1.0269995353971524,10.849551472936616,9.005772994866902,OK,0.9812178015708923,heel,0.9998550415039062,0.999675452709198,0.9853991866111755,0.988603413105011,0.9812178015708923,0.984685480594635,True,20.632591270793146,21.754783596108922,9.100965784785544,20.632591270793146,25.88397518925607,False,21.754783596108922,27.10792479302429,False,9.100965784785544,10.412449995458674,False,-1.0269995353971524,1.8946959597577746,False,9.005772994866902,7.293804431932659,False,False,-149.23296531293127,True
216,9.932046175003052,left,left,159.90320530133764,20.096794698662364,164.41436611776615,15.58563388223385,4.306861913149185,86.55838467263106,3.724322502817145,5.376407402208759,3.5326289241390327,OK,0.9785699844360352,heel,0.9998635649681091,0.9996363520622253,0.9846049547195435,0.9877607226371765,0.9785699844360352,0.9830191731452942,True,18.147450770839956,18.200896640764,7.310397296880245,18.147450770839956,18.307615924433904,False,18.200896640764,18.89209118055885,False,7.310397296880245,7.690253823679354,False,3.724322502817145,1.1505394702484437,False,3.5326289241390327,5.95523909730594,False,False,-127.84111657679209,True
217,9.977874755859375,left,left,167.2687872933478,12.731212706652201,171.72282255964677,8.277177440353228,1.9182850015876989,90.21453224593151,0.0681749295167009,6.586852513818193,4.743074035748464,OK,0.9735667705535889,heel,0.9998660683631897,0.9995380640029907,0.9814996123313904,0.9855154156684875,0.9735667705535889,0.9795105457305908,True,10.781868778829791,10.892440198883378,4.9218203853187585,10.781868778829791,12.94771986159465,False,10.892440198883378,12.820073222959603,False,4.9218203853187585,5.540648253813118,False,0.0681749295167009,0.6076165310019604,False,4.743074035748464,5.0606783614461905,False,False,-104.49405463365648,True
218,10.013133525848389,left,left,168.37581156416064,11.624188435839358,173.8019339239659,6.1980660760341095,0.9012149098065199,89.2973929480451,0.9853142274031086,5.624730217656832,3.780951739587124,OK,0.9695720076560974,heel,0.9998720288276672,0.9994917511940002,0.9768471121788025,0.9827368259429932,0.9695720076560974,0.9762059450149536,True,9.674844508016948,8.81332883456426,3.90475029353758,9.674844508016948,9.813809074024496,False,8.81332883456426,9.187550739607655,False,3.90475029353758,4.172183503610247,False,0.9853142274031086,0.7834553411756104,False,3.780951739587124,4.0149864968514635,False,False,-83.74858451860342,True
219,10.063154935836792,left,left,172.5488120926842,7.451187907315813,178.1763459140527,1.823654085947311,-0.5382278751876021,90.99543664477821,-0.7127294693300001,6.0847425909591415,4.240964112889429,OK,0.9663015604019165,heel,0.9998785257339478,0.9994617700576782,0.9727944731712341,0.9806876182556152,0.9663015604019165,0.9737011790275574,True,5.501843979493404,4.43891684447746,2.465307508543458,5.501843979493404,6.564732832480675,False,4.43891684447746,5.5446865618310195,False,2.465307508543458,2.9248643868266613,False,-0.7127294693300001,-0.10694323171059636,False,4.240964112889429,4.051853889186896,False,False,-62.18404034772917,True
220,10.104093313217163,left,left,173.0876187392352,6.912381260764789,179.02309157918097,0.9769084208190293,-0.7448933499598638,90.43051265997711,-0.1478054845289023,5.6210921499629976,3.7773136718932676,OK,0.9635915160179138,heel,0.9998883008956909,0.9994382858276367,0.9695774912834167,0.979106068611145,0.9635915160179138,0.9719880223274231,True,4.96303733294238,3.5921711793491786,2.2586420337711965,4.96303733294238,4.810081694152407,False,3.5921711793491786,3.2293963390578533,False,2.2586420337711965,2.0605302054065744,False,-0.1478054845289023,0.12542224187793635,False,3.7773136718932676,3.515793318623173,False,False,-46.55277680463986,True
221,10.14285683631897,left,left,176.14858650905674,3.8514134909432585,177.37131299335067,-2.6286870066493293,-1.9297336707687511,91.0103775370621,-0.7276703616138889,5.56074436388591,3.716965885816194,OK,0.9595208764076233,heel,0.999890148639679,0.9993137717247009,0.9637449383735657,0.9761898517608643,0.9595208764076233,0.9687771797180176,True,1.9020695631208493,-0.013424248119179971,1.073801712962309,1.9020695631208493,3.065532362237266,False,-0.013424248119179971,0.9719608674272641,False,1.073801712962309,1.2191903128408568,False,-0.7276703616138889,-0.1856298676494049,False,3.716965885816194,3.498391675300252,False,False,-34.532893156555915,True
222,10.194251298904419,left,left,176.04204298498914,3.9579570150108623,176.7007263264874,-3.2992736735126016,-2.4033859055127342,89.05270487798884,1.2300022974593645,3.9065496609995782,2.0627711829298505,OK,0.9573054313659668,heel,0.9998980164527893,0.9992741942405701,0.9600287079811096,0.9748899340629578,0.9573054313659668,0.967762291431427,True,2.0086130871884533,-0.6840109149824523,0.6001494782183259,2.0086130871884533,2.0590818033433864,False,-0.6840109149824523,-0.6132244237304414,False,0.6001494782183259,0.5217353981187349,False,1.2300022974593645,-0.2494235090100375,False,2.0627711829298505,3.4434651342025804,False,False,-26.203745742800653,True
223,10.233431100845337,left,left,177.09855822373635,2.9014417762636526,174.91088871788116,-5.089111282118836,-3.3054845530220693,90.8526534956818,-0.5699463202335977,5.5377220010422405,3.6939435229725177,OK,0.9521067142486572,heel,0.99990314245224,0.9991936683654785,0.9534682631492615,0.971055805683136,0.9521067142486572,0.9644238352775574,True,0.9520978484412435,-2.4738485235886865,-0.30194916929100923,0.9520978484412435,1.0604881069087493,False,-2.4738485235886865,-2.1312102945858107,False,-0.30194916929100923,-0.1903517729705308,False,-0.5699463202335977,-0.1230002240670501,False,3.6939435229725177,3.1243468525910716,False,False,-19.361329114375643,True
224,10.291084051132202,left,left,177.5810648871536,2.4189351128464125,173.89772763015878,-6.1022723698412165,-4.025502448798211,91.31440485158137,-1.031697676133163,5.810109885470789,3.9663314074010714,OK,0.9462124109268188,heel,0.9999052882194519,0.9991278052330017,0.946746289730072,0.9662476778030396,0.9462124109268188,0.960076093673706,True,0.4695911850240033,-3.487009611311067,-1.0219670650671513,0.4695911850240033,0.5310985441736957,False,-3.487009611311067,-2.949221954643418,False,-1.0219670650671513,-0.7024263079851389,False,-1.031697676133163,0.4579581368220914,False,3.9663314074010714,2.319936054009884,False,False,-13.711199172670181,True
225,10.333367347717285,left,left,178.0805872214084,1.9194127785916066,173.38697906654218,-6.613020933457818,-4.305329205406192,89.79839623526217,0.4843109401860346,4.025500741905446,2.1817222638357237,OK,0.9396300315856934,heel,0.9999079704284668,0.9990519881248474,0.9406646490097046,0.9610005617141724,0.9396300315856934,0.9552061557769775,True,-0.029931149230802534,-3.997758174927669,-1.301793821675132,-0.029931149230802534,-0.001997602250438435,False,-3.997758174927669,-3.656169971730237,False,-1.301793821675132,-1.1531072270549951,False,0.4843109401860346,0.735370903671992,False,2.1817222638357237,1.7656942387528147,False,False,-9.575093426334574,True
226,10.37413215637207,left,left,178.795534322732,1.20446567726799,173.28125469306264,-6.718745306937365,-4.490106345841792,88.10558573261639,2.177121442831819,1.5386903709799733,-0.30508810708974465,OK,0.934434711933136,heel,0.9999116659164429,0.9989367127418518,0.9344445466995239,0.9563587307929993,0.934434711933136,0.9509365558624268,True,-0.7448782505544191,-4.103482548407215,-1.4865709621107315,-0.7448782505544191,-0.28714556511146483,False,-4.103482548407215,-3.957230985873089,False,-1.4865709621107315,-1.4414241891644113,False,2.177121442831819,1.5926794051675643,False,-0.30508810708974465,0.6359818264296507,False,False,-5.206853280083304,True
227,10.4142587184906,left,left,178.7075237171098,1.292476282890192,173.1659862410533,-6.834013758946696,-4.656790500862016,87.66564104373934,2.6170661317088673,1.1353405847142293,-0.7084378933554945,OK,0.9292551875114441,knee,0.9999158978462219,0.9988129138946533,0.9292551875114441,0.9517688751220703,0.9309259057044983,0.9471721053123474,True,-0.6568676449322173,-4.218751000416547,-1.6532551171309557,-0.6568676449322173,-0.4745942887891861,False,-4.218751000416547,-4.065475051231177,False,-1.6532551171309557,-1.6081269300812049,False,2.6170661317088673,1.5213758987091608,False,-0.7084378933554945,0.4613779336516302,False,False,6.088525416838505,True
228,10.457891941070557,left,left,178.52429803804148,1.4757019619585208,173.4055836471669,-6.594416352833093,-4.74706936356915,86.56611098820395,3.7165961872442637,-0.11084006057359173,-1.9546185386433024,OK,0.9249151349067688,knee,0.9999204874038696,0.9987579584121704,0.9249151349067688,0.9485302567481995,0.929998517036438,0.9447101950645447,True,-0.4736419658638884,-3.979153594302944,-1.7435339798380896,-0.4736419658638884,-0.4581333081804563,False,-3.979153594302944,-4.045583114706671,False,-1.7435339798380896,-1.7556861522814065,False,3.7165961872442637,1.6250371001910309,False,-1.9546185386433024,0.20672655405377896,False,False,23.220873482863624,True
229,10.499654769897461,left,left,178.5183085055422,1.481691494457806,173.35650730336835,-6.643492696631654,-4.859016153382179,91.67092238387339,-1.38821520842518,4.9370904215806934,3.093311943510969,OK,0.9204952120780945,knee,0.999924898147583,0.9987105131149292,0.9204952120780945,0.945171594619751,0.928942859172821,0.9421616196632385,True,-0.46765243336460327,-4.0282299381015045,-1.8554807696511193,-0.46765243336460327,-0.2320119064355343,False,-4.0282299381015045,-3.974771241056738,False,-1.8554807696511193,-1.8761722475242024,False,-1.38821520842518,1.6237066050696995,False,3.093311943510969,0.24288048202730012,False,False,40.702289722263174,True
230,10.533567905426025,left,left,177.99828231836474,2.001717681635256,173.4864387491647,-6.513561250835295,-5.043125316407199,89.28009022785282,1.002616947595385,2.752243843916184,0.9084653658464674,OK,0.9178423285484314,knee,0.9999299049377441,0.9986727237701416,0.9178423285484314,0.9428866505622864,0.9288380742073059,0.9404038786888123,True,0.05237375381284681,-3.8982984923051456,-2.039589932676139,0.05237375381284681,2.4037907177148177,False,-3.8982984923051456,-1.8343804338581617,False,-2.039589932676139,-1.4609143725943485,False,1.002616947595385,2.6350391604152037,False,0.9084653658464674,0.1422176185634214,False,False,61.85184679795894,True
231,10.586426019668579,left,left,177.6649273140074,2.3350726859926,173.6353140613123,-6.3646859386877,-5.092536822055773,88.11223820822305,2.170468967225162,1.719460010847592,-0.1243184672221389,OK,0.9151961803436279,knee,0.9999343752861023,0.9986334443092346,0.9151961803436279,0.9405858516693115,0.9285982847213745,0.9385977983474731,True,0.3857287581701907,-3.7494231801575504,-2.0890014383247126,0.3857287581701907,6.267183570970829,False,-3.7494231801575504,1.818896245864078,False,-2.0890014383247126,-0.4745013147623102,False,2.170468967225162,3.6391959510522724,False,-0.1243184672221389,0.33459005929216235,False,False,86.33288304902882,True
232,10.635262966156006,left,left,165.52851059635805,14.471489403641954,176.1320597229538,3.8679402770461877,-2.580501126212746,82.60897826701182,7.673728908436388,0.6320262673948284,-1.211752210674888,OK,0.9143167734146118,knee,0.9999376535415649,0.998618483543396,0.9143167734146118,0.9390899538993835,0.9286887049674988,0.9373345971107483,True,12.522145475819544,6.483203035576337,0.42303425751831414,12.522145475819544,10.634677286709698,False,6.483203035576337,6.147234995078383,False,0.42303425751831414,0.7858523813000964,False,7.673728908436388,5.360503583650899,False,-1.211752210674888,-0.0872089107194995,False,False,107.76451745102786,True
233,10.690518140792847,left,left,159.20733377176143,20.792666228238573,168.3280329542219,11.671967045778104,0.18499592559104183,81.5453270350186,8.737380140429607,0.8510221430701165,-0.9927563349995978,OK,0.9117887020111084,knee,0.9998995065689087,0.9983747601509094,0.9117887020111084,0.9373905062675476,0.9265633225440979,0.9354556798934937,True,18.843322300416165,14.287229804308254,3.188531309322102,18.843322300416165,17.232606002846317,False,14.287229804308254,12.21410524016884,False,3.188531309322102,2.397639924357429,False,8.737380140429607,7.206315598641675,False,-0.9927563349995978,0.20982508839321667,False,False,121.15877408498343,True
234,10.742929458618164,left,left,156.68083992684785,23.319160073152148,165.00179895056013,14.99820104943987,1.4427523269298537,83.06438422088026,7.218322954567952,2.828095571522383,0.9843170934526597,OK,0.9113222360610962,knee,0.9998916983604431,0.9983462691307068,0.9113222360610962,0.9377865195274353,0.9282253384590149,0.9358055591583252,True,21.36981614532974,17.61346380797002,4.446287710660914,21.36981614532974,24.098378710948012,False,17.61346380797002,18.71495841745169,False,4.446287710660914,4.265444787458419,False,7.218322954567952,5.687655875590477,False,0.9843170934526597,3.961209205364247,False,False,132.90525981571753,True
235,10.777688980102539,left,left,145.00863873768165,34.99136126231835,156.17921002538301,23.820789974616986,3.0158123988794654,80.05103015289895,10.231677022549263,4.237413839479766,2.3936353614100483,OK,0.9152935743331909,knee,0.9998959898948669,0.9984472990036011,0.9152935743331909,0.940876841545105,0.9317476153373718,0.9387145042419434,True,33.04201733449594,26.436052733147136,6.0193477826105255,33.04201733449594,29.893536654121796,False,26.436052733147136,24.704911466240738,False,6.0193477826105255,6.151113440582293,False,10.231677022549263,2.4385029211212554,False,2.3936353614100483,8.901235707342078,False,False,139.3752202054409,True
236,10.820047616958618,left,left,143.33606377349892,36.66393622650108,153.86042005227344,26.13957994772656,4.246487493449178,95.70553682347904,-5.422829648030827,20.476380595702736,18.632602117633013,OK,0.9164199233055115,knee,0.9998921751976013,0.9984850883483887,0.9164199233055115,0.9413699507713318,0.9317029118537903,0.9383887648582458,True,34.71459229867867,28.75484270625671,7.250022877180237,34.71459229867867,34.71534677026768,False,28.75484270625671,29.69267429561982,False,7.250022877180237,7.704978400672632,False,-5.422829648030827,-0.9889280730734186,False,18.632602117633013,13.716578948393892,False,False,144.0815593762625,True
237,10.858451128005981,left,left,136.55272088048912,43.44727911951088,146.1822944790086,33.81770552099141,6.8478421394066205,98.85474303935793,-8.572035863909719,25.332158777283993,23.48838029921427,OK,0.9208002090454102,knee,0.9998982548713684,0.9985729455947876,0.9208002090454102,0.9440597295761108,0.9345759153366089,0.940757691860199,True,41.49793519168847,36.43296827952156,9.85137752313768,41.49793519168847,41.02601302517179,False,36.43296827952156,36.12407887988903,False,9.85137752313768,9.360928154444647,False,-8.572035863909719,-3.3184982772671106,False,23.48838029921427,17.581360576994506,False,False,147.1623617828472,True
238,10.904306411743164,left,left,135.098283191032,44.90171680896799,143.38921880732647,36.61078119267353,7.954320726042734,98.68248200599197,-8.399774830543763,24.927738348329186,23.083959870259463,OK,0.9267469644546509,knee,0.9999058842658997,0.9986915588378906,0.9267469644546509,0.9480870962142944,0.9385214447975159,0.9448188543319702,True,42.95237288114558,39.22604395120368,10.957856109773795,42.95237288114558,45.69582692751551,False,39.22604395120368,41.35736176266132,False,10.957856109773795,10.893449110786186,False,-8.399774830543763,-5.441232278853843,False,23.083959870259463,20.673146554494203,False,False,149.61744570363282,True
239,10.9410240650177,left,left,125.12750865232726,54.872491347672735,132.84477602921407,47.155223970785926,9.722501095789935,94.71223524184872,-4.429528066400508,22.15200371452545,20.30822523645574,OK,0.9318627119064331,knee,0.9999024271965027,0.99876868724823,0.9318627119064331,0.9519277811050415,0.9422898292541504,0.9486594796180725,True,52.923147419850324,49.770486729316076,12.726036479520996,52.923147419850324,52.54594637162678,False,49.770486729316076,48.597177910399935,False,12.726036479520996,12.771162449787962,False,-4.429528066400508,-5.339062217708514,False,20.30822523645574,22.058993128723294,False,False,150.10234274378945,True
240,10.991483449935913,left,left,121.65956922596308,58.34043077403692,130.01279561152157,49.98720438847843,10.67841718058716,90.66470016083261,-0.3819929853844002,19.69634372697824,17.85256524890852,OK,0.9378911852836609,knee,0.9999099969863892,0.9988867044448853,0.9378911852836609,0.9563046097755432,0.9468780159950256,0.9532949328422546,True,56.391086846214506,52.60246714700858,13.681952564318221,56.391086846214506,59.72165833259201,False,52.60246714700858,55.845181155312204,False,13.681952564318221,14.431485967234044,False,-0.3819929853844002,-2.884834490721616,False,17.85256524890852,21.19279763523544,False,False,144.29576878882068,True
241,11.034638404846191,left,left,109.08546655294258,70.91453344705742,117.66133931358036,62.338660686419644,13.635054188458048,95.19468651775239,-4.911979342304178,27.40561346684821,25.561834988778486,OK,0.9436172842979431,knee,0.9999154806137085,0.9989929795265198,0.9436172842979431,0.9603856205940247,0.9512891173362732,0.9576269388198853,True,68.96518951923501,64.9539234449498,16.638589572189108,68.96518951923501,66.89549746305437,False,64.9539234449498,62.790359386753664,False,16.638589572189108,16.130381434571326,False,-4.911979342304178,-0.29781752446270104,False,25.561834988778486,20.533337035334718,False,False,132.26480854908763,True
242,11.090014696121216,left,left,100.674161075663,79.325838924337,109.94227825444722,70.05772174555278,15.149459726637042,86.58360440442344,3.6991027710247693,21.001181309844707,19.157402831774988,OK,0.9488632678985596,knee,0.9999199509620667,0.9990854263305664,0.9488632678985596,0.9640858769416809,0.9554870128631592,0.961601972579956,True,77.3764949965146,72.67298450408293,18.152995110368103,77.3764949965146,73.13042237214123,False,72.67298450408293,68.63292154014437,False,18.152995110368103,17.707022287412062,False,3.6991027710247693,1.8420767662899664,False,19.157402831774988,20.362446353118933,False,False,110.15646353362702,True
243,11.142739295959473,left,left,99.22908753872018,80.77091246127982,108.6633276501192,71.3366723498808,16.448798062729153,85.7473971746974,4.535310000750812,21.63043534882557,19.78665687075585,OK,0.9532495737075806,knee,0.9999197125434875,0.9991623759269714,0.9532495737075806,0.9670677781105042,0.9587715864181519,0.9647202491760254,True,78.82156853345741,73.95193510841095,19.452333446460212,78.82156853345741,78.47188350987945,False,73.95193510841095,73.95336158474132,False,19.452333446460212,19.41704214813939,False,4.535310000750812,1.3037624659640272,False,19.78665687075585,22.63180160731348,False,False,86.27540546046005,True
244,11.17967438697815,left,left,93.95288410689307,86.04711589310693,103.63196526226061,76.36803473773939,17.60570535999361,84.01276378808538,6.269943387362829,21.297550303446542,19.453771825376833,OK,0.9573265314102173,knee,0.9999199509620667,0.9992406368255615,0.9573265314102173,0.9698876142501831,0.962092936038971,0.9677851796150208,True,84.09777196528452,78.98329749626954,20.60924074372467,84.09777196528452,81.42386478556637,False,78.98329749626954,77.27015660730498,False,20.60924074372467,20.775524095525803,False,6.269943387362829,1.9262709037673829,False,19.453771825376833,23.0029613700198,False,False,63.758288912133025,True
245,11.227091550827026,left,left,94.95226353727193,85.04773646272807,103.41059538853679,76.58940461146321,19.228516484223793,93.3562716624623,-3.073564487014096,31.043119997950953,29.199341519881244,OK,0.9610162973403931,knee,0.9999188780784607,0.9993089437484741,0.9610162973403931,0.9725504517555237,0.9652425050735474,0.9706247448921204,True,83.09839253490566,79.20466736999336,22.23205186795485,83.09839253490566,82.76789965463203,False,79.20466736999336,79.27640875121219,False,22.23205186795485,21.91235115350927,False,-3.073564487014096,0.8999341360984602,False,29.199341519881244,24.50390792083067,False,False,46.42854550745181,True
246,11.267614364624023,left,left,94.32556017450791,85.67443982549209,101.07736420076202,78.92263579923798,20.427463925390107,92.08214432873561,-1.7994371532873998,29.261412280379805,27.417633802310093,OK,0.9645490646362305,knee,0.9999192357063293,0.9993719458580017,0.9645490646362305,0.9750986099243164,0.9682380557060242,0.9733201861381531,True,83.72509589766968,81.53789855776813,23.430999309121166,83.72509589766968,84.47327034019403,False,81.53789855776813,81.78304768429803,False,23.430999309121166,22.96407388642151,False,-1.7994371532873998,-1.412871562358515,False,27.417633802310093,27.067168104676036,False,False,32.44661079290841,True
247,11.307338237762451,left,left,93.95398673033466,86.04601326966534,99.91101753491127,80.08898246508873,20.83359501655439,91.71528824276805,-1.4325810673198447,28.505914063899052,26.662135585829333,OK,0.9675663113594055,knee,0.99991375207901,0.9994236826896667,0.9675663113594055,0.9772713780403137,0.9708502888679504,0.9756187796592712,True,84.09666934184293,82.70424522361888,23.83713040028545,84.09666934184293,85.20656352591041,False,82.70424522361888,83.5006465109766,False,23.83713040028545,23.910439659069358,False,-1.4325810673198447,-3.7130319308048145,False,26.662135585829333,29.329388604807985,False,False,23.957857508236664,True
248,11.351903915405273,left,left,90.70223411091017,89.29776588908983,96.13013298468992,83.86986701531008,21.70741172729036,97.31142566698227,-7.028718491534065,34.4467362680524,32.60295778998267,OK,0.9700742363929749,knee,0.9999120235443115,0.9994695782661438,0.9700742363929749,0.9791061878204346,0.973042368888855,0.9774661660194397,True,87.34842196126742,86.48512977384023,24.71094711102142,87.34842196126742,86.1903207164964,False,86.48512977384023,85.30807424584796,False,24.71094711102142,24.577165321602145,False,-7.028718491534065,-4.115958648971892,False,32.60295778998267,29.575370441222464,False,False,17.665907487551095,True
249,11.405520677566528,left,left,90.2864181783112,89.7135818216888,95.04397112886778,84.95602887113222,22.337534223232836,95.51356563031688,-5.230858454868667,32.6086528041063,30.76487432603659,OK,0.9723196029663086,knee,0.9999094009399414,0.9995081424713135,0.9723196029663086,0.9806331992149353,0.9750085473060608,0.9790520668029785,True,87.7642378938664,87.57129162966237,25.341069606963895,87.7642378938664,86.9898665610433,False,87.57129162966237,86.72814066626265,False,25.341069606963895,25.106937074997976,False,-5.230858454868667,-5.423502580105046,False,30.76487432603659,30.79216554988367,False,False,9.869131765772437,True
250,11.449358224868774,left,left,90.033477584342,89.966522415658,94.37345671417991,85.62654328582009,22.562144796887736,95.37090525329769,-5.0881980778494835,32.27302918002335,30.429250701953634,OK,0.9741697311401367,knee,0.999902606010437,0.9995284080505371,0.9741697311401367,0.9818718433380127,0.9763979911804199,0.9802785515785217,True,88.0171784878356,88.24180604435024,25.565680180618795,88.0171784878356,87.64222073805695,False,88.24180604435024,87.90331988157644,False,25.565680180618795,25.587348786569844,False,-5.0881980778494835,-6.940541694099929,False,30.429250701953634,32.26679133715029,False,False,1.4169990558376013,True
251,11.494619846343994,left,left,90.32783095177345,89.67216904822655,93.97703209868865,86.02296790131135,23.07632269236925,98.61986398440138,-8.337156808953168,35.34538782368583,33.50160934561612,OK,0.9758378267288208,knee,0.9998963475227356,0.9995513558387756,0.9758378267288208,0.9830659031867981,0.9777582287788391,0.9814606308937073,True,87.72282512040414,88.6382306598415,26.079858076100308,87.72282512040414,87.34175742577524,False,88.6382306598415,87.91656206661088,False,26.079858076100308,25.78501276998181,False,-8.337156808953168,-6.908931384183634,False,33.50160934561612,32.11913951332982,False,False,-8.671546638486888,True
252,11.541557550430298,left,left,90.6922158452664,89.3077841547336,94.03512145834235,85.96487854165765,23.23565357441374,99.30048381274247,-9.017776637294261,35.87904300023214,34.035264522162436,OK,0.9773573875427246,knee,0.9998918175697327,0.999568521976471,0.9773573875427246,0.9841666221618652,0.9790448546409607,0.9825438857078552,True,87.35844022691118,88.5801413001878,26.239188958144798,87.35844022691118,86.8206661852985,False,88.5801413001878,87.54790955517294,False,26.239188958144798,25.801816128189984,False,-9.017776637294261,-7.162138906265494,False,34.035264522162436,32.23671166458105,False,False,-20.009819762651563,True
253,11.578462362289429,left,left,92.20455067231865,87.79544932768135,96.06392205951768,83.93607794048232,22.695731644350197,97.1533741174008,-6.870666941952592,33.708477148950045,31.86469867088033,OK,0.9789429306983948,knee,0.9998875856399536,0.9995959997177124,0.9789429306983948,0.9852707386016846,0.9802230596542358,0.9837499260902405,True,85.84610539985894,86.55134069901247,25.699267028081255,85.84610539985894,85.68610913143685,False,86.55134069901247,86.46129974041051,False,25.699267028081255,25.721593813525903,False,-6.870666941952592,-8.15729602071156,False,31.86469867088033,33.10369922526381,False,False,-31.92264291863932,True
254,11.617460489273071,left,left,92.89187438069492,87.10812561930508,96.88723368605748,83.11276631394252,22.4215510142737,96.77960324072617,-6.496896065277966,33.19651356036244,31.352735082292725,OK,0.9804254174232483,knee,0.9998842477798462,0.9996215105056763,0.9804254174232483,0.9863132834434509,0.9813663363456726,0.9848842024803162,True,85.15878169148267,85.72802907247267,25.42508639800476,85.15878169148267,84.41689271806864,False,85.72802907247267,85.00945871266866,False,25.42508639800476,25.434307356259456,False,-6.496896065277966,-8.16619682564016,False,31.352735082292725,33.00793818729959,False,False,-49.272311327986856,True
255,11.660985708236694,left,left,95.70626285365024,84.29373714634976,99.8065057879921,80.1934942120079,22.161033223567333,100.34669082552801,-10.063983650079805,36.60796698343718,34.76418850536746,OK,0.9818569421768188,knee,0.9998844265937805,0.9996428489685059,0.9818569421768188,0.987317681312561,0.9823764562606812,0.985955536365509,True,82.34439321852734,82.80875697053806,25.164568607298392,82.34439321852734,82.14832680989544,False,82.80875697053806,82.55327282184578,False,25.164568607298392,25.02988584786823,False,-10.063983650079805,-7.769545937423411,False,34.76418850536746,32.39448577334129,False,False,-75.96587200138246,True
256,11.6972177028656,left,left,96.67391301861451,83.32608698138549,101.23623723739783,78.76376276260217,21.63989040603701,98.66436800904438,-8.381660833596172,34.86658263386471,33.022804155795,OK,0.9831677079200745,knee,0.9998849630355835,0.9996657967567444,0.9831677079200745,0.988231360912323,0.9833034873008728,0.9869476556777954,True,81.37674305356308,81.37902552113232,24.64342578976807,81.37674305356308,80.05075055229945,False,81.37902552113232,80.3864222238021,False,24.64342578976807,24.671980443926905,False,-8.381660833596172,-7.642579716618269,False,33.022804155795,31.97888848904251,False,False,-103.71822845650425,True
257,11.736477136611938,left,left,102.03504538613242,77.96495461386758,106.31605091245676,73.68394908754324,21.21354603245761,97.31722937165873,-7.034522196210517,32.81178093044067,30.96800245237094,OK,0.98421311378479,heel,0.9998892545700073,0.9996899962425232,0.9844436049461365,0.9890809059143066,0.98421311378479,0.9878596067428589,True,76.01561068604516,76.29921184607339,24.21708141618867,76.01561068604516,74.69530886675433,False,76.29921184607339,75.26299143659483,False,24.21708141618867,23.753284862749638,False,-7.034522196210517,-8.373434207345317,False,30.96800245237094,31.55903650025444,False,False,-124.04179789899062,True
258,11.778770923614502,left,left,102.69243196029859,77.30756803970141,106.89817504973608,73.10182495026392,20.90620462464359,96.5185430133751,-6.235835837926885,31.630490727456152,29.786712249386426,OK,0.9850014448165894,heel,0.9998900890350342,0.9997116327285767,0.9853973984718323,0.9897106289863586,0.9850014448165894,0.9885748624801636,True,75.358224111879,75.71708770879407,23.909740008374648,75.358224111879,67.24317432823003,False,75.71708770879407,68.22273676191034,False,23.909740008374648,22.281216426225097,False,-6.235835837926885,-7.153287086977218,False,29.786712249386426,28.45494107952199,False,False,-140.54985638257403,True
259,11.824765920639038,left,left,119.66908280842051,60.33091719157949,122.50438762209386,57.49561237790614,17.828073108387343,100.43387569436142,-10.15116851891321,31.09725361642209,29.25347513835237,OK,0.9853606820106506,heel,0.9998931884765625,0.9997290968894958,0.9863114953041077,0.9902849197387695,0.9853606820106506,0.9890064001083374,True,58.381573263757076,60.11087513643629,20.831608492118402,58.381573263757076,59.69752110865785,False,60.11087513643629,60.9702769960763,False,20.831608492118402,20.66304752123635,False,-10.15116851891321,-5.791563772361445,False,29.25347513835237,25.18185540617933,False,False,-148.08160150727,True
260,11.891125440597534,left,left,132.96693554627177,47.03306445372823,135.00777916141453,44.99222083858547,14.800691040944628,94.24595522368752,-3.9632480482393078,21.08748987977494,19.243711401705212,OK,0.9841934442520142,heel,0.999895453453064,0.9997401833534241,0.9864657521247864,0.9899460077285767,0.9841934442520142,0.987850546836853,True,45.08372052590582,47.60748359711562,17.804226424675687,45.08372052590582,52.156690125308955,False,47.60748359711562,53.64280650192185,False,17.804226424675687,18.842846570102417,False,-3.9632480482393078,-5.079629501577793,False,19.243711401705212,22.436359695067303,False,False,-137.73771818991338,True
261,11.941183805465698,left,left,134.4021791164754,45.597820883524605,137.49853606656802,42.50146393343198,13.549045881093281,91.85575143596552,-1.5730442605173067,18.501154267151417,16.657375789081698,OK,0.9837082028388977,heel,0.9998915195465088,0.9997549057006836,0.9866295456886292,0.9900786876678467,0.9837082028388977,0.9877021908760071,True,43.64847695570219,45.11672669196213,16.55258126482434,43.64847695570219,44.34520831837751,False,45.11672669196213,45.8874036985366,False,16.55258126482434,16.832582646918034,False,-1.5730442605173067,-4.103872665918385,False,16.657375789081698,19.39425993267731,False,False,-128.93684177079564,True
262,11.994402408599854,left,left,139.7392003028769,40.260799697123105,142.95340338322902,37.046596616770984,12.112541276787937,93.75755801774046,-3.4748508422922555,19.08430237488053,17.2405238968108,OK,0.9825528860092163,heel,0.999893307685852,0.9997481107711792,0.9868975877761841,0.989736020565033,0.9825528860092163,0.9861645698547363,True,38.31145576930069,39.661859375301134,15.116076660518997,38.31145576930069,38.54514871590311,False,39.661859375301134,39.66804383286813,False,15.116076660518997,14.860204620111105,False,-3.4748508422922555,-2.179856618490021,False,17.2405238968108,15.917166121636097,False,False,-127.08941199738777,True
263,12.030423641204834,left,left,141.74984099495583,38.25015900504417,145.6751890666623,34.32481093333769,10.854885008721686,91.63975883507806,-1.357051659629846,16.419991915506206,14.57621343743648,OK,0.9822043180465698,heel,0.999895453453064,0.9997504353523254,0.9873546957969666,0.9898232221603394,0.9822043180465698,0.9858431220054626,True,36.300815077221756,36.94007369186784,13.858420392452746,36.300815077221756,34.92980687058274,False,36.94007369186784,35.299801053301294,False,13.858420392452746,13.216531310297091,False,-1.357051659629846,-1.449386999574878,False,14.57621343743648,14.295924127153398,False,False,-129.23501400885,True
264,12.068560361862183,left,left,148.6693808207925,31.330619179207503,153.60118695043622,26.398813049563785,7.966182974352695,90.8137954572196,-0.5310882817713889,13.711784561216007,11.868006083146298,OK,0.9805511236190796,heel,0.9999028444290161,0.9997380971908569,0.9859919548034668,0.9888546466827393,0.9805511236190796,0.9830630421638489,True,29.381275251385095,29.014075808093935,10.969718358083755,29.381275251385095,29.060031317325503,False,29.014075808093935,28.849948941246073,False,10.969718358083755,10.902376041644406,False,-0.5310882817713889,-1.63553322864137,False,11.868006083146298,12.747991646365193,False,False,-132.50609305765266,True
265,12.12754774093628,left,left,151.04364477287362,28.95635522712638,156.8489930592487,23.1510069407513,6.582324491874552,90.5936071291118,-0.31089995366359346,12.981279907361445,11.137501429291717,OK,0.9790897965431213,heel,0.9999078512191772,0.9997342824935913,0.9850418567657471,0.9880223870277405,0.9790897965431213,0.981025755405426,True,27.007011299303972,25.76626969928145,9.585859875605612,27.007011299303972,22.946055667692328,False,25.76626969928145,22.14066162087247,False,9.585859875605612,8.417947897000335,False,-0.31089995366359346,-1.6190051924133002,False,11.137501429291717,10.842347136233485,False,False,-132.93274267511703,True
266,12.16267442703247,left,left,163.7510568827616,16.24894311723841,169.74779662684415,10.25220337315585,1.9782695378298505,92.78648258129797,-2.5037754058497654,10.761491863210404,8.917713385140672,OK,0.9744278788566589,heel,0.9999105334281921,0.9997022747993469,0.9822328686714172,0.9867254495620728,0.9744278788566589,0.979449450969696,True,14.299599189416002,12.867466131686001,4.981804921560911,14.299599189416002,16.789369527167203,False,12.867466131686001,15.479083196491501,False,4.981804921560911,6.027837442198263,False,-2.5037754058497654,-1.4769204956554431,False,8.917713385140672,8.815044268529402,False,False,-124.27292472220006,True
267,12.209762811660767,left,left,170.30907855104277,9.690921448957226,176.49983998509703,3.500160014902974,-0.30959944643240894,93.67491783660012,-3.392210661151907,9.556079824221968,7.712301346152259,OK,0.9647247791290283,heel,0.9999092817306519,0.9995968341827393,0.9735485315322876,0.9806559681892395,0.9647247791290283,0.9721235036849976,True,7.7415775211348175,6.1154227734331235,2.6939359372986513,7.7415775211348175,11.366268484526646,False,6.1154227734331235,9.753370522888423,False,2.6939359372986513,4.049103642860101,False,-3.392210661151907,-1.7261748792832663,False,7.712301346152259,7.388176483781581,False,False,-108.7511322626583,True
268,12.262723207473755,left,left,172.53327169758145,7.466728302418545,178.98308118856716,1.016918811432845,-1.0956672652886834,90.92933535128877,-0.6466281758405614,6.283477576985783,4.439699098916066,OK,0.9610146880149841,heel,0.9999128580093384,0.9995527267456055,0.9700009822845459,0.978556215763092,0.9610146880149841,0.9696080088615417,True,5.517384374596136,3.6321815699629942,1.9078681184423767,5.517384374596136,6.3009431728105785,False,3.6321815699629942,4.492981320732263,False,1.9078681184423767,2.2785917765912496,False,-0.6466281758405614,-1.7770236541691986,False,4.439699098916066,5.863577282838753,False,False,-84.70787336517238,True
269,12.300469160079956,left,left,175.7848860339953,4.215113966004708,177.7702496815484,-2.2297503184516074,-1.9274860223381143,92.06006737535871,-1.777360199910504,6.577445637476909,4.73366715940719,OK,0.958756685256958,heel,0.9999175071716309,0.9994989633560181,0.9662184715270996,0.9770519137382507,0.958756685256958,0.9681196212768555,True,2.265770038182299,0.3855124400785419,1.0760493613929458,2.265770038182299,3.503153373260786,False,0.3855124400785419,1.4497356992053645,False,1.0760493613929458,1.3047736331304913,False,-1.777360199910504,-1.3589906082768408,False,4.73366715940719,4.717181915462748,False,False,-57.90413220082469,True
270,12.347743511199951,left,left,176.37027133145395,3.6297286685460506,176.8490609299705,-3.1509390700294944,-2.2702348394697047,90.84785100354146,-0.5651438280932553,5.358283902647309,3.514505424577578,OK,0.956936776638031,heel,0.9999217391014099,0.9994543790817261,0.9624347686767578,0.9752393960952759,0.956936776638031,0.9667848944664001,True,1.6803847407236414,-0.535676311499345,0.7333005442613554,1.6803847407236414,1.8682561901204138,False,-0.535676311499345,-0.4878171692752867,False,0.7333005442613554,0.6624295309723595,False,-0.5651438280932553,-0.5955306282476386,False,3.514505424577578,3.6140335186156904,False,False,-38.59552780244787,True
271,12.404770851135254,left,left,177.74000588051055,2.2599941194894484,175.03597526552136,-4.964024734478642,-2.89082117947394,90.69631735183619,-0.4136101763879765,5.029515026330374,3.1857365482606497,OK,0.9542776346206665,heel,0.9999270439147949,0.9994012117385864,0.9583641290664673,0.9729870557785034,0.9542776346206665,0.9653926491737366,True,0.3106501916670392,-2.3487619759484923,0.11271420425712009,0.3106501916670392,0.6837553454086926,False,-2.3487619759484923,-1.9570530787460378,False,0.11271420425712009,0.092435349761208,False,-0.4136101763879765,-0.2069585129004537,False,3.1857365482606497,2.9402022868163895,False,False,-23.000880016867775,True
272,12.456980228424072,left,left,178.48356446674464,1.5164355332553612,173.81239567249972,-6.187604327500281,-3.521319957223068,89.8576179364541,0.42508923899410433,4.040337839986693,2.196559361916968,OK,0.9521252512931824,heel,0.9999319911003113,0.9993343949317932,0.9539890289306641,0.9701908826828003,0.9521252512931824,0.9635381102561951,True,-0.432908394567048,-3.572341568970132,-0.5177845734920079,-0.432908394567048,0.11911808352234306,False,-3.572341568970132,-2.851119535536271,False,-0.5177845734920079,-0.4110411191748497,False,0.42508923899410433,0.5098887288790337,False,2.196559361916968,2.049307771004732,False,False,-11.768412782897622,True
273,12.514166593551636,left,left,178.45577592114006,1.5442240788599406,173.6707392640791,-6.329260735920911,-3.9456381713444406,88.98647477455285,1.296232400895363,2.914321417989271,1.0705429399195623,OK,0.9467251896858215,knee,0.9999367594718933,0.9992653727531433,0.9467251896858215,0.9654146432876587,0.9473854303359985,0.9594789147377014,True,-0.40511984896246855,-3.713997977390762,-0.9421027876133805,-0.40511984896246855,-0.33412940918595707,False,-3.713997977390762,-3.612518066939817,False,-0.9421027876133805,-0.9115292733449415,False,1.296232400895363,0.9608878545760575,False,1.0705429399195623,1.4059715298328626,False,False,-5.709512607531545,True
274,12.562618494033813,left,left,178.60807234342704,1.3919276565729604,173.29991739759723,-6.700082602402773,-4.444868367018403,88.47583116646128,1.806876008986933,2.1229730584186215,0.2791945803489,OK,0.9386905431747437,knee,0.9999399781227112,0.9991372227668762,0.9386905431747437,0.9590309262275696,0.9405041933059692,0.9536320567131042,True,-0.5574162712494488,-4.084819843872624,-1.4413329832873427,-0.5574162712494488,-0.46562437735348433,False,-4.084819843872624,-3.9173953403295756,False,-1.4413329832873427,-1.2418024581292002,False,1.806876008986933,1.2047720821438161,False,0.2791945803489,1.0051964227030736,False,False,-1.4578833117412422,True
275,12.594580173492432,left,left,178.63650879499545,1.36349120500455,173.04206827295278,-6.9579317270472245,-4.772675610320164,88.59285537505635,1.689851800391864,2.1416026967879493,0.29782421871823317,OK,0.9312216639518738,knee,0.9999432563781738,0.9990531206130981,0.9312216639518738,0.9535088539123535,0.934026837348938,0.9487919211387634,True,-0.5858527228178592,-4.342668968517075,-1.7691402265891036,-0.5858527228178592,-0.42992075429837406,False,-4.342668968517075,-3.9299420957341353,False,-1.7691402265891036,-1.419839646703117,False,1.689851800391864,1.1536945554475266,False,0.29782421871823317,0.9264871392851205,False,False,5.550486110043732,True
276,12.64349365234375,left,left,178.3974807213482,1.6025192786518119,173.51158889857257,-6.488411101427431,-4.542187103395233,89.47689621399739,0.8058109614508169,3.025639490681435,1.181861012611705,OK,0.9240424036979675,knee,0.999945878982544,0.9989347457885742,0.9240424036979675,0.9474769830703735,0.9293732643127441,0.9433754682540894,True,-0.3468246491705973,-3.8731483428972817,-1.538651719664173,-0.3468246491705973,-0.2694975254729546,False,-3.8731483428972817,-3.772833709548775,False,-1.538651719664173,-1.4554424840510947,False,0.8058109614508169,1.1733629719227765,False,1.181861012611705,0.8745307281019563,False,False,14.081456911683324,True
277,12.679378986358643,left,left,178.3050463514691,1.6949536485309125,173.74966189547692,-6.250338104523081,-4.411505900092653,90.11300556993555,0.16970160551265678,3.6467914228969143,1.803012944827202,OK,0.9183477759361267,knee,0.9999480247497559,0.9988362193107605,0.9183477759361267,0.9426692724227905,0.9260240793228149,0.9391692280769348,True,-0.2543902792914967,-3.6350753459929317,-1.4079705163615928,-0.2543902792914967,-0.0021719924337081143,False,-3.6350753459929317,-3.455063195092851,False,-1.4079705163615928,-1.3547691315062411,False,0.16970160551265678,1.2115711670833036,False,1.803012944827202,0.8865509040696053,False,False,23.52388146021227,True
278,12.70824933052063,left,left,177.65365977701296,2.3463402229870383,174.4562811950059,-5.543718804994114,-4.123652358084329,88.8881326921766,1.3945744832716116,2.6545393620734674,0.8107608840037415,OK,0.9186052680015564,knee,0.9999507069587708,0.998759925365448,0.9186052680015564,0.9428409934043884,0.9277433156967163,0.9393305778503418,True,0.3969962951646291,-2.928456046463965,-1.120116974353269,0.3969962951646291,1.1587879925828273,False,-2.928456046463965,-2.325594570492758,False,-1.120116974353269,-1.0244410333324272,False,1.3945744832716116,1.972735819929153,False,0.8107608840037415,0.4872057098140147,False,False,40.72037751513423,True
279,12.754386186599731,left,left,177.2714446782308,2.7285553217691927,174.88876996987685,-5.111230030123153,-3.941501604294135,88.28479019065864,1.997916984789569,2.1830739382568667,0.3392954601871452,OK,0.9191073775291443,knee,0.9999530911445618,0.99869704246521,0.9191073775291443,0.9432704448699951,0.9295419454574585,0.9397902488708496,True,0.7792113939467835,-2.4959672715930035,-0.9379662205630748,0.7792113939467835,2.6949469772669796,False,-2.4959672715930035,-0.9185176923144363,False,-0.9379662205630748,-0.6468498060066363,False,1.997916984789569,3.2337713067852007,False,0.3392954601871452,-0.2671564432104162,False,False,59.575426283183084,True
280,12.797926902770996,left,left,172.83170886991277,7.168291130087226,178.68941139595324,-1.3105886040467567,-3.1210351194510935,84.7870321108271,5.4956750646211106,0.1448767255100026,-1.6989017525597205,OK,0.9197076559066772,knee,0.9999560117721558,0.9986876249313354,0.9197076559066772,0.9436166286468506,0.9311892986297607,0.9403649568557739,True,5.218947202264817,1.3046741544833926,-0.11749973572003336,5.218947202264817,5.288103518510437,False,1.3046741544833926,1.3816939245689914,False,-0.11749973572003336,-0.03616633361372066,False,5.4956750646211106,5.057786350454057,False,-1.6989017525597205,-1.187543090126337,False,False,78.21529898778809,True
281,12.823732614517212,left,left,170.71668579792743,9.283314202072575,179.45302671053582,0.5469732894641766,-2.654230966766279,83.17171877971715,7.110988395731056,-0.7461712744407314,-2.5899497525104493,OK,0.9204967021942139,knee,0.9999585747718811,0.9986813068389893,0.9204967021942139,0.9439629316329956,0.9323450326919556,0.9409026503562927,True,7.333970274250166,3.162236047994326,0.349304416964781,7.333970274250166,7.9921467152835906,False,3.162236047994326,3.8314251686661516,False,0.349304416964781,0.6317086388131328,False,7.110988395731056,6.717716747278056,False,-2.5899497525104493,-1.925286561847497,False,False,97.79144421732788,True
282,12.879311084747314,left,left,165.3392636452518,14.660736354748195,174.74928002010594,5.250719979894058,-1.3580885381280743,80.99293035159127,9.28977682385694,-0.9551418116826939,-2.7989202897524024,OK,0.921822190284729,knee,0.9999592900276184,0.9986994862556458,0.921822190284729,0.9453974366188049,0.9341399073600769,0.9423421025276184,True,12.711392426925785,7.865982738424207,1.6454468456029858,12.711392426925785,12.970276533412825,False,7.865982738424207,8.237935955763607,False,1.6454468456029858,1.7392904316301057,False,9.28977682385694,8.930389929292227,False,-2.7989202897524024,-2.4587589200129174,False,False,118.75613932560127,True
283,12.921761512756348,left,left,164.1334437931472,15.866556206852806,173.29506258450832,6.704937415491685,-0.7842774959500625,80.58848070805661,9.694226467391601,-1.0341779965323457,-2.8779564746020583,OK,0.9221749901771545,knee,0.9999604821205139,0.998709499835968,0.9221749901771545,0.945617139339447,0.9344713091850281,0.9425332546234131,True,13.917212279030396,9.320200174021835,2.219257887780998,13.917212279030396,18.961527342858666,False,9.320200174021835,13.542343995906844,False,2.219257887780998,3.01467843729242,False,9.694226467391601,9.650396533296128,False,-2.8779564746020583,-1.2165347490519025,False,False,141.9757139554792,True
284,12.969739437103271,left,left,152.38079558758463,27.61920441241537,163.07867609463588,16.92132390536412,1.5964073597907302,77.22142428058778,13.061282894860426,-0.4842878525702409,-2.328066330639956,OK,0.925096869468689,knee,0.9999551773071289,0.9987525939941406,0.925096869468689,0.9482063055038452,0.9376635551452637,0.9451780915260315,True,25.669860484592963,19.53658666389427,4.59994274352179,25.669860484592963,25.14993175974438,False,19.53658666389427,19.252810413086724,False,4.59994274352179,4.5110953707105645,False,13.061282894860426,9.11436392549405,False,-2.328066330639956,1.2938527918741556,False,False,163.25710985980837,True
285,13.012654066085815,left,left,142.87545482268357,37.124545177316435,154.78854840333057,25.211451596669434,3.2559049088604786,81.18699909080759,9.09570808464062,6.355997580315077,4.5122191022453535,OK,0.9261462092399597,knee,0.9999487996101379,0.9987457394599915,0.9261462092399597,0.9489753246307373,0.9399312138557434,0.9462993741035461,True,35.17520124949402,27.826714355199584,6.259440292591538,35.17520124949402,32.5263416113044,False,27.826714355199584,26.301157258504276,False,6.259440292591538,6.175108921084346,False,9.09570808464062,6.57734441130911,False,4.5122191022453535,5.822948862575356,False,False,169.26403020593048,True
286,13.046352624893188,left,left,139.77466371349885,40.22533628650115,150.90069462463643,29.09930537536357,4.827853700324443,85.85188181872755,4.430825356720661,11.805766430189568,9.961987952119841,OK,0.9273024201393127,knee,0.9999463558197021,0.9987626075744629,0.9273024201393127,0.9498047828674316,0.9414417743682861,0.9467803239822388,True,38.275992358678735,31.71456813389372,7.831389084055504,38.275992358678735,40.25378121708466,False,31.71456813389372,33.65348396069175,False,7.831389084055504,7.939274685002604,False,4.430825356720661,3.48634301096387,False,9.961987952119841,11.05322893043163,False,False,166.30969097707523,True
287,13.084974765777588,left,left,128.45721438745167,51.54278561254833,139.50754579301818,40.49245420698182,6.961979213740839,93.67802792251597,-3.395320747067757,21.69033854182331,19.8465600637536,OK,0.9297713041305542,knee,0.9999352693557739,0.9988186359405518,0.9297713041305542,0.951657235622406,0.9435811042785645,0.9488278031349182,True,49.59344168472592,43.10771696551197,9.965514597471898,49.59344168472592,47.20852197528153,False,43.10771696551197,40.77419514681834,False,9.965514597471898,9.656134695403546,False,-3.395320747067757,0.03265455662863985,False,19.8465600637536,16.057806967238076,False,False,157.54460348831466,True
288,13.131183624267578,left,left,125.49624576424594,54.50375423575406,136.53342907357094,43.46657092642906,8.036551323641222,96.04348770978281,-5.7607805343346,25.11722234274903,23.273443864679308,OK,0.9340317249298096,knee,0.999937117099762,0.9989045262336731,0.9340317249298096,0.9548872113227844,0.9466320872306824,0.9522115588188171,True,52.55441030793165,46.08183368495921,11.040086707372282,52.55441030793165,52.359572545581614,False,46.08183368495921,46.58045133061687,False,11.040086707372282,11.287656599577424,False,-5.7607805343346,-2.3701044182515547,False,23.273443864679308,19.43688223279371,False,False,138.11532497458145,True
289,13.175548315048218,left,left,117.60709179660029,62.39290820339971,127.47512016400292,52.52487983599708,10.180707411795433,94.48986655226393,-4.207159376815724,24.538602331462005,22.69482385339228,OK,0.9382572174072266,knee,0.9999343156814575,0.9989899396896362,0.9382572174072266,0.9581092596054077,0.9495260119438171,0.9553390741348267,True,60.4435642755773,55.140142594527234,13.184242795526494,60.4435642755773,58.10387411888032,False,55.140142594527234,52.965978880789045,False,13.184242795526494,12.919929703618582,False,-4.207159376815724,-2.578274262288045,False,22.69482385339228,20.63609920399789,False,False,118.34415089219621,True
290,13.221405506134033,left,left,117.1202019711831,62.87979802881689,125.75726748433792,54.242732515662084,11.41351442972988,93.20079396520856,-2.918086789760352,23.251373908093246,21.40759543002352,OK,0.943343997001648,knee,0.9999284148216248,0.9990776777267456,0.943343997001648,0.9616490006446838,0.952879786491394,0.9589849710464478,True,60.93045410099448,56.857995274192234,14.41704981346094,60.93045410099448,62.02011427783437,False,56.857995274192234,57.64793389515389,False,14.41704981346094,14.43452209789719,False,-2.918086789760352,-0.32339582702010716,False,21.40759543002352,19.130098307597745,False,False,109.03355547369252,True
291,13.263376951217651,left,left,111.05315584700531,68.94684415299469,118.97305687377558,61.026943126224424,12.989219220530225,86.89273103891,3.389976136538209,17.80185128621047,15.958072808140741,OK,0.948489248752594,knee,0.999930739402771,0.999161958694458,0.948489248752594,0.9651393294334412,0.9567075371742249,0.9626762270927429,True,66.99750022517227,63.642205884754574,15.992754604261286,66.99750022517227,67.33321260140454,False,63.642205884754574,63.28983774433393,False,15.992754604261286,15.971969217844535,False,3.389976136538209,3.4755114658810866,False,15.958072808140741,16.53983260903403,False,False,105.14247864299406,True
292,13.302207469940186,left,left,108.8760135926815,71.1239864073185,116.09777072119397,63.90222927880603,14.534941185133878,82.40363574617628,7.8790714292719315,14.160334059822606,12.31655558175288,OK,0.9533294439315796,knee,0.9999346733093262,0.9992380738258362,0.9533294439315796,0.9684172868728638,0.960442304611206,0.9661417603492737,True,69.17464247949609,66.51749203733618,17.538476568864937,69.17464247949609,70.8225899523951,False,66.51749203733618,67.16722697587423,False,17.538476568864937,17.364153894174855,False,7.8790714292719315,6.6863365945491635,False,12.31655558175288,14.333180276146539,False,False,101.32386286884278,True
293,13.34444522857666,left,left,98.93075414639507,81.06924585360493,108.32390982767073,71.67609017232927,15.723786923377949,77.04895124527684,13.23375593017137,12.16589384993045,10.322115371860718,OK,0.9576103091239929,knee,0.9999376535415649,0.9993086457252502,0.9576103091239929,0.9712994694709778,0.9638736844062805,0.9692111015319824,True,79.11990192578251,74.29135293085942,18.72732230710901,79.11990192578251,75.71381124438159,False,74.29135293085942,72.50052687393709,False,18.72732230710901,18.8962240525815,False,13.23375593017137,9.406689038210459,False,10.322115371860718,12.702819384815513,False,False,94.04382141864127,True
294,13.391857862472534,left,left,100.16020504164746,79.83979495835254,108.0881740063014,71.9118259936986,17.141630793447046,78.43574090892355,11.84696626652466,13.505340667024551,11.661562188954832,OK,0.9614376425743103,knee,0.9999383687973022,0.9993706941604614,0.9614376425743103,0.9739378690719604,0.9670054912567139,0.9719893932342529,True,77.89045103053013,74.52708875222875,20.145166177178105,77.89045103053013,79.73523656153911,False,74.52708875222875,76.96385307214526,False,20.145166177178105,20.463193520840008,False,11.84696626652466,7.516842080068841,False,11.661562188954832,15.717734930165,False,False,82.90623546712922,True
295,13.431025266647339,left,left,92.66409551125064,87.33590448874936,99.0907679940236,80.9092320059764,19.073865221763086,79.59903174690209,10.683675428546124,15.099569451438116,13.255790973368391,OK,0.9647908806800842,knee,0.9999397993087769,0.9994281530380249,0.9647908806800842,0.9761784672737122,0.9697375297546387,0.9744042158126831,True,85.38656056092695,83.52449476450656,22.077400605494145,85.38656056092695,83.33582468069203,False,83.52449476450656,80.92973052728391,False,22.077400605494145,21.853186105824136,False,10.683675428546124,3.5552235922148894,False,13.255790973368391,20.70405666701735,False,False,69.96061552669332,True
296,13.473465204238892,left,left,90.94602926121776,89.05397073878224,96.6564258827348,83.3435741172652,20.824066561822786,96.34196582961809,-6.059258654169881,32.8764290129579,31.032650534888177,OK,0.9672852158546448,knee,0.9999276995658875,0.9994715452194214,0.9672852158546448,0.9778559803962708,0.9714900255203247,0.9761534333229065,True,87.10462681095983,85.95883687579536,23.827601945553845,87.10462681095983,85.34293321860392,False,85.95883687579536,83.71508367495527,False,23.827601945553845,23.0359289300334,False,-6.059258654169881,-2.220989930650873,False,31.032650534888177,26.884768404332902,False,False,52.21600110059114,True
297,13.51453971862793,left,left,90.87307299691687,89.12692700308313,96.26838344550067,83.73161655449933,21.4849041100545,102.21172818544603,-11.929021009997825,39.09194274408435,37.24816426601464,OK,0.9698499441146851,knee,0.9999162554740906,0.9995080232620239,0.9698499441146851,0.9796192646026611,0.9736030101776123,0.9780046343803406,True,87.17758307526071,86.34687931302948,24.48843949378556,87.17758307526071,87.65164780062779,False,86.34687931302948,86.68008049506363,False,24.48843949378556,24.061737087757635,False,-11.929021009997825,-7.166460160748386,False,37.24816426601464,32.19976455407017,False,False,35.68496519895437,True
298,13.558992147445679,left,left,88.89521145683565,91.10478854316435,94.39714408931391,85.60285591068609,21.637501044424273,105.93001885960565,-15.647311684157444,43.069452536508194,41.22567405843847,OK,0.9719130396842957,knee,0.9999071955680847,0.9995347261428833,0.9719130396842957,0.9810735583305359,0.9752220511436462,0.979468047618866,True,89.15544461534193,88.21811866921624,24.64103642815533,89.15544461534193,88.42404089085639,False,88.21811866921624,87.9375626461622,False,24.64103642815533,24.796664363067457,False,-15.647311684157444,-11.675975542742872,False,41.22567405843847,36.959118150504494,False,False,21.61343808470422,True
299,13.60727834701538,left,left,88.61663213152805,91.38336786847195,93.2631899057596,86.7368100942404,22.27067158206823,103.16309205941111,-12.880384883962904,40.080321415710884,38.23654293764116,OK,0.9737748503684998,knee,0.9998947978019714,0.9995489716529846,0.9737748503684998,0.9823135137557983,0.9765854477882385,0.9807098507881165,True,89.43402394064954,89.35207285277055,25.274206965799287,89.43402394064954,88.76997289219186,False,89.35207285277055,88.7094288022044,False,25.274206965799287,25.25412783738979,False,-12.880384883962904,-12.55747438573675,False,38.23654293764116,37.87214631311398,False,False,8.390085271190042,True
300,13.6485595703125,left,left,88.80213006010769,91.19786993989231,92.80335723853074,87.19664276146926,22.748501598312192,102.14660865687452,-11.86390148142631,38.89633743360975,37.052558955540036,OK,0.9755654335021973,knee,0.9998844265937805,0.9995639324188232,0.9755654335021973,0.9834846258163452,0.9778316617012024,0.9818909168243408,True,89.2485260120699,89.81190551999941,25.75203698204325,89.2485260120699,88.9808825904455,False,89.81190551999941,89.43329041695247,False,25.75203698204325,25.702263865605413,False,-11.86390148142631,-11.595570087028705,False,37.052558955540036,36.84542612612714,False,False,-6.589023539556928,True
301,13.695025444030762,left,left,89.21636925454044,90.78363074545956,92.79709510252383,87.20290489747617,23.111383933434457,100.74946004458748,-10.46675286913927,37.4415698260053,35.59779134793558,OK,0.9771631956100464,knee,0.9998754262924194,0.9995723962783813,0.9771631956100464,0.9845545887947083,0.9789412021636963,0.98295658826828,True,88.83428681763715,89.81816765600632,26.114919317165516,88.83428681763715,88.72827325302751,False,89.81816765600632,89.73539845540142,False,26.114919317165516,26.12207441067826,False,-10.46675286913927,-9.453829326778296,False,35.59779134793558,34.56877853508264,False,False,-20.72632231792317,True
302,13.740267515182495,left,left,89.8185245056486,90.1814754943514,92.64907537176033,87.35092462823967,23.72558425113261,97.4022066919058,-7.119499516457594,33.95834180915016,32.11456333108043,OK,0.9784886837005615,knee,0.9998700618743896,0.9995879530906677,0.9784886837005615,0.9854975342750549,0.9799846410751343,0.983913004398346,True,88.23213156652899,89.96618738676982,26.729119634863668,88.23213156652899,87.69145289179014,False,89.96618738676982,88.8944968240605,False,26.729119634863668,26.214236809010316,False,-7.119499516457594,-9.067603122512006,False,32.11456333108043,34.07879599925195,False,False,-36.88104491380899,True
303,13.787166595458984,left,left,90.15825814392556,89.84174185607444,92.88660389706915,87.11339610293085,23.73655376978851,95.22131505835361,-4.938607882905401,31.686214581285718,29.842436103215988,OK,0.9797746539115906,knee,0.9998653531074524,0.9996026158332825,0.9797746539115906,0.9864450693130493,0.9810887575149536,0.9848804473876953,True,87.89239792825202,89.728658861461,26.74008915351957,87.89239792825202,85.23934998910671,False,89.728658861461,86.25665014702277,False,26.74008915351957,25.85843308279779,False,-4.938607882905401,-6.853222014858966,False,29.842436103215988,31.694354939740684,False,False,-54.37506511238782,True
304,13.828895330429077,left,left,93.800733937715,86.199266062285,97.46769806246427,82.53230193753573,22.731483573728518,101.23196103807966,-10.949253862631451,37.63040873655743,35.78663025848772,OK,0.9812713265419006,knee,0.9998679161071777,0.9996269941329956,0.9812713265419006,0.9874457716941833,0.9821093678474426,0.9859669804573059,True,84.2499221344626,85.14756469606588,25.735018957459577,84.2499221344626,82.5906801515192,False,85.14756469606588,83.2706251384561,False,25.735018957459577,25.27942433509615,False,-10.949253862631451,-3.858577657336542,False,35.78663025848772,28.4580570054958,False,False,-75.59020056062431,True
305,13.875388622283936,left,left,101.0626445735248,78.9373554264752,105.99259062371938,74.00740937628062,20.96948296724955,91.07470311860932,-0.7919959431611119,26.974132136053434,25.130353657983704,OK,0.9828254580497742,knee,0.9998733401298523,0.9996541142463684,0.9828254580497742,0.988448977470398,0.983228325843811,0.9870315790176392,True,76.98801149865278,76.62267213481077,23.97301835098061,76.98801149865278,78.53437548776466,False,76.62267213481077,78.80913407225685,False,23.97301835098061,24.26764132163351,False,-0.7919959431611119,-1.8826432028186333,False,25.130353657983704,25.875525939959935,False,False,-95.14847963516836,True
306,13.926184177398682,left,left,102.45971844247795,77.54028155752205,107.72722014535718,72.27277985464282,20.216340194926268,85.77623825697536,4.506468918472848,21.26008015478087,19.416301676711157,OK,0.9839867353439331,knee,0.9998739361763,0.999674379825592,0.9839867353439331,0.98919677734375,0.9840547442436218,0.98784339427948,True,75.59093762969964,74.88804261317297,23.219875578657327,75.59093762969964,74.09450538925795,False,74.88804261317297,74.17805121948093,False,23.219875578657327,23.242220193655857,False,4.506468918472848,-0.24700724152183967,False,19.416301676711157,23.4056816049547,False,False,-110.99645573117121,True
307,13.964991807937622,left,left,110.10004782442132,69.89995217557868,114.9565307027565,65.0434692972435,18.666669183819394,87.52253441931626,2.7601727561319507,21.04568648147082,19.201908003401115,OK,0.9849688410758972,heel,0.9998815655708313,0.9997003078460693,0.9853388071060181,0.9900515675544739,0.9849688410758972,0.9887529611587524,True,67.95060824775626,67.65873205577365,21.670204567550453,67.95060824775626,68.44596433820647,False,67.65873205577365,68.62580918693848,False,21.670204567550453,21.958945660485814,False,2.7601727561319507,2.0514201310654103,False,19.201908003401115,19.727680680688383,False,False,-124.83467215310077,True
308,14.001588344573975,left,left,112.3576086364591,67.6423913635409,116.04201816094876,63.95798183905124,18.609448129900258,87.04313525186964,3.2395719235785663,19.336992906259546,17.493214428189816,OK,0.9859572052955627,heel,0.9998862147331238,0.9997245073318481,0.986504316329956,0.990837812423706,0.9859572052955627,0.9896023273468018,True,65.69304743571848,66.5732445975814,21.612983513631317,65.69304743571848,63.860487993990965,False,66.5732445975814,64.61352272187446,False,21.612983513631317,20.9488450591164,False,3.2395719235785663,2.5996453896244534,False,17.493214428189816,17.596164941608453,False,False,-137.37378427886503,True
309,14.043670415878296,left,left,122.04343919297244,57.95656080702756,125.22890822517655,54.77109177482345,16.3151109078783,89.73982417514341,0.5428830003047977,19.24040411522583,17.39662563715612,OK,0.9863971471786499,heel,0.9998825192451477,0.9997375011444092,0.9872257709503174,0.9913000464439392,0.9863971471786499,0.9899424314498901,True,56.007216879205146,57.3863545333536,19.318646291609358,56.007216879205146,57.488699850163265,False,57.3863545333536,59.02058460575925,False,19.318646291609358,19.689318667965065,False,0.5428830003047977,2.48351637538224,False,17.39662563715612,15.67391753698683,False,False,-140.8135918246898,True
310,14.08017611503601,left,left,123.99002629460229,56.00997370539771,126.05402294903948,53.94597705096052,15.918979960402474,88.3335768258141,1.9491303496341033,16.316553440653763,14.472774962584054,OK,0.9867197871208191,heel,0.9998741745948792,0.9997453689575195,0.9879235625267029,0.991725504398346,0.9867197871208191,0.9902702569961548,True,54.0606297775753,56.56123980949067,18.922515344133533,54.0606297775753,52.47289161931087,False,56.56123980949067,54.63051310501238,False,18.922515344133533,18.644986266409052,False,1.9491303496341033,2.5949174000512074,False,14.472774962584054,13.892447380656336,False,False,-140.30841590414576,True
311,14.11847972869873,left,left,134.3186591616165,45.681340838383505,135.6919107259332,44.30808927406679,13.918708239169597,86.35688332818643,3.925823847261782,11.648843131672757,9.80506465360304,OK,0.9870450496673584,heel,0.999876856803894,0.9997535943984985,0.9887102842330933,0.9921927452087402,0.9870450496673584,0.9905722737312317,True,43.731996910561094,46.92335203259694,16.922243622900655,43.731996910561094,46.21947583701676,False,46.92335203259694,48.73653640644835,False,16.922243622900655,17.207035526948708,False,3.925823847261782,2.3386920101559583,False,9.80506465360304,12.35128294736116,False,False,-142.075046055316,True
312,14.16115689277649,left,left,135.17908897868327,44.82091102131673,136.90688820649086,43.09311179350914,13.445007176039338,86.96552929597142,3.3171778794767874,12.13833569981836,10.294557221748647,OK,0.9868364930152893,heel,0.9998719692230225,0.9997556209564209,0.9892433881759644,0.9922550320625305,0.9868364930152893,0.9902207255363464,True,42.87156709349432,45.70837455203929,16.4485425597704,42.87156709349432,41.57006610767806,False,45.70837455203929,44.1842069635764,False,16.4485425597704,16.032296024111,False,3.3171778794767874,2.3023588875772902,False,10.294557221748647,11.115796280635356,False,False,-142.37458483200655,True
313,14.205990314483643,left,left,143.62468754792965,36.37531245207035,145.5119016537689,34.48809834623111,11.419694432598533,88.32426220134589,1.9584449741023207,11.631170739783641,9.787392261713933,OK,0.9857210516929626,heel,0.9998782873153687,0.9997638463973999,0.9891194701194763,0.992035984992981,0.9857210516929626,0.9894788265228271,True,34.425968524247935,37.10336110476126,14.423229816329593,34.425968524247935,34.51075875045258,False,37.10336110476126,36.600466423890296,False,14.423229816329593,13.778970317720956,False,1.9584449741023207,1.1975853991584586,False,9.787392261713933,10.491677245124771,False,False,-140.68237578045355,True
314,14.257676124572754,left,left,145.29048783966596,34.70951216033404,147.9905554395363,32.00944456046369,10.441413393689764,89.92148978803675,0.3612173874114575,13.062970781596839,11.219192303527109,OK,0.983006477355957,heel,0.9998862147331238,0.999772310256958,0.9877775311470032,0.9908584952354431,0.983006477355957,0.9869311451911926,True,32.76016823251163,34.62470731899384,13.444948777420825,32.76016823251163,27.616275286328026,False,34.62470731899384,29.079899177119795,False,13.444948777420825,11.221817295630597,False,0.3612173874114575,-0.24907822087458556,False,11.219192303527109,10.007271625713395,False,False,-136.3565798520448,True
315,14.303107500076294,left,left,159.28656308072968,20.713436919270322,163.97272564747,16.027274352529986,4.652351428452242,93.85744426790826,-3.5747370924600546,13.195958263100831,11.352179785031126,OK,0.9804967641830444,heel,0.9998909831047058,0.9997236728668213,0.9869503974914551,0.9899091720581055,0.9804967641830444,0.9852604269981384,True,18.764092991447914,18.642537111060136,7.655886812183303,18.764092991447914,20.5305149053669,False,18.642537111060136,21.150072197819306,False,7.655886812183303,8.45748343298135,False,-3.5747370924600546,-1.2973866628911708,False,11.352179785031126,9.135312803420096,False,False,-128.47682323661112,True
316,14.353260517120361,left,left,168.79107648223925,11.208923517760752,173.29474695978567,6.70525304021433,1.1329431287177976,93.59020142835165,-3.307494252903439,9.226815034615878,7.383036556546159,OK,0.9711272120475769,heel,0.9998849630355835,0.9995400905609131,0.9806296229362488,0.984631359577179,0.9711272120475769,0.9779389500617981,True,9.259579589938342,9.32051579874448,4.136478512448858,9.259579589938342,14.228803661848232,False,9.32051579874448,14.079126898319117,False,4.136478512448858,5.8952594389344215,False,-3.307494252903439,-1.8153955636822787,False,7.383036556546159,7.8603317661458,False,False,-111.81364066390499,True
317,14.412131309509277,left,left,170.60789088348892,9.39210911651108,176.55602310299335,3.4439768970066496,-0.3766621372068986,92.20707150605435,-1.9243643306061387,7.778541588351858,5.934763110282148,OK,0.9629044532775879,heel,0.9998854398727417,0.9994480013847351,0.972970187664032,0.9792355895042419,0.9629044532775879,0.9712473154067993,True,7.4427651886886705,6.059239655536799,2.6268732465241613,7.4427651886886705,8.074406566433922,False,6.059239655536799,7.266713269692315,False,2.6268732465241613,3.4750511856125015,False,-1.9243643306061387,-1.8608998936011205,False,5.934763110282148,6.143644375955222,False,False,-91.30060542648529,True
318,14.460834980010986,left,left,175.133243765523,4.866756234477009,179.13337184873018,-0.866628151269822,-1.391425537636104,90.91430670530143,-0.6315995298532187,5.256265553412167,3.4124870753424545,OK,0.9551043510437012,heel,0.9998912215232849,0.9994057416915894,0.9674791693687439,0.9757950305938721,0.9551043510437012,0.9671392440795898,True,2.9174123066546,1.7486346072603274,1.6121098460949561,2.9174123066546,3.991851580488028,False,1.7486346072603274,2.9972472795777256,False,1.6121098460949561,2.0597377529079255,False,-0.6315995298532187,-1.087300476649793,False,3.4124870753424545,4.1416425304680216,False,False,-69.02193934847006,True
319,14.504549980163574,left,left,176.0624733167375,3.9375266832624902,177.94737641732968,-2.0526235826703214,-1.6596278729198382,90.14901143763096,0.13369573781724853,4.47953383064395,2.635755352574222,OK,0.951416552066803,heel,0.9998975992202759,0.999382734298706,0.963108479976654,0.9733718037605286,0.951416552066803,0.9647672772407532,True,1.988182755440081,0.5626391758598279,1.343907510811222,1.988182755440081,2.0580033212491537,False,0.5626391758598279,0.5370494526418431,False,1.343907510811222,1.2212548120200837,False,0.13369573781724853,-0.3172369267780084,False,2.635755352574222,3.0594456074054106,False,False,-48.01039506922616,True
320,14.542916059494019,left,left,179.69933801045914,0.3006619895408562,174.67994440195704,-5.320055598042956,-2.4242157350706375,89.98944718315163,0.2932599922965835,3.1859490356648448,1.342170557595125,OK,0.948329746723175,heel,0.999899685382843,0.9993776082992554,0.9576596021652222,0.9712658524513245,0.948329746723175,0.9638765454292297,True,-1.648681938281553,-2.7047928395128062,0.5793196486604226,-1.648681938281553,0.461394266677129,False,-2.7047928395128062,-1.3251301371544295,False,0.5793196486604226,0.621672203247688,False,0.2932599922965835,0.025980547508387984,False,1.342170557595125,2.3822160595708737,False,False,-29.83089487042121,True
321,14.607011079788208,left,left,178.46031777843362,1.5396822215663803,174.40426390553492,-5.595736094465082,-3.059471575721411,89.73988367899273,0.5428234964554832,3.8158304193028245,1.9720519412331043,OK,0.9428372979164124,heel,0.9999061226844788,0.9993218183517456,0.9512324333190918,0.9664371609687805,0.9428372979164124,0.959883451461792,True,-0.4096617062560288,-2.9804733359349322,-0.055936191990350714,-0.4096617062560288,-0.2457018968143164,False,-2.9804733359349322,-2.3459726035561923,False,-0.055936191990350714,0.16471105106234035,False,0.5428234964554832,0.34916386820804635,False,1.9720519412331043,1.9158178895961782,False,False,-16.690862519269736,True
322,14.663422584533691,left,left,178.59093615634904,1.409063843650955,174.1330789480253,-5.866921051974714,-3.374575181068877,90.49098413462237,-0.20827695917415667,4.392393849179168,2.548615371109463,OK,0.9349560141563416,heel,0.9999101758003235,0.9991799592971802,0.9424142241477966,0.9589595198631287,0.9349560141563416,0.9532518982887268,True,-0.5402800841714541,-3.2516582934445646,-0.3710397973378168,-0.5402800841714541,-0.8520674403821122,False,-3.2516582934445646,-3.15726732702396,False,-0.3710397973378168,-0.26327427946195014,False,-0.20827695917415667,0.8089443761760634,False,2.548615371109463,1.2329812310038393,False,False,-7.701283032847927,True
323,14.7087881565094,left,left,178.66872458298022,1.331275417019782,174.02915951672136,-5.970840483278636,-3.6762312985628425,89.29839010180314,0.984317073645073,2.9242747035387024,1.080496225468977,OK,0.927058219909668,heel,0.9999154806137085,0.9990663528442383,0.9331504106521606,0.9523351192474365,0.927058219909668,0.9474907517433167,True,-0.6180685108026271,-3.3555777247484864,-0.6726959148317824,-0.6180685108026271,-0.6486667685018153,False,-3.3555777247484864,-3.3528216835679934,False,-0.6726959148317824,-0.5852450130422433,False,0.984317073645073,1.1077684989368692,False,1.080496225468977,1.0111414030870662,False,False,-0.9834455782413306,True
324,14.749557733535767,left,left,179.0943010345765,0.905698965423511,173.89090279999084,-6.10909720000916,-3.7995545255412906,87.85010889779088,2.432598277657334,1.065350537682249,-0.7784279403874734,OK,0.9194831252098083,heel,0.9999191164970398,0.9988783001899719,0.9217772483825684,0.9440507292747498,0.9194831252098083,0.9404031038284302,True,-1.0436449623988981,-3.4938344414790103,-0.7960191418102305,-1.0436449623988981,-0.6010291772711444,False,-3.4938344414790103,-3.441540938220784,False,-0.7960191418102305,-0.7851511448755988,False,2.432598277657334,1.4759298287444693,False,-0.7784279403874734,0.5794307873295622,False,False,2.1358003036860738,True
325,14.788973331451416,left,left,178.68233465105766,1.3176653489423416,173.70217261923688,-6.297827380763124,-4.034069402972103,88.4953265693476,1.7873806061006121,2.076749896080982,0.2329714180112603,OK,0.9155142903327942,knee,0.9999240040779114,0.9987815618515015,0.9155142903327942,0.9390226006507874,0.9170831441879272,0.9362660646438599,True,-0.6316785788800676,-3.6825646222329746,-1.0305340192410433,-0.6316785788800676,-0.4822183726162653,False,-3.6825646222329746,-3.4126204711924295,False,-1.0305340192410433,-0.8911424858758199,False,1.7873806061006121,2.0030841557953494,False,0.2329714180112603,0.03617545690498218,False,False,3.5146453376112206,True
326,14.826310634613037,left,left,178.22212982228027,1.777870177719734,173.96066763227097,-6.039332367729031,-4.0590022348881885,87.89907702995473,2.383630145493484,1.6572773405153138,-0.18650113755441566,OK,0.9149209260940552,knee,0.9999295473098755,0.998760998249054,0.9149209260940552,0.9387608766555786,0.9173683524131775,0.9361271262168884,True,-0.17147375010267507,-3.424069609198882,-1.0554668511571283,-0.17147375010267507,-0.33975635142223026,False,-3.424069609198882,-3.3355503683300824,False,-1.0554668511571283,-0.9175292713097676,False,2.383630145493484,2.2907748930140857,False,-0.18650113755441566,-0.2125101474160033,False,False,3.435772543652289,True
327,14.870882987976074,left,left,177.99688213307465,2.0031178669253507,174.27768128316706,-5.722318716832945,-3.9045318860699822,87.85521249936797,2.4274946760802436,1.6761171970562856,-0.16766128101343725,OK,0.9142776131629944,knee,0.9999341368675232,0.9987212419509888,0.9142776131629944,0.9386047124862671,0.9187179207801819,0.9362486004829407,True,0.05377393910294148,-3.1070559583027952,-0.9009965023389221,0.05377393910294148,-0.08176070882898086,False,-3.1070559583027952,-3.230458205640333,False,-0.9009965023389221,-0.9336962523505212,False,2.4274946760802436,2.13194171253665,False,-0.16766128101343725,0.08305953192418088,False,False,3.253825198308031,True
328,14.929283380508423,left,left,177.95641447701004,2.0435855229899573,174.4145100310331,-5.585489968966897,-3.8081652257325804,87.85993641570946,2.4227707597387536,1.6808466819337677,-0.16293179613595044,OK,0.9137564301490784,knee,0.9999377727508545,0.998670220375061,0.9137564301490784,0.9386119246482849,0.9204376339912415,0.9365914463996887,True,0.09424159516754815,-2.9702272104367475,-0.8046298420015203,0.09424159516754815,0.09435787311771508,False,-2.9702272104367475,-3.097431213611112,False,-0.8046298420015203,-0.9060257914179732,False,2.4227707597387536,2.0090254332384063,False,-0.16293179613595044,0.2767378620724458,False,False,2.6670184366595246,True
329,14.97571587562561,left,left,177.80432282161024,2.195677178389758,174.4163636134396,-5.583636386560414,-3.8803894307450593,88.64427480017805,1.6384323752701562,2.5431989343831534,0.6994204563134474,OK,0.9101549386978149,knee,0.9999385476112366,0.998566210269928,0.9101549386978149,0.9371095299720764,0.9207966327667236,0.9356756806373596,True,0.24633325056734878,-2.968373628030265,-0.8768540470139992,0.24633325056734878,0.1783327852942161,False,-2.968373628030265,-3.0209357816673,False,-0.8768540470139992,-0.8738017665837212,False,1.6384323752701562,1.70486534612879,False,0.6994204563134474,0.6206014542490038,False,False,1.7247752131111938,True
330,15.012586116790771,left,left,177.80174174132418,2.1982582586758213,174.36730757938298,-5.632692420617019,-3.8957170983093636,89.10990796583881,1.1727992096093942,3.0451415468222995,1.2013630687525847,OK,0.9089666604995728,knee,0.9999396800994873,0.9985010027885437,0.9089666604995728,0.9369398951530457,0.9214157462120056,0.935829222202301,True,0.24891433085341208,-3.0174296620868697,-0.8921817145783035,0.24891433085341208,0.20457767137878266,False,-3.0174296620868697,-3.0549124582646536,False,-0.8921817145783035,-0.9143525260643063,False,1.1727992096093942,1.572036613286332,False,1.2013630687525847,0.7731009902928008,False,False,0.7443880680757144,True
331,15.063342809677124,left,left,177.80225526139776,2.197744738602239,174.34314479199003,-5.656855208009972,-3.897882110716928,89.41987746550281,0.8628297099454016,3.3765953013980985,1.5328168233283748,OK,0.907772421836853,knee,0.9999407529830933,0.9984333515167236,0.907772421836853,0.9366279244422913,0.9217787981033325,0.9357896447181702,True,0.2484008107798299,-3.0415924494798228,-0.894346726985868,0.2484008107798299,0.21415915311174233,False,-3.0415924494798228,-3.143051944083164,False,-0.894346726985868,-0.9991316476226384,False,0.8628297099454016,1.5254433100316163,False,1.5328168233283748,0.832636139540648,False,False,0.19221265409691674,True
332,15.110780954360962,left,left,177.86565770265182,2.1343422973481836,174.1077979001803,-5.892202099819713,-4.107285683472908,88.51935616358026,1.7633510118679538,2.4386148772752536,0.5948363992055477,OK,0.9066442251205444,knee,0.9999434947967529,0.9983960390090942,0.9066442251205444,0.9364031553268433,0.9223422408103943,0.9354592561721802,True,0.18499836952577442,-3.2769393412895633,-1.1037502997418476,0.18499836952577442,0.20611562874784073,False,-3.2769393412895633,-3.186721523096389,False,-1.1037502997418476,-1.029701047774798,False,1.7633510118679538,1.4971960437219813,False,0.5948363992055477,0.8659400603474481,False,False,-0.059042127283586654,True
333,15.144938468933105,left,left,177.90850706834524,2.0914929316547557,173.97381260194055,-6.026187398059449,-4.232060833524241,88.09290293198303,2.1898042434651757,1.978522428173,0.13474395010328521,OK,0.90510094165802,knee,0.9999459981918335,0.9983586072921753,0.90510094165802,0.9359098076820374,0.922542929649353,0.9348410367965698,True,0.14214900383234652,-3.4109246395292994,-1.2285254497931812,0.14214900383234652,0.19184939471265028,False,-3.4109246395292994,-3.2431521434328947,False,-1.2285254497931812,-1.0755408255069632,False,2.1898042434651757,1.6053283217595105,False,0.13474395010328521,0.7541323908790692,False,False,-0.24263592549717808,True
