frame,time_s,side,facing_direction,knee_internal_angle_deg,knee_flexion_deg,hip_internal_angle_deg,hip_flexion_deg,trunk_flexion_deg,ankle_internal_angle_deg,ankle_dorsiflexion_deg,foot_inclination_deg,foot_inclination_relative_deg,visibility,visibility_min,lowest_visibility_marker,shoulder_visibility,hip_visibility,knee_visibility,ankle_visibility,heel_visibility,foot_index_visibility
0,0.0,left,left,178.04083089548607,1.9591691045139328,177.74034984355717,-2.259650156442831,-2.687784705086976,87.29660856417998,2.9860986112682326,-1.1723568799502198,-3.0161353580199375,OK,0.8676906228065491,foot_index,0.9999960660934448,0.9989389777183533,0.9202548265457153,0.8859126567840576,0.8716710805892944,0.8676906228065491
1,0.04768538475036621,left,left,178.34207612316698,1.6579238768330242,177.55930794124225,-2.4406920587577474,-2.72246296484524,88.18169674946694,2.101010425981272,-0.4421502797875313,-2.285928757857249,OK,0.8721058368682861,foot_index,0.9999961256980896,0.9989613890647888,0.9242093563079834,0.8901501893997192,0.8768822550773621,0.8721058368682861
2,0.103363037109375,left,left,178.54055104278203,1.4594489572179725,177.43640756324123,-2.5635924367587677,-2.7454085583557837,89.9204256578886,0.3622815175596088,1.1980584935095706,-0.6457199845601451,OK,0.8708906173706055,foot_index,0.9999960064888,0.9989691376686096,0.9238086938858032,0.8892351984977722,0.8755290508270264,0.8708906173706055
3,0.15496563911437988,left,left,178.6415068610312,1.3584931389688109,177.36721170563524,-2.632788294364758,-2.755955521634751,90.73438691068677,-0.45167973523855665,1.9697128223855935,0.1259343443158798,OK,0.8697748780250549,foot_index,0.9999958276748657,0.9989733695983887,0.9237251281738281,0.8884972333908081,0.8744845390319824,0.8697748780250549
4,0.21544551849365234,left,left,178.69390140073665,1.3060985992633505,177.33856479456148,-2.661435205438522,-2.754620299504847,90.58920221715277,-0.3064950417045651,1.802115722349817,-0.04166275571989786,OK,0.8731410503387451,foot_index,0.999995768070221,0.9989814162254333,0.9273197650909424,0.8919576406478882,0.8781519532203674,0.8731410503387451
5,0.2743499279022217,left,left,178.7335949700554,1.2664050299445933,177.31910795868538,-2.680892041314621,-2.751840748802199,90.51978994431018,-0.237082768861967,1.7152462667672066,-0.12853221130251313,OK,0.8759276270866394,foot_index,0.9999957084655762,0.9989858865737915,0.9303568601608276,0.8948348164558411,0.8812375664710999,0.8759276270866394
6,0.31436657905578613,left,left,178.82771100656822,1.1722889934317777,177.20668449462895,-2.793315505371055,-2.875832916013334,89.69967993537048,0.5830272400777261,0.7894515181599753,-1.05432695990973,OK,0.8727798461914062,foot_index,0.9999957084655762,0.9989749789237976,0.9285773634910583,0.8918660879135132,0.8783798813819885,0.8727798461914062
7,0.37578868865966797,left,left,178.7521372437548,1.2478627562452118,177.15949479282065,-2.8405052071793477,-2.9004165409046134,90.09934588287942,0.1833612925687902,1.2872973053993757,-0.5564811726703454,OK,0.8730477094650269,foot_index,0.999995768070221,0.9989557266235352,0.9286048412322998,0.892134964466095,0.8783584833145142,0.8730477094650269
8,0.4240281581878662,left,left,178.69004577366513,1.3099542263348667,177.13515310581118,-2.8648468941888154,-2.916765506627065,90.40213691740618,-0.11942974195797262,1.660172531302822,-0.18360594676690312,OK,0.8727135062217712,foot_index,0.999995768070221,0.9989389777183533,0.9282107353210449,0.8918127417564392,0.8777114748954773,0.8727135062217712
9,0.4743680953979492,left,left,178.7063468878092,1.2936531121908104,177.06195489278846,-2.9380451072115363,-3.0139119402338004,90.28123509814738,0.0014720773008320975,1.4990213773159307,-0.34475710075378174,OK,0.869973361492157,foot_index,0.9999957084655762,0.9989445209503174,0.9244228005409241,0.8888925909996033,0.8715851306915283,0.869973361492157
10,0.5178530216217041,left,left,178.7175427493151,1.2824572506848995,177.01704911023378,-2.982950889766215,-3.0886491423067017,90.22307229414744,0.05963488130076655,1.399831292291852,-0.4439471857778585,OK,0.8669918775558472,heel,0.9999956488609314,0.9989500641822815,0.9215031862258911,0.8868016600608826,0.8669918775558472,0.8680248260498047
11,0.564500093460083,left,left,178.7996427354623,1.2003572645377005,176.955791400292,-3.044208599708014,-3.1071244272521703,90.34163778470072,-0.05893060925251348,1.4790792216943052,-0.3646992563754168,OK,0.8681057095527649,heel,0.9999957084655762,0.9989470839500427,0.9209614396095276,0.8882131576538086,0.8681057095527649,0.8697434663772583
12,0.6088166236877441,left,left,178.8661441090853,1.1338558909147025,176.89298788231022,-3.107012117689777,-3.1267371924567895,90.45043144069288,-0.1677242652446722,1.564562256840575,-0.2792162212291487,OK,0.8687920570373535,heel,0.999995768070221,0.9989425539970398,0.9202205538749695,0.8892233371734619,0.8687920570373535,0.8710681200027466
13,0.6473755836486816,left,left,178.8313244919243,1.1686755080756939,177.00661328723027,-2.993386712769734,-3.066507832595503,90.03668465512362,0.24602252032458694,1.1322390433735658,-0.7115394346961637,OK,0.8710046410560608,heel,0.999995768070221,0.9989340901374817,0.9204840064048767,0.8910593390464783,0.8710046410560608,0.8733034729957581
14,0.6952717304229736,left,left,178.7206814529368,1.2793185470632125,177.01761489882222,-2.9823851011777833,-3.1039838330800635,90.11197024929206,0.17073692615615244,1.2696900644530018,-0.574088413616721,OK,0.8729334473609924,heel,0.9999956488609314,0.9989163875579834,0.9217043519020081,0.8919836282730103,0.8729334473609924,0.8744624257087708
15,0.7516293525695801,left,left,178.67023896981698,1.3297610301830218,177.00785122085833,-2.9921487791416723,-3.13437267348202,90.25283024739718,0.029876928051024265,1.4403673832398445,-0.40341109482986326,OK,0.8748263716697693,heel,0.9999955296516418,0.9988998174667358,0.9230175018310547,0.8930378556251526,0.8748263716697693,0.8757032155990601
16,0.7913527488708496,left,left,178.70388026365077,1.296119736349226,176.89868846371147,-3.1013115362885344,-3.22308728601797,90.12308945023594,0.15961772521227147,1.297433436855757,-0.5463450412139537,OK,0.8760835528373718,foot_index,0.9999955892562866,0.9988909363746643,0.9231482148170471,0.8933413624763489,0.8762308955192566,0.8760835528373718
17,0.8419668674468994,left,left,178.77884307228751,1.2211569277124852,176.78075322400372,-3.2192467759962824,-3.3344233739942104,90.19513458467132,0.08757259077688673,1.3011149143858933,-0.5426635636838171,OK,0.8753546476364136,foot_index,0.9999956488609314,0.9988861680030823,0.9233748316764832,0.8927343487739563,0.876691460609436,0.8753546476364136
18,0.8917930126190186,left,left,178.7134807827811,1.2865192172189097,176.83992145613303,-3.160078543866973,-3.279693899712322,89.70410382234294,0.5786033531052652,0.871007683716509,-0.9727707943532096,OK,0.8742698431015015,heel,0.9999958872795105,0.9988651871681213,0.9168827533721924,0.8920310139656067,0.8742698431015015,0.8755322098731995
19,0.9410135746002197,left,left,178.68129384572833,1.3187061542716663,176.9104548875272,-3.0895451124727913,-3.2093168977847393,89.5942509003024,0.6884562751458105,0.793185269262104,-1.0505932088076122,OK,0.8730847835540771,heel,0.9999960660934448,0.9988543391227722,0.9114006161689758,0.8920527100563049,0.8730847835540771,0.8763412237167358
20,0.9872562885284424,left,left,178.4034792539711,1.5965207460288866,177.12791157801846,-2.8720884219815446,-3.1487683936372823,90.33520151145756,-0.05249433600934594,1.655042285830709,-0.18873619223901983,OK,0.8744329810142517,heel,0.9999961853027344,0.9988422393798828,0.9091339111328125,0.8943033814430237,0.8744329810142517,0.879139244556427
21,1.0238313674926758,left,left,178.83022800918184,1.1697719908181625,176.97850065320952,-3.0214993467904776,-3.1979580614447443,90.38236776593139,-0.09966059048318243,1.3756810420953063,-0.4680974359744141,OK,0.8785830736160278,heel,0.9999963641166687,0.9988482594490051,0.9081969857215881,0.8981383442878723,0.8785830736160278,0.8840093612670898
22,1.0775189399719238,left,left,179.03637284469517,0.9636271553048346,176.847396386006,-3.152603613993989,-3.2618461299145034,90.55126100459314,-0.26855382914493475,1.4056456439774672,-0.4381328340922437,OK,0.8815410137176514,heel,0.9999964833259583,0.998848557472229,0.9065122008323669,0.901176393032074,0.8815410137176514,0.8880102038383484
23,1.1196324825286865,left,left,179.14980549933313,0.8501945006668734,176.74759357542774,-3.252406424572257,-3.2962537959747347,90.75594900387992,-0.4732418284317106,1.5622961331443397,-0.28148234492536517,OK,0.8823327422142029,heel,0.9999964833259583,0.9988206624984741,0.9026753306388855,0.9019749760627747,0.8823327422142029,0.8898351192474365
24,1.1593897342681885,left,left,179.20512133452448,0.7948786654755224,176.72643543595782,-3.273564564042175,-3.2872159755794907,91.05523518485674,-0.7725280094085321,1.8364624387949746,-0.007316039274741115,OK,0.88243567943573,heel,0.9999964833259583,0.9987941384315491,0.8990187048912048,0.9023870825767517,0.88243567943573,0.891253650188446
25,1.2140660285949707,left,left,179.04164914255296,0.9583508574470443,176.83554245511917,-3.1644575448808325,-3.2941458383175837,91.12373446228742,-0.841027286839207,1.9523970262977004,0.10861854822798023,OK,0.8824359774589539,heel,0.9999966025352478,0.9987912774085999,0.8965411186218262,0.9034591317176819,0.8824359774589539,0.8929433822631836
26,1.258286714553833,left,left,178.97237261458815,1.0276273854118472,176.91513631919744,-3.084863680802556,-3.2816279710214125,91.34511458555464,-1.062407410106431,2.1759776807476676,0.33219920267794123,OK,0.8813972473144531,heel,0.9999966621398926,0.9987812042236328,0.8934664130210876,0.9035848379135132,0.8813972473144531,0.8935920596122742
27,1.3015785217285156,left,left,178.71183307110647,1.2881669288935313,176.934014786857,-3.0659852131429943,-3.3296425019150027,91.43250269497202,-1.1497955195238063,2.457012335093576,0.6132338570238574,OK,0.8805912733078003,heel,0.9999967217445374,0.9987932443618774,0.8908483386039734,0.9042463898658752,0.8805912733078003,0.8943885564804077
28,1.357224702835083,left,left,178.76707334416045,1.2329266558395489,176.9738059637969,-3.026194036203094,-3.3047480846382373,90.45290033816332,-0.17019316271510831,1.4072729455677264,-0.43650553250199664,OK,0.8781917095184326,heel,0.9999967813491821,0.9987938404083252,0.8869814276695251,0.9032752513885498,0.8781917095184326,0.8937885165214539
29,1.3940761089324951,left,left,178.81459123360196,1.1854087663980408,177.00118457588798,-2.998815424112024,-3.284952328443138,90.04970574748226,0.23300142796594514,0.9489776095492104,-0.8948008685205195,OK,0.8753907680511475,heel,0.9999968409538269,0.9987905025482178,0.8829396963119507,0.9018614292144775,0.8753907680511475,0.8927018642425537
30,1.443587064743042,left,left,178.66587370295147,1.3341262970485275,177.02309545679583,-2.9769045432041707,-3.306735715905219,89.991535126111,0.29117204933720586,0.9958302504585036,-0.8479482276112265,OK,0.8740008473396301,heel,0.9999969601631165,0.9988123774528503,0.8795467615127563,0.9022199511528015,0.8740008473396301,0.8928418159484863
31,1.481982707977295,left,left,178.54591313573025,1.4540868642697546,177.04285594970477,-2.957144050295227,-3.319491157464317,89.94746484874305,0.3352423267051563,1.039204605843736,-0.8045738722259728,OK,0.8726029992103577,heel,0.9999970197677612,0.9988306164741516,0.8764061331748962,0.902432382106781,0.8726029992103577,0.8928346037864685
32,1.522378921508789,left,left,178.44661566283486,1.5533843371651415,177.1582602735567,-2.8417397264433077,-3.249865936673164,90.686575867607,-0.4038686921587953,1.8318339945422957,-0.011944483527429384,OK,0.8715522289276123,heel,0.9999970197677612,0.998820424079895,0.8751498460769653,0.901455819606781,0.8715522289276123,0.891769289970398
33,1.5597436428070068,left,left,178.38346693635947,1.6165330636405315,177.23138510230953,-2.768614897690469,-3.203580741192954,91.14104270834781,-0.8583355328996021,2.32260992848589,0.47883145041618036,OK,0.8705167770385742,heel,0.9999970197677612,0.998812735080719,0.8740688562393188,0.9006751775741577,0.8705167770385742,0.8908829092979431
34,1.605036973953247,left,left,178.37135751484143,1.628642485158565,177.3383917236068,-2.6616082763931956,-3.15936693611649,91.01505713771225,-0.7323499622640384,2.145940963147507,0.30216248507778687,OK,0.8637031316757202,heel,0.9999969005584717,0.9987558126449585,0.8666871190071106,0.8947071433067322,0.8637031316757202,0.8853976130485535
35,1.6343038082122803,left,left,178.36440691388844,1.6355930861115553,177.40942037884003,-2.590579621159975,-3.128771729129965,90.88811881433007,-0.6054116388818613,1.985519792471641,0.14174131440191218,OK,0.857560932636261,heel,0.9999967813491821,0.9987046718597412,0.8600442409515381,0.889318585395813,0.857560932636261,0.8804185390472412
36,1.6819357872009277,left,left,178.11838897027496,1.8816110297250361,177.65682377634323,-2.3431762236567693,-3.060141647217669,90.51759636728877,-0.23488919184056556,1.682241973452924,-0.16153650461680513,OK,0.8613801002502441,heel,0.9999969005584717,0.9987327456474304,0.8615725040435791,0.8924162983894348,0.8613801002502441,0.883465051651001
37,1.7348964214324951,left,left,177.97720451158523,2.022795488414772,177.80439388335256,-2.19560611664744,-3.0195058699880413,90.39918636150745,-0.11647918605923735,1.5980820965816256,-0.24569638148810213,OK,0.8629969954490662,knee,0.9999970197677612,0.9987574219703674,0.8629969954490662,0.8951841592788696,0.8647006154060364,0.886203408241272
38,1.7678718566894531,left,left,178.2622204903203,1.7377795096797115,177.67653113504392,-2.3234688649560837,-3.0224868359617227,90.78733742034328,-0.5046302448950684,1.8260989590173442,-0.017679519052364867,OK,0.8617843985557556,knee,0.9999970197677612,0.9987485408782959,0.8617843985557556,0.8943077325820923,0.8641716241836548,0.8855735659599304
39,1.8228304386138916,left,left,178.0683008765089,1.9316991234910859,177.75806011531984,-2.241939884680164,-3.0361367867660696,90.57738517813647,-0.29467800268825783,1.7148873995416622,-0.12889107852805637,OK,0.8644611239433289,knee,0.9999971389770508,0.9987838268280029,0.8644611239433289,0.8975746035575867,0.8669291734695435,0.8886931538581848
40,1.8607265949249268,left,left,177.92596486575295,2.0740351342470547,177.81852276728912,-2.1814772327108756,-3.046683422581969,90.38479567329834,-0.10208849785013285,1.5936246176743258,-0.2501538603953861,OK,0.86699378490448,knee,0.9999972581863403,0.9988169074058533,0.86699378490448,0.9006998538970947,0.8695119619369507,0.8916706442832947
41,1.8973255157470703,left,left,177.45978094938724,2.5402190506127624,178.13068890520344,-1.8693110947965579,-3.0372452266070704,89.93687580242286,0.34583137302534794,1.3091607212251417,-0.5346177568445682,OK,0.8674492239952087,knee,0.9999973177909851,0.9988307356834412,0.8674492239952087,0.9031009674072266,0.8732262849807739,0.8941462635993958
42,1.9456961154937744,left,left,177.17618247934078,2.823817520659219,178.31373732327697,-1.6862626767230324,-3.040518857216173,89.67226756740813,0.6104396080400818,1.14182890757422,-0.7019495704954863,OK,0.8678072094917297,knee,0.9999973773956299,0.9988428950309753,0.8678072094917297,0.9053118228912354,0.876439094543457,0.8964163661003113
43,1.9844145774841309,left,left,176.52166633062893,3.478333669371068,178.58372785376906,-1.4162721462309378,-3.0448380959689096,89.39015354778225,0.8925536276659614,1.2399212674153697,-0.603857210654354,OK,0.8687149286270142,knee,0.9999973773956299,0.9988458156585693,0.8687149286270142,0.9066722393035889,0.8771286606788635,0.8976952433586121
44,2.0276966094970703,left,left,176.05066788355396,3.949332116446044,178.7932263869303,-1.2067736130697142,-3.0323894740088826,89.13537861939969,1.147328556048521,1.2590948749065598,-0.584683603163171,OK,0.869921863079071,knee,0.9999973773956299,0.998851478099823,0.869921863079071,0.9082595109939575,0.8782840371131897,0.8992050290107727
45,2.0744731426239014,left,left,173.85655895222035,6.143441047779646,179.54518774376805,0.4548122562319463,-2.6800448201075024,88.41709437794928,1.865612797498926,1.425678349389483,-0.41810012868023705,OK,0.8724306225776672,knee,0.9999971389770508,0.9987958073616028,0.8724306225776672,0.9095726609230042,0.8804351687431335,0.9005736112594604
46,2.1227598190307617,left,left,172.9148136249746,7.085186375025387,178.80404705542847,1.1959529445715305,-2.503624077935669,88.17754389500583,2.105163280442383,1.5631532475239875,-0.2806252305457235,OK,0.874272346496582,knee,0.9999969601631165,0.998758852481842,0.874272346496582,0.9108985662460327,0.8821106553077698,0.9018936157226562
47,2.1616404056549072,left,left,163.53479646348202,16.465203536517976,170.47480208584673,9.525197914153267,-0.25160434444853474,84.7846332467084,5.498073928739814,1.4730345246245409,-0.37074395344518507,OK,0.8782687187194824,knee,0.9999970197677612,0.9987825751304626,0.8782687187194824,0.9132466316223145,0.884006917476654,0.9040232300758362
48,2.235074281692505,left,left,156.94408368048204,23.055916319517962,163.0144840985479,16.98551590145209,2.4203667649565586,84.05877159035991,6.223935585088299,2.5495387733823263,0.705760295312615,OK,0.8851025700569153,knee,0.999997079372406,0.9988330602645874,0.8851025700569153,0.9178719520568848,0.8911618590354919,0.9096238613128662
49,2.2836415767669678,left,left,153.752165938032,26.247834061968007,159.88311329933882,20.116886700661183,3.691030274348274,82.66658590879632,7.616121266651888,2.488563544451418,0.6447850663817007,OK,0.8906848430633545,knee,0.9999971389770508,0.9988859295845032,0.8906848430633545,0.9216002821922302,0.8976828455924988,0.9142748713493347
50,2.3292429447174072,left,left,148.21071812677206,31.789281873227935,153.44457846074275,26.555421539257253,5.739931103328674,86.53275564303743,3.749951532410776,7.506547080336797,5.662768602267079,OK,0.8938037157058716,knee,0.9999961853027344,0.9988495111465454,0.8938037157058716,0.9216533899307251,0.8991790413856506,0.9133879542350769
51,2.3741869926452637,left,left,145.53696961913008,34.463030380869924,150.62225368385592,29.377746316144083,6.686457264073433,90.41595093851726,-0.1332437630690464,12.18769226731651,10.343913789246784,OK,0.8975714445114136,knee,0.9999961256980896,0.9989195466041565,0.8975714445114136,0.9226579666137695,0.9017301201820374,0.9125139713287354
52,2.4158530235290527,left,left,139.28205077996535,40.717949220034654,143.73324402414187,36.26675597585813,8.724942311907913,91.53764279610738,-1.2549356206591682,14.713778352191806,12.869999874122072,OK,0.9036633372306824,knee,0.9999960660934448,0.9989940524101257,0.9036633372306824,0.9270209074020386,0.9069838523864746,0.9164491295814514
53,2.4678828716278076,left,left,134.66607245528863,45.33392754471137,139.89820853318446,40.10179146681554,9.668816198862938,101.38057384995813,-11.097866674509916,26.281526126716887,24.43774764864716,OK,0.9104036688804626,knee,0.9999954700469971,0.9990568161010742,0.9104036688804626,0.9320862293243408,0.9122427701950073,0.9213879108428955
54,2.504873514175415,left,left,118.45849980539187,61.54150019460813,125.94148007502878,54.05851992497122,11.738861662784458,94.32149556484104,-4.038788389392835,23.543337497262424,21.69955901919269,OK,0.9184984564781189,knee,0.999993622303009,0.9991410374641418,0.9184984564781189,0.9383562803268433,0.9195050597190857,0.9285125136375427
55,2.559858560562134,left,left,113.07772267683765,66.92227732316235,120.00138220183393,59.998617798166066,13.498413213830524,91.22643773192135,-0.9437305564731417,21.648510470748153,19.804731992678427,OK,0.9260112047195435,knee,0.9999895691871643,0.999222457408905,0.9260112047195435,0.9439767599105835,0.9263743758201599,0.9349389672279358
56,2.6091272830963135,left,left,113.52263823086247,66.47736176913753,119.53397104850504,60.46602895149496,14.079199431931393,87.60437825840181,2.6783289170464,17.694910507975766,15.85113202990604,OK,0.9327362179756165,knee,0.9999825358390808,0.9992882013320923,0.9327362179756165,0.949103057384491,0.9328005909919739,0.940800666809082
57,2.661184549331665,left,left,105.09145506326338,74.90854493673662,111.20677855947457,68.79322144052543,15.323343208203687,81.81304886370094,8.469658311747267,13.251715568115813,11.40793709004609,OK,0.9382189512252808,heel,0.9999717473983765,0.9993391036987305,0.938369870185852,0.953315258026123,0.9382189512252808,0.9456561207771301
58,2.7093279361724854,left,left,105.89438365470377,74.10561634529623,110.07986337478454,69.92013662521546,16.433070059983574,81.11299110094006,9.169716074508145,11.73154088100441,9.887762402934698,OK,0.9428884387016296,heel,0.9999606609344482,0.9993875622749329,0.9432849287986755,0.9569903612136841,0.9428884387016296,0.949758768081665
59,2.753757953643799,left,left,103.94329919036007,76.05670080963993,106.98803354715014,73.01196645284986,17.903410253526697,80.38691411550435,9.895793059943855,11.335058725821133,9.491280247751405,OK,0.9479585289955139,heel,0.9999589323997498,0.9994422793388367,0.9481545686721802,0.9608849883079529,0.9479585289955139,0.9542872905731201
60,2.7911694049835205,left,left,104.88762852573214,75.11237147426786,106.54028428509972,73.45971571490028,19.161513331272477,86.1448942813717,4.137812894076504,16.959063372011748,15.115284893942032,OK,0.9525197148323059,heel,0.9999555945396423,0.9994913935661316,0.9526405334472656,0.9643866419792175,0.9525197148323059,0.9583750367164612
61,2.8275063037872314,left,left,100.23975927940076,79.76024072059924,102.22083097587462,77.77916902412538,20.246054653414653,86.04260196159575,4.240105213852459,18.26972831148428,16.425949833414563,OK,0.9566464424133301,knee,0.9999522566795349,0.9995361566543579,0.9566464424133301,0.9675351977348328,0.9566687941551208,0.9620534777641296
62,2.8702139854431152,left,left,98.53105685774612,81.46894314225388,100.68674870194958,79.31325129805042,21.147253540788377,84.69412065990812,5.5885865155400865,17.997066044899952,16.153287566830244,OK,0.9603028297424316,knee,0.9999487400054932,0.9995749592781067,0.9603028297424316,0.9704338908195496,0.9605098366737366,0.9654465913772583
63,2.9065678119659424,left,left,93.00732881547286,86.99267118452714,94.33371473290536,85.66628526709464,22.376705250953915,83.96263411799589,6.320073057452319,17.665725286382308,15.821946808312589,OK,0.9632854461669922,knee,0.9999399781227112,0.9996058940887451,0.9632854461669922,0.9726296663284302,0.9635722637176514,0.9680770635604858
64,2.9609405994415283,left,left,90.18400462609802,89.81599537390198,91.23153049140268,88.76846950859732,23.186107755753657,81.71153392696397,8.571173248484243,15.94516754802229,14.101389069952575,OK,0.9662735462188721,knee,0.9999346733093262,0.9996342062950134,0.9662735462188721,0.9747201204299927,0.9663516879081726,0.9704516530036926
65,3.0140721797943115,left,left,89.86943647307892,90.13056352692108,91.22888329515061,88.77111670484939,23.28898027350156,82.85626466296792,7.426442512480293,17.504691758541163,15.660913280471448,OK,0.9684886336326599,heel,0.999924898147583,0.9996488690376282,0.9687471985816956,0.9763832092285156,0.9684886336326599,0.9722669720649719
66,3.060030698776245,left,left,91.17897718962425,88.82102281037575,92.65626227721647,87.34373772278353,23.645008115060147,97.6107299974981,-7.328022822049888,32.733023200150456,30.889244722080747,OK,0.9699100852012634,heel,0.9998972415924072,0.9996339678764343,0.9704674482345581,0.9776358008384705,0.9699100852012634,0.9735578894615173
67,3.1134989261627197,left,left,91.35425661430885,88.64574338569115,92.79388120131988,87.20611879868012,23.927964798955344,105.14753837418013,-14.86483119873192,40.5151277601465,38.67134928207679,OK,0.9709176421165466,heel,0.9998617172241211,0.999596893787384,0.9719579815864563,0.9786342978477478,0.9709176421165466,0.9744265079498291
68,3.1560311317443848,left,left,97.44873361875759,82.55126638124241,99.68374808670514,80.31625191329486,22.978318477344146,103.38145761881458,-13.09875044336637,38.59479056410626,36.75101208603655,OK,0.972632646560669,heel,0.9998572468757629,0.9996137619018555,0.9740697145462036,0.9801942706108093,0.972632646560669,0.9762171506881714
69,3.2190539836883545,left,left,106.83273436069214,73.16726563930786,110.96736396488132,69.03263603511868,19.903097908437175,101.61236677327845,-11.329659597830243,35.6500942859048,33.80631580783509,OK,0.9741156697273254,heel,0.9998471140861511,0.9996333718299866,0.9759296774864197,0.9815688729286194,0.9741156697273254,0.9778406023979187
70,3.255518674850464,left,left,107.4627783679222,72.5372216320778,111.01327720388832,68.98672279611168,19.899280068160973,98.5049401325369,-8.222232957088693,31.954719036663985,30.11094055859428,OK,0.9756850600242615,heel,0.9998442530632019,0.9996582269668579,0.9775226712226868,0.9828696250915527,0.9756850600242615,0.9794043898582458
71,3.2939863204956055,left,left,116.96630769120331,63.03369230879669,120.21667725322514,59.78332274677486,17.869682379197933,98.28249275953767,-7.999785584089466,29.40254470075742,27.558766222687694,OK,0.9768752455711365,heel,0.9998427033424377,0.999679446220398,0.9789974689483643,0.984034538269043,0.9768752455711365,0.9806808233261108
72,3.3475916385650635,left,left,118.36215380960233,61.63784619039767,121.84265408861009,58.15734591138991,16.771192334739844,93.90208892479826,-3.6193817493500546,24.153781538545868,22.310003060476163,OK,0.9781202077865601,heel,0.9998392462730408,0.9997007250785828,0.980205237865448,0.9851731061935425,0.9781202077865601,0.981945276260376
73,3.4010350704193115,left,left,128.65843734724618,51.34156265275382,130.90231288195181,49.097687118048185,15.09452715840091,92.79330124016502,-2.5105940647168126,20.131703933271577,18.287925455201844,OK,0.9790236949920654,heel,0.9998313188552856,0.999707818031311,0.9814627766609192,0.9861449003219604,0.9790236949920654,0.9828447699546814
74,3.453245162963867,left,left,130.20926439240077,49.79073560759923,133.50457245866548,46.49542754133452,13.306218044048752,87.42496372138707,2.8577434540611364,14.026489831700554,12.182711353630822,OK,0.9797236323356628,heel,0.9998198747634888,0.9997177124023438,0.9821984767913818,0.9868844151496887,0.9797236323356628,0.9834865927696228
75,3.490442991256714,left,left,146.85305146740413,33.14694853259587,150.14272181422305,29.85727818577695,9.137139683285023,90.89375062483259,-0.6110434493843826,13.320560654936541,11.476782176866834,OK,0.979302704334259,heel,0.9998317360877991,0.9997217059135437,0.9825036525726318,0.9871262311935425,0.979302704334259,0.9833917617797852
76,3.565077304840088,left,left,156.98493313966748,23.015066860332524,160.45004014979472,19.549959850205283,6.054713737829483,90.73309618541774,-0.4503890099695269,10.252916933374427,8.409138455304713,OK,0.9779775738716125,heel,0.9998450875282288,0.9997087121009827,0.9824408888816833,0.9867531657218933,0.9779775738716125,0.9819896817207336
77,3.608870029449463,left,left,160.35211056435458,19.647889435645425,164.95281036062184,15.04718963937816,3.9278411527922437,85.79136084609998,4.491346329348232,4.319901795159498,2.4761233170897867,OK,0.9757300615310669,heel,0.9998550415039062,0.9996644854545593,0.9819892048835754,0.9861974716186523,0.9757300615310669,0.9807454347610474
78,3.6550610065460205,left,left,168.33490905498817,11.665090945011826,172.79855562346464,7.201444376535363,1.5153624941602433,88.81705549079011,1.4656516846580985,4.796064553426822,2.952286075357108,OK,0.9709911942481995,heel,0.9998597502708435,0.9995678067207336,0.9783589839935303,0.9839972257614136,0.9709911942481995,0.9776358008384705
79,3.6946516036987305,left,left,168.66972846695296,11.33027153304704,174.0769368032459,5.9230631967541,0.7095097571203939,87.94540213496776,2.3373050404804445,4.062120228381073,2.2183417503113674,OK,0.9667099118232727,heel,0.9998686909675598,0.9995340704917908,0.9742974042892456,0.9816504120826721,0.9667099118232727,0.9748002290725708
80,3.738220453262329,left,left,173.36220187474623,6.637798125253767,178.54137874159167,1.4586212584083285,-0.6240107185032119,87.90618963418592,2.376517541262288,2.4613557825281656,0.6175773044584503,OK,0.9633620381355286,heel,0.9998778104782104,0.9994603991508484,0.9696164131164551,0.9789950847625732,0.9633620381355286,0.9714420437812805
81,3.777059555053711,left,left,174.17316239788929,5.826837602110714,179.20829682947868,0.7917031705213162,-0.712910874551068,89.02465446148919,1.2580527139590174,3.3468780185275357,1.5030995404578107,OK,0.9592804908752441,heel,0.9998865723609924,0.9993327260017395,0.9641245007514954,0.9760792851448059,0.9592804908752441,0.9679809808731079
82,3.8200159072875977,left,left,176.18442663640255,3.8155733635974514,177.89722748895346,-2.1027725110465383,-1.7307014411961987,89.75465696412385,0.5280502113243557,3.9423013975716508,2.0985229195019315,OK,0.9562278985977173,heel,0.9998932480812073,0.999273955821991,0.9573977589607239,0.972295880317688,0.9562278985977173,0.9647237062454224
83,3.8733301162719727,left,left,175.78541949972848,4.2145805002715235,176.91660606248837,-3.08339393751163,-2.3765548548988726,88.76073651992702,1.5219706555211872,3.682156102811299,1.8383776247415824,OK,0.9532657265663147,knee,0.9999011754989624,0.9992620348930359,0.9532657265663147,0.9707207083702087,0.9548161625862122,0.9640685319900513
84,3.9210476875305176,left,left,176.84275418345013,3.1572458165498745,176.1377001116001,-3.862299888399889,-2.6792183561936795,88.79650996075755,1.4861972146906623,3.1368373095136066,1.2930588314438864,OK,0.9485177993774414,knee,0.9999070763587952,0.9991816282272339,0.9485177993774414,0.9677196741104126,0.9502671957015991,0.9613375067710876
85,3.9558606147766113,left,left,176.38065730822188,3.6193426917781153,176.55782390249317,-3.442176097506831,-2.8142232512027703,87.14561902836935,3.137088147078856,1.3929145664515168,-0.4508639116181996,OK,0.9435638189315796,knee,0.9999115467071533,0.999018132686615,0.9435638189315796,0.9643713235855103,0.9468137621879578,0.9579544067382812
86,3.9959306716918945,left,left,176.18885767112945,3.8111423288705453,176.79008989921522,-3.209910100784782,-2.970831798617289,85.9388983958674,4.343808779580812,-0.010880973094533716,-1.8546594511642525,OK,0.9393691420555115,knee,0.9999164342880249,0.9988924264907837,0.9393691420555115,0.9614699482917786,0.9440187215805054,0.9550405144691467
87,4.037893533706665,left,left,175.55835967225667,4.441640327743329,177.5145125313934,-2.485487468606607,-2.8595171734112386,85.29619791460374,4.986509260844471,-0.6361914624575445,-2.479969940527269,OK,0.934946596622467,knee,0.9999213814735413,0.9988080859184265,0.934946596622467,0.9577067494392395,0.9401684403419495,0.9517207145690918
88,4.093831539154053,left,left,175.23418362327158,4.765816376728424,177.95626839560666,-2.0437316043933436,-2.7807977035000393,84.94332190014605,5.339385275302163,-1.027927822232216,-2.8717063003019234,OK,0.9301034808158875,knee,0.9999258518218994,0.998727023601532,0.9301034808158875,0.9536852240562439,0.9358505606651306,0.94815993309021
89,4.133190393447876,left,left,174.82162865166265,5.17837134833735,178.17088162717786,-1.829118372822137,-2.852013014762559,84.27327173272262,6.009435442725589,-1.5712515608804254,-3.4150300389501353,OK,0.9254125952720642,knee,0.9999310374259949,0.9986984729766846,0.9254125952720642,0.9503413438796997,0.9340997934341431,0.945399820804596
90,4.176652431488037,left,left,174.33827676476156,5.661723235238441,178.53443768671087,-1.4655623132891265,-2.8005221748295748,83.92398137921151,6.358725796236698,-1.7492552470904996,-3.593033725160211,OK,0.9211114048957825,knee,0.9999358654022217,0.9986721873283386,0.9211114048957825,0.9473887085914612,0.9327023029327393,0.9429483413696289
91,4.223079442977905,left,left,170.04083528426256,9.959164715737444,176.90863870421757,3.091361295782434,-1.501276496854104,81.4588241104795,8.823883064968712,-3.1746489664195967,-5.018427444489305,OK,0.9160873889923096,knee,0.9999399781227112,0.9986577033996582,0.9160873889923096,0.9437550902366638,0.9305222034454346,0.939575731754303
92,4.274475574493408,left,left,168.61408724589532,11.38591275410468,175.41660943863283,4.5833905613671675,-1.0233571640844201,83.27134732547364,7.011359849974568,-0.9494876458732803,-2.793266123942999,OK,0.9133676290512085,knee,0.999944269657135,0.9986876845359802,0.9133676290512085,0.9428074955940247,0.92897629737854,0.9386758804321289
93,4.326792001724243,left,left,155.9681020297628,24.031897970237196,163.50006538351994,16.49993461648006,2.5309117849949256,78.73624185289552,11.546465322552692,-1.200883008352423,-3.044661486422143,OK,0.9160417914390564,knee,0.9999457597732544,0.9987673759460449,0.9160417914390564,0.9453466534614563,0.9321253299713135,0.9412299990653992
94,4.36422061920166,left,left,145.73138752631615,34.268612473683845,155.0524136367566,24.947586363243403,4.3895165334559945,76.27985802289167,14.002849152556536,-0.009599333211906605,-1.8533778112816321,OK,0.9190177321434021,knee,0.9999426007270813,0.9987970590591431,0.9190177321434021,0.9474887847900391,0.935404360294342,0.9432724714279175
95,4.406818866729736,left,left,142.47806673941173,37.52193326058827,150.7412972986357,29.258702701364314,6.012638009361427,78.37473664036547,11.90797053508274,2.6506052089508865,0.8068267308811699,OK,0.9191473722457886,knee,0.9999370574951172,0.998790442943573,0.9191473722457886,0.9477184414863586,0.9358914494514465,0.9429911971092224
96,4.442097425460815,left,left,133.9314478345186,46.06855216548141,141.6211439093714,38.3788560906286,8.270782160548702,86.85203856353581,3.4306686119123952,12.812516798937326,10.968738320867601,OK,0.9238226413726807,knee,0.9999343752861023,0.9988086819648743,0.9238226413726807,0.9507006406784058,0.9389119148254395,0.945862889289856
97,4.484331369400024,left,left,130.5330256099694,49.4669743900306,137.76040136104507,42.23959863895493,9.472709940288484,88.74050591169585,1.5422012637523608,15.440591603060023,13.596813124990291,OK,0.9290068745613098,knee,0.9999350905418396,0.998866856098175,0.9290068745613098,0.9540057182312012,0.9423108100891113,0.9491345286369324
98,4.535702466964722,left,left,120.48863579904933,59.511364200950666,129.33417272139062,50.665827278609385,10.607474687738494,86.76797324552093,3.5147339299272744,16.22098485560071,14.377206377530996,OK,0.9341995716094971,knee,0.999928891658783,0.998948335647583,0.9341995716094971,0.9573397636413574,0.9454888701438904,0.9525200128555298
99,4.570064544677734,left,left,117.78189670570103,62.21810329429897,126.20502580676926,53.79497419323074,11.992820626226312,87.2962315801714,2.986475595276815,17.712181307465944,15.868402829396217,OK,0.9400665760040283,knee,0.9999324679374695,0.9990484118461609,0.9400665760040283,0.9612597227096558,0.9499631524085999,0.9568622708320618
100,4.601711988449097,left,left,113.30099924801384,66.69900075198616,120.62092308395343,59.37907691604657,13.41305885725708,85.4648217750571,4.817885400391106,16.19780446825377,14.354025990184056,OK,0.9455106258392334,knee,0.9999340176582336,0.999131441116333,0.9455106258392334,0.9646742343902588,0.9539822340011597,0.9605776071548462
101,4.660633563995361,left,left,112.57696628269707,67.42303371730293,119.03011463497903,60.96988536502097,14.220276050716482,92.50075971648076,-2.2180525410325487,23.174184119479204,21.33040564140947,OK,0.9501171112060547,knee,0.9999328851699829,0.9991941452026367,0.9501171112060547,0.9674527049064636,0.9571149349212646,0.9635332226753235
102,4.700942754745483,left,left,102.7063334517951,77.2936665482049,109.16955374169308,70.83044625830692,16.24365866975633,85.66090589648948,4.621801278958728,18.367784856143775,16.524006378074063,OK,0.9543029069900513,knee,0.9999315142631531,0.9992532730102539,0.9543029069900513,0.9701828956604004,0.960355281829834,0.9665246605873108
103,4.750094175338745,left,left,97.10121161694056,82.89878838305944,103.48164531822972,76.51835468177028,17.4091540742808,80.71851655105043,9.564190624397781,14.5081043266204,12.664325848550675,OK,0.9582139849662781,knee,0.9999327063560486,0.9993209838867188,0.9582139849662781,0.9727771282196045,0.9637153744697571,0.9694838523864746
104,4.79286789894104,left,left,99.61961027395924,80.38038972604076,104.37085090416164,75.62914909583836,19.38152113108825,79.8297484365061,10.452958738942115,13.962510197796755,12.118731719727037,OK,0.961925745010376,knee,0.9999340772628784,0.9993839263916016,0.961925745010376,0.9752395153045654,0.9668377041816711,0.9722445011138916
105,4.835824966430664,left,left,97.02144196281023,82.97855803718977,100.41003685976315,79.58996314023685,21.365079030734275,93.88248995637711,-3.599782780928905,28.636163884064306,26.792385405994594,OK,0.9650716185569763,knee,0.9999309778213501,0.9994372129440308,0.9650716185569763,0.9772945046424866,0.9694149494171143,0.9745540022850037
106,4.8828651905059814,left,left,96.30892099173796,83.69107900826204,99.4444221959346,80.5555778040654,21.923839671957253,91.20945856903461,-0.9267513935864002,26.268799445188492,24.42502096711877,OK,0.9679494500160217,knee,0.9999268651008606,0.9994844198226929,0.9679494500160217,0.9791678190231323,0.9719031453132629,0.9766525030136108
107,4.932525873184204,left,left,94.67891864054957,85.32108135945043,97.72603656868627,82.27396343131373,22.157199077598328,101.03523379567338,-10.752526620225169,36.2395508014084,34.39577232333869,OK,0.9704734683036804,knee,0.999920666217804,0.9995254874229431,0.9704734683036804,0.9808588027954102,0.9740499258041382,0.9785170555114746
108,4.971363306045532,left,left,93.17944113768175,86.82055886231825,96.32175874912103,83.67824125087897,22.59058869211192,110.2950911005339,-20.012383925085686,46.02799740408509,44.184218926015376,OK,0.9727199673652649,knee,0.9999157190322876,0.9995587468147278,0.9727199673652649,0.9823773503303528,0.975982666015625,0.9801983833312988
109,5.016043186187744,left,left,94.14810498895042,85.85189501104958,97.18425408497087,82.81574591502913,22.830088640291326,108.36011485874299,-18.07740768329478,44.22635259505477,42.38257411698504,OK,0.9745417237281799,knee,0.9999061822891235,0.999584972858429,0.9745417237281799,0.9835821986198425,0.9775787591934204,0.9815358519554138
110,5.060892820358276,left,left,94.09034045800804,85.90965954199196,97.145631678131,82.854368321869,22.999171309419424,107.06670360993631,-16.783996434488103,43.1211661394787,41.277387661408994,OK,0.976218044757843,knee,0.999902606010437,0.9996126294136047,0.976218044757843,0.984674870967865,0.9790568351745605,0.9827675819396973
111,5.108372449874878,left,left,95.13391247347708,84.86608752652292,99.75734425822475,80.24265574177525,22.06295777816414,100.15365946595911,-9.8709522905109,36.840049028870915,34.9962705508012,OK,0.9780194759368896,knee,0.9998942613601685,0.9996367692947388,0.9780194759368896,0.9857485294342041,0.9803151488304138,0.9839447736740112
112,5.152247190475464,left,left,99.0952463872413,80.9047536127587,104.1262657463178,75.8737342536822,21.41681564662865,100.47777055118814,-10.195063375739934,36.92560555689331,35.08182707882361,OK,0.9797639846801758,knee,0.9998971223831177,0.9996646046638489,0.9797639846801758,0.986816942691803,0.9815307855606079,0.9851236343383789
113,5.205424785614014,left,left,100.0447631176825,79.9552368823175,105.25634716291793,74.74365283708207,20.95377014805599,100.46742907196882,-10.184721896520614,36.63278326526023,34.78900478719052,OK,0.9812405705451965,knee,0.9998969435691833,0.9996864199638367,0.9812405705451965,0.9877167344093323,0.9825663566589355,0.9861194491386414
114,5.242244482040405,left,left,109.12902230859206,70.87097769140794,113.72838388459432,66.27161611540568,19.416246845786905,96.55102628475046,-6.268319109302254,30.56663470653965,28.722856228469936,OK,0.982629120349884,knee,0.9998937249183655,0.9997034668922424,0.982629120349884,0.9885676503181458,0.9833190441131592,0.9869656562805176
115,5.29339599609375,left,left,110.55632469811542,69.44367530188458,114.86877835388162,65.13122164611838,19.266529055314177,87.77031821287368,2.5123889625745335,21.349300923954083,19.505522445884367,OK,0.9836969375610352,knee,0.9998857378959656,0.9997202754020691,0.9836969375610352,0.9892736077308655,0.9840999245643616,0.9877120852470398
116,5.338558673858643,left,left,117.62126837691045,62.37873162308955,121.76984172266538,58.230158277334624,17.167712969532104,85.72168033846434,4.561026836983871,17.037966653751376,15.19418817568166,OK,0.9848740696907043,knee,0.9998871088027954,0.9997385144233704,0.9848740696907043,0.9900310039520264,0.9849050641059875,0.9884861707687378
117,5.379089117050171,left,left,119.9078110811139,60.092188918886094,124.3024357496481,55.6975642503519,16.029035023577634,84.4031100229679,5.879597152480315,14.826769715079712,12.982991237009998,OK,0.9850008487701416,heel,0.9998666644096375,0.9997339844703674,0.9852395057678223,0.9903115630149841,0.9850008487701416,0.988469660282135
118,5.423459768295288,left,left,129.73486265203536,50.26513734796464,133.85573154771828,46.14426845228172,13.89695214230404,84.51115451959042,5.771552655857789,12.528975557577356,10.685197079507645,OK,0.9849230051040649,heel,0.9998680949211121,0.999747097492218,0.9854993224143982,0.9904286861419678,0.9849230051040649,0.9879736304283142
119,5.475094556808472,left,left,130.7717050459869,49.22829495401311,134.95413563187955,45.04586436812045,13.24206736683944,85.39753870399369,4.88516847145452,12.822036656725777,10.978258178656063,OK,0.9850257635116577,heel,0.9998327493667603,0.999745786190033,0.9858742356300354,0.9906600713729858,0.9850257635116577,0.9879321455955505
120,5.5229597091674805,left,left,146.9015465930208,33.09845340697919,151.07158072953627,28.928419270463735,8.909924361986084,88.8282045291491,1.4545026462991046,11.908163027650648,10.064384549580922,OK,0.9815902709960938,heel,0.9998363852500916,0.9997144937515259,0.985124409198761,0.9895359873771667,0.9815902709960938,0.9857310056686401
121,5.56385350227356,left,left,157.53835306704502,22.461646932954977,162.3761529074381,17.623847092561903,5.383623520764867,90.65591748275703,-0.373210307308824,10.877340843914961,9.033562365845228,OK,0.9797849059104919,heel,0.9998489618301392,0.9996829628944397,0.9852509498596191,0.9891310930252075,0.9797849059104919,0.9843471050262451
122,5.6017889976501465,left,left,159.73842549516593,20.261574504834073,165.71674590354226,14.283254096457739,3.4672095611663845,87.74776248219766,2.5349446932505515,7.193292451740367,5.349513973670639,OK,0.9775443077087402,heel,0.999855101108551,0.9996342062950134,0.9841498136520386,0.9882494211196899,0.9775443077087402,0.9829389452934265
123,5.660776138305664,left,left,167.4262517808232,12.573748219176792,174.17044846917892,5.829551530821078,0.5425522314574068,91.42742301457145,-1.1447158391232364,8.714171934384591,6.870393456314872,OK,0.9680497646331787,heel,0.9998487830162048,0.9994344711303711,0.9767478108406067,0.982254683971405,0.9680497646331787,0.9751237630844116
124,5.702981948852539,left,left,168.117147891765,11.882852108235,175.40374015152707,4.596259848472926,-0.12492839495066864,87.68971648360734,2.5929906918408676,4.851380348418736,3.0076018703490206,OK,0.9656453132629395,heel,0.9998555779457092,0.9994061589241028,0.9734405279159546,0.9808179140090942,0.9656453132629395,0.9736430048942566
125,5.757827043533325,left,left,172.58753113443169,7.412468865568314,179.66545330278998,-0.3345466972100155,-1.7330446898932872,87.29896973463813,2.9837374408100743,3.312940607523187,1.4691621294534798,OK,0.9629377126693726,heel,0.9998642206192017,0.9993768334388733,0.9699303507804871,0.9791839718818665,0.9629377126693726,0.9714264869689941
126,5.804655313491821,left,left,174.290786728197,5.709213271803009,177.93923534388176,-2.060764656118238,-2.1954004930697484,88.48563285466896,1.7970743207792452,4.060210289520471,2.2164318114507466,OK,0.9583612680435181,heel,0.9998686909675598,0.9992356896400452,0.9645219445228577,0.975932776927948,0.9583612680435181,0.9674180746078491
127,5.837458372116089,left,left,176.52246696278553,3.477533037214471,175.0351850983968,-4.964814901603205,-3.37024057710803,88.85238624582365,1.430320929624557,3.9244936075333205,2.080715129463613,OK,0.9547967910766602,heel,0.9998763799667358,0.9991840720176697,0.9592462182044983,0.9732914566993713,0.9547967910766602,0.9651457071304321
128,5.8941850662231445,left,left,178.04860198474375,1.9513980152562453,173.59809848729603,-6.401901512703972,-3.894431604100083,89.39622664983449,0.8864805256137203,3.8550945736946196,2.011316095624892,OK,0.9517755508422852,heel,0.9998847842216492,0.9991163015365601,0.9551869630813599,0.9710656404495239,0.9517755508422852,0.9632385969161987
129,5.938708782196045,left,left,178.33197458738124,1.6680254126187606,173.47692172314063,-6.523078276859366,-4.006835270582993,89.08952671096789,1.1931804644803208,3.27379512986301,1.430016651793295,OK,0.9470601081848145,heel,0.9998904466629028,0.9990262985229492,0.9476115703582764,0.966092586517334,0.9470601081848145,0.9590147733688354
130,5.975807428359985,left,left,179.01950629957815,0.9804937004218459,173.0886625883151,-6.911337411684912,-4.311332479051219,87.73447524920968,2.548231926238529,1.314973882265209,-0.5288045958045018,OK,0.9403635859489441,knee,0.9998964071273804,0.9989619851112366,0.9403635859489441,0.9613696336746216,0.9416204690933228,0.9549800157546997
131,6.017902135848999,left,left,179.18930649628015,0.8106935037198468,173.23780767630547,-6.762192323694535,-4.3886604350368446,87.04358408427215,3.2391230911760545,0.22780947664973641,-1.615969001419984,OK,0.9339266419410706,knee,0.9999017119407654,0.9989302158355713,0.9339266419410706,0.9568082690238953,0.9371976256370544,0.9514714479446411
132,6.0649638175964355,left,left,177.88506885292105,2.1149311470789485,174.0806039628256,-5.919396037174408,-4.300899758175245,86.81283100582478,3.469876169623433,0.5462584319029127,-1.2975200461667953,OK,0.9309705495834351,knee,0.9999078512191772,0.9988551735877991,0.9309705495834351,0.9546862244606018,0.9365273118019104,0.9497157335281372
133,6.1037373542785645,left,left,177.18936214751994,2.810637852480056,174.61890619749053,-5.381093802509469,-4.192339554822316,86.49440864473435,3.7882985307138597,0.4938007449015545,-1.3499777331681742,OK,0.9287258386611938,knee,0.9999139904975891,0.9987971782684326,0.9287258386611938,0.9529917240142822,0.9357830286026001,0.9484205842018127
134,6.142637491226196,left,left,176.80979877585088,3.1902012241491207,175.1536578363428,-4.846342163657198,-4.013420685361403,86.3985305891516,3.8841765862966042,0.421653291596539,-1.4221251864731812,OK,0.924814760684967,knee,0.999920129776001,0.9987403154373169,0.924814760684967,0.9504434466362,0.9345312714576721,0.9461848735809326
135,6.1837241649627686,left,left,176.55869167672606,3.441308323273944,175.5266816040281,-4.473318395971887,-3.8830232466738877,86.04203392487756,4.2406732505706515,0.07363739744952837,-1.770141080620192,OK,0.9215110540390015,knee,0.9999255537986755,0.9986955523490906,0.9215110540390015,0.9483179450035095,0.9334712028503418,0.9443513751029968
136,6.221496343612671,left,left,172.31412091088094,7.685879089119055,179.26098728233094,-0.7390127176690555,-2.9873655030712793,84.52986901158657,5.7528381638616395,-0.03260468469657715,-1.8763831627663023,OK,0.9201966524124146,knee,0.9999310970306396,0.9987121224403381,0.9201966524124146,0.9464817047119141,0.9327219724655151,0.9427830576896667
137,6.265184640884399,left,left,170.49142579040807,9.508574209591927,179.1315429027984,0.868457097201599,-2.6044022198073917,83.81964642809787,6.46306074735034,-0.1446386793192249,-1.9884171573889375,OK,0.9194355010986328,knee,0.9999364018440247,0.9987167716026306,0.9194355010986328,0.9445681571960449,0.9316514730453491,0.9406638145446777
138,6.315410852432251,left,left,158.50866444323952,21.491335556760475,168.4739644239697,11.526035576030296,0.16327294663397673,77.70838372070138,12.574323454746832,-2.1630433519344767,-4.006821830004185,OK,0.918368935585022,knee,0.9999384880065918,0.9987556338310242,0.918368935585022,0.9434340596199036,0.9320005774497986,0.939409613609314
139,6.3529322147369385,left,left,147.6490076050752,32.35099239492479,158.7385987051639,21.261401294836105,2.6019901557896916,77.11265772183134,13.170049453616869,0.8042389777096945,-1.0395395003600356,OK,0.9219281077384949,knee,0.9999380707740784,0.9988154172897339,0.9219281077384949,0.9463891386985779,0.9357946515083313,0.9422731995582581
140,6.395228862762451,left,left,145.23273651985605,34.76726348014395,156.00387074882346,23.99612925117654,3.5239549952622533,79.55360154414623,10.729105631301977,3.8486907683758975,2.00491229030618,OK,0.9242584109306335,knee,0.9999358057975769,0.998838484287262,0.9242584109306335,0.948559045791626,0.9379026889801025,0.9444555640220642
141,6.432615518569946,left,left,139.71289084874797,40.287109151252025,150.62953720959405,29.370462790405952,5.119508350525726,89.49899668931478,0.7837104861334296,15.535151400686562,13.691372922616836,OK,0.9270025491714478,knee,0.9999353289604187,0.9988741278648376,0.9270025491714478,0.9507328867912292,0.9406174421310425,0.9465468525886536
142,6.476879596710205,left,left,139.05220512972403,40.94779487027597,148.6892108622595,31.3107891377405,6.56036276772381,89.17322762495984,1.1094795504883734,15.37059612521911,13.526817647149386,OK,0.9316681027412415,knee,0.9999389052391052,0.9989387392997742,0.9316681027412415,0.9530414342880249,0.9429748058319092,0.948752224445343
143,6.528791666030884,left,left,128.43965192208097,51.56034807791903,137.29437114763172,42.70562885236828,8.804817870894764,93.07209417624664,-2.7893870007984276,20.73163127269216,18.887852794622432,OK,0.937239944934845,knee,0.999937117099762,0.9990125298500061,0.937239944934845,0.956905722618103,0.9466473460197449,0.9529109001159668
144,6.566403388977051,left,left,127.29369321228508,52.70630678771492,136.18500068068425,43.814999319315746,9.598301747773485,92.34350472209742,-2.060797546649212,20.833113938270085,18.98933546020038,OK,0.9414198398590088,knee,0.9999394416809082,0.9990772008895874,0.9414198398590088,0.9597944617271423,0.9494287967681885,0.955836832523346
145,6.615517854690552,left,left,119.48907187882834,60.51092812117166,128.6490914297809,51.350908570219104,11.084836224161661,87.99163252167602,2.291074653772185,18.236488296790252,16.392709818720533,OK,0.9463273882865906,knee,0.9999406337738037,0.9991576075553894,0.9463273882865906,0.9632868766784668,0.9532520771026611,0.9595876932144165
146,6.650660276412964,left,left,118.4600106401267,61.5399893598733,126.02239990967173,53.977600090328266,12.301295192768247,84.01171266966193,6.270994505786277,13.87539713197521,12.031618653905497,OK,0.9511846899986267,knee,0.9999424815177917,0.9992353320121765,0.9511846899986267,0.9666886925697327,0.9570248126983643,0.9632912278175354
147,6.689211845397949,left,left,111.30446858998675,68.69553141001325,119.24031721040761,60.75968278959239,13.63793848912145,82.25832244085382,8.024384734594392,13.832109550396096,11.988331072326389,OK,0.9557257890701294,knee,0.9999449253082275,0.9993056654930115,0.9557257890701294,0.9698018431663513,0.9607144594192505,0.9667180180549622
148,6.741657257080078,left,left,109.48643259793965,70.51356740206035,116.4961793365087,63.5038206634913,14.914113206247913,81.55502760430765,8.727679571140555,13.478887549124618,11.635109071054899,OK,0.9598093032836914,knee,0.9999465942382812,0.9993667602539062,0.9598093032836914,0.9725801944732666,0.9640796184539795,0.969760537147522
149,6.780469179153442,left,left,100.47271938514578,79.52728061485422,107.73294511859693,72.26705488140307,16.283242235363836,78.85430686323927,11.428400312208936,12.397774832054258,10.55399635398453,OK,0.9632400870323181,knee,0.9999452233314514,0.9994179010391235,0.9632400870323181,0.9749229550361633,0.9669119715690613,0.9723246097564697
150,6.826556205749512,left,left,97.64748398160859,82.35251601839141,104.46087627395501,75.53912372604499,17.77225211147455,80.51786035500481,9.764846820443395,15.10350475882579,13.25972628075607,OK,0.9665056467056274,knee,0.9999479651451111,0.9994699954986572,0.9665056467056274,0.9770994186401367,0.9696453809738159,0.9747328758239746
151,6.874357461929321,left,left,97.55061719697194,82.44938280302806,102.96155276847317,77.03844723152683,19.62068934827349,81.15613838068042,9.126568794767792,16.187763300455135,14.343984822385409,OK,0.9693834781646729,knee,0.9999473094940186,0.9995176196098328,0.9693834781646729,0.9790849089622498,0.9721148610115051,0.9769185185432434
152,6.919819116592407,left,left,96.55629817678839,83.44370182321161,100.82138963678449,79.17861036321551,20.88491118450302,97.95184587107713,-7.6691386956289165,33.10184851557626,31.258070037506542,OK,0.9717165231704712,knee,0.9999384880065918,0.999555766582489,0.9717165231704712,0.9807604551315308,0.9742041826248169,0.9787549376487732
153,6.964470386505127,left,left,95.52703564804702,84.47296435195298,98.90850762145338,81.09149237854662,21.72329842098421,93.41772069589122,-3.1350135204430103,28.5224910902818,26.67871261221208,OK,0.9739595055580139,knee,0.9999331831932068,0.9995898604393005,0.9739595055580139,0.9822953939437866,0.9761871099472046,0.9804491400718689
154,7.011115312576294,left,left,94.43002218089104,85.56997781910896,96.83491187455977,83.16508812544023,22.84762176776552,89.78059225458664,0.5021149208615725,25.033103716020868,23.189325237951152,OK,0.9759730696678162,knee,0.9999322891235352,0.9996230006217957,0.9759730696678162,0.9837623238563538,0.9780453443527222,0.982048749923706
155,7.051734447479248,left,left,93.78013807666333,86.21986192333667,96.70034149982507,83.29965850017493,22.83411920736866,96.13713391151661,-5.854426736068405,31.891456542047006,30.047678063977287,OK,0.9777576923370361,knee,0.9999297261238098,0.9996520280838013,0.9777576923370361,0.9850027561187744,0.9796923398971558,0.9834160208702087
156,7.09094500541687,left,left,91.32720488782866,88.67279511217134,93.76100601088963,86.23899398911037,23.469379099897182,93.81192411287292,-3.5292169374247067,29.715104335831086,27.871325857761377,OK,0.97917640209198,knee,0.9999219179153442,0.999669075012207,0.97917640209198,0.9858934283256531,0.9808480143547058,0.9843416213989258
157,7.155232906341553,left,left,90.70440652600672,89.29559347399328,93.85090277976819,86.14909722023181,23.11608969933827,99.32525862476653,-9.042551449318324,35.58784457786626,33.744066099796555,OK,0.98030024766922,knee,0.9999102354049683,0.9996839761734009,0.98030024766922,0.9865667223930359,0.9817318320274353,0.9850141406059265
158,7.202533721923828,left,left,90.5952570866421,89.4047429133579,94.13143809451063,85.86856190548937,22.954591180007963,102.22787964267303,-11.945172467224822,38.718651830549504,36.874873352479796,OK,0.9814532399177551,knee,0.9998999238014221,0.9996993541717529,0.9814532399177551,0.9873697757720947,0.9827361106872559,0.9858761429786682
159,7.25041937828064,left,left,91.9384018730595,88.0615981269405,96.07225245790632,83.92774754209368,22.488418592680656,94.08823224964954,-3.805525074201327,30.710501427177004,28.86672294910727,OK,0.9825279712677002,knee,0.99989253282547,0.9997106194496155,0.9825279712677002,0.9881125092506409,0.9836243987083435,0.9866840243339539
160,7.299403667449951,left,left,92.64687707861404,87.35312292138596,96.91850519700392,83.08149480299608,22.330171149276584,89.38081101626443,0.901896159183778,25.98261028393088,24.138831805861173,OK,0.9835949540138245,knee,0.9998893737792969,0.9997231364250183,0.9835949540138245,0.9888508319854736,0.9845253229141235,0.9874925017356873
161,7.346041917800903,left,left,95.8398926710488,84.1601073289512,100.5664540027112,79.4335459972888,21.854405826290133,85.88784222137474,4.394864954073469,22.46880937932727,20.62503090125756,OK,0.9845352172851562,knee,0.9998860359191895,0.9997305870056152,0.9845352172851562,0.9895069003105164,0.9851619005203247,0.9882116913795471
162,7.398449897766113,left,left,96.26997335900379,83.73002664099621,101.2725821608894,78.7274178391106,21.520473192828177,98.26783638814518,-7.985129212696975,34.790918382858976,32.94713990478925,OK,0.9854095578193665,knee,0.9998851418495178,0.9997424483299255,0.9854095578193665,0.9900925755500793,0.9857993125915527,0.9888827800750732
163,7.437694787979126,left,left,111.01735729416326,68.98264270583674,115.52527958546355,64.47472041453645,19.315449993508548,93.24954264050926,-2.9668354650610524,27.072914925318095,25.22913644724838,OK,0.9861552119255066,heel,0.9998875856399536,0.9997550845146179,0.9863665699958801,0.9907322525978088,0.9861552119255066,0.9894692897796631
164,7.492392539978027,left,left,121.28499692624658,58.71500307375342,125.78492047163392,54.215079528366076,16.591124456580165,93.30976975496499,-3.0270625795167803,24.4008177569325,22.55703927886279,OK,0.9867262244224548,heel,0.9998913407325745,0.999771237373352,0.9872748255729675,0.9913563132286072,0.9867262244224548,0.9900702834129333
165,7.530653953552246,left,left,124.33162189298152,55.66837810701848,128.32521120259946,51.67478879740054,15.040226479914553,87.83572935548067,2.446977819967543,16.869545145013156,15.02576666694344,OK,0.9864274263381958,heel,0.9998760223388672,0.9997562766075134,0.9871699213981628,0.991256594657898,0.9864274263381958,0.9895482063293457
166,7.5721755027771,left,left,134.8097224465437,45.1902775534563,139.96487420912106,40.035125790878936,11.926114798793314,86.64423106511504,3.6384761103331726,13.725497626485707,11.881719148415982,OK,0.985894501209259,heel,0.999876856803894,0.9997590780258179,0.9875579476356506,0.991349995136261,0.985894501209259,0.9892584085464478
167,7.613786458969116,left,left,135.49258804408979,44.507411955910214,140.53016505281317,39.469834947186826,11.717595863961467,85.52518102976822,4.757526145679989,12.280353902453063,10.436575424383335,OK,0.9856323599815369,heel,0.9998728632926941,0.9997580051422119,0.9881516098976135,0.9914695620536804,0.9856323599815369,0.9889897108078003
168,7.656627178192139,left,left,144.69220048736554,35.30779951263446,149.70600481518994,30.293995184810058,9.638360967595894,87.2637749452607,3.0189322301875023,11.915940240681001,10.072161762611273,OK,0.9834112524986267,heel,0.9998757839202881,0.9997430443763733,0.9877797365188599,0.9906947016716003,0.9834112524986267,0.9871223568916321
169,7.693357706069946,left,left,145.88182232141983,34.11817767858017,151.1786461642655,28.8213538357345,8.976507420400255,86.28617884611587,3.9965283293323353,10.559510109361806,8.715731631292101,OK,0.9822698831558228,heel,0.9998814463615417,0.9997395873069763,0.9875485301017761,0.9903059601783752,0.9822698831558228,0.9858261942863464
170,7.74023962020874,left,left,154.2064445607062,25.79355543929381,161.3087449573965,18.6912550426035,4.77520176023066,87.5646719900215,2.7180351854267144,9.442174146942499,7.598395668872769,OK,0.9810251593589783,heel,0.9998885989189148,0.9997149109840393,0.9865047335624695,0.9896233677864075,0.9810251593589783,0.9841448068618774
171,7.779510498046875,left,left,156.82606999368,23.173930006320006,163.22424862815672,16.775751371843285,4.204293811948015,90.21986145164261,0.06284572380559439,10.822333898067338,8.978555419997633,OK,0.9782668352127075,heel,0.9998940825462341,0.9996935725212097,0.983798623085022,0.9878736734390259,0.9782668352127075,0.9811146855354309
172,7.824655532836914,left,left,164.7755113646074,15.22448863539259,171.06219201700068,8.937807982999317,1.6378936051525605,92.71832709111753,-2.435619915669321,10.642901348663356,8.799122870593635,OK,0.9714762568473816,heel,0.99989253282547,0.9996182322502136,0.9785425662994385,0.9840173721313477,0.9714762568473816,0.9765861630439758
173,7.865842580795288,left,left,166.05569105613696,13.944308943863035,172.19311685102647,7.806883148973526,1.3210483426361692,91.59414538121243,-1.3114382057642189,9.052619518738137,7.208841040668403,OK,0.969078779220581,heel,0.999899685382843,0.9995970726013184,0.975273847579956,0.9818143248558044,0.969078779220581,0.974017322063446
174,7.898843050003052,left,left,173.206362631685,6.7936373683149895,179.58013291086553,0.41986708913447046,-1.1021720802327204,89.70589282509515,0.576814350353061,4.977491024042953,3.133712545973225,OK,0.9662407636642456,heel,0.9999019503593445,0.9995449185371399,0.9717158675193787,0.9800862073898315,0.9662407636642456,0.9717508554458618
175,7.957540035247803,left,left,177.37558961747678,2.624410382523223,176.3540025825887,-3.6459974174113086,-2.1584838422674584,91.32734431799321,-1.0446371425449996,5.4392682756603,3.5954897975905737,OK,0.9633418917655945,heel,0.9999047517776489,0.9995030164718628,0.9673885107040405,0.9781724810600281,0.9633418917655945,0.9701129198074341
176,8.003051280975342,left,left,177.8869683484684,2.1130316515315997,175.25897286482464,-4.741027135175358,-2.701228297908688,90.80525658936475,-0.5225494139165363,4.9580870781629995,3.114308600093267,OK,0.9605066776275635,heel,0.999908983707428,0.9994214773178101,0.9623435735702515,0.9756553173065186,0.9605066776275635,0.9682202339172363
177,8.041332721710205,left,left,178.08685930386855,1.9131406961314497,173.78260657426674,-6.217393425733263,-3.69551559838445,89.99556726232323,0.28713991312497456,4.430585785803518,2.5868073077338067,OK,0.9552499055862427,heel,0.9999125599861145,0.9993143677711487,0.9566003084182739,0.971890926361084,0.9552499055862427,0.9647466540336609
178,8.081198453903198,left,left,178.33385357267127,1.6661464273287265,173.23693269980512,-6.7630673001948765,-4.089561869954893,90.03109441774559,0.2516127577026168,4.370746275314287,2.5269677972445663,OK,0.9484899044036865,knee,0.9999162554740906,0.9992221593856812,0.9484899044036865,0.9649853706359863,0.9488263130187988,0.9585217237472534
179,8.13910984992981,left,left,178.5865994219878,1.4134005780121868,172.5026606817652,-7.497339318234793,-4.799108269960883,89.8973320690723,0.38537510637590344,4.0089636953583625,2.165185217288638,OK,0.9403128027915955,heel,0.9999138116836548,0.9991161823272705,0.9408751130104065,0.9588541984558105,0.9403128027915955,0.9525035619735718
180,8.183370113372803,left,left,179.16625097579342,0.8337490242065826,172.1998406353366,-7.800159364663386,-5.018379647909057,89.56012866624877,0.7225785091994368,3.1756574072096844,1.3318789291399753,OK,0.9336825013160706,heel,0.9999110102653503,0.9988924860954285,0.9342208504676819,0.9540932774543762,0.9336825013160706,0.9473655223846436
181,8.225404739379883,left,left,178.88253605479767,1.1174639452023314,172.3979333981006,-7.602066601899395,-4.955843786814265,88.43821667107956,1.8444905043686504,2.201903431367041,0.3581249532973345,OK,0.9286867380142212,knee,0.9999085664749146,0.9987870454788208,0.9286867380142212,0.9496113657951355,0.9305838346481323,0.9431974291801453
182,8.279706239700317,left,left,179.11981732633492,0.8801826736650753,172.239455631006,-7.760544368994005,-5.003248486457639,88.66573628455784,1.6169708908903715,2.303214840759296,0.459436362689587,OK,0.9213263392448425,knee,0.9999071955680847,0.9986433386802673,0.9213263392448425,0.9436105489730835,0.9261960983276367,0.9376787543296814
183,8.325730323791504,left,left,178.38871868519522,1.6112813148047849,172.85239056042104,-7.147609439578957,-5.0215985087417545,87.48231961440618,2.8003875610420295,1.2196118600481862,-0.6241666180215191,OK,0.9195090532302856,knee,0.9999141693115234,0.9985888600349426,0.9195090532302856,0.9416223764419556,0.9252321720123291,0.9358599185943604
184,8.387672424316406,left,left,174.574166620618,5.425833379381999,176.60510451833207,-3.3948954816679304,-4.22346411556966,86.12088955029806,4.1618176251501495,0.7181542957783285,-1.1256241822914035,OK,0.9143127799034119,knee,0.9999201893806458,0.9985690116882324,0.9143127799034119,0.9368853569030762,0.9234044551849365,0.9322524070739746
185,8.437479257583618,left,left,172.38346446270987,7.616535537290133,178.59478685411165,-1.4052131458883537,-3.783375580804215,85.42899189881027,4.853715276637942,0.6673650011845607,-1.176413476885159,OK,0.9106980562210083,knee,0.9999257326126099,0.9985654950141907,0.9106980562210083,0.9334693551063538,0.9223023056983948,0.929807722568512
186,8.493915557861328,left,left,165.64822847321543,14.351771526784574,175.5365801257874,4.4634198742126046,-2.228354601152231,82.89976104841165,7.382946127036561,0.5597580998313537,-1.2840203782383526,OK,0.9109105467796326,knee,0.9999297261238098,0.9985642433166504,0.9109105467796326,0.93398517370224,0.9241117835044861,0.9310300946235657
187,8.547525405883789,left,left,163.0021845324576,16.99781546754241,173.0031310210662,6.996868978933804,-1.4702296920131883,82.24191443742116,8.04079273802705,0.7726312340165751,-1.0711472440531509,OK,0.9127750992774963,knee,0.9999344944953918,0.9986357688903809,0.9127750992774963,0.9357325434684753,0.9269274473190308,0.9331713914871216
188,8.597439765930176,left,left,153.1377674251549,26.86223257484511,162.92701809845383,17.07298190154617,1.304135605168527,84.279002894616,6.00370428083221,5.372389173083469,3.5286106950137537,OK,0.9175387620925903,knee,0.9999255537986755,0.9986399412155151,0.9175387620925903,0.9390918016433716,0.9302340745925903,0.9359447956085205
189,8.645941972732544,left,left,143.60596247201676,36.394037527983244,155.0813284238809,24.918671576119095,3.2137562236795123,84.20421086885403,6.078496306594175,8.893333044397668,7.0495545663279415,OK,0.921105146408081,knee,0.9999247789382935,0.9986725449562073,0.921105146408081,0.941853404045105,0.9338032603263855,0.9392072558403015
190,8.693816423416138,left,left,141.96507731856042,38.03492268143958,152.26508777370975,27.73491222629025,4.47149006561697,87.52679651066988,2.7559106647783267,12.29829703143619,10.454518553366484,OK,0.9221204519271851,knee,0.9999223947525024,0.9986793398857117,0.9221204519271851,0.9415698051452637,0.9342531561851501,0.9387379288673401
191,8.738096475601196,left,left,132.55319407878022,47.44680592121978,143.2354074901485,36.7645925098515,6.573756748085136,86.86083249771315,3.4218746777350617,14.116802657166556,12.273024179096836,OK,0.9252665638923645,knee,0.9999181628227234,0.9986740946769714,0.9252665638923645,0.943507730960846,0.9367563128471375,0.9405177235603333
192,8.808646440505981,left,left,126.55757768637568,53.44242231362432,136.82712919024598,43.172870809754016,8.458494897110226,83.5411924988559,6.741514676592303,12.269238899836408,10.4254604217667,OK,0.9306058883666992,knee,0.9999207854270935,0.9987648725509644,0.9306058883666992,0.9475980997085571,0.940335750579834,0.9446484446525574
193,8.849556684494019,left,left,113.44035719729104,66.55964280270896,122.7461433623254,57.2538566376746,11.226546065053089,92.06422730251234,-1.7815201270641268,22.596559532599777,20.75278105453006,OK,0.9367203712463379,knee,0.9999225735664368,0.998870313167572,0.9367203712463379,0.952373743057251,0.9451183676719666,0.9496119022369385
194,8.916958332061768,left,left,108.17718958459551,71.82281041540449,114.74409798202822,65.25590201797178,13.383108723281495,99.8629464130518,-9.580239237603593,29.81296353376598,27.969185055696272,OK,0.9424782395362854,knee,0.9999255537986755,0.9989723563194275,0.9424782395362854,0.9568390846252441,0.9495649933815002,0.954273521900177
195,8.959823846817017,left,left,108.99693707378543,71.00306292621457,115.00653841491099,64.99346158508901,14.433425941084028,91.53680273922213,-1.254095563773916,21.979830021431702,20.136051543361987,OK,0.9479091167449951,knee,0.9999299049377441,0.9990679025650024,0.9479091167449951,0.9609457850456238,0.954028308391571,0.958602249622345
196,9.011659383773804,left,left,99.66685599588229,80.33314400411771,106.30940906355515,73.69059093644485,15.823718139744214,86.5253525401074,3.7573546353408034,18.991623747524475,17.147845269454763,OK,0.9525298476219177,knee,0.9999316334724426,0.9991530179977417,0.9525298476219177,0.9643400311470032,0.9575572609901428,0.9622352719306946
197,9.0607008934021,left,left,100.11431322345997,79.88568677654003,105.8869354153654,74.1130645846346,18.058006513432456,87.03702406201957,3.2456831134286404,20.867652767357438,19.023874289287733,OK,0.9566949009895325,knee,0.9999282360076904,0.9992192983627319,0.9566949009895325,0.9674542546272278,0.9609181880950928,0.9654310941696167
198,9.098681211471558,left,left,94.90059612072093,85.09940387927907,99.77040658948262,80.22959341051738,19.83661839899134,100.10515727375196,-9.822450098303747,34.81158614150499,32.96780766343528,OK,0.9604364633560181,knee,0.9999279379844666,0.9992876648902893,0.9604364633560181,0.9703128337860107,0.9640102982521057,0.9684394598007202
199,9.14789342880249,left,left,93.60883352192143,86.39116647807857,97.26567963220494,82.73432036779506,21.170284506974163,98.00638344342892,-7.723676267980707,32.833514060686596,30.989735582616873,OK,0.9638979434967041,knee,0.9999274611473083,0.9993520975112915,0.9638979434967041,0.9729453325271606,0.9669605493545532,0.9712123274803162
200,9.190507650375366,left,left,93.4946407623208,86.5053592376792,96.9129339279135,83.0870660720865,21.780281716347268,104.27653677466071,-13.993829599212503,39.475111656600674,37.63133317853095,OK,0.9669879078865051,knee,0.9999260902404785,0.9994101524353027,0.9669879078865051,0.9753829836845398,0.9697924256324768,0.9737784266471863
201,9.239899635314941,left,left,90.28876121571354,89.71123878428646,93.42640449674474,86.57359550325526,22.632502808405636,103.60485444922028,-13.322147273772075,39.37500053865712,37.531222060587396,OK,0.9693194627761841,knee,0.9999163150787354,0.9994447231292725,0.9693194627761841,0.9771945476531982,0.9717307090759277,0.9755859375
202,9.287549495697021,left,left,90.05525726654683,89.94474273345317,93.33410111752107,86.66589888247893,22.748638027931836,104.69888263795866,-14.416175462510452,40.72636451686472,38.88258603879501,OK,0.9713932871818542,knee,0.9999036192893982,0.9994750022888184,0.9713932871818542,0.9787965416908264,0.973543643951416,0.9772148728370667
203,9.346702575683594,left,left,90.51022285910454,89.48977714089546,93.1654483376625,86.8345516623375,23.358610698536722,102.23462830461325,-11.951921129165044,38.24846448170793,36.404686003638204,OK,0.9734960794448853,knee,0.9999008178710938,0.9995089173316956,0.9734960794448853,0.9803984761238098,0.9754178524017334,0.9789003729820251
204,9.39561414718628,left,left,90.6672606200811,89.3327393799189,92.7352449405384,87.2647550594616,23.7662799815893,98.15694523092056,-7.874238055472347,33.991209532967154,32.147431054897424,OK,0.9754261374473572,knee,0.9998987317085266,0.999541163444519,0.9754261374473572,0.981855034828186,0.9771526455879211,0.9804194569587708
205,9.44468903541565,left,left,93.6117025415223,86.3882974584777,96.45846721441889,83.54153278558111,23.073405757839954,86.41436643765375,3.8683407377944548,22.334536868390273,20.490758390320565,OK,0.9772840738296509,knee,0.99988853931427,0.9995595216751099,0.9772840738296509,0.983165442943573,0.9782814979553223,0.981737494468689
206,9.493761539459229,left,left,101.31282587345297,78.68717412654703,104.51764329608191,75.48235670391809,22.584932264049613,83.84207117177169,6.4406360036765165,19.631820858450244,17.788042380380517,OK,0.9790898561477661,knee,0.9998879432678223,0.9995827078819275,0.9790898561477661,0.9844743609428406,0.9795526266098022,0.9830998182296753
207,9.536422491073608,left,left,101.837976766294,78.162023233706,105.73646994192138,74.26353005807862,22.15751232311114,93.56547471061475,-3.282767535166542,29.621480209353273,27.777701731283543,OK,0.9806172847747803,knee,0.9998895525932312,0.999610185623169,0.9806172847747803,0.9855949282646179,0.9807094931602478,0.9842835664749146
208,9.570588827133179,left,left,108.94216622095483,71.05783377904517,111.78578721696097,68.21421278303903,21.17088425393937,95.68590198701268,-5.403194811564475,29.700407236958185,27.856628758888462,OK,0.9819327592849731,heel,0.9998935461044312,0.9996396899223328,0.9822372794151306,0.9867582321166992,0.9819327592849731,0.9855016469955444
209,9.62078046798706,left,left,108.65120142076543,71.34879857923457,111.64640643347512,68.35359356652488,20.748236610510045,94.51815471920142,-4.23544754375321,28.26159634242115,26.417817864351434,OK,0.9829531908035278,heel,0.9998922348022461,0.9996654391288757,0.9834011197090149,0.9876347780227661,0.9829531908035278,0.9864131808280945
210,9.659030675888062,left,left,117.91053892735427,62.08946107264573,119.74599820329982,60.25400179670018,18.588959768684738,91.75850749874913,-1.4758003233009163,22.18292654337941,20.3391480653097,OK,0.9839163422584534,heel,0.9998958706855774,0.9996932744979858,0.9846005439758301,0.9885667562484741,0.9839163422584534,0.9873530268669128
211,9.698671340942383,left,left,120.59302063975483,59.406979360245174,122.4299390705429,57.5700609294571,17.442755938721017,89.74343102828688,0.5392761471613312,19.02310539779597,17.179326919726236,OK,0.9845733046531677,heel,0.9998922944068909,0.9997125864028931,0.9853858351707458,0.9892835021018982,0.9845733046531677,0.9879843592643738
212,9.73979115486145,left,left,130.08145263047595,49.91854736952405,131.3405949482106,48.659405051789406,15.554644583524995,88.46128951882997,1.8214176566182374,15.275076420089604,13.431297942019881,OK,0.9846652150154114,heel,0.9998891353607178,0.9997220635414124,0.9860108494758606,0.9897026419639587,0.9846652150154114,0.9879968166351318
213,9.786491870880127,left,left,130.4940152400498,49.505984759950195,132.7227658616387,47.27723413836131,14.512195768703112,85.57661050049845,4.706096674949762,12.317556890790435,10.47377841272072,OK,0.9843388795852661,heel,0.9998406767845154,0.9997155666351318,0.9859958291053772,0.9897245764732361,0.9843388795852661,0.9874560236930847
214,9.82579255104065,left,left,145.7493317784879,34.250668221512086,147.81625612605646,32.18374387394354,10.209799974143586,88.28082194854579,2.0018852269024165,10.557546270257909,8.713767792188179,OK,0.9830338954925537,heel,0.99984210729599,0.9996960163116455,0.985401451587677,0.9890251755714417,0.9830338954925537,0.9860741496086121
215,9.886581182479858,left,left,157.41806480138445,22.581935198615554,160.86047916242123,19.13952083757877,6.097430401054484,91.30970671084536,-1.0269995353971524,10.849551472936616,9.005772994866902,OK,0.9812178015708923,heel,0.9998550415039062,0.999675452709198,0.9853991866111755,0.988603413105011,0.9812178015708923,0.984685480594635
216,9.932046175003052,left,left,159.90320530133764,20.096794698662364,164.41436611776615,15.58563388223385,4.306861913149185,86.55838467263106,3.724322502817145,5.376407402208759,3.5326289241390327,OK,0.9785699844360352,heel,0.9998635649681091,0.9996363520622253,0.9846049547195435,0.9877607226371765,0.9785699844360352,0.9830191731452942
217,9.977874755859375,left,left,167.2687872933478,12.731212706652201,171.72282255964677,8.277177440353228,1.9182850015876989,90.21453224593151,0.0681749295167009,6.586852513818193,4.743074035748464,OK,0.9735667705535889,heel,0.9998660683631897,0.9995380640029907,0.9814996123313904,0.9855154156684875,0.9735667705535889,0.9795105457305908
218,10.013133525848389,left,left,168.37581156416064,11.624188435839358,173.8019339239659,6.1980660760341095,0.9012149098065199,89.2973929480451,0.9853142274031086,5.624730217656832,3.780951739587124,OK,0.9695720076560974,heel,0.9998720288276672,0.9994917511940002,0.9768471121788025,0.9827368259429932,0.9695720076560974,0.9762059450149536
219,10.063154935836792,left,left,172.5488120926842,7.451187907315813,178.1763459140527,1.823654085947311,-0.5382278751876021,90.99543664477821,-0.7127294693300001,6.0847425909591415,4.240964112889429,OK,0.9663015604019165,heel,0.9998785257339478,0.9994617700576782,0.9727944731712341,0.9806876182556152,0.9663015604019165,0.9737011790275574
220,10.104093313217163,left,left,173.0876187392352,6.912381260764789,179.02309157918097,0.9769084208190293,-0.7448933499598638,90.43051265997711,-0.1478054845289023,5.6210921499629976,3.7773136718932676,OK,0.9635915160179138,heel,0.9998883008956909,0.9994382858276367,0.9695774912834167,0.979106068611145,0.9635915160179138,0.9719880223274231
221,10.14285683631897,left,left,176.14858650905674,3.8514134909432585,177.37131299335067,-2.6286870066493293,-1.9297336707687511,91.0103775370621,-0.7276703616138889,5.56074436388591,3.716965885816194,OK,0.9595208764076233,heel,0.999890148639679,0.9993137717247009,0.9637449383735657,0.9761898517608643,0.9595208764076233,0.9687771797180176
222,10.194251298904419,left,left,176.04204298498914,3.9579570150108623,176.7007263264874,-3.2992736735126016,-2.4033859055127342,89.05270487798884,1.2300022974593645,3.9065496609995782,2.0627711829298505,OK,0.9573054313659668,heel,0.9998980164527893,0.9992741942405701,0.9600287079811096,0.9748899340629578,0.9573054313659668,0.967762291431427
223,10.233431100845337,left,left,177.09855822373635,2.9014417762636526,174.91088871788116,-5.089111282118836,-3.3054845530220693,90.8526534956818,-0.5699463202335977,5.5377220010422405,3.6939435229725177,OK,0.9521067142486572,heel,0.99990314245224,0.9991936683654785,0.9534682631492615,0.971055805683136,0.9521067142486572,0.9644238352775574
224,10.291084051132202,left,left,177.5810648871536,2.4189351128464125,173.89772763015878,-6.1022723698412165,-4.025502448798211,91.31440485158137,-1.031697676133163,5.810109885470789,3.9663314074010714,OK,0.9462124109268188,heel,0.9999052882194519,0.9991278052330017,0.946746289730072,0.9662476778030396,0.9462124109268188,0.960076093673706
225,10.333367347717285,left,left,178.0805872214084,1.9194127785916066,173.38697906654218,-6.613020933457818,-4.305329205406192,89.79839623526217,0.4843109401860346,4.025500741905446,2.1817222638357237,OK,0.9396300315856934,heel,0.9999079704284668,0.9990519881248474,0.9406646490097046,0.9610005617141724,0.9396300315856934,0.9552061557769775
226,10.37413215637207,left,left,178.795534322732,1.20446567726799,173.28125469306264,-6.718745306937365,-4.490106345841792,88.10558573261639,2.177121442831819,1.5386903709799733,-0.30508810708974465,OK,0.934434711933136,heel,0.9999116659164429,0.9989367127418518,0.9344445466995239,0.9563587307929993,0.934434711933136,0.9509365558624268
227,10.4142587184906,left,left,178.7075237171098,1.292476282890192,173.1659862410533,-6.834013758946696,-4.656790500862016,87.66564104373934,2.6170661317088673,1.1353405847142293,-0.7084378933554945,OK,0.9292551875114441,knee,0.9999158978462219,0.9988129138946533,0.9292551875114441,0.9517688751220703,0.9309259057044983,0.9471721053123474
228,10.457891941070557,left,left,178.52429803804148,1.4757019619585208,173.4055836471669,-6.594416352833093,-4.74706936356915,86.56611098820395,3.7165961872442637,-0.11084006057359173,-1.9546185386433024,OK,0.9249151349067688,knee,0.9999204874038696,0.9987579584121704,0.9249151349067688,0.9485302567481995,0.929998517036438,0.9447101950645447
229,10.499654769897461,left,left,178.5183085055422,1.481691494457806,173.35650730336835,-6.643492696631654,-4.859016153382179,91.67092238387339,-1.38821520842518,4.9370904215806934,3.093311943510969,OK,0.9204952120780945,knee,0.999924898147583,0.9987105131149292,0.9204952120780945,0.945171594619751,0.928942859172821,0.9421616196632385
230,10.533567905426025,left,left,177.99828231836474,2.001717681635256,173.4864387491647,-6.513561250835295,-5.043125316407199,89.28009022785282,1.002616947595385,2.752243843916184,0.9084653658464674,OK,0.9178423285484314,knee,0.9999299049377441,0.9986727237701416,0.9178423285484314,0.9428866505622864,0.9288380742073059,0.9404038786888123
231,10.586426019668579,left,left,177.6649273140074,2.3350726859926,173.6353140613123,-6.3646859386877,-5.092536822055773,88.11223820822305,2.170468967225162,1.719460010847592,-0.1243184672221389,OK,0.9151961803436279,knee,0.9999343752861023,0.9986334443092346,0.9151961803436279,0.9405858516693115,0.9285982847213745,0.9385977983474731
232,10.635262966156006,left,left,165.52851059635805,14.471489403641954,176.1320597229538,3.8679402770461877,-2.580501126212746,82.60897826701182,7.673728908436388,0.6320262673948284,-1.211752210674888,OK,0.9143167734146118,knee,0.9999376535415649,0.998618483543396,0.9143167734146118,0.9390899538993835,0.9286887049674988,0.9373345971107483
233,10.690518140792847,left,left,159.20733377176143,20.792666228238573,168.3280329542219,11.671967045778104,0.18499592559104183,81.5453270350186,8.737380140429607,0.8510221430701165,-0.9927563349995978,OK,0.9117887020111084,knee,0.9998995065689087,0.9983747601509094,0.9117887020111084,0.9373905062675476,0.9265633225440979,0.9354556798934937
234,10.742929458618164,left,left,156.68083992684785,23.319160073152148,165.00179895056013,14.99820104943987,1.4427523269298537,83.06438422088026,7.218322954567952,2.828095571522383,0.9843170934526597,OK,0.9113222360610962,knee,0.9998916983604431,0.9983462691307068,0.9113222360610962,0.9377865195274353,0.9282253384590149,0.9358055591583252
235,10.777688980102539,left,left,145.00863873768165,34.99136126231835,156.17921002538301,23.820789974616986,3.0158123988794654,80.05103015289895,10.231677022549263,4.237413839479766,2.3936353614100483,OK,0.9152935743331909,knee,0.9998959898948669,0.9984472990036011,0.9152935743331909,0.940876841545105,0.9317476153373718,0.9387145042419434
236,10.820047616958618,left,left,143.33606377349892,36.66393622650108,153.86042005227344,26.13957994772656,4.246487493449178,95.70553682347904,-5.422829648030827,20.476380595702736,18.632602117633013,OK,0.9164199233055115,knee,0.9998921751976013,0.9984850883483887,0.9164199233055115,0.9413699507713318,0.9317029118537903,0.9383887648582458
237,10.858451128005981,left,left,136.55272088048912,43.44727911951088,146.1822944790086,33.81770552099141,6.8478421394066205,98.85474303935793,-8.572035863909719,25.332158777283993,23.48838029921427,OK,0.9208002090454102,knee,0.9998982548713684,0.9985729455947876,0.9208002090454102,0.9440597295761108,0.9345759153366089,0.940757691860199
238,10.904306411743164,left,left,135.098283191032,44.90171680896799,143.38921880732647,36.61078119267353,7.954320726042734,98.68248200599197,-8.399774830543763,24.927738348329186,23.083959870259463,OK,0.9267469644546509,knee,0.9999058842658997,0.9986915588378906,0.9267469644546509,0.9480870962142944,0.9385214447975159,0.9448188543319702
239,10.9410240650177,left,left,125.12750865232726,54.872491347672735,132.84477602921407,47.155223970785926,9.722501095789935,94.71223524184872,-4.429528066400508,22.15200371452545,20.30822523645574,OK,0.9318627119064331,knee,0.9999024271965027,0.99876868724823,0.9318627119064331,0.9519277811050415,0.9422898292541504,0.9486594796180725
240,10.991483449935913,left,left,121.65956922596308,58.34043077403692,130.01279561152157,49.98720438847843,10.67841718058716,90.66470016083261,-0.3819929853844002,19.69634372697824,17.85256524890852,OK,0.9378911852836609,knee,0.9999099969863892,0.9988867044448853,0.9378911852836609,0.9563046097755432,0.9468780159950256,0.9532949328422546
241,11.034638404846191,left,left,109.08546655294258,70.91453344705742,117.66133931358036,62.338660686419644,13.635054188458048,95.19468651775239,-4.911979342304178,27.40561346684821,25.561834988778486,OK,0.9436172842979431,knee,0.9999154806137085,0.9989929795265198,0.9436172842979431,0.9603856205940247,0.9512891173362732,0.9576269388198853
242,11.090014696121216,left,left,100.674161075663,79.325838924337,109.94227825444722,70.05772174555278,15.149459726637042,86.58360440442344,3.6991027710247693,21.001181309844707,19.157402831774988,OK,0.9488632678985596,knee,0.9999199509620667,0.9990854263305664,0.9488632678985596,0.9640858769416809,0.9554870128631592,0.961601972579956
243,11.142739295959473,left,left,99.22908753872018,80.77091246127982,108.6633276501192,71.3366723498808,16.448798062729153,85.7473971746974,4.535310000750812,21.63043534882557,19.78665687075585,OK,0.9532495737075806,knee,0.9999197125434875,0.9991623759269714,0.9532495737075806,0.9670677781105042,0.9587715864181519,0.9647202491760254
244,11.17967438697815,left,left,93.95288410689307,86.04711589310693,103.63196526226061,76.36803473773939,17.60570535999361,84.01276378808538,6.269943387362829,21.297550303446542,19.453771825376833,OK,0.9573265314102173,knee,0.9999199509620667,0.9992406368255615,0.9573265314102173,0.9698876142501831,0.962092936038971,0.9677851796150208
245,11.227091550827026,left,left,94.95226353727193,85.04773646272807,103.41059538853679,76.58940461146321,19.228516484223793,93.3562716624623,-3.073564487014096,31.043119997950953,29.199341519881244,OK,0.9610162973403931,knee,0.9999188780784607,0.9993089437484741,0.9610162973403931,0.9725504517555237,0.9652425050735474,0.9706247448921204
246,11.267614364624023,left,left,94.32556017450791,85.67443982549209,101.07736420076202,78.92263579923798,20.427463925390107,92.08214432873561,-1.7994371532873998,29.261412280379805,27.417633802310093,OK,0.9645490646362305,knee,0.9999192357063293,0.9993719458580017,0.9645490646362305,0.9750986099243164,0.9682380557060242,0.9733201861381531
247,11.307338237762451,left,left,93.95398673033466,86.04601326966534,99.91101753491127,80.08898246508873,20.83359501655439,91.71528824276805,-1.4325810673198447,28.505914063899052,26.662135585829333,OK,0.9675663113594055,knee,0.99991375207901,0.9994236826896667,0.9675663113594055,0.9772713780403137,0.9708502888679504,0.9756187796592712
248,11.351903915405273,left,left,90.70223411091017,89.29776588908983,96.13013298468992,83.86986701531008,21.70741172729036,97.31142566698227,-7.028718491534065,34.4467362680524,32.60295778998267,OK,0.9700742363929749,knee,0.9999120235443115,0.9994695782661438,0.9700742363929749,0.9791061878204346,0.973042368888855,0.9774661660194397
249,11.405520677566528,left,left,90.2864181783112,89.7135818216888,95.04397112886778,84.95602887113222,22.337534223232836,95.51356563031688,-5.230858454868667,32.6086528041063,30.76487432603659,OK,0.9723196029663086,knee,0.9999094009399414,0.9995081424713135,0.9723196029663086,0.9806331992149353,0.9750085473060608,0.9790520668029785
250,11.449358224868774,left,left,90.033477584342,89.966522415658,94.37345671417991,85.62654328582009,22.562144796887736,95.37090525329769,-5.0881980778494835,32.27302918002335,30.429250701953634,OK,0.9741697311401367,knee,0.999902606010437,0.9995284080505371,0.9741697311401367,0.9818718433380127,0.9763979911804199,0.9802785515785217
251,11.494619846343994,left,left,90.32783095177345,89.67216904822655,93.97703209868865,86.02296790131135,23.07632269236925,98.61986398440138,-8.337156808953168,35.34538782368583,33.50160934561612,OK,0.9758378267288208,knee,0.9998963475227356,0.9995513558387756,0.9758378267288208,0.9830659031867981,0.9777582287788391,0.9814606308937073
252,11.541557550430298,left,left,90.6922158452664,89.3077841547336,94.03512145834235,85.96487854165765,23.23565357441374,99.30048381274247,-9.017776637294261,35.87904300023214,34.035264522162436,OK,0.9773573875427246,knee,0.9998918175697327,0.999568521976471,0.9773573875427246,0.9841666221618652,0.9790448546409607,0.9825438857078552
253,11.578462362289429,left,left,92.20455067231865,87.79544932768135,96.06392205951768,83.93607794048232,22.695731644350197,97.1533741174008,-6.870666941952592,33.708477148950045,31.86469867088033,OK,0.9789429306983948,knee,0.9998875856399536,0.9995959997177124,0.9789429306983948,0.9852707386016846,0.9802230596542358,0.9837499260902405
254,11.617460489273071,left,left,92.89187438069492,87.10812561930508,96.88723368605748,83.11276631394252,22.4215510142737,96.77960324072617,-6.496896065277966,33.19651356036244,31.352735082292725,OK,0.9804254174232483,knee,0.9998842477798462,0.9996215105056763,0.9804254174232483,0.9863132834434509,0.9813663363456726,0.9848842024803162
255,11.660985708236694,left,left,95.70626285365024,84.29373714634976,99.8065057879921,80.1934942120079,22.161033223567333,100.34669082552801,-10.063983650079805,36.60796698343718,34.76418850536746,OK,0.9818569421768188,knee,0.9998844265937805,0.9996428489685059,0.9818569421768188,0.987317681312561,0.9823764562606812,0.985955536365509
256,11.6972177028656,left,left,96.67391301861451,83.32608698138549,101.23623723739783,78.76376276260217,21.63989040603701,98.66436800904438,-8.381660833596172,34.86658263386471,33.022804155795,OK,0.9831677079200745,knee,0.9998849630355835,0.9996657967567444,0.9831677079200745,0.988231360912323,0.9833034873008728,0.9869476556777954
257,11.736477136611938,left,left,102.03504538613242,77.96495461386758,106.31605091245676,73.68394908754324,21.21354603245761,97.31722937165873,-7.034522196210517,32.81178093044067,30.96800245237094,OK,0.98421311378479,heel,0.9998892545700073,0.9996899962425232,0.9844436049461365,0.9890809059143066,0.98421311378479,0.9878596067428589
258,11.778770923614502,left,left,102.69243196029859,77.30756803970141,106.89817504973608,73.10182495026392,20.90620462464359,96.5185430133751,-6.235835837926885,31.630490727456152,29.786712249386426,OK,0.9850014448165894,heel,0.9998900890350342,0.9997116327285767,0.9853973984718323,0.9897106289863586,0.9850014448165894,0.9885748624801636
259,11.824765920639038,left,left,119.66908280842051,60.33091719157949,122.50438762209386,57.49561237790614,17.828073108387343,100.43387569436142,-10.15116851891321,31.09725361642209,29.25347513835237,OK,0.9853606820106506,heel,0.9998931884765625,0.9997290968894958,0.9863114953041077,0.9902849197387695,0.9853606820106506,0.9890064001083374
260,11.891125440597534,left,left,132.96693554627177,47.03306445372823,135.00777916141453,44.99222083858547,14.800691040944628,94.24595522368752,-3.9632480482393078,21.08748987977494,19.243711401705212,OK,0.9841934442520142,heel,0.999895453453064,0.9997401833534241,0.9864657521247864,0.9899460077285767,0.9841934442520142,0.987850546836853
261,11.941183805465698,left,left,134.4021791164754,45.597820883524605,137.49853606656802,42.50146393343198,13.549045881093281,91.85575143596552,-1.5730442605173067,18.501154267151417,16.657375789081698,OK,0.9837082028388977,heel,0.9998915195465088,0.9997549057006836,0.9866295456886292,0.9900786876678467,0.9837082028388977,0.9877021908760071
262,11.994402408599854,left,left,139.7392003028769,40.260799697123105,142.95340338322902,37.046596616770984,12.112541276787937,93.75755801774046,-3.4748508422922555,19.08430237488053,17.2405238968108,OK,0.9825528860092163,heel,0.999893307685852,0.9997481107711792,0.9868975877761841,0.989736020565033,0.9825528860092163,0.9861645698547363
263,12.030423641204834,left,left,141.74984099495583,38.25015900504417,145.6751890666623,34.32481093333769,10.854885008721686,91.63975883507806,-1.357051659629846,16.419991915506206,14.57621343743648,OK,0.9822043180465698,heel,0.999895453453064,0.9997504353523254,0.9873546957969666,0.9898232221603394,0.9822043180465698,0.9858431220054626
264,12.068560361862183,left,left,148.6693808207925,31.330619179207503,153.60118695043622,26.398813049563785,7.966182974352695,90.8137954572196,-0.5310882817713889,13.711784561216007,11.868006083146298,OK,0.9805511236190796,heel,0.9999028444290161,0.9997380971908569,0.9859919548034668,0.9888546466827393,0.9805511236190796,0.9830630421638489
265,12.12754774093628,left,left,151.04364477287362,28.95635522712638,156.8489930592487,23.1510069407513,6.582324491874552,90.5936071291118,-0.31089995366359346,12.981279907361445,11.137501429291717,OK,0.9790897965431213,heel,0.9999078512191772,0.9997342824935913,0.9850418567657471,0.9880223870277405,0.9790897965431213,0.981025755405426
266,12.16267442703247,left,left,163.7510568827616,16.24894311723841,169.74779662684415,10.25220337315585,1.9782695378298505,92.78648258129797,-2.5037754058497654,10.761491863210404,8.917713385140672,OK,0.9744278788566589,heel,0.9999105334281921,0.9997022747993469,0.9822328686714172,0.9867254495620728,0.9744278788566589,0.979449450969696
267,12.209762811660767,left,left,170.30907855104277,9.690921448957226,176.49983998509703,3.500160014902974,-0.30959944643240894,93.67491783660012,-3.392210661151907,9.556079824221968,7.712301346152259,OK,0.9647247791290283,heel,0.9999092817306519,0.9995968341827393,0.9735485315322876,0.9806559681892395,0.9647247791290283,0.9721235036849976
268,12.262723207473755,left,left,172.53327169758145,7.466728302418545,178.98308118856716,1.016918811432845,-1.0956672652886834,90.92933535128877,-0.6466281758405614,6.283477576985783,4.439699098916066,OK,0.9610146880149841,heel,0.9999128580093384,0.9995527267456055,0.9700009822845459,0.978556215763092,0.9610146880149841,0.9696080088615417
269,12.300469160079956,left,left,175.7848860339953,4.215113966004708,177.7702496815484,-2.2297503184516074,-1.9274860223381143,92.06006737535871,-1.777360199910504,6.577445637476909,4.73366715940719,OK,0.958756685256958,heel,0.9999175071716309,0.9994989633560181,0.9662184715270996,0.9770519137382507,0.958756685256958,0.9681196212768555
270,12.347743511199951,left,left,176.37027133145395,3.6297286685460506,176.8490609299705,-3.1509390700294944,-2.2702348394697047,90.84785100354146,-0.5651438280932553,5.358283902647309,3.514505424577578,OK,0.956936776638031,heel,0.9999217391014099,0.9994543790817261,0.9624347686767578,0.9752393960952759,0.956936776638031,0.9667848944664001
271,12.404770851135254,left,left,177.74000588051055,2.2599941194894484,175.03597526552136,-4.964024734478642,-2.89082117947394,90.69631735183619,-0.4136101763879765,5.029515026330374,3.1857365482606497,OK,0.9542776346206665,heel,0.9999270439147949,0.9994012117385864,0.9583641290664673,0.9729870557785034,0.9542776346206665,0.9653926491737366
272,12.456980228424072,left,left,178.48356446674464,1.5164355332553612,173.81239567249972,-6.187604327500281,-3.521319957223068,89.8576179364541,0.42508923899410433,4.040337839986693,2.196559361916968,OK,0.9521252512931824,heel,0.9999319911003113,0.9993343949317932,0.9539890289306641,0.9701908826828003,0.9521252512931824,0.9635381102561951
273,12.514166593551636,left,left,178.45577592114006,1.5442240788599406,173.6707392640791,-6.329260735920911,-3.9456381713444406,88.98647477455285,1.296232400895363,2.914321417989271,1.0705429399195623,OK,0.9467251896858215,knee,0.9999367594718933,0.9992653727531433,0.9467251896858215,0.9654146432876587,0.9473854303359985,0.9594789147377014
274,12.562618494033813,left,left,178.60807234342704,1.3919276565729604,173.29991739759723,-6.700082602402773,-4.444868367018403,88.47583116646128,1.806876008986933,2.1229730584186215,0.2791945803489,OK,0.9386905431747437,knee,0.9999399781227112,0.9991372227668762,0.9386905431747437,0.9590309262275696,0.9405041933059692,0.9536320567131042
275,12.594580173492432,left,left,178.63650879499545,1.36349120500455,173.04206827295278,-6.9579317270472245,-4.772675610320164,88.59285537505635,1.689851800391864,2.1416026967879493,0.29782421871823317,OK,0.9312216639518738,knee,0.9999432563781738,0.9990531206130981,0.9312216639518738,0.9535088539123535,0.934026837348938,0.9487919211387634
276,12.64349365234375,left,left,178.3974807213482,1.6025192786518119,173.51158889857257,-6.488411101427431,-4.542187103395233,89.47689621399739,0.8058109614508169,3.025639490681435,1.181861012611705,OK,0.9240424036979675,knee,0.999945878982544,0.9989347457885742,0.9240424036979675,0.9474769830703735,0.9293732643127441,0.9433754682540894
277,12.679378986358643,left,left,178.3050463514691,1.6949536485309125,173.74966189547692,-6.250338104523081,-4.411505900092653,90.11300556993555,0.16970160551265678,3.6467914228969143,1.803012944827202,OK,0.9183477759361267,knee,0.9999480247497559,0.9988362193107605,0.9183477759361267,0.9426692724227905,0.9260240793228149,0.9391692280769348
278,12.70824933052063,left,left,177.65365977701296,2.3463402229870383,174.4562811950059,-5.543718804994114,-4.123652358084329,88.8881326921766,1.3945744832716116,2.6545393620734674,0.8107608840037415,OK,0.9186052680015564,knee,0.9999507069587708,0.998759925365448,0.9186052680015564,0.9428409934043884,0.9277433156967163,0.9393305778503418
279,12.754386186599731,left,left,177.2714446782308,2.7285553217691927,174.88876996987685,-5.111230030123153,-3.941501604294135,88.28479019065864,1.997916984789569,2.1830739382568667,0.3392954601871452,OK,0.9191073775291443,knee,0.9999530911445618,0.99869704246521,0.9191073775291443,0.9432704448699951,0.9295419454574585,0.9397902488708496
280,12.797926902770996,left,left,172.83170886991277,7.168291130087226,178.68941139595324,-1.3105886040467567,-3.1210351194510935,84.7870321108271,5.4956750646211106,0.1448767255100026,-1.6989017525597205,OK,0.9197076559066772,knee,0.9999560117721558,0.9986876249313354,0.9197076559066772,0.9436166286468506,0.9311892986297607,0.9403649568557739
281,12.823732614517212,left,left,170.71668579792743,9.283314202072575,179.45302671053582,0.5469732894641766,-2.654230966766279,83.17171877971715,7.110988395731056,-0.7461712744407314,-2.5899497525104493,OK,0.9204967021942139,knee,0.9999585747718811,0.9986813068389893,0.9204967021942139,0.9439629316329956,0.9323450326919556,0.9409026503562927
282,12.879311084747314,left,left,165.3392636452518,14.660736354748195,174.74928002010594,5.250719979894058,-1.3580885381280743,80.99293035159127,9.28977682385694,-0.9551418116826939,-2.7989202897524024,OK,0.921822190284729,knee,0.9999592900276184,0.9986994862556458,0.921822190284729,0.9453974366188049,0.9341399073600769,0.9423421025276184
283,12.921761512756348,left,left,164.1334437931472,15.866556206852806,173.29506258450832,6.704937415491685,-0.7842774959500625,80.58848070805661,9.694226467391601,-1.0341779965323457,-2.8779564746020583,OK,0.9221749901771545,knee,0.9999604821205139,0.998709499835968,0.9221749901771545,0.945617139339447,0.9344713091850281,0.9425332546234131
284,12.969739437103271,left,left,152.38079558758463,27.61920441241537,163.07867609463588,16.92132390536412,1.5964073597907302,77.22142428058778,13.061282894860426,-0.4842878525702409,-2.328066330639956,OK,0.925096869468689,knee,0.9999551773071289,0.9987525939941406,0.925096869468689,0.9482063055038452,0.9376635551452637,0.9451780915260315
285,13.012654066085815,left,left,142.87545482268357,37.124545177316435,154.78854840333057,25.211451596669434,3.2559049088604786,81.18699909080759,9.09570808464062,6.355997580315077,4.5122191022453535,OK,0.9261462092399597,knee,0.9999487996101379,0.9987457394599915,0.9261462092399597,0.9489753246307373,0.9399312138557434,0.9462993741035461
286,13.046352624893188,left,left,139.77466371349885,40.22533628650115,150.90069462463643,29.09930537536357,4.827853700324443,85.85188181872755,4.430825356720661,11.805766430189568,9.961987952119841,OK,0.9273024201393127,knee,0.9999463558197021,0.9987626075744629,0.9273024201393127,0.9498047828674316,0.9414417743682861,0.9467803239822388
287,13.084974765777588,left,left,128.45721438745167,51.54278561254833,139.50754579301818,40.49245420698182,6.961979213740839,93.67802792251597,-3.395320747067757,21.69033854182331,19.8465600637536,OK,0.9297713041305542,knee,0.9999352693557739,0.9988186359405518,0.9297713041305542,0.951657235622406,0.9435811042785645,0.9488278031349182
288,13.131183624267578,left,left,125.49624576424594,54.50375423575406,136.53342907357094,43.46657092642906,8.036551323641222,96.04348770978281,-5.7607805343346,25.11722234274903,23.273443864679308,OK,0.9340317249298096,knee,0.999937117099762,0.9989045262336731,0.9340317249298096,0.9548872113227844,0.9466320872306824,0.9522115588188171
289,13.175548315048218,left,left,117.60709179660029,62.39290820339971,127.47512016400292,52.52487983599708,10.180707411795433,94.48986655226393,-4.207159376815724,24.538602331462005,22.69482385339228,OK,0.9382572174072266,knee,0.9999343156814575,0.9989899396896362,0.9382572174072266,0.9581092596054077,0.9495260119438171,0.9553390741348267
290,13.221405506134033,left,left,117.1202019711831,62.87979802881689,125.75726748433792,54.242732515662084,11.41351442972988,93.20079396520856,-2.918086789760352,23.251373908093246,21.40759543002352,OK,0.943343997001648,knee,0.9999284148216248,0.9990776777267456,0.943343997001648,0.9616490006446838,0.952879786491394,0.9589849710464478
291,13.263376951217651,left,left,111.05315584700531,68.94684415299469,118.97305687377558,61.026943126224424,12.989219220530225,86.89273103891,3.389976136538209,17.80185128621047,15.958072808140741,OK,0.948489248752594,knee,0.999930739402771,0.999161958694458,0.948489248752594,0.9651393294334412,0.9567075371742249,0.9626762270927429
292,13.302207469940186,left,left,108.8760135926815,71.1239864073185,116.09777072119397,63.90222927880603,14.534941185133878,82.40363574617628,7.8790714292719315,14.160334059822606,12.31655558175288,OK,0.9533294439315796,knee,0.9999346733093262,0.9992380738258362,0.9533294439315796,0.9684172868728638,0.960442304611206,0.9661417603492737
293,13.34444522857666,left,left,98.93075414639507,81.06924585360493,108.32390982767073,71.67609017232927,15.723786923377949,77.04895124527684,13.23375593017137,12.16589384993045,10.322115371860718,OK,0.9576103091239929,knee,0.9999376535415649,0.9993086457252502,0.9576103091239929,0.9712994694709778,0.9638736844062805,0.9692111015319824
294,13.391857862472534,left,left,100.16020504164746,79.83979495835254,108.0881740063014,71.9118259936986,17.141630793447046,78.43574090892355,11.84696626652466,13.505340667024551,11.661562188954832,OK,0.9614376425743103,knee,0.9999383687973022,0.9993706941604614,0.9614376425743103,0.9739378690719604,0.9670054912567139,0.9719893932342529
295,13.431025266647339,left,left,92.66409551125064,87.33590448874936,99.0907679940236,80.9092320059764,19.073865221763086,79.59903174690209,10.683675428546124,15.099569451438116,13.255790973368391,OK,0.9647908806800842,knee,0.9999397993087769,0.9994281530380249,0.9647908806800842,0.9761784672737122,0.9697375297546387,0.9744042158126831
296,13.473465204238892,left,left,90.94602926121776,89.05397073878224,96.6564258827348,83.3435741172652,20.824066561822786,96.34196582961809,-6.059258654169881,32.8764290129579,31.032650534888177,OK,0.9672852158546448,knee,0.9999276995658875,0.9994715452194214,0.9672852158546448,0.9778559803962708,0.9714900255203247,0.9761534333229065
297,13.51453971862793,left,left,90.87307299691687,89.12692700308313,96.26838344550067,83.73161655449933,21.4849041100545,102.21172818544603,-11.929021009997825,39.09194274408435,37.24816426601464,OK,0.9698499441146851,knee,0.9999162554740906,0.9995080232620239,0.9698499441146851,0.9796192646026611,0.9736030101776123,0.9780046343803406
298,13.558992147445679,left,left,88.89521145683565,91.10478854316435,94.39714408931391,85.60285591068609,21.637501044424273,105.93001885960565,-15.647311684157444,43.069452536508194,41.22567405843847,OK,0.9719130396842957,knee,0.9999071955680847,0.9995347261428833,0.9719130396842957,0.9810735583305359,0.9752220511436462,0.979468047618866
299,13.60727834701538,left,left,88.61663213152805,91.38336786847195,93.2631899057596,86.7368100942404,22.27067158206823,103.16309205941111,-12.880384883962904,40.080321415710884,38.23654293764116,OK,0.9737748503684998,knee,0.9998947978019714,0.9995489716529846,0.9737748503684998,0.9823135137557983,0.9765854477882385,0.9807098507881165
300,13.6485595703125,left,left,88.80213006010769,91.19786993989231,92.80335723853074,87.19664276146926,22.748501598312192,102.14660865687452,-11.86390148142631,38.89633743360975,37.052558955540036,OK,0.9755654335021973,knee,0.9998844265937805,0.9995639324188232,0.9755654335021973,0.9834846258163452,0.9778316617012024,0.9818909168243408
301,13.695025444030762,left,left,89.21636925454044,90.78363074545956,92.79709510252383,87.20290489747617,23.111383933434457,100.74946004458748,-10.46675286913927,37.4415698260053,35.59779134793558,OK,0.9771631956100464,knee,0.9998754262924194,0.9995723962783813,0.9771631956100464,0.9845545887947083,0.9789412021636963,0.98295658826828
302,13.740267515182495,left,left,89.8185245056486,90.1814754943514,92.64907537176033,87.35092462823967,23.72558425113261,97.4022066919058,-7.119499516457594,33.95834180915016,32.11456333108043,OK,0.9784886837005615,knee,0.9998700618743896,0.9995879530906677,0.9784886837005615,0.9854975342750549,0.9799846410751343,0.983913004398346
303,13.787166595458984,left,left,90.15825814392556,89.84174185607444,92.88660389706915,87.11339610293085,23.73655376978851,95.22131505835361,-4.938607882905401,31.686214581285718,29.842436103215988,OK,0.9797746539115906,knee,0.9998653531074524,0.9996026158332825,0.9797746539115906,0.9864450693130493,0.9810887575149536,0.9848804473876953
304,13.828895330429077,left,left,93.800733937715,86.199266062285,97.46769806246427,82.53230193753573,22.731483573728518,101.23196103807966,-10.949253862631451,37.63040873655743,35.78663025848772,OK,0.9812713265419006,knee,0.9998679161071777,0.9996269941329956,0.9812713265419006,0.9874457716941833,0.9821093678474426,0.9859669804573059
305,13.875388622283936,left,left,101.0626445735248,78.9373554264752,105.99259062371938,74.00740937628062,20.96948296724955,91.07470311860932,-0.7919959431611119,26.974132136053434,25.130353657983704,OK,0.9828254580497742,knee,0.9998733401298523,0.9996541142463684,0.9828254580497742,0.988448977470398,0.983228325843811,0.9870315790176392
306,13.926184177398682,left,left,102.45971844247795,77.54028155752205,107.72722014535718,72.27277985464282,20.216340194926268,85.77623825697536,4.506468918472848,21.26008015478087,19.416301676711157,OK,0.9839867353439331,knee,0.9998739361763,0.999674379825592,0.9839867353439331,0.98919677734375,0.9840547442436218,0.98784339427948
307,13.964991807937622,left,left,110.10004782442132,69.89995217557868,114.9565307027565,65.0434692972435,18.666669183819394,87.52253441931626,2.7601727561319507,21.04568648147082,19.201908003401115,OK,0.9849688410758972,heel,0.9998815655708313,0.9997003078460693,0.9853388071060181,0.9900515675544739,0.9849688410758972,0.9887529611587524
308,14.001588344573975,left,left,112.3576086364591,67.6423913635409,116.04201816094876,63.95798183905124,18.609448129900258,87.04313525186964,3.2395719235785663,19.336992906259546,17.493214428189816,OK,0.9859572052955627,heel,0.9998862147331238,0.9997245073318481,0.986504316329956,0.990837812423706,0.9859572052955627,0.9896023273468018
309,14.043670415878296,left,left,122.04343919297244,57.95656080702756,125.22890822517655,54.77109177482345,16.3151109078783,89.73982417514341,0.5428830003047977,19.24040411522583,17.39662563715612,OK,0.9863971471786499,heel,0.9998825192451477,0.9997375011444092,0.9872257709503174,0.9913000464439392,0.9863971471786499,0.9899424314498901
310,14.08017611503601,left,left,123.99002629460229,56.00997370539771,126.05402294903948,53.94597705096052,15.918979960402474,88.3335768258141,1.9491303496341033,16.316553440653763,14.472774962584054,OK,0.9867197871208191,heel,0.9998741745948792,0.9997453689575195,0.9879235625267029,0.991725504398346,0.9867197871208191,0.9902702569961548
311,14.11847972869873,left,left,134.3186591616165,45.681340838383505,135.6919107259332,44.30808927406679,13.918708239169597,86.35688332818643,3.925823847261782,11.648843131672757,9.80506465360304,OK,0.9870450496673584,heel,0.999876856803894,0.9997535943984985,0.9887102842330933,0.9921927452087402,0.9870450496673584,0.9905722737312317
312,14.16115689277649,left,left,135.17908897868327,44.82091102131673,136.90688820649086,43.09311179350914,13.445007176039338,86.96552929597142,3.3171778794767874,12.13833569981836,10.294557221748647,OK,0.9868364930152893,heel,0.9998719692230225,0.9997556209564209,0.9892433881759644,0.9922550320625305,0.9868364930152893,0.9902207255363464
313,14.205990314483643,left,left,143.62468754792965,36.37531245207035,145.5119016537689,34.48809834623111,11.419694432598533,88.32426220134589,1.9584449741023207,11.631170739783641,9.787392261713933,OK,0.9857210516929626,heel,0.9998782873153687,0.9997638463973999,0.9891194701194763,0.992035984992981,0.9857210516929626,0.9894788265228271
314,14.257676124572754,left,left,145.29048783966596,34.70951216033404,147.9905554395363,32.00944456046369,10.441413393689764,89.92148978803675,0.3612173874114575,13.062970781596839,11.219192303527109,OK,0.983006477355957,heel,0.9998862147331238,0.999772310256958,0.9877775311470032,0.9908584952354431,0.983006477355957,0.9869311451911926
315,14.303107500076294,left,left,159.28656308072968,20.713436919270322,163.97272564747,16.027274352529986,4.652351428452242,93.85744426790826,-3.5747370924600546,13.195958263100831,11.352179785031126,OK,0.9804967641830444,heel,0.9998909831047058,0.9997236728668213,0.9869503974914551,0.9899091720581055,0.9804967641830444,0.9852604269981384
316,14.353260517120361,left,left,168.79107648223925,11.208923517760752,173.29474695978567,6.70525304021433,1.1329431287177976,93.59020142835165,-3.307494252903439,9.226815034615878,7.383036556546159,OK,0.9711272120475769,heel,0.9998849630355835,0.9995400905609131,0.9806296229362488,0.984631359577179,0.9711272120475769,0.9779389500617981
317,14.412131309509277,left,left,170.60789088348892,9.39210911651108,176.55602310299335,3.4439768970066496,-0.3766621372068986,92.20707150605435,-1.9243643306061387,7.778541588351858,5.934763110282148,OK,0.9629044532775879,heel,0.9998854398727417,0.9994480013847351,0.972970187664032,0.9792355895042419,0.9629044532775879,0.9712473154067993
318,14.460834980010986,left,left,175.133243765523,4.866756234477009,179.13337184873018,-0.866628151269822,-1.391425537636104,90.91430670530143,-0.6315995298532187,5.256265553412167,3.4124870753424545,OK,0.9551043510437012,heel,0.9998912215232849,0.9994057416915894,0.9674791693687439,0.9757950305938721,0.9551043510437012,0.9671392440795898
319,14.504549980163574,left,left,176.0624733167375,3.9375266832624902,177.94737641732968,-2.0526235826703214,-1.6596278729198382,90.14901143763096,0.13369573781724853,4.47953383064395,2.635755352574222,OK,0.951416552066803,heel,0.9998975992202759,0.999382734298706,0.963108479976654,0.9733718037605286,0.951416552066803,0.9647672772407532
320,14.542916059494019,left,left,179.69933801045914,0.3006619895408562,174.67994440195704,-5.320055598042956,-2.4242157350706375,89.98944718315163,0.2932599922965835,3.1859490356648448,1.342170557595125,OK,0.948329746723175,heel,0.999899685382843,0.9993776082992554,0.9576596021652222,0.9712658524513245,0.948329746723175,0.9638765454292297
321,14.607011079788208,left,left,178.46031777843362,1.5396822215663803,174.40426390553492,-5.595736094465082,-3.059471575721411,89.73988367899273,0.5428234964554832,3.8158304193028245,1.9720519412331043,OK,0.9428372979164124,heel,0.9999061226844788,0.9993218183517456,0.9512324333190918,0.9664371609687805,0.9428372979164124,0.959883451461792
322,14.663422584533691,left,left,178.59093615634904,1.409063843650955,174.1330789480253,-5.866921051974714,-3.374575181068877,90.49098413462237,-0.20827695917415667,4.392393849179168,2.548615371109463,OK,0.9349560141563416,heel,0.9999101758003235,0.9991799592971802,0.9424142241477966,0.9589595198631287,0.9349560141563416,0.9532518982887268
323,14.7087881565094,left,left,178.66872458298022,1.331275417019782,174.02915951672136,-5.970840483278636,-3.6762312985628425,89.29839010180314,0.984317073645073,2.9242747035387024,1.080496225468977,OK,0.927058219909668,heel,0.9999154806137085,0.9990663528442383,0.9331504106521606,0.9523351192474365,0.927058219909668,0.9474907517433167
324,14.749557733535767,left,left,179.0943010345765,0.905698965423511,173.89090279999084,-6.10909720000916,-3.7995545255412906,87.85010889779088,2.432598277657334,1.065350537682249,-0.7784279403874734,OK,0.9194831252098083,heel,0.9999191164970398,0.9988783001899719,0.9217772483825684,0.9440507292747498,0.9194831252098083,0.9404031038284302
325,14.788973331451416,left,left,178.68233465105766,1.3176653489423416,173.70217261923688,-6.297827380763124,-4.034069402972103,88.4953265693476,1.7873806061006121,2.076749896080982,0.2329714180112603,OK,0.9155142903327942,knee,0.9999240040779114,0.9987815618515015,0.9155142903327942,0.9390226006507874,0.9170831441879272,0.9362660646438599
326,14.826310634613037,left,left,178.22212982228027,1.777870177719734,173.96066763227097,-6.039332367729031,-4.0590022348881885,87.89907702995473,2.383630145493484,1.6572773405153138,-0.18650113755441566,OK,0.9149209260940552,knee,0.9999295473098755,0.998760998249054,0.9149209260940552,0.9387608766555786,0.9173683524131775,0.9361271262168884
327,14.870882987976074,left,left,177.99688213307465,2.0031178669253507,174.27768128316706,-5.722318716832945,-3.9045318860699822,87.85521249936797,2.4274946760802436,1.6761171970562856,-0.16766128101343725,OK,0.9142776131629944,knee,0.9999341368675232,0.9987212419509888,0.9142776131629944,0.9386047124862671,0.9187179207801819,0.9362486004829407
328,14.929283380508423,left,left,177.95641447701004,2.0435855229899573,174.4145100310331,-5.585489968966897,-3.8081652257325804,87.85993641570946,2.4227707597387536,1.6808466819337677,-0.16293179613595044,OK,0.9137564301490784,knee,0.9999377727508545,0.998670220375061,0.9137564301490784,0.9386119246482849,0.9204376339912415,0.9365914463996887
329,14.97571587562561,left,left,177.80432282161024,2.195677178389758,174.4163636134396,-5.583636386560414,-3.8803894307450593,88.64427480017805,1.6384323752701562,2.5431989343831534,0.6994204563134474,OK,0.9101549386978149,knee,0.9999385476112366,0.998566210269928,0.9101549386978149,0.9371095299720764,0.9207966327667236,0.9356756806373596
330,15.012586116790771,left,left,177.80174174132418,2.1982582586758213,174.36730757938298,-5.632692420617019,-3.8957170983093636,89.10990796583881,1.1727992096093942,3.0451415468222995,1.2013630687525847,OK,0.9089666604995728,knee,0.9999396800994873,0.9985010027885437,0.9089666604995728,0.9369398951530457,0.9214157462120056,0.935829222202301
331,15.063342809677124,left,left,177.80225526139776,2.197744738602239,174.34314479199003,-5.656855208009972,-3.897882110716928,89.41987746550281,0.8628297099454016,3.3765953013980985,1.5328168233283748,OK,0.907772421836853,knee,0.9999407529830933,0.9984333515167236,0.907772421836853,0.9366279244422913,0.9217787981033325,0.9357896447181702
332,15.110780954360962,left,left,177.86565770265182,2.1343422973481836,174.1077979001803,-5.892202099819713,-4.107285683472908,88.51935616358026,1.7633510118679538,2.4386148772752536,0.5948363992055477,OK,0.9066442251205444,knee,0.9999434947967529,0.9983960390090942,0.9066442251205444,0.9364031553268433,0.9223422408103943,0.9354592561721802
333,15.144938468933105,left,left,177.90850706834524,2.0914929316547557,173.97381260194055,-6.026187398059449,-4.232060833524241,88.09290293198303,2.1898042434651757,1.978522428173,0.13474395010328521,OK,0.90510094165802,knee,0.9999459981918335,0.9983586072921753,0.90510094165802,0.9359098076820374,0.922542929649353,0.9348410367965698
