frame,time_s,left_fppa,right_fppa,pelvis_y,visibility_check,left_alignment,right_alignment,left_alignment_index,right_alignment_index,left_signed_deviation_percent,right_signed_deviation_percent,left_knee_deviation_percent,right_knee_deviation_percent,pelvis_velocity
0,0.0,179.0247188933842,177.74045816193131,0.528938353061676,OK,neutral,neutral,-0.0042537592053611085,-0.009835913226971285,-0.42537592053611084,-0.9835913226971286,0.42537592053611084,0.9835913226971286,-0.0004696692539674692
1,0.03375744819641113,178.98394280335705,177.73871513590578,0.5288776159286499,OK,neutral,neutral,-0.00443173514905908,-0.009845048030624661,-0.443173514905908,-0.9845048030624661,0.443173514905908,0.9845048030624661,-0.00038846924411428674
2,0.10813236236572266,179.00974247517604,177.58955385001673,0.5288631618022919,OK,neutral,neutral,-0.004319086244802678,-0.010493489713633647,-0.4319086244802678,-1.0493489713633646,0.4319086244802678,1.0493489713633646,-0.00021712396606865525
3,0.17657065391540527,179.0376589878664,177.48079915382044,0.528852105140686,OK,neutral,neutral,-0.004197235478822945,-0.010966255216391356,-0.41972354788229455,-1.0966255216391356,0.41972354788229455,1.0966255216391356,-0.00043151767086779813
4,0.22622466087341309,179.02992392284855,177.47924446638504,0.5288273692131042,OK,neutral,neutral,-0.004230683013028384,-0.010972525082096644,-0.4230683013028384,-1.0972525082096645,0.4230683013028384,1.0972525082096645,-0.0007558594167598187
5,0.2603323459625244,179.00724323055294,177.62816484829028,0.5288292467594147,OK,neutral,neutral,-0.004329655765267322,-0.010325468760915054,-0.4329655765267322,-1.0325468760915053,0.4329655765267322,1.0325468760915053,-0.000904377976660875
6,0.30034732818603516,178.9910300236767,177.73931220177892,0.5288310050964355,OK,neutral,neutral,-0.004400408772819033,-0.009842375196786926,-0.44004087728190333,-0.9842375196786926,0.44004087728190333,0.9842375196786926,-0.0015285665735369491
7,0.3231234550476074,178.97307954591994,177.6652578817111,0.5287360548973083,OK,neutral,neutral,-0.00447862606065853,-0.010165294907338992,-0.447862606065853,-1.0165294907338993,0.447862606065853,1.0165294907338993,-0.0014029435709765892
8,0.3648669719696045,178.9573301947605,177.63124094803294,0.5286686420440674,OK,neutral,neutral,-0.004547263363204755,-0.010313656587135005,-0.4547263363204755,-1.0313656587135005,0.4547263363204755,1.0313656587135005,-0.00044769557086610234
9,0.40238356590270996,178.81854981400863,177.63146517612466,0.52860027551651,OK,neutral,neutral,-0.005152797715869939,-0.01031258971781517,-0.5152797715869939,-1.031258971781517,0.5152797715869939,1.031258971781517,-0.000636518437987732
10,0.4359261989593506,178.7440863540812,177.63381327105793,0.5285548567771912,OK,neutral,neutral,-0.005477827338138148,-0.010302338401398816,-0.5477827338138148,-1.0302338401398816,0.5477827338138148,1.0302338401398816,-0.000863978350846395
11,0.4692375659942627,178.73764158857696,177.58949124739755,0.5286645591259003,OK,neutral,neutral,-0.005505996604895828,-0.010495338065550183,-0.5505996604895828,-1.0495338065550184,0.5505996604895828,1.0495338065550184,-0.0006950255807671724
12,0.5099241733551025,178.73156949511664,177.55010732175268,0.5287375152111053,OK,neutral,neutral,-0.005532523090959168,-0.010666861137085093,-0.5532523090959168,-1.0666861137085093,0.5532523090959168,1.0666861137085093,-0.0004272082353535822
13,0.5535433292388916,178.77385258008007,177.53180211080493,0.528621256351471,OK,neutral,neutral,-0.005347904836373146,-0.010747170660925585,-0.5347904836373146,-1.0747170660925585,0.5347904836373146,1.0747170660925585,-0.0003167876966934102
14,0.5883052349090576,178.81129585813588,177.52329323649926,0.5285413861274719,OK,neutral,neutral,-0.00518444352435442,-0.010784657533964246,-0.518444352435442,-1.0784657533964246,0.518444352435442,1.0784657533964246,0.0002456222308895306
15,0.6223411560058594,178.63987992184428,177.5883928234106,0.528519332408905,OK,neutral,neutral,-0.005931528121623083,-0.010501043357529712,-0.5931528121623083,-1.0501043357529711,0.5931528121623083,1.0501043357529711,0.0008310132066227105
16,0.6863822937011719,178.51565797361232,177.63516037541427,0.5285016000270844,OK,neutral,neutral,-0.006472809786943911,-0.010297289998604707,-0.647280978694391,-1.0297289998604706,0.647280978694391,1.0297289998604706,0.0010270535400405123
17,0.7400977611541748,178.56857333048595,177.63550757111895,0.5284790098667145,OK,neutral,neutral,-0.006242316374304641,-0.010296513403679172,-0.6242316374304641,-1.0296513403679173,0.6242316374304641,1.0296513403679173,0.001236947665097965
18,0.7877490520477295,178.73143804319594,177.65038113587977,0.5288530886173248,OK,neutral,neutral,-0.005532115485124921,-0.010232161002904744,-0.5532115485124921,-1.0232161002904745,0.5532115485124921,1.0232161002904745,0.0013360632263497152
19,0.8376915454864502,178.85429663931174,177.65590250778962,0.5291435420513153,OK,neutral,neutral,-0.0049963873156466726,-0.010208443947903571,-0.49963873156466726,-1.0208443947903572,0.49963873156466726,1.0208443947903572,0.0017952387610460363
20,0.8708484172821045,178.99704971757188,177.64654648676193,0.5290457010269165,OK,neutral,neutral,-0.004373778195500324,-0.010247841894324395,-0.4373778195500324,-1.0247841894324394,0.4373778195500324,1.0247841894324394,0.0020390352261019373
21,0.9064199924468994,179.09771183530106,177.6350364805914,0.5289859771728516,OK,neutral,neutral,-0.003934768977923967,-0.010297210458587296,-0.39347689779239664,-1.0297210458587296,0.39347689779239664,1.0297210458587296,0.0011786384176204479
22,0.9277536869049072,179.0723919819282,177.69238390390223,0.5289875864982605,OK,neutral,neutral,-0.004045199359654225,-0.010047471160755796,-0.4045199359654225,-1.0047471160755796,0.4045199359654225,1.0047471160755796,0.0002715269420638933
23,0.9707396030426025,179.05220715648957,177.73363111208633,0.5289885103702545,OK,neutral,neutral,-0.004133232376386801,-0.00986786267498322,-0.41332323763868006,-0.986786267498322,0.41332323763868006,0.986786267498322,-0.00047050234360135335
24,0.9956977367401123,179.1607875617541,177.79646510155058,0.5289710164070129,OK,neutral,neutral,-0.003659929177766055,-0.009595004220532005,-0.36599291777660553,-0.9595004220532005,0.36599291777660553,0.9595004220532005,-0.0002886009361704467
25,1.0274090766906738,179.2365764409256,177.84799947725324,0.5289576947689056,OK,neutral,neutral,-0.0033295294646290196,-0.009371021822388633,-0.33295294646290197,-0.9371021822388633,0.33295294646290197,0.9371021822388633,-0.00014489967117325975
26,1.0823612213134766,179.21527632616332,177.83835285708673,0.528965175151825,OK,neutral,neutral,-0.003422407799829566,-0.009412106453285274,-0.3422407799829566,-0.9412106453285274,0.3422407799829566,0.9412106453285274,-0.00034509726701870136
27,1.1197047233581543,179.20510721979616,177.8372038289675,0.5289759039878845,OK,neutral,neutral,-0.003466737561733739,-0.009416388325681393,-0.3466737561733739,-0.9416388325681393,0.3466737561733739,0.9416388325681393,0.00016097757343924712
28,1.1581740379333496,179.19824418966303,177.86468605171663,0.5289531946182251,OK,neutral,neutral,-0.003496870926236899,-0.009296592875944913,-0.3496870926236899,-0.9296592875944913,0.3496870926236899,0.9296592875944913,0.0008562022292930571
29,1.2297093868255615,179.19023689452203,177.87113348469495,0.5289337038993835,OK,neutral,neutral,-0.003531943909985938,-0.009268401536733731,-0.3531943909985938,-0.9268401536733731,0.3531943909985938,0.9268401536733731,0.001457093704431145
30,1.278904676437378,179.36784162256015,177.86837776338282,0.5288618803024292,OK,neutral,neutral,-0.0027573670123053496,-0.009281234337812576,-0.27573670123053495,-0.9281234337812576,0.27573670123053495,0.9281234337812576,0.002330024717441148
31,1.3181743621826172,179.33568484245254,178.0209243840496,0.5291934013366699,OK,neutral,neutral,-0.002897338128467329,-0.008614371869819266,-0.2897338128467329,-0.8614371869819266,0.2897338128467329,0.8614371869819266,0.002445513693190904
32,1.3710989952087402,179.3155114463675,178.1121368997213,0.529414713382721,OK,neutral,neutral,-0.002985054289319546,-0.008215750645790203,-0.29850542893195464,-0.8215750645790203,0.29850542893195464,0.8215750645790203,0.0028788050021884004
33,1.4039723873138428,179.26789815132454,178.22134343229024,0.5295958817005157,OK,neutral,neutral,-0.003192129112055383,-0.007740970243393333,-0.3192129112055383,-0.7740970243393333,0.3192129112055383,0.7740970243393333,0.0033233548465299023
34,1.441249132156372,179.2293536919696,178.31069649978969,0.5297257900238037,OK,neutral,neutral,-0.0033597230621951386,-0.007352370435723759,-0.33597230621951385,-0.7352370435723758,0.33597230621951385,0.7352370435723758,0.002488426784551745
35,1.4990379810333252,179.60982521039696,178.47203565885331,0.5297181606292725,OK,neutral,neutral,-0.0017009278992213368,-0.006650000274117936,-0.17009278992213367,-0.6650000274117936,0.17009278992213367,0.6650000274117936,0.0012057935540550346
36,1.5388031005859375,179.84903371538223,178.58054874328025,0.5297124981880188,OK,neutral,neutral,-0.0006581015319725874,-0.0061775832656085754,-0.06581015319725875,-0.6177583265608575,0.06581015319725875,0.6177583265608575,0.002603974848923052
37,1.582564353942871,179.97946445816106,179.08142823736682,0.5297110080718994,OK,neutral,neutral,-8.952267373608517e-05,-0.0039982478226505865,-0.008952267373608517,-0.39982478226505863,0.008952267373608517,0.39982478226505863,0.004616695577559504
38,1.634493350982666,179.5859872897256,179.99693270211318,0.5297198295593262,OK,neutral,neutral,0.001804981997069759,-1.3357573759815118e-05,0.1804981997069759,-0.001335757375981512,0.1804981997069759,0.001335757375981512,0.007458087330631358
39,1.690401554107666,179.3290285437298,179.53665250102222,0.5297320485115051,OK,neutral,neutral,0.0029254163711613383,0.002018445313698653,0.29254163711613385,0.20184453136986533,0.29254163711613385,0.20184453136986533,0.017448304998683994
40,1.7219045162200928,178.14803416634376,177.89265277718565,0.5308870673179626,OK,neutral,neutral,0.008076702927038017,0.009183456513178768,0.8076702927038018,0.9183456513178768,0.8076702927038018,0.9183456513178768,0.021821551667651207
41,1.7677431106567383,177.49634621535802,177.14049975064006,0.5315772294998169,OK,neutral,neutral,0.010920593281787568,0.012464454585840185,1.0920593281787567,1.2464454585840186,1.0920593281787567,1.2464454585840186,0.02429211171997636
42,1.8140041828155518,176.68986185795248,175.75737618598757,0.5336333215236664,OK,neutral,neutral,0.014444361308231287,0.018504405906105536,1.4444361308231286,1.8504405906105537,1.4444361308231286,1.8504405906105537,0.045369967226392305
43,1.853708028793335,176.30618189979214,175.30663505100404,0.5344852209091187,OK,neutral,varus,0.016121228377812827,0.020476543220697155,1.6121228377812828,2.0476543220697154,1.6121228377812828,2.0476543220697154,0.08430794877480352
44,1.8891255855560303,175.001413923932,173.85030488494522,0.5367962718009949,OK,varus,varus,0.021823477644279676,0.02684650985117447,2.1823477644279676,2.6846509851174467,2.1823477644279676,2.6846509851174467,0.09327947845228124
45,1.939490795135498,174.33301084962298,173.11662938503443,0.5383087694644928,OK,varus,varus,0.024746558129867164,0.030060199459652718,2.4746558129867164,3.0060199459652717,2.4746558129867164,3.0060199459652717,0.1359439577886139
46,1.9680256843566895,170.84516714179225,171.05819465663976,0.5468371510505676,OK,varus,varus,0.04001005863706827,0.039095301997813664,4.001005863706827,3.9095301997813663,4.001005863706827,3.9095301997813663,0.14042331484139625
47,2.0326249599456787,168.22311269748099,166.7075608778335,0.5568230748176575,OK,varus,varus,0.05144472555473488,0.058230777238440876,5.144472555473488,5.823077723844087,5.144472555473488,5.823077723844087,0.08218835991868545
48,2.095642328262329,167.1577806792763,165.95108781694304,0.5587813556194305,OK,varus,varus,0.056117231330076116,0.061555190232921206,5.611723133007612,6.15551902329212,5.611723133007612,6.15551902329212,0.09273197382307341
49,2.153656005859375,164.59146432556116,163.89946314694635,0.567439466714859,OK,varus,varus,0.0674070271260874,0.07068589487485634,6.74070271260874,7.068589487485634,6.74070271260874,7.068589487485634,0.12447085311658146
50,2.2002787590026855,163.95635911516248,162.83204311071856,0.5684766471385956,OK,varus,varus,0.07030060232939067,0.07546925387153519,7.030060232939067,7.546925387153519,7.030060232939067,7.546925387153519,0.1426392804344223
51,2.2477622032165527,161.23233316804382,159.67062863416976,0.5760715305805206,OK,varus,varus,0.08237300370034538,0.08961397645389291,8.237300370034538,8.96139764538929,8.237300370034538,8.96139764538929,0.13250302251654755
52,2.300475597381592,159.57753049617983,159.234334922619,0.5773489475250244,OK,varus,varus,0.08988230107826616,0.09156117619124357,8.988230107826615,9.156117619124357,8.988230107826615,9.156117619124357,0.13174909336846774
53,2.3475191593170166,154.36908937021727,152.38003689150142,0.5948911607265472,OK,varus,varus,0.11337749140139314,0.12287754729826796,11.337749140139314,12.287754729826796,11.337749140139314,12.287754729826796,0.14202084168328355
54,2.392554759979248,151.543479784223,149.25912607480984,0.6026757657527924,OK,varus,varus,0.126676625503078,0.1373082525320143,12.667662550307801,13.73082525320143,12.667662550307801,13.73082525320143,0.15318153521889588
55,2.4396493434906006,151.62827527985772,149.32942387210608,0.6054424941539764,OK,varus,varus,0.12628484370330703,0.13703220235334526,12.628484370330703,13.703220235334527,12.628484370330703,13.703220235334527,0.15189117686151477
56,2.497373580932617,148.98463500079714,147.99923372921685,0.6123809218406677,OK,varus,varus,0.13870279458255944,0.14310968292204038,13.870279458255943,14.310968292204038,13.870279458255943,14.310968292204038,0.13187481030930925
57,2.544187068939209,147.6145175259863,147.45621116808383,0.6149227023124695,OK,varus,varus,0.14518216328741626,0.14559991207193235,14.518216328741627,14.559991207193235,14.518216328741627,14.559991207193235,0.1168729612593431
58,2.591895580291748,142.7755749756077,143.84477301601208,0.62858647108078,OK,varus,varus,0.16832340041704455,0.1632072898985933,16.832340041704455,16.32072898985933,16.832340041704455,16.32072898985933,0.10122538480657095
59,2.6465585231781006,140.82722724570687,140.3079922801703,0.6350545287132263,OK,varus,varus,0.17787562705385515,0.18044232075891575,17.787562705385515,18.044232075891575,17.787562705385515,18.044232075891575,0.09190285339925097
60,2.6935458183288574,140.06447289309676,140.14116677627794,0.6351994574069977,OK,varus,varus,0.1816469559517022,0.18112693045126832,18.16469559517022,18.112693045126832,18.16469559517022,18.112693045126832,0.09597291974077482
61,2.736062526702881,138.46043322169052,138.65604735843135,0.6396193504333496,OK,varus,varus,0.18954726171349937,0.18825585778676807,18.954726171349936,18.825585778676807,18.954726171349936,18.825585778676807,0.08136492029704367
62,2.7779557704925537,138.72839954113212,137.76909886616855,0.640055388212204,OK,varus,varus,0.18821307258623654,0.1928293390742723,18.821307258623655,19.28293390742723,18.821307258623655,19.28293390742723,0.05533885643627201
63,2.819364309310913,137.11520074076057,137.26687830454415,0.6430172920227051,OK,varus,varus,0.19628223733771116,0.19543413413070934,19.628223733771115,19.543413413070933,19.628223733771115,19.543413413070933,0.0734204750854559
64,2.842411756515503,136.5304106456876,136.3471014972823,0.6442474722862244,OK,varus,varus,0.19924271679176211,0.2000713428335394,19.92427167917621,20.00713428335394,19.92427167917621,20.00713428335394,0.0694106652849742
65,2.8906424045562744,134.76291971126852,135.22931111120639,0.6474865078926086,OK,varus,varus,0.208260425630772,0.20558949111725963,20.8260425630772,20.558949111725962,20.8260425630772,20.558949111725962,0.02922276334389018
66,2.9305920600891113,133.65793096888697,135.08156888394163,0.6484847366809845,OK,varus,varus,0.2139684305292752,0.20632033159462862,21.39684305292752,20.63203315946286,21.39684305292752,20.63203315946286,0.021510841063246744
67,2.9749631881713867,132.54329027218864,134.86505039796512,0.6494768261909485,OK,varus,varus,0.2196783536954581,0.2074451939359788,21.96783536954581,20.74451939359788,21.96783536954581,20.74451939359788,0.010033701269701822
68,3.025377035140991,132.11755262876343,134.84485165136218,0.6495687961578369,OK,varus,varus,0.22184178981609315,0.2075827941586745,22.184178981609314,20.75827941586745,22.184178981609314,20.75827941586745,-0.006987699002598546
69,3.0823819637298584,132.70966116614645,135.2229557453614,0.6481702327728271,OK,varus,varus,0.21872707069052916,0.20571718356296165,21.872707069052915,20.571718356296167,21.872707069052915,20.571718356296167,-0.04297835632715419
70,3.1163241863250732,133.07576186766948,135.64557606963538,0.6471087038516998,OK,varus,varus,0.21695993777641448,0.20364322457311348,21.695993777641448,20.36432245731135,21.695993777641448,20.36432245731135,-0.06942700839416815
71,3.1683735847473145,133.31933662626275,135.9049694266059,0.6465297341346741,OK,varus,varus,0.21573944981509605,0.20237225472018164,21.573944981509605,20.237225472018164,21.573944981509605,20.237225472018164,-0.13388426315750301
72,3.208936929702759,135.50235581830296,138.1377793160501,0.6386272609233856,OK,varus,varus,0.20450374088444084,0.1912425735767834,20.450374088444086,19.12425735767834,20.450374088444086,19.12425735767834,-0.15973743572395893
73,3.2546603679656982,136.75544643939284,139.14269736854342,0.6353339850902557,OK,varus,varus,0.19815428253148185,0.18622372071957466,19.815428253148184,18.622372071957464,19.815428253148184,18.622372071957464,-0.16585618031836535
74,3.298201560974121,142.9347145358259,144.74543913293243,0.6163159906864166,OK,varus,varus,0.16754062371830544,0.15843008032860467,16.754062371830543,15.843008032860467,16.754062371830543,15.843008032860467,-0.1531532634019297
75,3.37093186378479,148.4957043278057,148.96583101880495,0.6020669043064117,OK,varus,varus,0.1409708502788045,0.13859121104531946,14.097085027880448,13.859121104531946,14.097085027880448,13.859121104531946,-0.16002717757608664
76,3.413644552230835,149.7622932931706,149.62947216238106,0.5997700989246368,OK,varus,varus,0.13484368170154573,0.13569297270542754,13.484368170154573,13.569297270542755,13.484368170154573,13.569297270542755,-0.19092751816335873
77,3.4553589820861816,152.8210842207904,152.30879231887218,0.5923096835613251,OK,varus,varus,0.12055420574025129,0.12315837115988801,12.05542057402513,12.315837115988801,12.05542057402513,12.315837115988801,-0.17208367411313397
78,3.4981563091278076,153.05750382931018,152.44523728881472,0.5912128388881683,OK,varus,varus,0.11928103733106603,0.12247962857680239,11.928103733106603,12.247962857680239,11.928103733106603,12.247962857680239,-0.1489404324755128
79,3.531803846359253,155.91732374644056,156.17627047734612,0.5817603170871735,OK,varus,varus,0.10636314260906433,0.10532650308168748,10.636314260906433,10.532650308168748,10.636314260906433,10.532650308168748,-0.15400878433943
80,3.566941976547241,157.34622701749973,157.64155487965124,0.5793747901916504,OK,varus,varus,0.09991279419048837,0.09871990654331027,9.991279419048837,9.871990654331027,9.991279419048837,9.871990654331027,-0.14832871625693578
81,3.6019649505615234,160.15893115248906,160.48161424254997,0.5707738697528839,OK,varus,varus,0.0872897924058247,0.08595797692781393,8.72897924058247,8.595797692781392,8.72897924058247,8.595797692781392,-0.13643445858681336
82,3.647021532058716,161.52873176766684,162.4454859207924,0.5675566792488098,OK,varus,varus,0.08122379052715656,0.07713021052521812,8.122379052715656,7.713021052521812,8.122379052715656,7.713021052521812,-0.18663059536861404
83,3.6752076148986816,164.91076656666314,165.12471639372723,0.5599654018878937,OK,varus,varus,0.06616607020831394,0.06523385749375175,6.6166070208313945,6.5233857493751755,6.6166070208313945,6.5233857493751755,-0.18114231882195853
84,3.7240097522735596,165.74272731689393,165.56784413952474,0.559244304895401,OK,varus,varus,0.062461585636528316,0.06327586341039967,6.246158563652831,6.327586341039967,6.246158563652831,6.327586341039967,-0.10454150506374571
85,3.7786591053009033,170.89977694536057,169.24987160392416,0.5475480556488037,OK,varus,varus,0.039759970194520704,0.04704131323313043,3.97599701945207,4.704131323313043,3.97599701945207,4.704131323313043,-0.0854954626762483
86,3.832188844680786,173.82810147264968,172.15324211209983,0.5389901399612427,OK,varus,varus,0.02694967075010885,0.03429064532163247,2.6949670750108847,3.429064532163247,2.6949670750108847,3.429064532163247,-0.08449272615097758
87,3.881408214569092,173.94793593604476,173.50477034594175,0.5385696589946747,OK,varus,varus,0.026427009376862258,0.028370954586302004,2.6427009376862256,2.8370954586302,2.6427009376862256,2.8370954586302,-0.10794787587994037
88,3.9161627292633057,175.76081197675182,175.3882148504559,0.5371675193309784,OK,neutral,varus,0.01850468251520664,0.02013283215536441,1.8504682515206639,2.013283215536441,1.8504682515206639,2.013283215536441,-0.10154725133738651
89,3.950701951980591,176.3321426967877,176.11181635295867,0.5363847613334656,OK,neutral,neutral,0.01600951385574526,0.01697135365501986,1.6009513855745259,1.6971353655019858,1.6009513855745259,1.6971353655019858,-0.07295791271034702
90,3.9741013050079346,177.93224733296577,177.79291311465946,0.5304419100284576,OK,neutral,neutral,0.009021208431919971,0.009629268086151332,0.9021208431919971,0.9629268086151332,0.9021208431919971,0.9629268086151332,-0.056333700533309994
91,4.018614292144775,178.13664998260853,178.58955864806768,0.5291591286659241,OK,neutral,neutral,0.008128091395252498,0.0061530502064246545,0.8128091395252498,0.6153050206424654,0.8128091395252498,0.6153050206424654,-0.029023390024217832
92,4.073388576507568,179.54871438919963,179.79991937173642,0.5283106565475464,OK,neutral,neutral,0.00196870975216408,0.00087255182011489,0.196870975216408,0.087255182011489,0.196870975216408,0.087255182011489,-0.025900055612124717
93,4.11655068397522,179.88319929826827,179.86528826714394,0.5277734100818634,OK,neutral,neutral,-0.0005095092622114829,-0.0005873555904052913,-0.05095092622114829,-0.05873555904052913,0.05095092622114829,0.05873555904052913,-0.017377208998497373
94,4.166236400604248,179.03047513719605,179.29882620111772,0.5282163023948669,OK,neutral,neutral,-0.0042297053577551365,-0.00305671572474706,-0.42297053577551363,-0.305671572474706,0.42297053577551363,0.305671572474706,-0.0038523390369160637
95,4.220621824264526,178.77683796526316,179.0442456469469,0.5280228555202484,OK,neutral,neutral,-0.005336433161196888,-0.004165838156571597,-0.5336433161196888,-0.4165838156571597,0.5336433161196888,0.4165838156571597,0.00013986335809601513
96,4.264806747436523,179.06775144227055,178.79500581542493,0.5280714333057404,OK,neutral,neutral,-0.00406697236581879,-0.0052520400946628265,-0.40669723658187895,-0.5252040094662827,0.40669723658187895,0.5252040094662827,0.0027711247030817177
97,4.312581539154053,178.68426097147216,178.5736870892171,0.5284570753574371,OK,neutral,neutral,-0.005740017853821859,-0.006215933962500812,-0.5740017853821858,-0.6215933962500813,0.5740017853821858,0.6215933962500813,0.0029167760290027545
98,4.366512775421143,178.4969036228715,178.40549996912748,0.5284653306007385,OK,neutral,neutral,-0.006557175621545177,-0.006948378418495312,-0.6557175621545177,-0.6948378418495312,0.6557175621545177,0.6948378418495312,0.002541078529005425
99,4.4100000858306885,178.21228107148,178.48953849044264,0.5288470089435577,OK,neutral,neutral,-0.007795978441655139,-0.006581823756528044,-0.7795978441655139,-0.6581823756528044,0.7795978441655139,0.6581823756528044,0.0033105657628809126
100,4.449331283569336,178.06883648300715,178.53924545695372,0.5290751159191132,OK,neutral,neutral,-0.008419056454563591,-0.006364897196358858,-0.8419056454563592,-0.6364897196358859,0.8419056454563592,0.6364897196358859,0.00267516681794433
101,4.5010809898376465,177.99358637590677,178.36845811059396,0.5289016664028168,OK,neutral,neutral,-0.008746948309926566,-0.007108612004440842,-0.8746948309926567,-0.7108612004440842,0.8746948309926567,0.7108612004440842,0.0015291515129796096
102,4.558527231216431,178.04084634051853,178.29743420916475,0.5289745032787323,OK,neutral,neutral,-0.008540695929173477,-0.007418507607007382,-0.8540695929173477,-0.7418507607007382,0.8540695929173477,0.7418507607007382,0.0007826606357648203
103,4.61821174621582,178.07787787730385,178.25195362048632,0.5290288031101227,OK,neutral,neutral,-0.008379114234415796,-0.007617025878994818,-0.8379114234415795,-0.7617025878994819,0.8379114234415795,0.7617025878994819,-0.0006687014254183055
104,4.655711650848389,178.14819739980751,178.30706361970402,0.5290438234806061,OK,neutral,neutral,-0.00807233449251769,-0.007376876076716833,-0.807233449251769,-0.7376876076716833,0.807233449251769,0.7376876076716833,-0.0009533320413299684
105,4.71152663230896,178.18952179969241,178.3449195082263,0.5290398001670837,OK,neutral,neutral,-0.007891949043360614,-0.007211886572724645,-0.7891949043360614,-0.7211886572724645,0.7891949043360614,0.7211886572724645,-0.0015492467577757907
106,4.741559267044067,178.19301612418923,178.31859234299552,0.5288936197757721,OK,neutral,neutral,-0.007876663310375693,-0.00732556346041875,-0.7876663310375693,-0.732556346041875,0.7876663310375693,0.732556346041875,0.001717485301142574
107,4.779790878295898,178.19707433321386,178.2886481017702,0.5287708938121796,OK,neutral,neutral,-0.007858892750562492,-0.007455087270467562,-0.7858892750562492,-0.7455087270467562,0.7858892750562492,0.7455087270467562,0.011380512200279469
108,4.819391965866089,178.29076162267663,178.2678592094299,0.5286487638950348,OK,neutral,neutral,-0.007450244544531441,-0.007545085013554196,-0.745024454453144,-0.7545085013554196,0.745024454453144,0.7545085013554196,0.016847289176654456
109,4.869138956069946,178.35998763664793,178.24429420352504,0.5285467803478241,OK,neutral,neutral,-0.007148281423173371,-0.007647378271370027,-0.714828142317337,-0.7647378271370027,0.714828142317337,0.7647378271370027,0.04986839355914796
110,4.8959150314331055,178.98573536279386,179.06127800128763,0.5307666957378387,OK,neutral,neutral,0.004422384914526223,0.004091596448185787,0.4422384914526223,0.40915964481857875,0.4422384914526223,0.40915964481857875,0.05783208753297053
111,4.955319881439209,176.07320937645525,175.05085067772225,0.5336017310619354,OK,neutral,varus,0.01713591666496894,0.021592337421860612,1.7135916664968938,2.159233742186061,1.7135916664968938,2.159233742186061,0.09649101507135249
112,4.981713533401489,175.05375103069548,173.62568430781883,0.5350837111473083,OK,varus,varus,0.02159311937357582,0.027828020824971322,2.159311937357582,2.782802082497132,2.159311937357582,2.782802082497132,0.10347209998057871
113,5.0586113929748535,172.3398159906601,170.68960188752695,0.5415205657482147,OK,varus,varus,0.03347160716065491,0.04071007566458183,3.3471607160654915,4.071007566458183,3.3471607160654915,4.071007566458183,0.07279029200953957
114,5.1042327880859375,171.08791629678447,169.84306845723086,0.5440220236778259,OK,varus,varus,0.038954850010584345,0.044431658753393305,3.8954850010584345,4.44316587533933,3.8954850010584345,4.44316587533933,0.10749497086217197
115,5.136351585388184,168.39061124049016,168.5772793546825,0.5513860583305359,OK,varus,varus,0.050755244669348824,0.050000370257494785,5.0755244669348825,5.000037025749479,5.0755244669348825,5.000037025749479,0.13720238325552891
116,5.168506860733032,167.55354578891237,167.40881620505385,0.5535138845443726,OK,varus,varus,0.054416132089391306,0.055156229364817365,5.44161320893913,5.515622936481736,5.44161320893913,5.515622936481736,0.13711907944547264
117,5.204913377761841,165.32523440318715,164.97666361224034,0.5590154826641083,OK,varus,varus,0.06418143913645194,0.0659204381899677,6.418143913645194,6.59204381899677,6.418143913645194,6.59204381899677,0.13181885053574938
118,5.245917320251465,164.60650267925814,164.49431150823037,0.5607834458351135,OK,varus,varus,0.06745042587927916,0.06804841270391696,6.745042587927916,6.804841270391695,6.745042587927916,6.804841270391695,0.20051076735091833
119,5.27379298210144,161.9582336747381,160.74225983575778,0.5696402192115784,OK,varus,varus,0.07925099035149581,0.08481758816188786,7.925099035149581,8.481758816188787,7.925099035149581,8.481758816188787,0.19651381226036957
120,5.329625844955444,160.8227373708143,159.64192920205954,0.5717309713363647,OK,varus,varus,0.0843550945004388,0.08976487446116724,8.43550945004388,8.976487446116725,8.43550945004388,8.976487446116725,0.16329232747678368
121,5.3636980056762695,156.42126827276624,154.40236653923225,0.5861490964889526,OK,varus,varus,0.10408719615992217,0.11353579006167215,10.408719615992217,11.353579006167216,10.408719615992217,11.353579006167216,0.16099773847301546
122,5.472619533538818,152.49849093761853,150.7909751631802,0.5976406037807465,OK,varus,varus,0.12181203419825673,0.1302788294869191,12.181203419825673,13.02788294869191,12.181203419825673,13.02788294869191,0.13327430973981436
123,5.512492895126343,152.3290918126731,150.25894654970887,0.5985892713069916,OK,varus,varus,0.12281073391690288,0.13276283019204527,12.281073391690288,13.276283019204527,12.281073391690288,13.276283019204527,0.15887066589162835
124,5.5518882274627686,150.2977565815629,148.05699343382864,0.6049420237541199,OK,varus,varus,0.13226286325137201,0.14285472129335386,13.2262863251372,14.285472129335385,13.2262863251372,14.285472129335385,0.1792522934190348
125,5.583072900772095,149.69643403696026,148.6496196208771,0.606606662273407,OK,varus,varus,0.13495647097362728,0.14020356658965596,13.495647097362728,14.020356658965596,13.495647097362728,14.020356658965596,0.17598721251684513
126,5.619646310806274,147.13764343950038,147.0118435358404,0.6143155694007874,OK,varus,varus,0.14690960198158837,0.14794577074685275,14.690960198158837,14.794577074685275,14.690960198158837,14.794577074685275,0.1385107106631347
127,5.66508674621582,147.19619662189254,146.83920671160925,0.6152178347110748,OK,varus,varus,0.1468389464000275,0.1487463058017925,14.683894640002752,14.874630580179248,14.683894640002752,14.874630580179248,0.137574738114564
128,5.698344469070435,142.60475851767094,143.2151692400682,0.6290037631988525,OK,varus,varus,0.16886328085904106,0.1662153556608793,16.886328085904108,16.621535566087932,16.886328085904108,16.621535566087932,0.12544056912539414
129,5.757424592971802,140.5645188792746,139.94995991551218,0.6365915536880493,OK,varus,varus,0.17901908234611041,0.1821974575930034,17.901908234611042,18.21974575930034,17.901908234611042,18.21974575930034,0.10148554083528794
130,5.7971107959747314,139.88318709329246,139.64238832550708,0.6372593343257904,OK,varus,varus,0.18243791361219364,0.18361874253210794,18.243791361219365,18.361874253210793,18.243791361219365,18.361874253210793,0.10609787531760251
131,5.843679666519165,139.18099869799755,139.27572289889162,0.6396966278553009,OK,varus,varus,0.1859810608859701,0.18522799944137597,18.59810608859701,18.522799944137596,18.59810608859701,18.522799944137596,0.08302046109740147
132,5.8842833042144775,138.64360921677763,139.04227032654367,0.640964925289154,OK,varus,varus,0.18867862335701768,0.18626383372022706,18.86786233570177,18.626383372022705,18.86786233570177,18.626383372022705,0.08048362476236903
133,5.906179666519165,136.12694677808685,137.20896335201493,0.6459434330463409,OK,varus,varus,0.20129653815343193,0.19495867371397085,20.129653815343193,19.495867371397086,20.129653815343193,19.495867371397086,0.07210333357375731
134,5.951634645462036,135.66483467787532,136.81522193070265,0.6468386054039001,OK,varus,varus,0.20349339530284144,0.1967921066579046,20.349339530284144,19.679210665790457,20.349339530284144,19.679210665790457,0.03971050897716566
135,6.000040054321289,134.40044851331024,136.64279186972047,0.6491355299949646,OK,varus,varus,0.20978131880802192,0.19759559355360035,20.97813188080219,19.759559355360036,20.97813188080219,19.759559355360036,0.03062362090479187
136,6.049710750579834,133.79356156118976,136.86364294680646,0.6497255563735962,OK,varus,varus,0.2128243237486427,0.19652611522586858,21.28243237486427,19.652611522586856,21.28243237486427,19.652611522586856,0.014574289946335917
137,6.093644380569458,133.34417680477446,136.61895882221606,0.651227593421936,OK,varus,varus,0.21521984847820005,0.19779678109014548,21.521984847820004,19.779678109014547,21.521984847820004,19.779678109014547,0.0012563541572445658
138,6.151120662689209,133.29040880009927,136.69630882533514,0.6516404151916504,OK,varus,varus,0.21566920195855785,0.19753603491184135,21.566920195855786,19.753603491184137,21.566920195855786,19.753603491184137,-0.026680589068721616
139,6.190230369567871,133.81528008688113,137.14490531333493,0.6499622464179993,OK,varus,varus,0.21300502354273035,0.1955821506517124,21.300502354273036,19.55821506517124,21.300502354273036,19.55821506517124,-0.05045993981201313
140,6.2296671867370605,134.41202049058163,137.83925641233768,0.6473510265350342,OK,varus,varus,0.20979951733015947,0.19229335347844742,20.979951733015948,19.229335347844742,20.979951733015948,19.229335347844742,-0.06516505350485335
141,6.279740810394287,134.89664844555398,138.29396953913835,0.6455962359905243,OK,varus,varus,0.20721370525042238,0.1901155206055301,20.72137052504224,19.01155206055301,20.72137052504224,19.01155206055301,-0.0917209071019105
142,6.318186044692993,137.11227045848355,140.35060077978423,0.6374362707138062,OK,varus,varus,0.1962802388756583,0.1802017968772979,19.628023887565828,18.02017968772979,19.628023887565828,18.02017968772979,-0.1345717471538066
143,6.352499008178711,138.546538316737,141.23819014412683,0.6336451172828674,OK,varus,varus,0.18915835951569493,0.17587812923706775,18.91583595156949,17.587812923706775,18.91583595156949,17.587812923706775,-0.1431016987913658
144,6.396493673324585,140.75263996277147,143.39596902896463,0.6253087818622589,OK,varus,varus,0.17811602216276218,0.16533680932442202,17.811602216276217,16.533680932442202,17.811602216276217,16.533680932442202,-0.15608890873000725
145,6.43056583404541,141.09788023539738,143.75928750125067,0.6232838928699493,OK,varus,varus,0.17631122492440507,0.16360427765785582,17.631122492440507,16.36042776578558,17.631122492440507,16.36042776578558,-0.16921923628837376
146,6.464262247085571,144.9308729359331,146.0092943724558,0.6113790273666382,OK,varus,varus,0.1578304609601305,0.1527317197897664,15.78304609601305,15.273171978976642,15.78304609601305,15.273171978976642,-0.16999442110005525
147,6.503187417984009,146.20922178975073,146.08136491792436,0.6102044880390167,OK,varus,varus,0.1514805597596642,0.15243203206564013,15.14805597596642,15.243203206564013,15.14805597596642,15.243203206564013,-0.19002315667379754
148,6.54262638092041,149.26818132659733,148.20894089179887,0.601816713809967,OK,varus,varus,0.13727701156782832,0.14234224670566806,13.727701156782832,14.234224670566805,13.727701156782832,14.234224670566805,-0.19133846074476324
149,6.582200288772583,149.82765554427186,148.50736540518776,0.6008665561676025,OK,varus,varus,0.13460761878568206,0.14097840279568133,13.460761878568206,14.097840279568134,13.460761878568206,14.097840279568134,-0.1682173911790441
150,6.631816387176514,155.28346294767505,154.576056323695,0.582618236541748,OK,varus,varus,0.10948076311537532,0.11275647310547225,10.948076311537532,11.275647310547225,10.948076311537532,11.275647310547225,-0.1207437611911013
151,6.7151947021484375,158.9916572551259,159.80063480019842,0.5720787346363068,OK,varus,varus,0.09259774204696654,0.08904929211241494,9.259774204696654,8.904929211241495,9.259774204696654,8.904929211241495,-0.12969558198523945
152,6.761782169342041,160.04579134712534,160.7001134244457,0.57068932056427,OK,varus,varus,0.08784052041915968,0.08498223034790653,8.784052041915968,8.498223034790653,8.784052041915968,8.498223034790653,-0.17383542944708452
153,6.79931902885437,164.0406883575472,164.7102563337265,0.5623792707920074,OK,varus,varus,0.07003507236949816,0.06711039337393826,7.003507236949816,6.711039337393826,7.003507236949816,6.711039337393826,-0.1790194934106264
154,6.831754207611084,165.08415436602488,165.44738397773543,0.5596809387207031,OK,varus,varus,0.06544195318059952,0.06383318032021865,6.544195318059952,6.383318032021864,6.544195318059952,6.383318032021864,-0.1396743573017778
155,6.875808477401733,168.119391226911,167.62615002790193,0.5516623854637146,OK,varus,varus,0.05202089600452379,0.054200621390554385,5.2020896004523784,5.420062139055439,5.2020896004523784,5.420062139055439,-0.1467037334414787
156,6.904761075973511,168.64132257106257,169.05639848782604,0.5509470403194427,OK,varus,varus,0.049702894701989866,0.04789452641328249,4.970289470198987,4.789452641328249,4.970289470198987,4.789452641328249,-0.14932664940962237
157,6.948054790496826,171.20604464011842,171.5065130206033,0.5441234111785889,OK,varus,varus,0.03843251485352801,0.03712615093334162,3.8432514853528015,3.712615093334162,3.8432514853528015,3.712615093334162,-0.0984668492737022
158,6.997165679931641,171.03666930510957,172.2300028585294,0.5415177643299103,OK,varus,varus,0.0391776397420791,0.0339549780419403,3.91776397420791,3.3954978041940302,3.91776397420791,3.3954978041940302,-0.09003797156469417
159,7.034256458282471,175.76109570047473,176.62918095601884,0.5346168279647827,OK,neutral,neutral,0.018504101834161842,0.014711054656454855,1.8504101834161841,1.4711054656454856,1.8504101834161841,1.4711054656454856,-0.07533791123160283
160,7.108469247817993,178.03165089747827,178.72518407279097,0.5301133394241333,OK,neutral,neutral,0.008589306137017022,0.0055611643901433815,0.8589306137017022,0.5561164390143382,0.8589306137017022,0.5561164390143382,-0.042474727941533175
161,7.165119171142578,179.263914412517,179.35455491327895,0.5289507806301117,OK,neutral,neutral,0.0032118202298554825,0.0028152943233312236,0.32118202298554827,0.2815294323331224,0.32118202298554827,0.2815294323331224,-0.043109650255419574
162,7.208195686340332,179.24098234322008,179.5383333869621,0.5281582772731781,OK,neutral,neutral,-0.0033117526982633155,-0.0020131808721495664,-0.33117526982633155,-0.20131808721495664,0.33117526982633155,0.20131808721495664,-0.03321276217498337
163,7.251197338104248,178.5258444106232,178.61350992607052,0.5275979340076447,OK,neutral,neutral,-0.006432227548875639,-0.006044024694362671,-0.6432227548875639,-0.6044024694362671,0.6432227548875639,0.6044024694362671,-0.013237262079403678
164,7.29672384262085,178.6993465372451,177.14018817122093,0.5280282199382782,OK,neutral,neutral,-0.005675239792700319,-0.01246780715750109,-0.5675239792700318,-1.246780715750109,0.5675239792700318,1.246780715750109,-0.002784234711812328
165,7.361507177352905,178.62078817264413,176.97015051844858,0.5279405117034912,OK,neutral,neutral,-0.0060180689062823145,-0.013207118572081466,-0.6018068906282315,-1.3207118572081467,0.6018068906282315,1.3207118572081467,0.0009866670362335128
166,7.400787115097046,178.76274709303118,177.0194380348475,0.5281694531440735,OK,neutral,neutral,-0.005398562660640279,-0.012991458011475785,-0.5398562660640278,-1.2991458011475785,0.5398562660640278,1.2991458011475785,0.0028445501076497237
167,7.435009479522705,178.75064412971213,176.83832498481812,0.5286553204059601,OK,neutral,neutral,-0.005451387255867678,-0.013781081351079659,-0.5451387255867678,-1.3781081351079658,0.5451387255867678,1.3781081351079658,0.002723011383966245
168,7.487114667892456,178.65785056919896,176.7708712157976,0.5288438200950623,OK,neutral,neutral,-0.0058562933109210374,-0.014075581821885771,-0.5856293310921037,-1.4075581821885772,0.5856293310921037,1.4075581821885772,0.001525244845398177
169,7.5239386558532715,178.5071961043344,176.4117335654749,0.5286333858966827,OK,neutral,neutral,-0.006513525061980058,-0.015643407196454247,-0.6513525061980058,-1.5643407196454246,0.6513525061980058,1.5643407196454246,0.0016194613090139143
170,7.568256378173828,178.35842436192075,176.25789010924237,0.5285124182701111,OK,neutral,neutral,-0.0071625732604095205,-0.016315631039249698,-0.716257326040952,-1.6315631039249698,0.716257326040952,1.6315631039249698,0.00056819066534608
171,7.62680459022522,178.49197639733595,176.42300671841738,0.5284136533737183,OK,neutral,neutral,-0.006579640463586347,-0.015595619558454819,-0.6579640463586347,-1.5595619558454819,0.6579640463586347,1.5595619558454819,-0.0012808641409787214
172,7.665711164474487,178.54719119021894,176.53018947406636,0.528419017791748,OK,neutral,neutral,-0.006338602035774078,-0.01512838100856173,-0.6338602035774078,-1.5128381008561729,0.6338602035774078,1.5128381008561729,-0.0013370796943306118
173,7.703073024749756,178.6014341612688,176.46952237912353,0.5285834074020386,OK,neutral,neutral,-0.00610190313152366,-0.01538772490207614,-0.6101903131523659,-1.5387724902076139,0.6101903131523659,1.5387724902076139,-0.0005605200381904041
174,7.757938623428345,178.5729843277272,176.70770908234132,0.5284733474254608,OK,neutral,neutral,-0.006225850718567706,-0.014351531158440909,-0.6225850718567706,-1.4351531158440909,0.6225850718567706,1.4351531158440909,9.687202359742741e-05
175,7.7985076904296875,178.53929894148305,176.85962172150346,0.52834352850914,OK,neutral,neutral,-0.006372656627683048,-0.01368989581724007,-0.6372656627683048,-1.368989581724007,0.6372656627683048,1.368989581724007,0.00033945988189376664
176,7.843881130218506,178.72732216096423,177.32460623772775,0.5284092426300049,OK,neutral,neutral,-0.0055522237998328495,-0.011662888628003295,-0.5552223799832849,-1.1662888628003294,0.5552223799832849,1.1662888628003294,0.00330941875813906
177,7.8944032192230225,178.84419908031003,177.63982335906718,0.5284643769264221,OK,neutral,neutral,-0.005042286961164633,-0.010288822084690915,-0.5042286961164633,-1.0288822084690916,0.5042286961164633,1.0288822084690916,0.010201165772811827
178,7.936231851577759,179.9011968136078,179.40242227686534,0.5284877717494965,OK,neutral,neutral,-0.00043104514419006247,-0.002604172125458456,-0.04310451441900625,-0.2604172125458456,0.04310451441900625,0.2604172125458456,0.029686366918632245
179,7.9685986042022705,179.59626210374043,179.62427720613334,0.5285547077655792,OK,neutral,neutral,0.0017614319202865106,0.0016371039484120314,0.17614319202865106,0.16371039484120314,0.17614319202865106,0.16371039484120314,0.04328364872035806
180,8.006829023361206,178.0222946058425,176.27274404602997,0.5308887660503387,OK,neutral,neutral,0.00863005147414963,0.016248245319833637,0.863005147414963,1.6248245319833636,0.863005147414963,1.6248245319833636,0.06967423756913949
181,8.049498796463013,177.1560059223295,174.91824205585695,0.5323529541492462,OK,neutral,varus,0.012411811807611544,0.02216263281472789,1.2411811807611544,2.216263281472789,1.2411811807611544,2.216263281472789,0.1108004833282008
182,8.099676370620728,173.31132139081743,171.2043351181382,0.5379510521888733,OK,varus,varus,0.029212641845575704,0.038437918686390043,2.9212641845575704,3.8437918686390042,2.9212641845575704,3.8437918686390042,0.12781594563021148
183,8.15151047706604,171.78912552768614,170.1270281889223,0.5402703285217285,OK,varus,varus,0.035876529305066435,0.04317573415179712,3.5876529305066436,4.317573415179711,3.5876529305066436,4.317573415179711,0.15214148603828725
184,8.194562911987305,165.70218754331344,165.05988129342705,0.5577270686626434,OK,varus,varus,0.06255768502236342,0.06555550019157752,6.255768502236342,6.555550019157752,6.255768502236342,6.555550019157752,0.17058461842550088
185,8.236804485321045,161.57107975736858,159.3190515484092,0.5727049708366394,OK,varus,varus,0.08067406054903843,0.09115767895341284,8.067406054903843,9.115767895341284,8.067406054903843,9.115767895341284,0.17945787522120682
186,8.2780179977417,159.44979887818147,157.32093186143155,0.575654000043869,OK,varus,varus,0.09034530759775088,0.10023570026275619,9.034530759775087,10.02357002627562,9.034530759775087,10.02357002627562,0.2430702283356485
187,8.30579948425293,156.89941036491638,155.2993104287804,0.5823295414447784,OK,varus,varus,0.10198392855264762,0.10942846790874994,10.198392855264762,10.942846790874993,10.198392855264762,10.942846790874993,0.2289409019438473
188,8.34910273551941,156.82376594038791,153.96878277141104,0.5827623009681702,OK,varus,varus,0.10229222182755546,0.11552973537710622,10.229222182755546,11.552973537710622,10.229222182755546,11.552973537710622,0.12460542234122496
189,8.395185947418213,153.8561459118287,150.45135346558644,0.5922507643699646,OK,varus,varus,0.11565835464967311,0.131859043329619,11.56583546496731,13.1859043329619,11.56583546496731,13.1859043329619,0.13712328949200447
190,8.426969766616821,152.74018898963263,149.5284665635387,0.594730943441391,OK,varus,varus,0.12073051835211997,0.13611582701134536,12.073051835211997,13.611582701134536,12.073051835211997,13.611582701134536,0.13838401389684485
191,8.470415830612183,150.0497927067525,147.90770874640947,0.6029782295227051,OK,varus,varus,0.13327322693851265,0.14361690684280104,13.327322693851265,14.361690684280104,13.327322693851265,14.361690684280104,0.15039880360628466
192,8.505064725875854,149.85617505481497,147.8870550308311,0.6044287979602814,OK,varus,varus,0.13417049522617272,0.1438586316411299,13.417049522617273,14.385863164112992,13.417049522617273,14.385863164112992,0.16288077372976417
193,8.553028345108032,147.07522207301488,146.1779925987206,0.6121129095554352,OK,varus,varus,0.14722374638326496,0.15187321029152853,14.722374638326496,15.187321029152853,14.722374638326496,15.187321029152853,0.12856004341188942
194,8.59828233718872,146.6857207784696,145.63724471606994,0.6138203740119934,OK,varus,varus,0.14916291248094948,0.15452408045498245,14.916291248094948,15.452408045498245,14.916291248094948,15.452408045498245,0.12868157092292076
195,8.6391019821167,143.03986648277552,142.63541454530971,0.628303050994873,OK,varus,varus,0.16687054311908822,0.1690588291482298,16.687054311908824,16.905882914822982,16.687054311908824,16.905882914822982,0.11543500789298111
196,8.690845727920532,141.03641064669992,139.59308464419016,0.6353723108768463,OK,varus,varus,0.1768572977406367,0.18399811772471347,17.68572977406367,18.39981177247135,17.68572977406367,18.39981177247135,0.14063776020839924
197,8.719069242477417,140.26900643935633,138.63573957173605,0.6354932188987732,OK,varus,varus,0.18065020289466316,0.188723953739372,18.065020289466315,18.872395373937202,18.065020289466315,18.872395373937202,0.1377983064624102
198,8.768860816955566,138.87098614313123,138.3876990259002,0.6397483646869659,OK,varus,varus,0.18756434730525512,0.18976193863257895,18.756434730525513,18.976193863257894,18.756434730525513,18.976193863257894,0.07582940094002666
199,8.818294048309326,138.35101965826976,137.95739548727101,0.640156477689743,OK,varus,varus,0.1901261645905539,0.19201351540823794,19.01261645905539,19.201351540823794,19.01261645905539,19.201351540823794,0.05034412660394416
200,8.865852117538452,136.71856543640217,136.70928834192085,0.64442378282547,OK,varus,varus,0.1983269957214315,0.19832125858491673,19.83269957214315,19.832125858491672,19.83269957214315,19.832125858491672,0.05628682639793503
201,8.899161100387573,136.43538923773895,136.05657658835358,0.6460167765617371,OK,varus,varus,0.1997646531538304,0.2015035841602232,19.97646531538304,20.15035841602232,19.97646531538304,20.15035841602232,0.05609066270895724
202,8.935441493988037,134.93161951734456,135.21132740930793,0.6488584578037262,OK,varus,varus,0.2074440723338292,0.2057248523374649,20.74440723338292,20.57248523374649,20.74440723338292,20.57248523374649,0.04147191779390624
203,8.968306064605713,134.3083767079686,135.18234116313084,0.6492308080196381,OK,varus,varus,0.21064931059156794,0.20589431421360294,21.064931059156795,20.589431421360295,21.064931059156795,20.589431421360295,0.024898932806475038
204,9.007985830307007,132.40370380833963,133.9744150583088,0.6510109305381775,OK,varus,varus,0.2205024276342146,0.21199124705028424,22.05024276342146,21.199124705028424,22.05024276342146,21.199124705028424,0.004123579033509017
205,9.062866449356079,132.02779779783083,133.66178543115512,0.6510992050170898,OK,varus,varus,0.22245472397353455,0.21373479225730893,22.245472397353456,21.373479225730893,22.245472397353456,21.373479225730893,-0.032123644049384836
206,9.096327781677246,132.31547582388393,134.2091362047519,0.6490255296230316,OK,varus,varus,0.220926219528195,0.21099990943492303,22.0926219528195,21.0999909434923,22.0926219528195,21.0999909434923,-0.04410089469251943
207,9.17545771598816,132.8984288005653,135.0372307792191,0.646760880947113,OK,varus,varus,0.21792621214869026,0.20680699192269505,21.792621214869026,20.680699192269504,21.792621214869026,20.680699192269504,-0.05655886225894324
208,9.22609829902649,133.2635829000106,135.53607357595817,0.6453211903572083,OK,varus,varus,0.21603846881638764,0.20430233979945964,21.603846881638763,20.430233979945964,21.603846881638763,20.430233979945964,-0.1013336282068078
209,9.260409832000732,135.44844065300563,137.7276986474728,0.637005090713501,OK,varus,varus,0.2047285781971257,0.1932763274503768,20.47285781971257,19.32763274503768,20.47285781971257,19.32763274503768,-0.14290844924281565
210,9.292117595672607,136.60010687951322,139.05017358738274,0.6333236694335938,OK,varus,varus,0.19882128951868552,0.18662181881807696,19.882128951868552,18.662181881807697,19.882128951868552,18.662181881807697,-0.16221483446324036
211,9.323728799819946,139.05042352250686,141.7682813771431,0.6246457695960999,OK,varus,varus,0.18667840563315577,0.1732313040276615,18.667840563315576,17.32313040276615,18.667840563315576,17.32313040276615,-0.22525327119790006
212,9.34648609161377,139.86230508651815,142.63279594613692,0.6223739087581635,OK,varus,varus,0.18253060801681137,0.16905197852520698,18.253060801681137,16.905197852520697,18.253060801681137,16.905197852520697,-0.2201494604041514
213,9.394139051437378,142.88258146925497,144.79383153901037,0.6125252842903137,OK,varus,varus,0.16781805645223447,0.15830595724513224,16.781805645223447,15.830595724513225,16.781805645223447,15.830595724513225,-0.14941039545294466
214,9.428634643554688,143.48718854019972,145.00495147470434,0.611359179019928,OK,varus,varus,0.1648607666325713,0.15724786779119285,16.48607666325713,15.724786779119285,16.48607666325713,15.724786779119285,-0.1676935791293772
215,9.460008144378662,147.00103404687235,147.08338372233874,0.6019532084465027,OK,varus,varus,0.1480307851581576,0.14765968554218317,14.80307851581576,14.765968554218317,14.80307851581576,14.765968554218317,-0.15328237934892552
216,9.51309871673584,148.44099445832822,147.60379190681329,0.5999535620212555,OK,varus,varus,0.1411612308982747,0.14524543507927962,14.11612308982747,14.524543507927962,14.11612308982747,14.524543507927962,-0.14626952946375749
217,9.565136909484863,151.56906873211062,150.716677237648,0.5905448198318481,OK,varus,varus,0.12636920041353553,0.13051230120167345,12.636920041353553,13.051230120167345,12.636920041353553,13.051230120167345,-0.19002212863547818
218,9.601111650466919,152.12441954444472,151.47256290281052,0.5897087752819061,OK,varus,varus,0.12359235888949142,0.12686914457287887,12.359235888949142,12.686914457287887,12.359235888949142,12.686914457287887,-0.2167026942643826
219,9.635999202728271,158.60173525556382,159.09832169409125,0.569057047367096,OK,varus,varus,0.09433419187627878,0.09206470308414631,9.433419187627878,9.206470308414632,9.433419187627878,9.206470308414632,-0.18470526334470527
220,9.688987255096436,163.45776891473707,162.98285600583145,0.5582430958747864,OK,varus,varus,0.07267100952907032,0.07464530986995367,7.2671009529070325,7.464530986995367,7.2671009529070325,7.464530986995367,-0.14567017771073942
221,9.731532096862793,164.9657987994117,164.21516737335844,0.5563687384128571,OK,varus,varus,0.06597071624566345,0.0692711403595869,6.597071624566345,6.92711403595869,6.597071624566345,6.92711403595869,-0.18098190004087655
222,9.764348268508911,168.13590652425793,167.1869820657248,0.5494263172149658,OK,varus,varus,0.051945998530238645,0.05613999470916772,5.194599853023864,5.613999470916772,5.194599853023864,5.613999470916772,-0.15936635102891117
223,9.810829162597656,168.99582313144083,168.02993992835425,0.5485588312149048,OK,varus,varus,0.04815539119534654,0.05241641893243089,4.815539119534654,5.241641893243089,4.815539119534654,5.241641893243089,-0.0840125091106474
224,9.853260040283203,170.97338989729064,170.29730038453587,0.5454623997211456,OK,varus,varus,0.039465485912365164,0.0424355362934268,3.9465485912365166,4.24355362934268,3.9465485912365166,4.24355362934268,-0.08951334605772843
225,9.884616613388062,170.84699060473233,171.3837190987456,0.5428894460201263,OK,varus,varus,0.04001432889662837,0.03766615659946191,4.001432889662837,3.766615659946191,4.001432889662837,3.766615659946191,-0.08122685089922932
226,9.937723636627197,173.76054725562125,172.83336051418112,0.5376894176006317,OK,varus,varus,0.027248496465288305,0.03131018737362818,2.7248496465288303,3.131018737362818,2.7248496465288303,3.131018737362818,-0.0734831986209965
227,9.96792221069336,174.25882154917093,173.55279182904502,0.5366506576538086,OK,varus,varus,0.025069481469996553,0.028159953532714225,2.5069481469996555,2.8159953532714224,2.5069481469996555,2.8159953532714224,-0.07339701060639481
228,10.017179489135742,175.7324111608619,175.69949524670508,0.5339933037757874,OK,neutral,neutral,0.01862920145803548,0.018772456128168656,1.8629201458035478,1.8772456128168655,1.8629201458035478,1.8772456128168655,-0.048460034718871725
229,10.058634996414185,176.37741623183288,176.36909700687065,0.5322715938091278,OK,neutral,neutral,0.01581142983795187,0.01584768977241592,1.581142983795187,1.584768977241592,1.581142983795187,1.584768977241592,-0.04136709804739436
230,10.100189685821533,178.12052302842287,178.14039753299778,0.5297391712665558,OK,neutral,neutral,0.008201500040885767,0.008112611455053645,0.8201500040885767,0.8112611455053644,0.8201500040885767,0.8112611455053644,-0.030223080414835124
231,10.150899648666382,179.0038978559004,178.3727541278963,0.5289461314678192,OK,neutral,neutral,0.004346372485695722,0.007096824370403314,0.4346372485695722,0.7096824370403314,0.4346372485695722,0.7096824370403314,-0.02359980376206572
232,10.19470739364624,178.90236187465604,179.29055070015556,0.5286903381347656,OK,neutral,neutral,-0.004789211721786913,-0.0030940890316177748,-0.4789211721786913,-0.3094089031617775,0.4789211721786913,0.3094089031617775,-0.027507503610642914
233,10.217334508895874,178.21195152364572,178.38191595170005,0.5278618037700653,OK,neutral,neutral,-0.007802045547266027,-0.007055976099528876,-0.7802045547266028,-0.7055976099528876,0.7802045547266028,0.7055976099528876,-0.02225708206695698
234,10.264399528503418,177.96147179918646,177.95184155292603,0.5274655222892761,OK,neutral,neutral,-0.008894838082710252,-0.008930319599319602,-0.8894838082710252,-0.8930319599319602,0.8894838082710252,0.8930319599319602,-0.0036147118358851316
235,10.289827346801758,177.8410360790609,178.020807597664,0.527359277009964,OK,neutral,neutral,-0.009420413213989396,-0.008627618560756478,-0.9420413213989396,-0.8627618560756478,0.9420413213989396,0.8627618560756478,-0.0024543326685693145
236,10.339691638946533,177.96049836312366,178.02088575670092,0.5274341404438019,OK,neutral,neutral,-0.00889892347265874,-0.008626091074197829,-0.889892347265874,-0.8626091074197829,0.889892347265874,0.8626091074197829,-0.00031101350129070227
237,10.366278648376465,178.02357285024323,177.93552755317614,0.5280835330486298,OK,neutral,neutral,-0.008623755210832595,-0.008999157622335972,-0.8623755210832594,-0.8999157622335971,0.8623755210832594,0.8999157622335971,0.000676177632095154
238,10.41247820854187,178.1343038470631,177.92770956446873,0.5284383893013,OK,neutral,neutral,-0.008140584211325883,-0.009033759233583636,-0.8140584211325883,-0.9033759233583636,0.8140584211325883,0.9033759233583636,0.0016217131279727681
239,10.444227695465088,178.05693442941958,178.00379250265175,0.5281062424182892,OK,neutral,neutral,-0.008477697975387326,-0.008700659085940985,-0.8477697975387326,-0.8700659085940985,0.8477697975387326,0.8700659085940985,0.0018341906640966243
240,10.482947826385498,178.06508467130976,178.08094587527054,0.527939110994339,OK,neutral,neutral,-0.00844134838689138,-0.008363343678797304,-0.844134838689138,-0.8363343678797304,0.844134838689138,0.8363343678797304,0.0004148056683224155
241,10.512997150421143,177.7793351792784,178.0839186300995,0.5278307497501373,OK,neutral,neutral,-0.009687689761966904,-0.00835025446131093,-0.9687689761966903,-0.835025446131093,0.9687689761966903,0.835025446131093,-0.0010578123288702557
242,10.553618907928467,177.6379034184005,178.1080589246103,0.5277948975563049,OK,neutral,neutral,-0.010304019243621424,-0.008244973522213947,-1.0304019243621425,-0.8244973522213946,1.0304019243621425,0.8244973522213946,-0.0011897618205782834
243,10.599871635437012,177.69428105253053,178.13682857891027,0.5278896689414978,OK,neutral,neutral,-0.010057913848101329,-0.008119695191482288,-1.005791384810133,-0.8119695191482288,1.005791384810133,0.8119695191482288,-0.0002323556033649865
244,10.642645597457886,177.75462338182604,178.1449287007437,0.5279641449451447,OK,neutral,neutral,-0.009794469411736305,-0.008084485450292838,-0.9794469411736305,-0.8084485450292839,0.9794469411736305,0.8084485450292839,0.00032387217068485796
245,10.687272548675537,177.7839988611371,178.18949805750722,0.5279491543769836,OK,neutral,neutral,-0.009665814533450027,-0.0078900697976324,-0.9665814533450027,-0.7890069797632401,0.9665814533450027,0.7890069797632401,0.0006958162275214619
246,10.729315996170044,177.8036224922658,178.23383929061913,0.5279166996479034,OK,neutral,neutral,-0.009579846845200909,-0.007696632069836532,-0.9579846845200909,-0.7696632069836532,0.9579846845200909,0.7696632069836532,0.0006908699233241222
247,10.7705557346344,177.85819779474244,178.17168689011538,0.5279673039913177,OK,neutral,neutral,-0.009339492334219268,-0.007967067081414942,-0.9339492334219268,-0.7967067081414942,0.9339492334219268,0.7967067081414942,0.00045030044852722995
248,10.817503690719604,177.90833662889443,178.12559813598088,0.5280067920684814,OK,neutral,neutral,-0.009119027651909957,-0.008167505276658063,-0.9119027651909957,-0.8167505276658062,0.9119027651909957,0.8167505276658062,0.0005161672251876581
249,10.864874839782715,178.11550619704755,178.22879518046759,0.52803635597229,OK,neutral,neutral,-0.008214368969470134,-0.007717063325808178,-0.8214368969470134,-0.7717063325808178,0.8214368969470134,0.7717063325808178,0.0008411883028109912
250,10.917363166809082,178.2690587947152,178.2248416476631,0.528052419424057,OK,neutral,neutral,-0.0075453570972947494,-0.00773486606188725,-0.7545357097294749,-0.773486606188725,0.7545357097294749,0.773486606188725,0.001059998931610906
251,10.965391397476196,178.38236489896948,178.2291176140243,0.5280696749687195,OK,neutral,neutral,-0.007051626636620362,-0.0077166006659666,-0.7051626636620363,-0.77166006659666,0.7051626636620363,0.77166006659666,0.004202135003298579
252,11.017286777496338,178.63733381857523,178.14203257170894,0.5281855762004852,OK,neutral,neutral,-0.005940208379561098,-0.00809614022160243,-0.5940208379561097,-0.809614022160243,0.5940208379561097,0.809614022160243,0.00946440431092821
253,11.067795991897583,178.810276130828,178.08966154843037,0.5282779633998871,OK,neutral,neutral,-0.005186347241944351,-0.008324425852925614,-0.5186347241944351,-0.8324425852925613,0.5186347241944351,0.8324425852925613,0.012783031289177238
254,11.119837284088135,179.01589624774644,177.970351340378,0.5283472836017609,OK,neutral,neutral,-0.004287743844088157,-0.008845339892030875,-0.4287743844088157,-0.8845339892030876,0.4287743844088157,0.8845339892030876,0.01687875159824248
255,11.163215637207031,179.73274619602387,177.6004244534348,0.5307390689849854,OK,neutral,neutral,-0.001164707726812556,-0.010463908203669313,-0.1164707726812556,-1.0463908203669314,0.1164707726812556,1.0463908203669314,0.02624125023638957
256,11.203277349472046,179.8675161237387,177.3150983122944,0.5320512652397156,OK,neutral,neutral,0.0005774260098747528,-0.011711444589938762,0.05774260098747529,-1.1711444589938762,0.05774260098747529,1.1711444589938762,0.036523467931926845
257,11.241785764694214,179.29094607392514,176.83874021297544,0.5332449376583099,OK,neutral,neutral,0.003090000801099924,-0.013793317208591763,0.3090000801099924,-1.3793317208591762,0.3090000801099924,1.3793317208591762,0.044696312761157486
258,11.283228397369385,178.9585630090773,176.74422089635812,0.5338592529296875,OK,neutral,neutral,0.004537998116902842,-0.014206947314513963,0.4537998116902842,-1.4206947314513962,0.4537998116902842,1.4206947314513962,0.044106498135873196
259,11.335797786712646,178.91109165808123,176.29908396288548,0.5374026000499725,OK,neutral,neutral,0.004743349301122971,-0.01614069304994778,0.4743349301122971,-1.614069304994778,0.4743349301122971,1.614069304994778,0.054374266388101056
260,11.381932258605957,178.87184989256448,175.82824924614522,0.5390705466270447,OK,neutral,neutral,0.004914200493566036,-0.01819196781214255,0.49142004935660355,-1.819196781214255,0.49142004935660355,1.819196781214255,0.08985296429281053
261,11.42369818687439,178.6671459253815,174.5622731649876,0.5427679717540741,OK,neutral,valgus,0.005811155179062941,-0.023724588137331387,0.5811155179062941,-2.3724588137331386,0.5811155179062941,2.3724588137331386,0.1152713827848153
262,11.465404987335205,178.578906865563,173.8613443368678,0.5443541705608368,OK,neutral,valgus,0.006196835839775553,-0.026790459464530892,0.6196835839775553,-2.679045946453089,0.6196835839775553,2.679045946453089,0.10578552433321686
263,11.535080909729004,179.84568413008233,170.9753766330621,0.554535299539566,OK,neutral,valgus,-0.0006728735532068164,-0.039425435555343315,-0.06728735532068164,-3.9425435555343316,0.06728735532068164,3.9425435555343316,0.0875411450982666
264,11.591293334960938,178.13132768726925,169.53528282646332,0.5648689866065979,OK,neutral,valgus,-0.008146401228417605,-0.045731437712150054,-0.8146401228417606,-4.573143771215006,0.8146401228417606,4.573143771215006,0.14176693934665963
265,11.63152551651001,177.8963562885383,167.97246017186072,0.5695834457874298,OK,neutral,valgus,-0.00916245092747737,-0.05254771915009844,-0.916245092747737,-5.254771915009844,0.916245092747737,5.254771915009844,0.16649541525512745
266,11.683841705322266,177.6808700667053,167.63975583364544,0.5754883289337158,OK,neutral,valgus,-0.01008045372014339,-0.05390594453734238,-1.008045372014339,-5.390594453734239,1.008045372014339,5.390594453734239,0.1413333764408904
267,11.736705303192139,177.85720458249386,167.19308179944798,0.5765179395675659,OK,neutral,valgus,-0.009293981632236983,-0.055786871642014346,-0.9293981632236983,-5.578687164201435,0.9293981632236983,5.578687164201435,0.15472576142074246
268,11.772905111312866,177.80793942721493,165.85363659170588,0.5920857787132263,OK,neutral,valgus,-0.009510302999992355,-0.061590852382139155,-0.9510302999992355,-6.159085238213915,0.9510302999992355,6.159085238213915,0.1567219072777437
269,11.813323497772217,177.37473320930198,165.03632149691867,0.6012206077575684,OK,neutral,valgus,-0.011359526410902399,-0.06495307672913045,-1.1359526410902399,-6.495307672913045,1.1359526410902399,6.495307672913045,0.12537560207047882
270,11.865572929382324,177.2379445846637,163.82016257946546,0.601619303226471,OK,neutral,valgus,-0.011934624517926033,-0.07019961121001032,-1.1934624517926034,-7.019961121001033,1.1934624517926034,7.019961121001033,0.12558523714146652
271,11.904625177383423,176.62527718564976,163.78305151688977,0.6088459193706512,OK,neutral,valgus,-0.014546030698944735,-0.07004513636223733,-1.4546030698944734,-7.0045136362237335,1.4546030698944734,7.0045136362237335,0.1120947535700223
272,11.955100774765015,176.54227677885174,163.04250663493116,0.6086090803146362,OK,neutral,valgus,-0.014919383915627134,-0.07327297956886043,-1.4919383915627134,-7.327297956886043,1.4919383915627134,7.327297956886043,0.07543054998132526
273,11.994734048843384,176.30770780189343,162.68661778671992,0.6154060363769531,OK,neutral,valgus,-0.015942874046413306,-0.07486815993596785,-1.5942874046413307,-7.486815993596785,1.5942874046413307,7.486815993596785,0.11828945004947045
274,12.017812252044678,176.0077132607597,162.28164825746904,0.6142086088657379,OK,neutral,valgus,-0.01722459427595912,-0.07643094470205475,-1.722459427595912,-7.643094470205475,1.722459427595912,7.643094470205475,0.1147047159551211
275,12.067554950714111,175.63095850016836,161.5909678641378,0.6199181079864502,OK,neutral,valgus,-0.01871807862383232,-0.07852443926842008,-1.8718078623832322,-7.852443926842008,1.8718078623832322,7.852443926842008,0.050491864881027304
276,12.114750623703003,175.42110692901483,161.2649095899265,0.6214196979999542,OK,neutral,valgus,-0.01955484647888157,-0.07982196426032748,-1.9554846478881571,-7.982196426032748,1.9554846478881571,7.982196426032748,0.038389563930710136
277,12.21235990524292,175.7457411792521,161.10768221722833,0.6250070929527283,OK,neutral,valgus,-0.01818170827202069,-0.08074812043164656,-1.818170827202069,-8.074812043164656,1.818170827202069,8.074812043164656,0.015163336341252887
278,12.276559829711914,175.74885419766716,161.0857903036435,0.6262191236019135,OK,neutral,valgus,-0.018120866292366547,-0.08043987454654965,-1.8120866292366546,-8.043987454654964,1.8120866292366546,8.043987454654964,0.008413323382242766
279,12.323209047317505,175.77989734177456,161.06982686376574,0.6254773139953613,OK,neutral,valgus,-0.01800499697537975,-0.08010633290681647,-1.8004996975379752,-8.010633290681648,1.8004996975379752,8.010633290681648,-0.013946482117942693
280,12.368558883666992,175.93985127236425,161.33858109343313,0.6237333714962006,OK,neutral,valgus,-0.01735232196556423,-0.07936216405231386,-1.735232196556423,-7.936216405231386,1.735232196556423,7.936216405231386,-0.03249191385692152
281,12.433540105819702,176.19252899131726,161.607946870315,0.621902585029602,OK,neutral,valgus,-0.016329083215885068,-0.0783345093663395,-1.6329083215885067,-7.83345093663395,1.6329083215885067,7.83345093663395,-0.07137129995337865
282,12.474905490875244,176.37586473140365,161.78905737608238,0.6205994188785553,OK,neutral,valgus,-0.015569227405878183,-0.0776682904513647,-1.5569227405878183,-7.76682904513647,1.5569227405878183,7.76682904513647,-0.10040243121310866
283,12.513378620147705,177.04486313055617,162.5794255354597,0.6120445430278778,OK,neutral,valgus,-0.01272066848993306,-0.07510694679417151,-1.272066848993306,-7.510694679417151,1.272066848993306,7.510694679417151,-0.1064046263759737
284,12.573826551437378,177.47836186563228,162.85013394421372,0.6082988679409027,OK,neutral,valgus,-0.01086840283926899,-0.07406483374695097,-1.0868402839268991,-7.406483374695097,1.0868402839268991,7.406483374695097,-0.1338163447684817
285,12.623726844787598,178.51614112479382,163.80178153860214,0.5991681218147278,OK,neutral,valgus,-0.006439498343102422,-0.07060225778215368,-0.6439498343102421,-7.060225778215368,0.6439498343102421,7.060225778215368,-0.15094590993939683
286,12.678990364074707,178.49640280817107,164.20869191727996,0.5966892242431641,OK,neutral,valgus,-0.006523347751347125,-0.0688770525771196,-0.6523347751347125,-6.88770525771196,0.6523347751347125,6.88770525771196,-0.14763825760470528
287,12.728576183319092,179.8702656560985,165.52810690328104,0.5790357887744904,OK,neutral,valgus,-0.0005646398090356454,-0.06339575878202376,-0.05646398090356454,-6.339575878202377,0.05646398090356454,6.339575878202377,-0.1599766696616971
288,12.770158290863037,179.08646480294647,167.25664606161098,0.5670338869094849,OK,neutral,valgus,0.003981878077973535,-0.05582068243987054,0.3981878077973535,-5.582068243987054,0.3981878077973535,5.582068243987054,-0.15915829335176568
289,12.817371845245361,178.76278560421812,168.26276165628607,0.5648351907730103,OK,neutral,valgus,0.005397033385418659,-0.05137333813477881,0.5397033385418659,-5.137333813477881,0.5397033385418659,5.137333813477881,-0.14780872859832161
290,12.864074945449829,177.5525177645729,170.387547345769,0.5597132742404938,OK,neutral,valgus,0.010679199480998006,-0.042021768566569764,1.0679199480998005,-4.202176856656976,1.0679199480998005,4.202176856656976,-0.15441887852953684
291,12.898022890090942,176.55618628624282,170.89630178319612,0.5594856441020966,OK,neutral,valgus,0.015028464590592094,-0.03979869873629938,1.5028464590592094,-3.9798698736299385,1.5028464590592094,3.9798698736299385,-0.1335643252174492
292,12.938842058181763,176.2583498420582,172.5843396389352,0.5497724115848541,OK,neutral,valgus,0.01632890521141417,-0.032402008743167274,1.6328905211414169,-3.240200874316727,1.6328905211414169,3.240200874316727,-0.0895986386170966
293,12.993587017059326,175.9770920798155,173.4615168504525,0.5489012897014618,OK,neutral,valgus,0.01756045824280567,-0.028558718265461216,1.756045824280567,-2.8558718265461214,1.756045824280567,2.8558718265461214,-0.08187009231870679
294,13.035632610321045,175.52907950101945,177.02172262816836,0.5409164428710938,OK,neutral,neutral,0.019517416689135918,-0.012993250352918043,1.9517416689135918,-1.2993250352918044,1.9517416689135918,1.2993250352918044,-0.07784069518245618
295,13.096420526504517,175.62862031169735,177.76956672409617,0.538093626499176,OK,neutral,neutral,0.019082759930476898,-0.00973124759582131,1.9082759930476898,-0.9731247595821311,1.9082759930476898,0.9731247595821311,-0.054931339249036704
296,13.149028778076172,175.71842905693995,177.87496448713358,0.5365053117275238,OK,neutral,neutral,0.01868824399180923,-0.009272448334408472,1.8688243991809228,-0.9272448334408472,1.8688243991809228,0.9272448334408472,-0.0529852769898298
297,13.191990613937378,176.47176636937334,178.23408808725716,0.5338218212127686,OK,neutral,neutral,0.015397364432086575,-0.007701944607579318,1.5397364432086575,-0.7701944607579319,1.5397364432086575,0.7701944607579319,-0.04415810870789816
298,13.240426063537598,177.23046662642506,178.81321145550328,0.5325951278209686,OK,neutral,neutral,0.012084865221859451,-0.00517470763522052,1.208486522185945,-0.517470763522052,1.208486522185945,0.517470763522052,-0.026995398687493122
299,13.287734270095825,178.0909968513314,178.84381996536908,0.5321772396564484,OK,neutral,neutral,0.008329881646667012,-0.0050374182035817375,0.8329881646667012,-0.5037418203581737,0.8329881646667012,0.5037418203581737,-0.024627729546061516
300,13.328234672546387,178.83488677561863,178.76325199940567,0.531688392162323,OK,neutral,neutral,0.005083052454788598,-0.005385732534253206,0.5083052454788598,-0.5385732534253206,0.5083052454788598,0.5385732534253206,-0.021831723985256346
301,13.362524271011353,179.98476961096844,178.31440035291294,0.5309438705444336,OK,neutral,neutral,-6.644599912927506e-05,-0.007341855281497743,-0.006644599912927506,-0.7341855281497743,0.006644599912927506,0.7341855281497743,-0.015525473306564841
302,13.428150415420532,179.46824343604578,178.20089104631865,0.5299360156059265,OK,neutral,neutral,-0.002319787232165408,-0.007836583075133043,-0.23197872321654078,-0.7836583075133043,0.23197872321654078,0.7836583075133043,-0.00988754974778061
303,13.480494260787964,179.11972922746406,178.11037896159732,0.5295247137546539,OK,neutral,neutral,-0.0038400525958914074,-0.008231044326718144,-0.3840052595891407,-0.8231044326718143,0.3840052595891407,0.8231044326718143,-0.011842306493223376
304,13.52732253074646,178.81423267450052,178.09828104567174,0.5291487872600555,OK,neutral,neutral,-0.005171891721718538,-0.00828623669312405,-0.5171891721718538,-0.828623669312405,0.5171891721718538,0.828623669312405,-0.011305669431527221
305,13.576230764389038,178.58371858336736,178.09860395785435,0.5289299488067627,OK,neutral,neutral,-0.00617683777900341,-0.00828548772047375,-0.617683777900341,-0.828548772047375,0.617683777900341,0.828548772047375,-0.009641012069801391
306,13.618820428848267,178.62829940681,178.02564994776063,0.5279964506626129,OK,neutral,neutral,-0.005981880148513257,-0.008601243426607829,-0.5981880148513258,-0.8601243426607829,0.5981880148513258,0.8601243426607829,-0.007996493630341384
307,13.659983396530151,178.67236448518355,177.98027051215567,0.5276798009872437,OK,neutral,neutral,-0.0057893976646656055,-0.008797675775359452,-0.5789397664665605,-0.8797675775359451,0.5789397664665605,0.8797675775359451,-0.006759985666437096
308,13.69700026512146,178.77839949720362,178.12009423152338,0.5274033844470978,OK,neutral,neutral,-0.005326597242950799,-0.008189001914472053,-0.5326597242950799,-0.8189001914472053,0.5326597242950799,0.8189001914472053,-0.005552322834951884
309,13.752078294754028,178.84830209045728,178.1876190357032,0.5272436141967773,OK,neutral,neutral,-0.005021383298611648,-0.007895159256482435,-0.5021383298611648,-0.7895159256482435,0.5021383298611648,0.7895159256482435,-0.002803313643010341
310,13.793221950531006,178.6573562775342,178.12949074807418,0.5275087058544159,OK,neutral,neutral,-0.005852524392449822,-0.00814819915206613,-0.5852524392449823,-0.814819915206613,0.5852524392449823,0.814819915206613,-0.0011921459223920294
311,13.815915584564209,178.56770447081877,178.13740884313054,0.527452290058136,OK,neutral,neutral,-0.006243500551300781,-0.008113367035692244,-0.6243500551300781,-0.8113367035692244,0.6243500551300781,0.8113367035692244,-0.0005272139106813345
312,13.884632587432861,178.4968309951458,178.1476397663965,0.5273599922657013,OK,neutral,neutral,-0.006552628067937445,-0.008068471147022693,-0.6552628067937445,-0.8068471147022693,0.6552628067937445,0.8068471147022693,0.001079893361845663
313,13.920581579208374,178.38519241093516,178.14264378213667,0.5274620354175568,OK,neutral,neutral,-0.007039491397646362,-0.008090324552020522,-0.7039491397646362,-0.8090324552020522,0.7039491397646362,0.8090324552020522,0.0013266620108858262
314,13.970016479492188,178.3021893009898,178.13388395677524,0.5275485515594482,OK,neutral,neutral,-0.007401439488425892,-0.008128508434429584,-0.7401439488425892,-0.8128508434429584,0.7401439488425892,0.8128508434429584,0.0017712112258188029
315,14.01068377494812,178.31472110529265,178.1073809528176,0.5275852978229523,OK,neutral,neutral,-0.007347097693556676,-0.008243819318442602,-0.7347097693556676,-0.8243819318442601,0.7347097693556676,0.8243819318442601,0.006038263422117218
316,14.05895185470581,178.33722927434889,178.07716955376148,0.5276077389717102,OK,neutral,neutral,-0.007249180268178283,-0.008375290808070842,-0.7249180268178284,-0.8375290808070842,0.7249180268178284,0.8375290808070842,0.01584818817665301
317,14.1037757396698,178.2826283517883,178.0548925578992,0.5279105305671692,OK,neutral,neutral,-0.007485042476427939,-0.008471963277728504,-0.7485042476427939,-0.8471963277728504,0.7485042476427939,0.8471963277728504,0.019936459146784546
318,14.165230989456177,178.24313559068165,178.0408479670434,0.5280993580818176,OK,neutral,neutral,-0.007655560640382109,-0.00853285354967167,-0.7655560640382109,-0.853285354967167,0.7655560640382109,0.853285354967167,0.023377576085465535
319,14.217493057250977,177.63988960005773,177.6738519031066,0.5309101343154907,OK,neutral,neutral,-0.010292694130788918,-0.010131823701006735,-1.0292694130788917,-1.0131823701006735,1.0292694130788917,1.0131823701006735,0.03047076992349318
320,14.26495885848999,177.0228496669473,177.4873768381282,0.5339909195899963,OK,neutral,neutral,-0.012988215745161987,-0.010947489570251516,-1.2988215745161986,-1.0947489570251516,1.2988215745161986,1.0947489570251516,0.051672119763796154
321,14.307165145874023,176.81679879929993,177.2189738905888,0.5356108844280243,OK,neutral,neutral,-0.013888463808269722,-0.012119282401917083,-1.3888463808269722,-1.2119282401917084,1.3888463808269722,1.2119282401917084,0.07691806027862924
322,14.35225796699524,174.26471546975145,176.6177805014876,0.5375799536705017,OK,valgus,neutral,-0.0250356252196623,-0.014732683285711179,-2.5035625219662303,-1.473268328571118,2.5035625219662303,1.473268328571118,0.09600823491342414
323,14.390600204467773,173.4532186444494,176.44542371415122,0.5386827290058136,OK,valgus,neutral,-0.02858927157459089,-0.015481331300563055,-2.8589271574590893,-1.5481331300563055,2.8589271574590893,1.5481331300563055,0.1012128179484666
324,14.436969757080078,170.46202996877687,176.0802463350477,0.5479947626590729,OK,valgus,neutral,-0.041675108909825134,-0.017068123559631897,-4.167510890982514,-1.7068123559631898,4.167510890982514,1.7068123559631898,0.08760271003020437
325,14.498592138290405,169.3594073736898,175.7715546552798,0.5553928315639496,OK,valgus,neutral,-0.04650098617381571,-0.01840494672639287,-4.6500986173815715,-1.8404946726392872,4.6500986173815715,1.8404946726392872,0.10501063625768658
326,14.542184352874756,168.88540193375042,175.6784299803605,0.5588556528091431,OK,valgus,neutral,-0.04857005580700929,-0.01881372351183337,-4.857005580700928,-1.881372351183337,4.857005580700928,1.881372351183337,0.11471909494055055
327,14.601128339767456,168.43286738968766,175.12998681052042,0.5657018423080444,OK,valgus,valgus,-0.05054046761817362,-0.021191620461234097,-5.054046761817363,-2.1191620461234097,5.054046761817363,2.1191620461234097,0.14465313663773216
328,14.637019395828247,168.46060312721258,174.68700480561728,0.5676127970218658,OK,valgus,valgus,-0.05039741437185646,-0.023106435739145084,-5.039741437185645,-2.310643573914508,5.039741437185645,2.310643573914508,0.1553933508414369
329,14.68569540977478,167.38514690400075,173.8112145084331,0.5762767195701599,OK,valgus,valgus,-0.055108932188863896,-0.026834692640367475,-5.510893218886389,-2.6834692640367477,5.510893218886389,2.6834692640367477,0.13897384279736436
330,14.728175640106201,167.53512485511854,173.10249853077875,0.5792687237262726,OK,valgus,valgus,-0.054432001077342765,-0.029899545056390423,-5.443200107734277,-2.989954505639042,5.443200107734277,2.989954505639042,0.13995250732480624
331,14.773119449615479,166.33436423438522,172.48629102550848,0.5914182066917419,OK,valgus,valgus,-0.05952239384615629,-0.03248490883110292,-5.952239384615629,-3.2484908831102923,5.952239384615629,3.2484908831102923,0.12867389516811922
332,14.822388648986816,164.75616734854233,172.56586259114147,0.600278913974762,OK,valgus,valgus,-0.06621150122891316,-0.03200446387882633,-6.621150122891316,-3.200446387882633,6.621150122891316,3.200446387882633,0.11283548358916917
333,14.878304719924927,163.8529166165171,172.6540069380887,0.6020599007606506,OK,valgus,valgus,-0.07020567360689325,-0.031660284618786005,-7.020567360689325,-3.1660284618786005,7.020567360689325,3.1660284618786005,0.1310963506665015
334,14.917161226272583,162.9454200444126,172.4325154737732,0.60795459151268,OK,valgus,valgus,-0.07385127915438229,-0.03256511803742849,-7.385127915438229,-3.256511803742849,7.385127915438229,3.256511803742849,0.11901973925867138
335,14.98124647140503,162.78417092244487,172.43803497490816,0.6098620295524597,OK,valgus,valgus,-0.07463589528496353,-0.03254758458882923,-7.463589528496353,-3.2547584588829235,7.463589528496353,3.2547584588829235,0.059466124798808195
336,15.033151149749756,161.00040755424178,172.45535794645298,0.6161476373672485,OK,valgus,valgus,-0.0818904307367189,-0.032425258432606824,-8.18904307367189,-3.2425258432606823,8.18904307367189,3.2425258432606823,0.04724987486471699
337,15.10120177268982,160.47998414522007,172.124275022996,0.6204515695571899,OK,valgus,valgus,-0.08384639731178993,-0.033764261777236,-8.384639731178993,-3.3764261777236,8.384639731178993,3.3764261777236,0.039593575142466975
338,15.14819073677063,159.98609675531006,172.12551965793264,0.620845764875412,OK,valgus,valgus,-0.08578942561323939,-0.03378007279790637,-8.57894256132394,-3.3780072797906366,8.57894256132394,3.3780072797906366,0.03756767823139917
339,15.198892831802368,159.62272685770824,172.23191161368712,0.6200801134109497,OK,valgus,valgus,-0.08696713582162174,-0.03326188830327509,-8.696713582162175,-3.326188830327509,8.696713582162175,3.326188830327509,0.022744607180490206
340,15.257388353347778,159.6818120894326,172.28985547277415,0.6200403869152069,OK,valgus,valgus,-0.08660883882455224,-0.03302317280330262,-8.660883882455224,-3.302317280330262,8.660883882455224,3.302317280330262,-0.004334900637234185
341,15.306793212890625,159.55667299787672,172.34917151243675,0.6213974356651306,OK,valgus,valgus,-0.08732982594564594,-0.03276650807300474,-8.732982594564593,-3.276650807300474,8.732982594564593,3.276650807300474,-0.01864930878804394
342,15.363405704498291,159.28178501540742,172.35249100060167,0.6219309568405151,OK,valgus,valgus,-0.08856948864881008,-0.03283016110319954,-8.856948864881007,-3.2830161103199544,8.856948864881007,3.2830161103199544,-0.0313663756829925
343,15.41476583480835,159.50186355205955,172.37695825585604,0.6201412677764893,OK,valgus,valgus,-0.08770770232756918,-0.03269259790633091,-8.770770232756918,-3.269259790633091,8.770770232756918,3.269259790633091,-0.054351217644287075
344,15.45324182510376,160.1067929985376,172.36209243227344,0.6148374378681183,OK,valgus,valgus,-0.08513298204334092,-0.03292788879447258,-8.513298204334092,-3.292788879447258,8.513298204334092,3.292788879447258,-0.08491857165911298
345,15.496310472488403,160.38866058056004,172.32278457914396,0.6123583018779755,OK,valgus,valgus,-0.08397593990842205,-0.03311989339772408,-8.397593990842205,-3.311989339772408,8.397593990842205,3.311989339772408,-0.11473444000863786
346,15.548157453536987,162.42280214997,172.24216336769365,0.6055582463741302,OK,valgus,valgus,-0.07579935460067955,-0.03347883593026292,-7.579935460067954,-3.347883593026292,7.579935460067954,3.347883593026292,-0.12888010768632263
347,15.601308822631836,163.34285340098742,172.41309218554935,0.6025854051113129,OK,valgus,valgus,-0.07203649575012276,-0.032758748477741864,-7.203649575012276,-3.2758748477741864,7.203649575012276,3.2758748477741864,-0.14693832538310758
348,15.643572330474854,167.13944509905087,172.26392154466964,0.5890096426010132,OK,valgus,valgus,-0.05597043736979079,-0.03356004924673524,-5.59704373697908,-3.356004924673524,5.59704373697908,3.356004924673524,-0.15511431923572072
349,15.683866500854492,171.656813209372,172.3932033471687,0.5770988166332245,OK,valgus,valgus,-0.03635760256806154,-0.033166710911561974,-3.635760256806154,-3.316671091156197,3.635760256806154,3.316671091156197,-0.12881180566625083
350,15.758478879928589,173.96269799650048,172.6847807071755,0.5701490640640259,OK,valgus,valgus,-0.026288653377209148,-0.03191795045951229,-2.6288653377209146,-3.191795045951229,2.6288653377209146,3.191795045951229,-0.1227256526608933
351,15.798755168914795,174.45684257257864,173.12855903959183,0.5684090256690979,OK,valgus,valgus,-0.02416329663374349,-0.03000105296987558,-2.416329663374349,-3.000105296987558,2.416329663374349,3.000105296987558,-0.135614160041718
352,15.837687253952026,174.99006976160774,173.4074450254917,0.5690965354442596,OK,valgus,valgus,-0.021832172155411247,-0.028781747967348344,-2.1832172155411245,-2.8781747967348346,2.1832172155411245,2.8781747967348346,-0.10685946025400384
353,15.877500772476196,177.26267461966236,173.91555007466238,0.5620401799678802,OK,neutral,valgus,-0.011930980135405235,-0.026561453480248753,-1.1930980135405234,-2.656145348024875,1.1930980135405234,2.656145348024875,-0.09729965651357553
354,15.912983655929565,177.46502552723888,174.16612637629686,0.5619880557060242,OK,neutral,valgus,-0.011054177377236352,-0.02546935905014654,-1.1054177377236352,-2.546935905014654,1.1054177377236352,2.546935905014654,-0.10761674032156865
355,15.954425811767578,179.22602561499343,175.11592047771117,0.5542594492435455,OK,neutral,valgus,-0.0033739861796115004,-0.02132348446090293,-0.33739861796115006,-2.132348446090293,0.33739861796115006,2.132348446090293,-0.1242331658178264
356,15.991053819656372,179.8245307210298,175.625308441554,0.5532037615776062,OK,neutral,neutral,0.0007652132574433444,-0.019097179086759272,0.07652132574433444,-1.9097179086759273,0.07652132574433444,1.9097179086759273,-0.13676984003076775
357,16.023985147476196,178.70152002293162,177.54982433771798,0.5434226989746094,OK,neutral,neutral,0.005664921106276396,-0.010692503337470766,0.5664921106276396,-1.0692503337470765,0.5664921106276396,1.0692503337470765,-0.11327716092184525
358,16.08675765991211,178.92613925750524,179.50355383779475,0.5371851623058319,OK,neutral,neutral,0.004685636916389268,-0.0021658731170584107,0.4685636916389268,-0.21658731170584108,0.4685636916389268,0.21658731170584108,-0.05860514965556973
359,16.16570258140564,179.89166554837746,179.61933593636675,0.5334818959236145,OK,neutral,neutral,0.00047268462110533656,-0.0016603557459353956,0.047268462110533656,-0.16603557459353957,0.047268462110533656,0.16603557459353957,-0.04809632316774071
360,16.226227521896362,179.69053879342152,179.7236335927944,0.5309545695781708,OK,neutral,neutral,-0.0013502574201925911,-0.0012054069150425066,-0.1350257420192591,-0.12054069150425066,0.1350257420192591,0.12054069150425066,-0.043914173122660216
361,16.27707862854004,179.6864148860307,179.933388423084,0.5302825570106506,OK,neutral,neutral,-0.0013682765340018678,-0.0002904595417027481,-0.13682765340018677,-0.02904595417027481,0.13682765340018677,0.02904595417027481,-0.027119157639813984
362,16.331027030944824,179.42447719339884,179.72162691956152,0.5312904417514801,OK,neutral,neutral,-0.0025112116028155377,-0.0012136548656266294,-0.2511211602815538,-0.12136548656266294,0.2511211602815538,0.12136548656266294,-0.01477035999766052
363,16.36424207687378,179.22909122241498,179.51719048335036,0.5307048261165619,OK,neutral,neutral,-0.0033637366509411373,-0.002103913185867156,-0.33637366509411376,-0.21039131858671561,0.33637366509411376,0.21039131858671561,-0.00931153057283396
364,16.416130781173706,179.04018568432025,179.37588344658872,0.5305395424365997,OK,neutral,neutral,-0.00418807656464522,-0.0027183217158434957,-0.418807656464522,-0.2718321715843496,0.418807656464522,0.2718321715843496,-0.0023650201042535457
365,16.46842336654663,178.69856498671618,179.11921439940585,0.5305792391300201,OK,neutral,neutral,-0.005678781480784343,-0.0038368054646363446,-0.5678781480784343,-0.3836805464636345,0.5678781480784343,0.3836805464636345,-0.005044650046224675
366,16.49455165863037,178.447345097891,178.92194827671344,0.5304374098777771,OK,neutral,neutral,-0.0067749616377692405,-0.004696179944722466,-0.677496163776924,-0.4696179944722466,0.677496163776924,0.4696179944722466,-0.005541377908709677
367,16.55304217338562,178.31930346934269,178.46896611829126,0.5297188460826874,OK,neutral,neutral,-0.007333379724425226,-0.006669875424552606,-0.7333379724425225,-0.6669875424552606,0.7333379724425225,0.6669875424552606,-0.0028570548497635073
368,16.59923267364502,178.37074295711412,178.4059730183194,0.5297994315624237,OK,neutral,neutral,-0.007108666695947914,-0.006944557414283878,-0.7108666695947914,-0.6944557414283877,0.7108666695947914,0.6944557414283877,-0.0038343004605136954
369,16.636940479278564,178.27497138703072,178.35121094735774,0.5300273895263672,OK,neutral,neutral,-0.007526461369917137,-0.007182755881740773,-0.7526461369917137,-0.7182755881740773,0.7526461369917137,0.7182755881740773,-0.0038104955649984618
370,16.687315464019775,178.25128172082213,178.2991213698604,0.5296865403652191,OK,neutral,neutral,-0.007630153089898139,-0.007410204063502038,-0.763015308989814,-0.7410204063502038,0.763015308989814,0.7410204063502038,-0.002222576955790423
371,16.729684591293335,178.2197112681302,178.28401159181323,0.5295212864875793,OK,neutral,neutral,-0.007768035066903732,-0.007476237163286604,-0.7768035066903732,-0.7476237163286604,0.7768035066903732,0.7476237163286604,-0.0019586870732872796
372,16.76876187324524,178.1985811589852,178.21026328247768,0.5294195413589478,OK,neutral,neutral,-0.007860169163662408,-0.007797084404942143,-0.7860169163662408,-0.7797084404942143,0.7860169163662408,0.7797084404942143,-0.0024678138087059764
373,16.81724762916565,178.1878385376352,178.16757873477073,0.5293684005737305,OK,neutral,neutral,-0.007907000558066785,-0.007982723365554088,-0.7907000558066785,-0.7982723365554087,0.7907000558066785,0.7982723365554087,-0.0020437229891800968
374,16.86923885345459,178.13601890626876,178.05968311848588,0.5292614698410034,OK,neutral,neutral,-0.008133258296246927,-0.00845297731814026,-0.8133258296246927,-0.8452977318140259,0.8133258296246927,0.8452977318140259,-0.0012604873270278816
375,16.914375066757202,178.0916534553521,177.95250017519157,0.5291585624217987,OK,neutral,neutral,-0.008326874481942522,-0.00892018092042099,-0.8326874481942522,-0.8920180920420989,0.8326874481942522,0.8920180920420989,-0.0010544814756450194
376,16.969505310058594,178.102914187664,177.89274522688396,0.5291371941566467,OK,neutral,neutral,-0.008277942618853357,-0.009180090136232326,-0.8277942618853358,-0.9180090136232326,0.8277942618853358,0.9180090136232326,-0.0012280159816260294
377,17.01083207130432,178.2232464361734,177.8384829647511,0.5291687548160553,OK,neutral,neutral,-0.0077527785888978394,-0.009413562410059726,-0.775277858889784,-0.9413562410059726,0.775277858889784,0.9413562410059726,-0.00047189889024590315
378,17.06243872642517,178.22633929744023,177.89222829444824,0.5291675329208374,OK,neutral,neutral,-0.007739291132740242,-0.009179469466194039,-0.7739291132740242,-0.9179469466194039,0.7739291132740242,0.9179469466194039,0.001409195823586451
379,17.113455772399902,178.3789046116478,177.90161515988572,0.5290433168411255,OK,neutral,neutral,-0.007073411220526637,-0.00913874735932021,-0.7073411220526636,-0.913874735932021,0.7073411220526636,0.913874735932021,0.002592215177110724
380,17.159276247024536,178.4631320066593,177.91366869172535,0.528958261013031,OK,neutral,neutral,-0.006705796567728051,-0.009086372243850869,-0.6705796567728051,-0.9086372243850869,0.6705796567728051,0.9086372243850869,0.003177864883924464
381,17.20612645149231,178.58309067329387,178.24465522904788,0.5295176804065704,OK,neutral,neutral,-0.006182327449175192,-0.007644947628935341,-0.6182327449175192,-0.7644947628935341,0.6182327449175192,0.7644947628935341,0.010305186520313647
382,17.256039142608643,178.6709715383766,178.46744306248573,0.5299089252948761,OK,neutral,neutral,-0.005798831594846654,-0.006674681495909804,-0.5798831594846654,-0.6674681495909803,0.5798831594846654,0.6674681495909803,0.02571038198357911
383,17.306365728378296,178.82708197509947,178.58765883202076,0.530110090970993,OK,neutral,neutral,-0.005117195254401295,-0.006152675642444028,-0.5117195254401294,-0.6152675642444029,0.5117195254401294,0.6152675642444029,0.03345937739573124
384,17.36566734313965,178.93013195652088,178.67664876559812,0.5302594304084778,OK,neutral,neutral,-0.004667151693615874,-0.0057659532530902535,-0.4667151693615874,-0.5765953253090254,0.4667151693615874,0.5765953253090254,0.05349415459540907
385,17.404662370681763,179.0845113927525,177.38061909513263,0.5353659987449646,OK,neutral,neutral,-0.0039937858180893755,-0.011419836460689937,-0.39937858180893754,-1.1419836460689936,0.39937858180893754,1.1419836460689936,0.07769479242350208
386,17.437925338745117,178.52562347890947,176.65813712892512,0.5409315526485443,OK,neutral,neutral,-0.006431249152517164,-0.014568581883939119,-0.6431249152517163,-1.4568581883939118,0.6431249152517163,1.4568581883939118,0.0888016265161573
387,17.47968077659607,178.35329436063404,175.99124156962452,0.5427074432373047,OK,neutral,neutral,-0.007182149923730627,-0.01747827851067041,-0.7182149923730627,-1.7478278510670409,0.7182149923730627,1.7478278510670409,0.08470976084017057
388,17.53226375579834,175.79198680134445,175.40613087128182,0.547776460647583,OK,neutral,valgus,-0.018356192307621203,-0.02002320383611163,-1.8356192307621204,-2.002320383611163,1.8356192307621204,2.002320383611163,0.08553897416729406
389,17.575486183166504,175.60641286028346,175.15342151598534,0.5501453280448914,OK,neutral,valgus,-0.019161159574376502,-0.021124069450877962,-1.91611595743765,-2.112406945087796,1.91611595743765,2.112406945087796,0.1006297230900195
390,17.62597894668579,173.8589418282924,174.53864408922158,0.5567594766616821,OK,valgus,valgus,-0.026806953013067906,-0.023815968749289294,-2.6806953013067907,-2.3815968749289294,2.6806953013067907,2.3815968749289294,0.11262646960434086
391,17.677359104156494,173.86880024581924,174.26391701293846,0.558442622423172,OK,valgus,valgus,-0.026753284362048376,-0.025011069266409842,-2.6753284362048375,-2.5011069266409844,2.6753284362048375,2.5011069266409844,0.10999462678455707
392,17.73672342300415,171.9457567171729,174.10800264250616,0.563477486371994,OK,valgus,valgus,-0.03514720598575636,-0.025655987678189586,-3.514720598575636,-2.5655987678189587,3.514720598575636,2.5655987678189587,0.11668764534243437
393,17.78404450416565,170.16286741644356,173.33568512925723,0.5796853005886078,OK,valgus,valgus,-0.04288614442011774,-0.02897681540263729,-4.288614442011774,-2.8976815402637293,4.288614442011774,2.8976815402637293,0.1373035265830005
394,17.83323574066162,167.81861654833557,173.19572698194628,0.5843061804771423,OK,valgus,valgus,-0.05306169128239031,-0.02953898622008048,-5.306169128239031,-2.9538986220080483,5.306169128239031,2.9538986220080483,0.15352424541484222
395,17.884772300720215,166.53732722633728,172.97560716436686,0.5907642245292664,OK,valgus,valgus,-0.05871469397239443,-0.03040852026587953,-5.8714693972394425,-3.0408520265879533,5.8714693972394425,3.0408520265879533,0.15190811147308558
396,17.937626838684082,166.46776143590137,172.98681143959496,0.59229376912117,OK,valgus,valgus,-0.05900941662120491,-0.03037895941701617,-5.900941662120491,-3.037895941701617,5.900941662120491,3.037895941701617,0.12608899248675876
397,17.996698141098022,165.27037941547948,172.66835497420033,0.6076400578022003,OK,valgus,valgus,-0.06378082982320027,-0.031613617872117604,-6.378082982320027,-3.1613617872117605,6.378082982320027,3.1613617872117605,0.11335744858445462
398,18.0478777885437,163.70794064818432,172.60985318579418,0.6160048246383667,OK,valgus,valgus,-0.06997415124984199,-0.0316764804569158,-6.997415124984199,-3.1676480456915797,6.997415124984199,3.1676480456915797,0.10020162146022482
399,18.11870503425598,163.39403194302014,172.56319544877894,0.6167772710323334,OK,valgus,valgus,-0.0716509446158489,-0.03195201730716892,-7.165094461584889,-3.1952017307168923,7.165094461584889,3.1952017307168923,0.15791372419521998
400,18.14757537841797,161.75021706697098,172.38212767265503,0.6235176920890808,OK,valgus,valgus,-0.07789127971696094,-0.03251332762279127,-7.789127971696094,-3.251332762279127,7.789127971696094,3.251332762279127,0.14697285869006382
401,18.18959379196167,161.18812638144172,172.3009624638719,0.6271999478340149,OK,valgus,valgus,-0.08060447239386818,-0.032653150465248,-8.060447239386818,-3.2653150465247998,8.060447239386818,3.2653150465247998,0.07871329415535122
402,18.2236385345459,160.59204095584704,172.28582594277862,0.6270451843738556,OK,valgus,valgus,-0.083209895953037,-0.032773620559922806,-8.3209895953037,-3.2773620559922807,8.3209895953037,3.2773620559922807,0.06548304891178613
403,18.275421142578125,160.44414677766338,172.17624032486813,0.6311871409416199,OK,valgus,valgus,-0.08332276155464077,-0.03322828133967219,-8.332276155464077,-3.322828133967219,8.332276155464077,3.322828133967219,0.041856151779299466
404,18.317038774490356,159.69629944582476,171.96602459744574,0.6313996911048889,OK,valgus,valgus,-0.08583239254940882,-0.0339288973095224,-8.583239254940882,-3.39288973095224,8.583239254940882,3.39288973095224,0.03349747319220242
405,18.34939742088318,157.00279957003102,171.98644006011935,0.6343642473220825,OK,valgus,valgus,-0.09651962084396945,-0.03391844485342873,-9.651962084396946,-3.391844485342873,9.651962084396946,3.391844485342873,0.027766481165409473
406,18.3842191696167,156.66712984249463,172.23967307208122,0.6341422200202942,OK,valgus,valgus,-0.0979334704009668,-0.03289873805077854,-9.79334704009668,-3.2898738050778538,9.79334704009668,3.2898738050778538,0.012705659029471406
407,18.405303955078125,156.46925339069747,172.06196883660505,0.6342948377132416,OK,valgus,valgus,-0.09821405906702027,-0.03356182685053186,-9.821405906702028,-3.356182685053186,9.821405906702028,3.356182685053186,0.0037859459924911576
408,18.452070236206055,156.38355050034812,171.98936446267743,0.634171724319458,OK,valgus,valgus,-0.09856255196739358,-0.03378323390919161,-9.856255196739358,-3.3783233909191606,9.856255196739358,3.3783233909191606,-0.011444970685866807
409,18.485942363739014,156.37928255547132,172.03269589143179,0.6330231130123138,OK,valgus,valgus,-0.0988831317276662,-0.033515308383086,-9.88831317276662,-3.3515308383086,9.88831317276662,3.3515308383086,-0.01757718255657359
410,18.542071104049683,155.9936647202031,172.18647625785425,0.6320061683654785,OK,valgus,valgus,-0.10050381057641782,-0.032852133522355983,-10.050381057641781,-3.285213352235598,10.050381057641781,3.285213352235598,-0.022618063800038612
411,18.575887203216553,155.7321251155777,172.3013737704856,0.6313587725162506,OK,valgus,valgus,-0.10161157957283601,-0.032376376476104786,-10.161157957283601,-3.2376376476104785,10.161157957283601,3.2376376476104785,-0.03508213606264743
412,18.61691665649414,156.5899059464362,172.70997710668323,0.6297065913677216,OK,valgus,valgus,-0.09804724322216568,-0.03068978989213537,-9.804724322216568,-3.0689789892135373,9.804724322216568,3.0689789892135373,-0.044855107107690806
413,18.661144256591797,157.24757041147294,172.9868717433502,0.6285816729068756,OK,valgus,valgus,-0.09545129789935604,-0.029562579244396262,-9.545129789935604,-2.956257924439626,9.545129789935604,2.956257924439626,-0.06340528356221853
414,18.701592683792114,157.89591612906557,173.15145327161886,0.6277335584163666,OK,valgus,valgus,-0.09283317502109885,-0.028899389340822788,-9.283317502109885,-2.889938934082279,9.283317502109885,2.889938934082279,-0.09563691432580157
415,18.735445499420166,160.54665837666002,173.46077963246373,0.6215298473834991,OK,valgus,valgus,-0.08255852326414828,-0.027819831634409754,-8.255852326414828,-2.7819831634409753,8.255852326414828,2.7819831634409753,-0.1144014797528552
416,18.774566173553467,162.0642238007114,173.58562801217755,0.6188564896583557,OK,valgus,valgus,-0.07656240371525153,-0.027428255853847217,-7.656240371525152,-2.742825585384722,7.656240371525152,2.742825585384722,-0.11967205226960775
417,18.815675497055054,165.28238594402367,172.8464359863147,0.6094841957092285,OK,valgus,valgus,-0.06346462916787955,-0.03077877459767832,-6.346462916787956,-3.077877459767832,6.346462916787956,3.077877459767832,-0.12371132818982833
418,18.859185934066772,166.17926624042641,172.66440359201755,0.6055040061473846,OK,valgus,valgus,-0.059788435865533195,-0.03174317126130993,-5.978843586553319,-3.174317126130993,5.978843586553319,3.174317126130993,-0.15042206575663108
419,18.895296096801758,167.8291531452514,171.96539913894367,0.5967024862766266,OK,valgus,valgus,-0.052757567525650646,-0.034900390436880854,-5.275756752565065,-3.4900390436880855,5.275756752565065,3.4900390436880855,-0.1623633521256922
420,18.942550897598267,168.10526798085843,171.4392212264868,0.5944010019302368,OK,valgus,valgus,-0.051656933107013664,-0.0372108694167914,-5.165693310701366,-3.72108694167914,5.165693310701366,3.72108694167914,-0.16964552843169578
421,18.98100185394287,169.9217891236088,171.5929369713117,0.5884646475315094,OK,valgus,valgus,-0.04374799277762568,-0.03658130911656875,-4.374799277762568,-3.6581309116568748,4.374799277762568,3.6581309116568748,-0.18003294232173506
422,19.01894450187683,172.09007601444114,171.96912818194218,0.5789991021156311,OK,valgus,valgus,-0.03439714183849895,-0.034945957188682895,-3.439714183849895,-3.4945957188682897,3.439714183849895,3.4945957188682897,-0.1960259199005776
423,19.05000114440918,174.6682339205949,172.53334528555678,0.5677009522914886,OK,valgus,valgus,-0.023208506553897428,-0.03257719881097579,-2.320850655389743,-3.2577198810975787,2.320850655389743,3.2577198810975787,-0.21355093541392023
424,19.079636812210083,177.7494932700663,173.37857266825796,0.5605386793613434,OK,neutral,valgus,-0.009818817371525313,-0.028922498327324353,-0.9818817371525312,-2.8922498327324355,0.9818817371525312,2.8922498327324355,-0.18329188889864767
425,19.128045320510864,178.1995051729196,173.53825641636672,0.5581631362438202,OK,neutral,valgus,-0.00785493806775207,-0.02822437580949742,-0.785493806775207,-2.822437580949742,0.785493806775207,2.822437580949742,-0.12789131356833217
426,19.167006492614746,179.3486196222836,174.6444921523195,0.5509226620197296,OK,neutral,valgus,-0.002841103621530356,-0.023384027865055088,-0.2841103621530356,-2.338402786505509,0.2841103621530356,2.338402786505509,-0.11751116098754899
427,19.201935529708862,179.76886019686555,175.30345847366777,0.5495122373104095,OK,neutral,valgus,0.001008356611972582,-0.020503991847888817,0.10083566119725819,-2.0503991847888816,0.10083566119725819,2.0503991847888816,-0.10912431274803502
428,19.23296022415161,179.61225834553807,176.70778605896948,0.5446712374687195,OK,neutral,neutral,0.00169172721379328,-0.014368466886657293,0.169172721379328,-1.4368466886657292,0.169172721379328,1.4368466886657292,-0.09862457791475077
429,19.269516468048096,179.1126971976101,177.34036777199577,0.5444150567054749,OK,neutral,neutral,0.003871148271369061,-0.011606282450709058,0.3871148271369061,-1.1606282450709058,0.3871148271369061,1.1606282450709058,-0.07949062946940622
430,19.300352096557617,178.74937697299416,179.00590711406278,0.5410068929195404,OK,neutral,neutral,0.005456648786357088,-0.004337264456537339,0.5456648786357088,-0.43372644565373386,0.5456648786357088,0.43372644565373386,-0.06358705798980502
431,19.344003677368164,178.77506010159922,179.2292423299625,0.5368499457836151,OK,neutral,neutral,0.005344970255866205,0.003361650419243492,0.5344970255866205,0.3361650419243492,0.5344970255866205,0.3361650419243492,-0.057574458606367784
432,19.36785578727722,178.79799593705783,178.5082445571892,0.5360775589942932,OK,neutral,neutral,0.005244924494596671,0.006503606051727831,0.5244924494596671,0.650360605172783,0.5244924494596671,0.650360605172783,-0.05369363126445359
433,19.422834873199463,178.99521377169873,178.9345727823264,0.5350058376789093,OK,neutral,neutral,0.004384096513355405,0.004645358279814413,0.4384096513355405,0.46453582798144133,0.4384096513355405,0.46453582798144133,-0.04263647419989702
434,19.45711636543274,179.17224780310255,179.26268182229856,0.5344744324684143,OK,neutral,neutral,0.003611366162125066,0.0032140534681156375,0.3611366162125066,0.32140534681156374,0.3611366162125066,0.32140534681156374,-0.038893004483574245
435,19.48961043357849,179.30073896398102,179.47025597926316,0.5342955589294434,OK,neutral,neutral,0.003050617437795263,0.0023084257893611743,0.3050617437795263,0.23084257893611743,0.3050617437795263,0.23084257893611743,-0.02533002772762849
436,19.537882566452026,179.26990013909804,179.68503084784794,0.5312461256980896,OK,neutral,neutral,0.0031856579071054365,0.001372432364408201,0.31856579071054364,0.1372432364408201,0.31856579071054364,0.1372432364408201,-0.015662779340468447
437,19.583293676376343,179.32845391415825,179.78477655062488,0.5295157432556152,OK,neutral,neutral,0.002930185468081075,0.0009379296207540297,0.29301854680810746,0.09379296207540297,0.29301854680810746,0.09379296207540297,-0.013151291727260705
438,19.622073888778687,179.4370392771697,179.29780749328074,0.5299422144889832,OK,neutral,neutral,0.0024562288871581442,-0.003060243253018321,0.24562288871581442,-0.3060243253018321,0.24562288871581442,0.3060243253018321,-0.01110071086484421
439,19.675008535385132,179.59419070677185,178.5663605313777,0.5300479829311371,OK,neutral,neutral,0.0017704183338212616,-0.006248246051419599,0.17704183338212615,-0.6248246051419599,0.17704183338212615,0.6248246051419599,-0.002607991974258539
440,19.699641942977905,179.84552358984936,177.7862388776508,0.5306792557239532,OK,neutral,neutral,-0.000673930901987035,-0.009647798616198786,-0.0673930901987035,-0.9647798616198786,0.0673930901987035,0.9647798616198786,0.003995906523431181
441,19.73087739944458,179.38160146180977,177.24028352143296,0.5310108959674835,OK,neutral,neutral,-0.0026979076842942344,-0.012027137064604223,-0.26979076842942346,-1.2027137064604223,0.26979076842942346,1.2027137064604223,0.00721331781501533
442,19.77472233772278,179.04735269543949,177.09201130378267,0.5310209393501282,OK,neutral,neutral,-0.004156329398733393,-0.012672918115907483,-0.41563293987333927,-1.2672918115907483,0.41563293987333927,1.2672918115907483,0.005505805399942609
443,19.81264591217041,178.97346287367705,176.9836157720366,0.5312962830066681,OK,neutral,neutral,-0.004478854586653011,-0.01314632937920786,-0.4478854586653011,-1.314632937920786,0.4478854586653011,1.314632937920786,0.004613203330094073
444,19.855620861053467,178.86140964587952,176.87275753058097,0.531416654586792,OK,neutral,neutral,-0.004967791786018496,-0.013629235953773406,-0.4967791786018496,-1.3629235953773406,0.4967791786018496,1.3629235953773406,0.002929881086014774
445,19.89169692993164,178.83174604818967,176.82754325821614,0.5315182209014893,OK,neutral,neutral,-0.005097212012803914,-0.01382622010857404,-0.5097212012803913,-1.382622010857404,0.5097212012803913,1.382622010857404,0.0025902406801954214
446,19.92999815940857,178.81305007296694,176.7965326035353,0.5315947234630585,OK,neutral,neutral,-0.005178778153637139,-0.013961401581922762,-0.5178778153637139,-1.396140158192276,0.5178778153637139,1.396140158192276,0.002060974215167377
447,19.964665174484253,178.73302432664792,176.74746293871914,0.5316534042358398,OK,neutral,neutral,-0.005527847168516962,-0.014174887647724572,-0.5527847168516963,-1.4174887647724572,0.5527847168516963,1.4174887647724572,0.0012088059120483052
448,20.000154495239258,178.67223673188306,176.71221596897936,0.5316854119300842,OK,neutral,neutral,-0.0057930069906238935,-0.014328359597967074,-0.5793006990623893,-1.4328359597967073,0.5793006990623893,1.4328359597967073,0.00022176193299650038
449,20.04296612739563,178.64371921463652,176.65570864261926,0.5316924154758453,OK,neutral,neutral,-0.005917423280116588,-0.014575252390239275,-0.5917423280116587,-1.4575252390239275,0.5917423280116587,1.4575252390239275,-0.0009390194981540034
450,20.082048892974854,178.63064651161594,176.62188226705618,0.531699001789093,OK,neutral,neutral,-0.005974480715883164,-0.0147230793350837,-0.5974480715883165,-1.47230793350837,0.5974480715883165,1.47230793350837,-0.0020198289891251164
451,20.129125356674194,178.62398485024215,176.65684008308958,0.5316023230552673,OK,neutral,neutral,-0.006003785958157103,-0.014570180297871,-0.6003785958157103,-1.4570180297871,0.6003785958157103,1.4570180297871,-0.0034819856346794964
452,20.172899961471558,178.6011713285355,176.7901280748809,0.5313946604728699,OK,neutral,neutral,-0.006103371236647345,-0.013987434543917002,-0.6103371236647345,-1.3987434543917001,0.6103371236647345,1.3987434543917001,-0.0052588665791581946
453,20.208457708358765,178.584495515634,176.8947106688391,0.5312062799930573,OK,neutral,neutral,-0.006176152747199963,-0.013530337273710218,-0.6176152747199963,-1.3530337273710218,0.6176152747199963,1.3530337273710218,-0.006459538259012021
454,20.245774269104004,178.61021456387064,177.2185000694428,0.530749648809433,OK,neutral,neutral,-0.006064123469555916,-0.012119523072163347,-0.6064123469555917,-1.2119523072163347,0.6064123469555917,1.2119523072163347,-0.00824067799789141
455,20.273602962493896,178.64233995565712,177.44773162814784,0.5304077565670013,OK,neutral,neutral,-0.005924012717893002,-0.0111204264663349,-0.5924012717893002,-1.11204264663349,0.5924012717893002,1.11204264663349,-0.004407829870669566
456,20.31990623474121,178.69883934364216,178.36504723993977,0.5301632285118103,OK,neutral,neutral,-0.005677465138711342,-0.007124016257560764,-0.5677465138711343,-0.7124016257560764,0.5677465138711343,0.7124016257560764,0.015933931992201167
457,20.351581573486328,178.73798254492144,178.93018764749922,0.5299250781536102,OK,neutral,neutral,-0.005506658013912753,-0.004661824603895924,-0.5506658013912753,-0.4661824603895924,0.5506658013912753,0.4661824603895924,0.03303693685268616
458,20.38956379890442,178.76887507459568,179.3009756890328,0.5297864377498627,OK,neutral,neutral,-0.005371844189334881,-0.0030461840739977306,-0.5371844189334881,-0.3046184073997731,0.5371844189334881,0.3046184073997731,0.07991851197196453
459,20.409640789031982,179.88532010607682,179.54303965368,0.5326160490512848,OK,neutral,neutral,0.0005003836559129285,0.001992048735899551,0.050038365591292856,0.19920487358995512,0.050038365591292856,0.19920487358995512,0.08579045430473031
460,20.474039554595947,178.16330935920317,177.88083447189058,0.5365845561027527,OK,neutral,neutral,0.008014491867473888,0.009243544238347811,0.8014491867473889,0.9243544238347812,0.8014491867473889,0.9243544238347812,0.0432348148991073
461,20.545268774032593,175.463311498833,176.72895432110687,0.5423327684402466,OK,neutral,neutral,0.01980363997821493,0.014273998235070489,1.980363997821493,1.4273998235070489,1.980363997821493,1.4273998235070489,0.0972260150535238
462,20.578620195388794,174.41933103953323,176.07937026751608,0.5443399548530579,OK,varus,neutral,0.024368640514246694,0.01711075002340022,2.4368640514246693,1.711075002340022,2.4368640514246693,1.711075002340022,0.11242359774621491
463,20.61959457397461,173.3005013611065,175.6123449417985,0.5495425462722778,OK,varus,neutral,0.029257998133445012,0.01914675500967542,2.925799813344501,1.9146755009675422,2.925799813344501,1.9146755009675422,0.08513304244234998
464,20.675574779510498,172.7617708593499,175.19182427820076,0.5516174137592316,OK,varus,varus,0.031616841302345086,0.020981446675814266,3.1616841302345087,2.0981446675814266,3.1616841302345087,2.0981446675814266,0.10596022349968592
465,20.709750175476074,171.38005863993465,174.2633114966017,0.5583570599555969,OK,varus,varus,0.03765155240133061,0.025042457104989462,3.765155240133061,2.5042457104989464,3.765155240133061,2.5042457104989464,0.15624677711634227
466,20.738863468170166,170.8497274147143,173.8789675371133,0.5613533556461334,OK,varus,varus,0.03998448488311297,0.026728868432854734,3.9984484883112974,2.6728868432854735,3.9984484883112974,2.6728868432854735,0.1561098120040212
467,20.786552667617798,170.40757948673345,173.165508944308,0.5618824660778046,OK,varus,varus,0.04194065503697241,0.029850988762216042,4.194065503697241,2.9850988762216044,4.194065503697241,2.9850988762216044,0.1500632052008548
468,20.820632457733154,167.8553736926315,171.11811970865108,0.5737279951572418,OK,varus,varus,0.05317334412979498,0.038814890430495616,5.3173344129794975,3.8814890430495614,5.3173344129794975,3.8814890430495614,0.14938089314662228
469,20.868972539901733,165.57312014666442,168.1167476404756,0.5805240571498871,OK,varus,varus,0.06323838358269822,0.052004713323159986,6.323838358269822,5.200471332315999,6.323838358269822,5.200471332315999,0.10504705322523211
470,20.932215213775635,163.48934291064228,165.51068417228097,0.5899300873279572,OK,varus,varus,0.07254322135442522,0.06349278203087332,7.254322135442521,6.349278203087332,7.254322135442521,6.349278203087332,0.11100370673298521
471,20.981998205184937,162.99876376337406,163.56526012041013,0.5923736095428467,OK,varus,varus,0.0747268665232848,0.0721413142566574,7.47268665232848,7.21413142566574,7.47268665232848,7.21413142566574,0.14013844509855744
472,21.02208113670349,161.8757051928151,160.89528506960664,0.5986031591892242,OK,varus,varus,0.07972526860009185,0.08411287778289664,7.972526860009185,8.411287778289664,7.972526860009185,8.411287778289664,0.1384611378500118
473,21.06999921798706,161.6752818625121,159.56631675512276,0.5998125970363617,OK,varus,varus,0.080590891800584,0.09008171406735334,8.0590891800584,9.008171406735334,8.0590891800584,9.008171406735334,0.13948493147442953
474,21.103135108947754,160.07545760205855,157.47404804865297,0.6071841418743134,OK,varus,varus,0.087768791317461,0.0994348689883978,8.7768791317461,9.94348689883978,8.7768791317461,9.94348689883978,0.12512930421275437
475,21.17287850379944,158.14963039653938,155.91612430654428,0.6153390407562256,OK,varus,varus,0.09643010518713417,0.10654594517517636,9.643010518713417,10.654594517517637,9.643010518713417,10.654594517517637,0.10682164949368378
476,21.214505195617676,155.19566205791426,154.1026060393001,0.6230209171772003,OK,varus,varus,0.10989309032405067,0.11477256910760376,10.989309032405068,11.477256910760376,10.989309032405068,11.477256910760376,0.1999996437085052
477,21.23623037338257,154.8185102179642,152.88580563999002,0.6243352591991425,OK,varus,varus,0.11167372176353167,0.12035404443976411,11.167372176353167,12.035404443976411,11.167372176353167,12.035404443976411,0.19616073153673952
478,21.269225120544434,153.99431195089096,152.28262277964978,0.6296228766441345,OK,varus,varus,0.11545941097318385,0.12331248569586084,11.545941097318385,12.331248569586084,11.545941097318385,12.331248569586084,0.1035385684104062
479,21.333269357681274,152.70164123197137,151.02199008262363,0.6350380182266235,OK,varus,varus,0.12141678025510495,0.12918266405760112,12.141678025510496,12.918266405760113,12.141678025510496,12.918266405760113,0.07630127652495133
480,21.362024307250977,152.80265349283414,150.44230030171437,0.6361773312091827,OK,varus,varus,0.12094668606230884,0.13185065143931063,12.094668606230883,13.185065143931062,12.094668606230883,13.185065143931062,0.07591160986127843
481,21.406859874725342,151.81100308457874,149.51906464138932,0.6374205648899078,OK,varus,varus,0.12551525617242174,0.13621078006971393,12.551525617242174,13.621078006971393,12.551525617242174,13.621078006971393,0.05680700600358257
482,21.44001007080078,151.44793833806318,149.35474400526206,0.6379342079162598,OK,varus,varus,0.1271710756930721,0.13699238220087143,12.71710756930721,13.699238220087143,12.71710756930721,13.699238220087143,0.04497269660675052
483,21.489854335784912,151.03234339690803,148.90400384075735,0.6407199203968048,OK,varus,varus,0.12915683274571665,0.13910418148086942,12.915683274571666,13.910418148086942,12.915683274571666,13.910418148086942,0.02754634724688909
484,21.538951873779297,150.6876337732679,148.70605739857288,0.6422785818576813,OK,varus,varus,0.130708442129763,0.14004286315372108,13.070844212976299,14.004286315372108,13.070844212976299,14.004286315372108,0.058491747794747084
485,21.55956244468689,150.33847510551834,148.58623229657175,0.6427424252033234,OK,varus,varus,0.13236504857987008,0.14060042525035993,13.236504857987008,14.060042525035993,13.236504857987008,14.060042525035993,0.059594672058771
486,21.604405164718628,149.7946766831454,148.07322953535538,0.644662469625473,OK,varus,varus,0.13493476794802894,0.1430039381656892,13.493476794802895,14.30039381656892,13.493476794802895,14.30039381656892,0.028091855828887624
487,21.656871795654297,149.54948632304658,147.81031190056794,0.6456316709518433,OK,varus,varus,0.13607826298115847,0.14423888439552396,13.607826298115846,14.423888439552396,13.607826298115846,14.423888439552396,0.02540293715048847
488,21.692912817001343,148.6588897714638,147.45963192196376,0.6477358639240265,OK,varus,varus,0.14020237406231992,0.14585284011747307,14.020237406231992,14.585284011747307,14.020237406231992,14.585284011747307,0.0266349805424424
489,21.732551336288452,148.25627926007576,147.21058886850673,0.6485114991664886,OK,varus,varus,0.1420566283823269,0.14702204573779915,14.20566283823269,14.702204573779914,14.20566283823269,14.702204573779914,0.01997300814886671
490,21.763405323028564,147.9013680014358,147.3758255335145,0.6486287713050842,OK,varus,varus,0.14368917832550737,0.14626277587717804,14.368917832550737,14.626277587717803,14.368917832550737,14.626277587717803,0.011273184015519355
491,21.804661512374878,147.6685823961269,147.315359063598,0.6493578553199768,OK,varus,varus,0.1447104211934817,0.14653606231266653,14.471042119348171,14.653606231266652,14.471042119348171,14.653606231266652,-0.017354912353201968
492,21.859574556350708,147.5820394822111,147.33560617565956,0.6496978402137756,OK,varus,varus,0.1450640740674549,0.14643296623938468,14.506407406745488,14.643296623938468,14.506407406745488,14.643296623938468,-0.07012513353391014
493,21.899349689483643,147.3990036325656,147.73565099082717,0.6481197774410248,OK,varus,varus,0.145412490963286,0.14454681170214378,14.5412490963286,14.454681170214378,14.5412490963286,14.454681170214378,-0.13669144056879468
494,21.93771266937256,147.38702117087502,148.00643326198562,0.6470590233802795,OK,varus,varus,0.1451618498850866,0.1432648432902514,14.516184988508659,14.32648432902514,14.516184988508659,14.32648432902514,-0.2868161013945638
495,21.959716320037842,151.07080073895838,152.57147454783913,0.6296566724777222,OK,varus,varus,0.12776460293240313,0.12199029265981359,12.776460293240314,12.199029265981359,12.776460293240314,12.199029265981359,-0.3151373219493907
496,22.00484538078308,152.31354816945205,154.13723178692163,0.6243298649787903,OK,varus,varus,0.12224265615217754,0.11479852215320525,12.224265615217753,11.479852215320525,12.224265615217753,11.479852215320525,-0.3016823998873477
497,22.047803163528442,158.65530248566847,162.03083300830048,0.5990125834941864,OK,varus,varus,0.0942171020835278,0.07889300880478214,9.421710208352781,7.889300880478214,9.421710208352781,7.889300880478214,-0.3822776589111623
498,22.0847008228302,159.6484610836286,163.2590953120948,0.5961650311946869,OK,varus,varus,0.08972125845612672,0.07340578550911589,8.972125845612672,7.340578550911589,8.972125845612672,7.340578550911589,-0.4171616646156746
499,22.119980096817017,164.91400727893475,170.61842228021138,0.569720447063446,OK,varus,varus,0.06620794998649589,0.04100531742552768,6.620794998649589,4.100531742552768,6.620794998649589,4.100531742552768,-0.46747596137777414
500,22.14853024482727,171.814152445704,176.00987182105726,0.543516606092453,OK,varus,neutral,0.035759915309201105,0.017396503107079082,3.5759915309201107,1.7396503107079082,3.5759915309201107,1.7396503107079082,-0.39896926261836363
501,22.196807861328125,173.81371268891704,176.5585132251372,0.5406875908374786,OK,varus,neutral,0.02701673931433827,0.015008337576638355,2.701673931433827,1.5008337576638355,2.701673931433827,1.5008337576638355,-0.2827578666180113
502,22.22838258743286,177.9443920693796,179.42911070502316,0.5253798961639404,OK,neutral,neutral,0.008969932235907922,0.0024898553901879835,0.8969932235907921,0.24898553901879836,0.8969932235907921,0.24898553901879836,-0.24832299949891645
503,22.27749991416931,178.95282183113744,179.66168318214773,0.5235898792743683,OK,neutral,neutral,0.0045692733345341074,0.0014754760030627292,0.45692733345341074,0.14754760030627292,0.45692733345341074,0.14754760030627292,-0.09304789469215446
504,22.31730842590332,179.19765451459054,178.09564481490528,0.5242469012737274,OK,neutral,neutral,-0.0035009314152137077,-0.008305341417672148,-0.3500931415213708,-0.8305341417672147,0.3500931415213708,0.8305341417672147,-0.06701457625892893
505,22.34513831138611,178.47860725696376,177.85423621417937,0.5247759521007538,OK,neutral,neutral,-0.006638553952204996,-0.009354660096724251,-0.6638553952204995,-0.9354660096724251,0.6638553952204995,0.9354660096724251,-0.03979629394140183
506,22.38664984703064,177.9970656718928,177.58889157457105,0.524278998374939,OK,neutral,neutral,-0.008739922560942033,-0.010512330710795983,-0.8739922560942033,-1.0512330710795983,0.8739922560942033,1.0512330710795983,0.012961843402248263
507,22.417629718780518,177.72531302296082,178.1535529450688,0.5264226198196411,OK,neutral,neutral,-0.009926342235729137,-0.0080438137141984,-0.9926342235729138,-0.80438137141984,0.9926342235729138,0.80438137141984,0.01442461988765098
508,22.481654167175293,177.35839756054918,178.30334828813315,0.5268602073192596,OK,neutral,neutral,-0.011527540492009748,-0.007387744207030144,-1.152754049200975,-0.7387744207030144,1.152754049200975,0.7387744207030144,0.007484596172461444
509,22.541727781295776,177.2147939956255,177.941306199017,0.5273315906524658,OK,neutral,neutral,-0.012154444527514565,-0.008962229692546163,-1.2154444527514565,-0.8962229692546163,1.2154444527514565,0.8962229692546163,0.011567988686779884
510,22.583404302597046,177.28333491390114,177.74558846634474,0.5274115204811096,OK,neutral,neutral,-0.011855233964283651,-0.009814518012011596,-1.1855233964283651,-0.9814518012011596,1.1855233964283651,0.9814518012011596,0.012459328578296791
511,22.61768102645874,177.3314530278556,177.53962042144383,0.5277495086193085,OK,neutral,neutral,-0.011644968202372513,-0.01071263097047116,-1.1644968202372512,-1.071263097047116,1.1644968202372512,1.071263097047116,0.008374767072136358
512,22.65656042098999,177.39635486213555,177.5213177326376,0.5277928411960602,OK,neutral,neutral,-0.011361443625877024,-0.010793234138873635,-1.1361443625877023,-1.0793234138873635,1.1361443625877023,1.0793234138873635,0.0044888735459460705
513,22.691523790359497,177.53366630733242,177.50841087000956,0.5285430550575256,OK,neutral,neutral,-0.010762286091270066,-0.010851631790940893,-1.0762286091270066,-1.0851631790940892,1.0762286091270066,1.0851631790940892,0.0027962527116276448
514,22.727982997894287,177.65001385848814,177.4683139835771,0.5289864540100098,OK,neutral,neutral,-0.010254544654835227,-0.011027469061605268,-1.0254544654835227,-1.1027469061605268,1.0254544654835227,1.1027469061605268,0.0012430643801621954
515,22.753397464752197,177.78913384794484,177.53308942773106,0.5284261405467987,OK,neutral,neutral,-0.009646857718934443,-0.010743658201526042,-0.9646857718934443,-1.0743658201526043,0.9646857718934443,1.0743658201526043,0.00034398567592131
516,22.799569845199585,177.9079959418098,177.58216317314717,0.52815181016922,OK,neutral,neutral,-0.009127782701774627,-0.01052910521015767,-0.9127782701774627,-1.052910521015767,0.9127782701774627,1.052910521015767,-0.0015825096002100025
517,22.833574771881104,177.98906529047534,177.64435012385638,0.5279774367809296,OK,neutral,neutral,-0.008773792072237475,-0.010257659326599057,-0.8773792072237475,-1.0257659326599058,0.8773792072237475,1.0257659326599058,-0.001336160972639
518,22.878613710403442,178.00854173738827,177.79405180758783,0.5278498232364655,OK,neutral,neutral,-0.008688578115487266,-0.009605680821819668,-0.8688578115487267,-0.9605680821819668,0.8688578115487267,0.9605680821819668,0.003919595740418558
519,22.911237955093384,178.02187192195703,177.8982311648561,0.5277749001979828,OK,neutral,neutral,-0.008630253843764412,-0.00915217732704002,-0.8630253843764412,-0.915217732704002,0.8630253843764412,0.915217732704002,0.014672452340668052
520,22.956300258636475,178.55590161635573,178.420145480549,0.5278986692428589,OK,neutral,neutral,-0.006300117174473324,-0.006879481886054778,-0.6300117174473324,-0.6879481886054778,0.6300117174473324,0.6879481886054778,0.04043074617097808
521,22.99414372444153,179.56238209157516,179.9605045700637,0.5291376709938049,OK,neutral,neutral,-0.0019091998743297372,0.00017198919845641558,-0.19091998743297373,0.017198919845641557,0.19091998743297373,0.017198919845641557,0.06374418674523064
522,23.026652812957764,179.87224882551828,179.12292160808735,0.5298902988433838,OK,neutral,neutral,0.0005573610214654518,0.0038198187894004365,0.05573610214654518,0.38198187894004365,0.05573610214654518,0.38198187894004365,0.06151070159164651
523,23.112884283065796,177.04651702105605,177.23345360637964,0.5363793671131134,OK,neutral,neutral,0.012889599434748855,0.01206518740843469,1.2889599434748855,1.206518740843469,1.2889599434748855,1.206518740843469,0.06403931051229428
524,23.15280508995056,174.82141206646972,175.18873499204867,0.5418795943260193,OK,varus,varus,0.022606288341101677,0.021001921388619935,2.2606288341101677,2.1001921388619933,2.2606288341101677,2.1001921388619933,0.08039303497461248
525,23.19271445274353,173.6331412895961,174.0909824825408,0.5445576906204224,OK,varus,varus,0.027799698136563324,0.025804529375702243,2.7799698136563324,2.5804529375702243,2.7799698136563324,2.5804529375702243,0.10265421686893106
526,23.223199367523193,173.2412550610782,174.18173867920197,0.5458347201347351,OK,varus,varus,0.02951532880840469,0.025407367881090125,2.9515328808404693,2.5407367881090126,2.9515328808404693,2.5407367881090126,0.10553239928882707
527,23.259939193725586,171.8584752291732,173.43518353156148,0.5502082705497742,OK,varus,varus,0.03555875335054862,0.028674528069494273,3.5558753350548624,2.8674528069494274,3.5558753350548624,2.8674528069494274,0.08417164602271754
528,23.292853832244873,171.39853899904716,173.55941629120923,0.551752507686615,OK,varus,varus,0.03757799234350426,0.028131640741009115,3.7577992343504256,2.8131640741009116,3.7577992343504256,2.8131640741009116,0.0762568050545438
529,23.33177423477173,170.97013385046444,172.71507673394598,0.5553338527679443,OK,varus,varus,0.03943969788912244,0.031829158521182455,3.943969788912244,3.1829158521182457,3.943969788912244,3.1829158521182457,0.06993456988152147
530,23.37247633934021,169.97998422382523,170.77286952301003,0.55927374958992,OK,varus,varus,0.04377494441339737,0.04034555987507035,4.377494441339737,4.034555987507035,4.377494441339737,4.034555987507035,0.11441489824446549
531,23.39381504058838,169.93089301579099,170.46148622694147,0.5602719187736511,OK,varus,varus,0.0440190259917684,0.041709498244632805,4.40190259917684,4.17094982446328,4.40190259917684,4.17094982446328,0.11825959943294251
532,23.457467079162598,169.64183329063596,169.88647987506306,0.5641831755638123,OK,varus,varus,0.04531182214156826,0.04423509541837602,4.531182214156826,4.4235095418376025,4.531182214156826,4.4235095418376025,0.09608494488317554
533,23.490397691726685,169.23651022246187,169.68849621658967,0.565134197473526,OK,varus,varus,0.04710161145612635,0.045105003802167795,4.710161145612634,4.510500380216779,4.710161145612634,4.510500380216779,0.09636855790267163
534,23.53806233406067,167.46732682909513,169.0862326338548,0.5709538161754608,OK,varus,varus,0.054903182568050116,0.04774133477011895,5.490318256805011,4.774133477011895,5.490318256805011,4.774133477011895,0.07476572682938354
535,23.58563208580017,165.8769176834421,167.57544191629546,0.5770302414894104,OK,varus,varus,0.06193740799191628,0.05437269840630565,6.193740799191628,5.437269840630565,6.193740799191628,5.437269840630565,0.10924892204972991
536,23.618302822113037,163.7131682375482,165.12394201206519,0.5821759402751923,OK,varus,varus,0.07153793125004312,0.06517500532105865,7.153793125004312,6.517500532105864,7.153793125004312,6.517500532105864,0.12038290828163323
537,23.655781269073486,163.72674632568243,164.68746159727237,0.5817320048809052,OK,varus,varus,0.0714845262342122,0.06712858871475481,7.148452623421219,6.712858871475482,7.148452623421219,6.712858871475482,0.10449741455909667
538,23.697911739349365,162.15128143522668,163.673512086245,0.5876456499099731,OK,varus,varus,0.07849300774170183,0.07163641309784125,7.849300774170183,7.163641309784125,7.849300774170183,7.163641309784125,0.08561164942003074
539,23.74539566040039,161.45998653659623,162.12876731339392,0.593415379524231,OK,varus,varus,0.08155728615462166,0.07851138502305662,8.155728615462166,7.851138502305662,8.155728615462166,7.851138502305662,0.07275086364093575
540,23.79570746421814,161.30090435719265,161.74577765802042,0.5944778025150299,OK,varus,varus,0.08226986289218305,0.08021939595699228,8.226986289218305,8.021939595699228,8.226986289218305,8.021939595699228,0.08974422779246893
541,23.833820343017578,160.2536692942315,159.90888562956053,0.5993341505527496,OK,varus,varus,0.08688092107207342,0.0885227637712547,8.688092107207341,8.85227637712547,8.688092107207341,8.85227637712547,0.101459156693811
542,23.87298011779785,159.75534126743926,159.22879310080575,0.6015075445175171,OK,varus,varus,0.08910858672503666,0.09157872004066075,8.910858672503666,9.157872004066075,8.910858672503666,9.157872004066075,0.10463337149428042
543,23.908671617507935,157.7132598398471,157.02227186355333,0.6074654161930084,OK,varus,varus,0.09844721606701418,0.10138956496017867,9.844721606701418,10.138956496017867,9.844721606701418,10.138956496017867,0.13083855396125266
544,23.939417123794556,157.1113871549853,156.3898241385653,0.6092998683452606,OK,varus,varus,0.10118868516539285,0.10422054731347509,10.118868516539285,10.42205473134751,10.118868516539285,10.42205473134751,0.12399029760699376
545,24.005056858062744,155.66415231559333,154.73715732049016,0.6149300932884216,OK,varus,varus,0.10780630391080528,0.11183097162520818,10.780630391080528,11.183097162520818,10.780630391080528,11.183097162520818,0.11712134236464777
546,24.036173343658447,153.91799184675463,153.2608383545539,0.6207179427146912,OK,varus,varus,0.11580858128959381,0.11873407971172656,11.580858128959381,11.873407971172655,11.580858128959381,11.873407971172655,0.11828363326958602
547,24.08145809173584,152.33359095812534,150.05521471659955,0.6266335248947144,OK,varus,varus,0.12311904526993511,0.13364579345469896,12.311904526993512,13.364579345469895,12.311904526993512,13.364579345469895,0.07539703376277984
548,24.143506288528442,151.10237906114838,149.18751472069405,0.6313697099685669,OK,varus,varus,0.1286625610879935,0.13719988713201028,12.866256108799352,13.719988713201028,12.866256108799352,13.719988713201028,0.08253698029960432
549,24.180394411087036,150.81343752423686,148.71169284036634,0.6319126486778259,OK,varus,varus,0.1299832699208755,0.13897705149211734,12.99832699208755,13.897705149211733,12.99832699208755,13.897705149211733,0.08723990805031967
550,24.218425989151,149.84076340881782,148.06571092354767,0.6351307332515717,OK,varus,varus,0.13458216749490537,0.14228549190293474,13.458216749490537,14.228549190293474,13.458216749490537,14.228549190293474,0.07757498483003467
551,24.253136157989502,149.7523372049622,148.0313289416031,0.6349793076515198,OK,varus,varus,0.13505449552603951,0.14271411084142743,13.50544955260395,14.271411084142743,13.50544955260395,14.271411084142743,0.07091987545787859
552,24.286539793014526,148.7655230348806,146.9864541624727,0.6398368179798126,OK,varus,varus,0.13975189544171202,0.1478012972353778,13.9751895441712,14.78012972353778,13.9751895441712,14.78012972353778,0.05890898408154843
553,24.330744743347168,148.2126970040435,146.73625667096866,0.6414133012294769,OK,varus,varus,0.14236160076301752,0.14911924610034544,14.23616007630175,14.911924610034543,14.23616007630175,14.911924610034543,0.06654471177394328
554,24.359161376953125,146.87520498297377,146.34345517667782,0.6454459726810455,OK,varus,varus,0.14869861235905754,0.15108618787224987,14.869861235905754,15.108618787224987,14.869861235905754,15.108618787224987,0.06713631723788716
555,24.401889085769653,146.40038418971477,146.29347567502262,0.6464883983135223,OK,varus,varus,0.1509421222377711,0.1513870150930039,15.09421222377711,15.13870150930039,15.09421222377711,15.13870150930039,0.047617464077859495
556,24.444969654083252,146.04240216178155,146.13471833718745,0.647786945104599,OK,varus,varus,0.15261268920884793,0.15214164993169232,15.261268920884794,15.214164993169232,15.261268920884794,15.214164993169232,0.06495599327109858
557,24.47093105316162,144.92560205263615,145.81370081530395,0.6503168046474457,OK,varus,varus,0.15786166137979135,0.15373132287688412,15.786166137979135,15.373132287688412,15.786166137979135,15.373132287688412,0.06221659596334783
558,24.535377025604248,144.52026458107363,145.76725874187173,0.6509184837341309,OK,varus,varus,0.1597661632271307,0.15396725487878588,15.976616322713069,15.396725487878587,15.976616322713069,15.396725487878587,0.0476514207520502
559,24.5554838180542,143.7450889506429,145.62532873062918,0.6524713039398193,OK,varus,varus,0.16345536638398983,0.15464981530912894,16.345536638398983,15.464981530912894,16.345536638398983,15.464981530912894,0.04047575064304443
560,24.610208749771118,142.79703070822592,144.65034968902725,0.6557430922985077,OK,varus,varus,0.16796308697558207,0.15931177922344034,16.796308697558207,15.931177922344034,16.796308697558207,15.931177922344034,-0.008092867034569906
561,24.672921180725098,142.5853555607006,144.5619534739928,0.6548838019371033,OK,varus,varus,0.16901163999458574,0.15964376194474877,16.901163999458575,15.964376194474877,16.901163999458575,15.964376194474877,-0.024587572546417746
562,24.714564561843872,142.38117231908197,144.69801817484478,0.6543690264225006,OK,varus,varus,0.16997543152914496,0.15895752144609412,16.997543152914496,15.895752144609412,16.997543152914496,15.895752144609412,-0.07009025560963345
563,24.75234603881836,143.6342119220905,146.8693054788214,0.6471154391765594,OK,varus,varus,0.16369212039706707,0.14872531907006234,16.369212039706706,14.872531907006234,16.369212039706706,14.872531907006234,-0.13140923731651633
564,24.785725831985474,144.54879154073265,147.83365040278545,0.6435747742652893,OK,varus,varus,0.15910061221263694,0.14415437193936162,15.910061221263694,14.415437193936162,15.910061221263694,14.415437193936162,-0.20720988359672887
565,24.819791555404663,145.10192683073146,148.30116809339606,0.6419645845890045,OK,varus,varus,0.1562495656743221,0.14193929029598512,15.62495656743221,14.193929029598513,15.62495656743221,14.193929029598513,-0.34691796726580826
566,24.851823329925537,149.97728579521834,151.96924191874925,0.6244869530200958,OK,varus,varus,0.1336083972379616,0.12476586236039905,13.360839723796161,12.476586236039905,13.360839723796161,12.476586236039905,-0.4126250417193358
567,24.883185386657715,151.70428117031716,153.75573583654375,0.6197541654109955,OK,varus,varus,0.125605322610194,0.11655074168139684,12.5605322610194,11.655074168139684,12.5605322610194,11.655074168139684,-0.3734143218853898
568,24.93008327484131,158.51911065403615,160.64648875691026,0.5925290882587433,OK,varus,varus,0.0948411241577079,0.08511560474684321,9.48411241577079,8.511560474684321,9.48411241577079,8.511560474684321,-0.336789281044541
569,24.97720742225647,167.53707866649592,170.08887800127644,0.5585708618164062,OK,varus,varus,0.05445926830775927,0.04328540337317294,5.445926830775926,4.3285403373172935,5.445926830775926,4.3285403373172935,-0.39510134521583673
570,25.010743141174316,168.7491773484549,171.38278298509093,0.5596727728843689,OK,varus,varus,0.04920709452282566,0.03761425431974604,4.920709452282566,3.761425431974604,4.920709452282566,3.761425431974604,-0.42620018873904186
571,25.04460835456848,175.23501303079777,176.50601214742383,0.5332096815109253,OK,varus,neutral,0.020781426168268984,0.01524388614961859,2.0781426168268986,1.524388614961859,2.0781426168268986,1.524388614961859,-0.33182869991557506
572,25.086904287338257,177.21256174244488,176.83761822298908,0.5306684672832489,OK,neutral,neutral,0.012164765646960837,0.013793806510678516,1.2164765646960836,1.3793806510678515,1.2164765646960836,1.3793806510678515,-0.16873873283843643
573,25.124386310577393,179.27893239917108,179.48032267473295,0.5220965147018433,OK,neutral,neutral,-0.003146233430089372,-0.0022655870794949227,-0.31462334300893724,-0.22655870794949226,0.31462334300893724,0.22655870794949226,-0.11686081014391192
574,25.163840770721436,179.11930107536628,178.29189925984804,0.5211067795753479,OK,neutral,neutral,-0.003842795858063558,-0.007440911714398077,-0.3842795858063558,-0.7440911714398077,0.3842795858063558,0.7440911714398077,-0.06628308567331054
575,25.202087879180908,178.97592593779606,177.0734173910466,0.5254585146903992,OK,neutral,neutral,-0.00446847223122332,-0.012758285839566688,-0.44684722312233205,-1.2758285839566688,0.44684722312233205,1.2758285839566688,-0.01282495460622357
576,25.244030952453613,178.80482833294968,177.83948069169884,0.5277365148067474,OK,neutral,neutral,-0.00521503351669202,-0.009413237673540614,-0.521503351669202,-0.9413237673540613,0.521503351669202,0.9413237673540613,0.009529013295317412
577,25.27814221382141,178.58776104972378,178.3423815975307,0.5275897979736328,OK,neutral,neutral,-0.0061621896461977205,-0.00722092203021367,-0.6162189646197721,-0.722092203021367,0.6162189646197721,0.722092203021367,0.019824824770619642
578,25.345059156417847,177.78582477516338,178.18531660821873,0.5284102857112885,OK,neutral,neutral,-0.009661219490573303,-0.00790282309127094,-0.9661219490573303,-0.7902823091270941,0.9661219490573303,0.7902823091270941,0.009139510912042681
579,25.37997794151306,177.46037794001367,178.2184158819259,0.5285455286502838,OK,neutral,neutral,-0.01108065343638935,-0.007757382275612673,-1.108065343638935,-0.7757382275612673,1.108065343638935,0.7757382275612673,0.001770449246262018
580,25.41173768043518,177.7304579815415,178.29180191725484,0.5276264548301697,OK,neutral,neutral,-0.00990239666993376,-0.007442416090438561,-0.9902396669933761,-0.7442416090438561,0.9902396669933761,0.7442416090438561,-0.0011939761417654182
581,25.453632354736328,178.00915471531155,178.3469939207869,0.5273290574550629,OK,neutral,neutral,-0.008686414191051229,-0.00720443214505778,-0.8686414191051228,-0.720443214505778,0.8686414191051228,0.720443214505778,0.0002524707573243745
582,25.487420320510864,177.95530354631458,178.32556688663317,0.5271639227867126,OK,neutral,neutral,-0.008921257562521002,-0.0073000259039372704,-0.8921257562521002,-0.7300025903937271,0.8921257562521002,0.7300025903937271,-0.0009077706865650015
583,25.521382808685303,177.97480792164905,178.31612561331812,0.527077317237854,OK,neutral,neutral,-0.00883608633544066,-0.007342202558286174,-0.8836086335440659,-0.7342202558286174,0.8836086335440659,0.7342202558286174,0.0006201213449923415
584,25.55247402191162,178.0419522413003,178.38414400838056,0.5279248058795929,OK,neutral,neutral,-0.008543137352396526,-0.007045180877523906,-0.8543137352396526,-0.7045180877523906,0.8543137352396526,0.7045180877523906,0.0023406953999147717
585,25.60344648361206,178.09075396227624,178.39483381017675,0.5283002555370331,OK,neutral,neutral,-0.008330153919480705,-0.006998040269560557,-0.8330153919480705,-0.6998040269560557,0.8330153919480705,0.6998040269560557,0.001869740788559504
586,25.648019790649414,178.19064743921265,178.36053803834335,0.5282239615917206,OK,neutral,neutral,-0.007894135313998338,-0.007147246915036291,-0.7894135313998338,-0.714724691503629,0.7894135313998338,0.714724691503629,0.0019259858283380282
587,25.681753158569336,178.26675552831813,178.32411417045142,0.5281544625759125,OK,neutral,neutral,-0.007561999894151012,-0.0073058022917456885,-0.7561999894151011,-0.7305802291745689,0.7561999894151011,0.7305802291745689,0.0005944180326578064
588,25.722558975219727,178.31627358043633,178.30494220389446,0.5281142890453339,OK,neutral,neutral,-0.007345911418861147,-0.0073891990687035,-0.7345911418861147,-0.73891990687035,0.7345911418861147,0.73891990687035,-0.0022939333602831624
589,25.754676580429077,178.26155941910685,178.30088167538062,0.5276570022106171,OK,neutral,neutral,-0.0075843724878501126,-0.007406504454891658,-0.7584372487850113,-0.7406504454891658,0.7584372487850113,0.7406504454891658,-0.0025883290292387784
590,25.793137073516846,178.38204566084065,178.30390587105333,0.5275938808917999,OK,neutral,neutral,-0.00705856669813925,-0.007393271779902398,-0.705856669813925,-0.7393271779902397,0.705856669813925,0.7393271779902397,0.003358478261739961
591,25.838046550750732,178.47213883449757,178.31163156998252,0.5275441110134125,OK,neutral,neutral,-0.006665404560476241,-0.0073596095721808015,-0.666540456047624,-0.7359609572180802,0.666540456047624,0.7359609572180802,0.025465090556957115
592,25.8749737739563,178.52934503492364,178.9265000160649,0.5276144444942474,OK,neutral,neutral,-0.0064151364264010075,-0.004677953026613284,-0.6415136426401008,-0.4677953026613284,0.6415136426401008,0.4677953026613284,0.04187836997820149
593,25.914058923721313,178.58121118129156,179.3006096689796,0.5276761054992676,OK,neutral,neutral,-0.00618825762424631,-0.0030470400170822744,-0.6188257624246309,-0.3047040017082274,0.6188257624246309,0.3047040017082274,0.05293693967615809
594,25.94663715362549,179.1395635572265,178.4274860351823,0.5311900675296783,OK,neutral,neutral,0.0037538720296620173,0.006854998005088114,0.3753872029662017,0.6854998005088114,0.3753872029662017,0.6854998005088114,0.052233349125561546
595,26.01313352584839,176.51349948889924,176.48681159147904,0.538056880235672,OK,neutral,neutral,0.01521730253589888,0.015330547873525857,1.521730253589888,1.5330547873525857,1.521730253589888,1.5330547873525857,0.06775788479530931
596,26.052282571792603,175.476129410124,175.4124275705211,0.5401034951210022,OK,neutral,varus,0.01974882940226047,0.02002293651321712,1.974882940226047,2.002293651321712,1.974882940226047,2.002293651321712,0.08132239093913363
597,26.096558570861816,175.0214839967651,175.0990489638998,0.5410811305046082,OK,varus,varus,0.021736065670743845,0.02139163486800948,2.1736065670743843,2.139163486800948,2.1736065670743843,2.139163486800948,0.08042975941815111
598,26.139801263809204,173.3548994111749,174.42764779189272,0.5452933013439178,OK,varus,varus,0.02901682083750523,0.024332867607767716,2.901682083750523,2.4332867607767716,2.901682083750523,2.4332867607767716,0.08150733564398571
599,26.1761372089386,171.78130141135858,173.51111993666964,0.5509629845619202,OK,varus,varus,0.03587611833702273,0.0283373247776955,3.587611833702273,2.83373247776955,3.587611833702273,2.83373247776955,0.10533590098757095
600,26.203585386276245,170.99106181361918,173.10554688926854,0.5515212714672089,OK,varus,varus,0.03934603347074809,0.030109720945332232,3.934603347074809,3.0109720945332232,3.934603347074809,3.0109720945332232,0.10913847852763059
601,26.243648290634155,169.89922595523822,172.38613551331318,0.5565687119960785,OK,varus,varus,0.04411140662986318,0.03325754266036778,4.411140662986318,3.3257542660367783,4.411140662986318,3.3257542660367783,0.09938061232081097
602,26.27547025680542,169.5056277435607,171.71040789369815,0.5582895874977112,OK,varus,varus,0.04585322631159537,0.03622481879456289,4.585322631159537,3.6224818794562887,4.585322631159537,3.6224818794562887,0.09622880654778942
603,26.309950351715088,168.43869215389694,170.99957574597698,0.5640855729579926,OK,varus,varus,0.05054067704191192,0.03934158501225391,5.0540677041911914,3.934158501225391,5.0540677041911914,3.934158501225391,0.08968055707455225
604,26.346285581588745,168.04699242089728,170.72155930722846,0.5652701556682587,OK,varus,varus,0.052290221539357334,0.04056290549234644,5.229022153935733,4.056290549234644,5.229022153935733,4.056290549234644,0.09287263356366893
605,26.380627393722534,166.70817485974982,170.06236085752758,0.5697532892227173,OK,varus,varus,0.05821024844411802,0.043470153294079626,5.821024844411802,4.347015329407963,5.821024844411802,4.347015329407963,0.08512736447368141
606,26.41387629508972,165.92340129777213,169.3381724334086,0.5706377625465393,OK,varus,varus,0.06167489134030878,0.046645888954428144,6.167489134030878,4.664588895442814,6.167489134030878,4.664588895442814,0.07807671847600961
607,26.449320316314697,163.63884128693846,167.95242059415796,0.5765195488929749,OK,varus,varus,0.07183741478270883,0.05274661323487527,7.183741478270883,5.274661323487527,7.183741478270883,5.274661323487527,0.1229525988681246
608,26.47016930580139,163.00612829792905,167.12776377411222,0.5776650607585907,OK,varus,varus,0.07468533031007497,0.056351579417537455,7.468533031007498,5.635157941753746,7.468533031007498,5.635157941753746,0.12417689161445722
609,26.528137683868408,162.7913927849041,166.85105808413715,0.5775095820426941,OK,varus,varus,0.07564956688982578,0.05758028329006379,7.564956688982578,5.758028329006379,7.564956688982578,5.758028329006379,0.08371558773813348
610,26.563973903656006,161.82916389511695,166.4342958575846,0.5822658240795135,OK,varus,varus,0.079935005419152,0.059421103981566505,7.9935005419152,5.94211039815665,7.9935005419152,5.94211039815665,0.10768842249055766
611,26.599762678146362,160.29612595275654,164.4259704381781,0.5874788463115692,OK,varus,varus,0.08679271651191417,0.06834647726410908,8.679271651191417,6.834647726410909,8.679271651191417,6.834647726410909,0.09901751487806987
612,26.647624015808105,159.97573570661945,163.97907627892315,0.5885548293590546,OK,varus,varus,0.08825929220968912,0.07034426494039438,8.825929220968911,7.034426494039438,8.825929220968911,7.034426494039438,0.12416397007910795
613,26.68034338951111,158.39762188675843,160.58556278920432,0.5974351167678833,OK,varus,varus,0.09522321849484579,0.08550152968606091,9.522321849484578,8.55015296860609,9.522321849484578,8.55015296860609,0.12452244196720574
614,26.732731342315674,156.8365045212135,157.2882990939336,0.6037138998508453,OK,varus,varus,0.10210770244225177,0.10039842031557797,10.210770244225177,10.039842031557797,10.210770244225177,10.039842031557797,0.09911207047700898
615,26.76651096343994,156.34165660267925,155.34981407537506,0.6065674126148224,OK,varus,varus,0.10428082584770454,0.1091690543068694,10.428082584770454,10.91690543068694,10.428082584770454,10.91690543068694,0.09931258696957812
616,26.815330743789673,154.04922268681506,153.23172546495928,0.6118811070919037,OK,varus,varus,0.11478224677321146,0.11890831558740134,11.478224677321146,11.890831558740134,11.478224677321146,11.890831558740134,0.09108517077311795
617,26.854707956314087,153.92143347639168,153.01303636734718,0.6129292845726013,OK,varus,varus,0.1155224951348775,0.11995956266872106,11.55224951348775,11.995956266872106,11.55224951348775,11.995956266872106,0.08359136132552436
618,26.896397590637207,153.9916143824388,152.86899034883504,0.6132771968841553,OK,varus,varus,0.11537765840133853,0.12062846736766032,11.537765840133853,12.062846736766032,11.537765840133853,12.062846736766032,0.076634009143838
619,26.93251061439514,153.42101093421985,151.7684474042507,0.6176580190658569,OK,varus,varus,0.11807929707448035,0.1257022542138868,11.807929707448036,12.570225421388681,11.807929707448036,12.570225421388681,0.0684823380141566
620,26.976552486419678,151.76007345850536,149.4224548711457,0.6238587200641632,OK,varus,varus,0.12577617423243448,0.13666386925869714,12.577617423243447,13.666386925869714,12.577617423243447,13.666386925869714,0.07161063322190486
621,27.008119583129883,151.5787284309652,149.1182097458807,0.6243167817592621,OK,varus,varus,0.12661145451981984,0.13810290332989744,12.661145451981984,13.810290332989744,12.661145451981984,13.810290332989744,0.07707713658372928
622,27.047553062438965,151.39261075250081,148.65326203960655,0.627261221408844,OK,varus,varus,0.12719339579963693,0.14029203132284113,12.719339579963693,14.029203132284113,12.719339579963693,14.029203132284113,0.06518702853026248
623,27.08715581893921,151.4278008284862,148.81619899699203,0.62796351313591,OK,varus,varus,0.12699575254958756,0.1395190884345005,12.699575254958756,13.95190884345005,12.699575254958756,13.95190884345005,0.06580761525550294
624,27.122172355651855,150.7238903165429,148.16148693356493,0.6318327188491821,OK,varus,varus,0.1305318585542375,0.14255508962575572,13.053185855423749,14.255508962575572,13.053185855423749,14.255508962575572,0.07893156806004598
625,27.15443205833435,150.7362427004455,148.15587611753588,0.6316323280334473,OK,varus,varus,0.1304856167878644,0.14256767145730698,13.048561678786442,14.256767145730699,13.048561678786442,14.256767145730699,0.09270182781347458
626,27.190510749816895,149.44075255459876,147.56526021427084,0.6353647410869598,OK,varus,varus,0.13658652943820399,0.1454235036730843,13.658652943820398,14.54235036730843,13.658652943820398,14.54235036730843,0.09468755480561164
627,27.227598190307617,148.35697958354734,147.1808109287555,0.6404085755348206,OK,varus,varus,0.14164042382837813,0.147198072337341,14.164042382837813,14.7198072337341,14.164042382837813,14.7198072337341,0.08558277985696794
628,27.26813817024231,147.28848645921812,146.6103100357402,0.6445153057575226,OK,varus,varus,0.14658761647492985,0.14994055325308003,14.658761647492986,14.994055325308004,14.658761647492986,14.994055325308004,0.0669681418907282
629,27.335240602493286,144.8432315491583,145.5746667378918,0.6515927314758301,OK,varus,varus,0.15833139051754877,0.1548957104446063,15.833139051754877,15.489571044460629,15.833139051754877,15.489571044460629,0.06093231048054726
630,27.378235578536987,144.5401490943087,145.285452967648,0.6521037518978119,OK,varus,varus,0.15981684517511877,0.15627244336797916,15.981684517511876,15.627244336797915,15.981684517511876,15.627244336797915,0.07190472722037278
631,27.40981698036194,143.46195686863732,145.0620081901049,0.6538229882717133,OK,varus,varus,0.1650252869368423,0.15732640545749094,16.50252869368423,15.732640545749094,16.50252869368423,15.732640545749094,0.060580328883807155
632,27.450886487960815,142.74618891701445,145.13667601162854,0.6549073755741119,OK,varus,varus,0.16846205187288077,0.1569474134070136,16.846205187288078,15.69474134070136,16.846205187288078,15.69474134070136,0.030418970635174958
633,27.48556661605835,142.14558884120387,145.32656576259822,0.6558979451656342,OK,varus,varus,0.17128606514790012,0.15600320253023428,17.12860651479001,15.600320253023428,17.12860651479001,15.600320253023428,0.017349234909763922
634,27.52095055580139,141.48987040597123,145.38941936936376,0.6569021344184875,OK,varus,varus,0.17439134471793324,0.15566422748605505,17.439134471793324,15.566422748605504,17.439134471793324,15.566422748605504,0.009694493884154554
635,27.554389238357544,140.64572234237914,145.41620821893105,0.6566870212554932,OK,varus,varus,0.17792381655838138,0.15553755266533006,17.79238165583814,15.553755266533006,17.79238165583814,15.553755266533006,-0.014469509423429727
636,27.599606037139893,140.0959779649829,145.43214945656717,0.6565338671207428,OK,varus,varus,0.18013899880584622,0.1554477851987995,18.01389988058462,15.544778519879952,18.01389988058462,15.544778519879952,-0.05740294509697108
637,27.6337993144989,139.47175272500814,145.62338641207393,0.6556416153907776,OK,varus,varus,0.18291239846611326,0.15438821225266708,18.291239846611326,15.438821225266707,18.291239846611326,15.438821225266707,-0.0838072926827822
638,27.685991764068604,139.2348984744848,145.74606587045787,0.6550770699977875,OK,varus,varus,0.18404323258216834,0.1537450254512207,18.404323258216834,15.37450254512207,18.404323258216834,15.37450254512207,-0.11715295966320038
639,27.733041763305664,143.29169695660002,148.8090194605646,0.6418413817882538,OK,varus,varus,0.1646599978764902,0.13955442989050934,16.465999787649018,13.955442989050933,16.465999787649018,13.955442989050933,-0.24154872630276003
640,27.764766216278076,144.84425766653598,149.28645861882208,0.6392402052879333,OK,varus,varus,0.1571172408071379,0.13731192012369636,15.71172408071379,13.731192012369636,15.71172408071379,13.731192012369636,-0.35511561081526644
641,27.79124641418457,150.94069792419975,153.8968208764034,0.6183576285839081,OK,varus,varus,0.12923972866345007,0.11584316914955883,12.923972866345007,11.584316914955883,12.923972866345007,11.584316914955883,-0.38143827458622326
642,27.83028507232666,152.57729094050225,155.74957626792872,0.6146432459354401,OK,varus,varus,0.12160589115244953,0.10736648983170938,12.160589115244953,10.736648983170937,12.160589115244953,10.736648983170937,-0.35528078033590216
643,27.86909008026123,158.91161674826895,164.96696053061623,0.5858391225337982,OK,varus,varus,0.09305820876321055,0.06585733263754363,9.305820876321055,6.5857332637543635,9.305820876321055,6.5857332637543635,-0.5783703746201105
644,27.892422676086426,160.18842938618604,165.44735195428706,0.5841273963451385,OK,varus,varus,0.08730984138858085,0.06358785486330516,8.730984138858085,6.358785486330516,8.730984138858085,6.358785486330516,-0.5815612830876633
645,27.934789657592773,167.9922390274026,173.1348988870311,0.5526023209095001,OK,varus,varus,0.05256148305804055,0.029967107160454493,5.2561483058040555,2.9967107160454494,5.2561483058040555,2.9967107160454494,-0.3521125775832594
646,27.969440937042236,169.52598118614293,173.8771813933644,0.550657331943512,OK,varus,varus,0.04581219710343258,0.026706516911073685,4.581219710343258,2.6706516911073686,4.581219710343258,2.6706516911073686,-0.30114515033976375
647,28.005894660949707,179.15620311308183,179.82594076397822,0.5209430456161499,OK,neutral,neutral,0.0036797938533380983,-0.0007591318398778832,0.3679793853338098,-0.07591318398778832,0.3679793853338098,0.07591318398778832,-0.18282172999496993
648,28.102113246917725,179.05514823282348,177.98906817874558,0.5227454900741577,OK,neutral,neutral,-0.004122286901131184,-0.0087682997046328,-0.41222869011311836,-0.87682997046328,0.41222869011311836,0.87682997046328,-0.0890728551006319
649,28.139125108718872,178.58073373113095,177.50676507860018,0.5233395397663116,OK,neutral,neutral,-0.006192719127480386,-0.010866636711819117,-0.6192719127480386,-1.0866636711819115,0.6192719127480386,1.0866636711819115,-0.0897807330513416
650,28.176255702972412,179.39614926750696,178.4131766293627,0.5292012095451355,OK,neutral,neutral,-0.002634511996980671,-0.00691620665753301,-0.26345119969806713,-0.6916206657533011,0.26345119969806713,0.6916206657533011,-0.02483587104127949
651,28.20766282081604,179.45823890511642,178.92420653031027,0.5305633246898651,OK,neutral,neutral,-0.002363335834347722,-0.00468699554681013,-0.23633358343477218,-0.46869955468101304,0.23633358343477218,0.46869955468101304,0.02215907265399686
652,28.241137981414795,178.98425436711815,178.51914285395603,0.528573751449585,OK,neutral,neutral,-0.004429336256933012,-0.006450755501993527,-0.4429336256933012,-0.6450755501993527,0.4429336256933012,0.6450755501993527,0.018286296641502275
653,28.26628875732422,178.70627270120107,178.33203995494844,0.5280948877334595,OK,neutral,neutral,-0.005640775344246388,-0.007266599168710077,-0.5640775344246388,-0.7266599168710076,0.5640775344246388,0.7266599168710076,0.007989420430335237
654,28.302942037582397,178.42682648625086,178.58277179287606,0.5270071625709534,OK,neutral,neutral,-0.006860969147500227,-0.006173849772126542,-0.6860969147500227,-0.6173849772126542,0.6860969147500227,0.6173849772126542,-0.014592769795813254
655,28.327483415603638,178.27137580691675,178.6580775683428,0.5265832841396332,OK,neutral,neutral,-0.00754016945968555,-0.005845322700009456,-0.7540169459685551,-0.5845322700009455,0.7540169459685551,0.5845322700009455,-0.013031013456359375
656,28.37597346305847,178.41263815739643,178.8070186487574,0.5268113613128662,OK,neutral,neutral,-0.0069228494175651595,-0.005195137733199177,-0.692284941756516,-0.5195137733199178,0.692284941756516,0.5195137733199178,-0.0021399967593573876
657,28.414804220199585,178.49377901530536,178.88125794201508,0.5268648266792297,OK,neutral,neutral,-0.0065681941230927715,-0.004871025915164158,-0.6568194123092772,-0.48710259151641583,0.6568194123092772,0.48710259151641583,0.0001666718870403372
658,28.449951887130737,178.81620380156087,178.69165447624576,0.5274253487586975,OK,neutral,neutral,-0.005163421273787703,-0.005696732583766197,-0.5163421273787703,-0.5696732583766198,0.5163421273787703,0.5696732583766198,0.002414016259201901
659,28.486180067062378,179.046055836993,178.57609302949803,0.5276618003845215,OK,neutral,neutral,-0.004161221451587672,-0.0061998215304406344,-0.4161221451587672,-0.6199821530440635,0.4161221451587672,0.6199821530440635,0.002654566817899884
660,28.537954568862915,178.91682425481767,178.43932879478785,0.5276322066783905,OK,neutral,neutral,-0.004725076332994501,-0.006796460137594129,-0.47250763329945006,-0.6796460137594129,0.47250763329945006,0.6796460137594129,0.00205205980089751
661,28.608693838119507,179.0488265317119,178.5051531662598,0.527464359998703,OK,neutral,neutral,-0.00414940418796444,-0.006510481575363701,-0.414940418796444,-0.6510481575363701,0.414940418796444,0.6510481575363701,0.0022020749754272373
662,28.641366481781006,179.14107474699196,178.54472597023675,0.5273407399654388,OK,neutral,neutral,-0.0037470680739979385,-0.0063386045490017905,-0.37470680739979384,-0.6338604549001791,0.37470680739979384,0.6338604549001791,0.002388256481131279
663,28.667835474014282,179.33876412621356,178.5495170798248,0.5276013314723969,OK,neutral,neutral,-0.0028845669434585932,-0.006317975624118438,-0.2884566943458593,-0.6317975624118438,0.2884566943458593,0.6317975624118438,0.0021003104747916446
664,28.718787670135498,179.48018993303216,178.5566419907465,0.527794599533081,OK,neutral,neutral,-0.002267555744381081,-0.006287137880701636,-0.22675557443810812,-0.6287137880701635,0.22675557443810812,0.6287137880701635,0.002088777846762646
665,28.760133981704712,179.504141084846,178.563590037022,0.527963250875473,OK,neutral,neutral,-0.0021629109940738437,-0.006256985990111948,-0.21629109940738436,-0.6256985990111947,0.21629109940738436,0.6256985990111947,0.003516740520855599
666,28.796226024627686,179.5223479711922,178.57341825744376,0.5281097590923309,OK,neutral,neutral,-0.0020833642194229528,-0.00621440158784996,-0.2083364219422953,-0.621440158784996,0.2083364219422953,0.621440158784996,0.004634531316124679
667,28.826176166534424,179.6588282787793,178.62287961465958,0.5281634032726288,OK,neutral,neutral,-0.0014882369587281086,-0.005999352740411088,-0.14882369587281086,-0.5999352740411088,0.14882369587281086,0.5999352740411088,0.005542060628572543
668,28.860626935958862,179.7725589749141,178.65496286654104,0.5282096862792969,OK,neutral,neutral,-0.0009921858108682593,-0.005859920145555246,-0.09921858108682594,-0.5859920145555246,0.09921858108682594,0.5859920145555246,0.007446234648192274
669,28.89181613922119,179.8376768367826,178.7267801272158,0.5284368693828583,OK,neutral,neutral,-0.0007080986311141663,-0.005547455819518925,-0.07080986311141664,-0.5547455819518925,0.07080986311141664,0.5547455819518925,0.007649045467027271
670,28.930355310440063,179.89143351211652,178.7762561302639,0.5286244451999664,OK,neutral,neutral,-0.0004735878796107345,-0.005332175508602931,-0.04735878796107345,-0.5332175508602931,0.04735878796107345,0.5332175508602931,0.00560362369790024
671,28.9930477142334,179.6384932508915,178.57366625543418,0.5293147265911102,OK,neutral,neutral,-0.001576398403411052,-0.00621396298763688,-0.1576398403411052,-0.6213962987636881,0.1576398403411052,0.6213962987636881,0.003850758829434753
672,29.057271480560303,179.5084457794341,178.47824665335085,0.5298148095607758,OK,neutral,neutral,-0.0021428247626569374,-0.006628833428940994,-0.21428247626569374,-0.6628833428940993,0.21428247626569374,0.6628833428940993,0.004893801412858778
673,29.094757080078125,179.8164740955392,178.21884177839132,0.5298960208892822,OK,neutral,neutral,-0.0007999785760424748,-0.007756427811098476,-0.07999785760424748,-0.7756427811098476,0.07999785760424748,0.7756427811098476,0.0055608078271318865
